Date,Open,High,Low,Close,Volume,Dividends,Stock Splits
2016-08-15 00:00:00-04:00,1.5540152788162231,1.568142658214532,1.5499787483561798,1.5540152788162231,17993,0.0,0.0
2016-08-16 00:00:00-04:00,1.5620871759850548,1.5620871759850548,1.5257595101660733,1.5338324308395386,40520,0.0,0.0
2016-08-17 00:00:00-04:00,1.5540146316841787,1.5600690839874105,1.5378687892600351,1.545941710472107,16435,0.0,0.0
2016-08-18 00:00:00-04:00,1.5600685942560395,1.574195963336528,1.543923029592624,1.572177767753601,14735,0.0,0.0
2016-08-19 00:00:00-04:00,1.5701605948522759,1.5701605948522759,1.5499784912843275,1.5641058683395386,19268,0.0,0.0
2016-08-22 00:00:00-04:00,1.5641049854218934,1.572177767753601,1.549977616341405,1.572177767753601,13035,0.0,0.0
2016-08-23 00:00:00-04:00,1.5661244006522514,1.5842881734626266,1.5641060673270852,1.5782337188720703,55964,0.0,0.0
2016-08-24 00:00:00-04:00,1.5741968610651023,1.6044700847654176,1.5701606039436042,1.5963971614837646,52422,0.0,0.0
2016-08-25 00:00:00-04:00,1.5883244310742521,1.6064884765770984,1.5782337188720703,1.5782337188720703,17143,0.0,0.0
2016-08-26 00:00:00-04:00,1.5863054319853092,1.6044694683035716,1.5863054319853092,1.5943783521652222,46046,0.0,0.0
2016-08-29 00:00:00-04:00,1.6168632620390724,1.618907332420349,1.6148191916577956,1.6189073324203491,41087,0.070582,0.0
2016-08-30 00:00:00-04:00,1.618908227941047,1.645481157596814,1.618908227941047,1.6311726570129395,94217,0.0,0.0
2016-08-31 00:00:00-04:00,1.6434373168795042,1.6454813886785438,1.6045999526977537,1.604599952697754,33720,0.0,0.0
2016-09-01 00:00:00-04:00,1.6209513616702231,1.6250397788657436,1.6025548652324857,1.6148192882537842,25927,0.0,0.0
2016-09-02 00:00:00-04:00,1.614819523784829,1.6270840866891976,1.610731244087219,1.6107312440872192,40946,0.0,0.0
2016-09-06 00:00:00-04:00,1.6250394045711893,1.6352594785465324,1.6189070563787906,1.6332155466079712,24511,0.0,0.0
2016-09-07 00:00:00-04:00,1.6332167065687306,1.6332167065687306,1.6045997057856949,1.622996211051941,50438,0.0,0.0
2016-09-08 00:00:00-04:00,1.616863959488138,1.6352604627609255,1.6148198882251323,1.6352604627609253,27628,0.0,0.0
2016-09-09 00:00:00-04:00,1.6291276843267322,1.6291276843267322,1.6148191916577956,1.6189073324203491,32728,0.0,0.0
2016-09-12 00:00:00-04:00,1.614819523784829,1.614819523784829,1.6045991697763808,1.6107312440872192,45904,0.0,0.0
2016-09-13 00:00:00-04:00,1.6066436740585641,1.6066436740585641,1.5637181719520337,1.582114815711975,33153,0.0,0.0
2016-09-14 00:00:00-04:00,1.567805971327212,1.5902908913102236,1.551453402680839,1.5575854778289795,79766,0.0,0.0
2016-09-15 00:00:00-04:00,1.5596295565443594,1.625040245732792,1.5596295565443594,1.608687400817871,70415,0.0,0.0
2016-09-16 00:00:00-04:00,1.594378538504896,1.604599029715457,1.588246464729309,1.588246464729309,6659,0.0,0.0
2016-09-19 00:00:00-04:00,1.5943794556082582,1.6229964607948113,1.5943794556082582,1.604599952697754,85291,0.0,0.0
2016-09-20 00:00:00-04:00,1.6148191916577956,1.6291276843267322,1.6148191916577956,1.6189073324203491,18985,0.0,0.0
2016-09-21 00:00:00-04:00,1.6332157203908981,1.6475242121425793,1.625039577484131,1.6250395774841309,53130,0.0,0.0
2016-09-22 00:00:00-04:00,1.647525301717223,1.6638780126280417,1.6413932250053072,1.6495695114135742,72824,0.0,0.0
2016-09-23 00:00:00-04:00,1.6557012494062375,1.6557012494062375,1.6189078330706232,1.6270842552185059,39529,0.0,0.0
2016-09-26 00:00:00-04:00,1.631172552210606,1.6352605568776386,1.6045996242621414,1.606643557548523,51713,0.0,0.0
2016-09-27 00:00:00-04:00,1.6148199811653972,1.6229961285937318,1.5943791292646161,1.606643557548523,38679,0.0,0.0
2016-09-28 00:00:00-04:00,1.6459825427084562,1.6459825427084562,1.602503578572755,1.633560061454773,17993,0.070582,0.0
2016-09-29 00:00:00-04:00,1.625276673554924,1.6501216116976547,1.6107837929716644,1.6397695541381836,28619,0.0,0.0
2016-09-30 00:00:00-04:00,1.6232070191642216,1.6521927938507317,1.6232070191642216,1.6439110040664673,53272,0.0,0.0
2016-10-03 00:00:00-04:00,1.6397701854810391,1.64184045791626,1.614925097898707,1.6418404579162598,28478,0.0,0.0
2016-10-04 00:00:00-04:00,1.6314883777900628,1.6314883777900628,1.6149250795063619,1.6252772808074951,21535,0.0,0.0
2016-10-05 00:00:00-04:00,1.6252771696943984,1.645981431007385,1.6211363454065633,1.6459814310073853,39812,0.0,0.0
2016-10-06 00:00:00-04:00,1.6314882130668529,1.6397700012463527,1.6314882130668529,1.6356291770935059,13318,0.0,0.0
2016-10-07 00:00:00-04:00,1.6252775167945788,1.6749675587343982,1.6252775167945788,1.656333565711975,23377,0.0,0.0
2016-10-11 00:00:00-04:00,1.6377000808715823,1.6397704935696245,1.6335593953493455,1.637700080871582,7792,0.0,0.0
2016-10-12 00:00:00-04:00,1.6377004008303249,1.6749679765499297,1.6356299877277842,1.6708271503448486,45621,0.0,0.0
2016-10-13 00:00:00-04:00,1.6459807734479956,1.6728961205664057,1.6418396710668846,1.6666847467422485,18135,0.0,0.0
2016-10-14 00:00:00-04:00,1.6666861842658922,1.6708271503448486,1.6563339788793143,1.6708271503448486,32728,0.0,0.0
2016-10-17 00:00:00-04:00,1.6687560311064575,1.6770378205802206,1.6666856187064738,1.6749674081802368,47321,0.0,0.0
2016-10-18 00:00:00-04:00,1.677038594197837,1.7060243811687485,1.6749681808427717,1.7018835544586182,37829,0.0,0.0
2016-10-19 00:00:00-04:00,1.7080928915453362,1.7080928915453362,1.6873889192393523,1.7060226202011108,38254,0.0,0.0
2016-10-20 00:00:00-04:00,1.689460009196434,1.7184457778930666,1.689460009196434,1.7184457778930664,24794,0.0,0.0
2016-10-21 00:00:00-04:00,1.7184456149120908,1.735008909739269,1.697741636251909,1.7287976741790771,35137,0.0,0.0
2016-10-24 00:00:00-04:00,1.720516684754484,1.7412209510803223,1.712235174047531,1.7412209510803223,51713,0.0,0.0
2016-10-25 00:00:00-04:00,1.7287983353352816,1.7495027415349642,1.7287983353352816,1.7412209510803223,40804,0.0,0.0
2016-10-26 00:00:00-04:00,1.7391509081602463,1.7764184835703727,1.720517050518246,1.7639960050582886,45479,0.0,0.0
2016-10-27 00:00:00-04:00,1.780755678847271,1.7870408269378764,1.7535206504399732,1.7598057985305786,45338,0.070582,0.0
2016-10-28 00:00:00-04:00,1.778660676662094,1.780755678847271,1.757710796345402,1.7598057985305786,33720,0.0,0.0
2016-10-31 00:00:00-04:00,1.7493302988307937,1.770280599594116,1.730475424441936,1.7702805995941162,24086,0.0,0.0
2016-11-01 00:00:00-04:00,1.7765650497035697,1.7765650497035697,1.7388548851013184,1.7388548851013184,12893,0.0,0.0
2016-11-02 00:00:00-04:00,1.7430453820825205,1.7430453820825205,1.6990503391190748,1.7179056406021118,25502,0.0,0.0
2016-11-03 00:00:00-04:00,1.7283803789752534,1.734665526688733,1.6990503501426604,1.7053354978561401,15726,0.0,0.0
2016-11-04 00:00:00-04:00,1.6969548982064484,1.6969548982064484,1.6613395925377263,1.6906698942184448,55964,0.0,0.0
2016-11-07 00:00:00-05:00,1.7179054150949928,1.7388552912686488,1.7179054150949928,1.7304754257202148,28053,0.0,0.0
2016-11-08 00:00:00-05:00,1.7283800090425243,1.7388551586329037,1.7220951457443552,1.7346651554107666,38962,0.0,0.0
2016-11-09 00:00:00-05:00,1.6801954409063882,1.7786605358123782,1.6760051537977072,1.778660535812378,77924,0.0,0.0
2016-11-10 00:00:00-05:00,1.7660901926592738,1.841510534286499,1.7660901926592738,1.841510534286499,233772,0.0,0.0
2016-11-11 00:00:00-05:00,1.839415448498811,1.8436054515602756,1.8017052794105994,1.8373204469680786,76791,0.0,0.0
2016-11-14 00:00:00-05:00,1.8226561912152246,1.883411260771812,1.8226561912152246,1.8729362487792969,104702,0.0,0.0
2016-11-15 00:00:00-05:00,1.8729363272310893,1.8750314712524414,1.8436062924234982,1.8750314712524414,28903,0.0,0.0
2016-11-16 00:00:00-05:00,1.858270693403933,1.8750308492694217,1.858270693403933,1.8666507005691528,23094,0.0,0.0
2016-11-17 00:00:00-05:00,1.8540802244347427,1.9064553976058962,1.8540802244347427,1.906455397605896,60497,0.0,0.0
2016-11-18 00:00:00-05:00,1.9274059736662912,1.9378811253597767,1.8980759452227132,1.9085510969161987,79766,0.0,0.0
2016-11-21 00:00:00-05:00,1.9085500272104206,1.9378800392150877,1.9064550263529443,1.937880039215088,86566,0.0,0.0
2016-11-22 00:00:00-05:00,1.9378812418986346,1.9902564373755036,1.933691237583291,1.9504512548446655,97192,0.0,0.0
2016-11-23 00:00:00-05:00,1.9483556809761111,1.9902558533697485,1.9357856717185296,1.9734958410263062,67581,0.0,0.0
2016-11-24 00:00:00-05:00,1.99025589449236,2.0028259040096628,1.9693058786301887,1.994446039199829,24652,0.0,0.0
2016-11-25 00:00:00-05:00,1.9881601631945065,2.00282516891555,1.9776850175730638,1.9965403079986572,34712,0.0,0.0
2016-11-28 00:00:00-05:00,2.0155966743069156,2.0155966743069156,1.9372594434613184,1.9541970491409302,82599,0.070582,0.0
2016-11-29 00:00:00-05:00,1.9414927740207633,1.9901889204456586,1.9372584819793701,1.9372584819793701,141397,0.0,0.0
2016-11-30 00:00:00-05:00,1.9817197307056158,1.9817197307056158,1.943609678119861,1.945726752281189,57805,0.0,0.0
2016-12-01 00:00:00-05:00,1.9457281945951876,1.9732521815976312,1.9393766813312303,1.969017744064331,46329,0.0,0.0
2016-12-02 00:00:00-05:00,1.9732515811920166,1.9753689423504053,1.9563138362125012,1.9732515811920166,14451,0.0,0.0
2016-12-05 00:00:00-05:00,1.9690170602536707,1.9880723086078995,1.952079459038643,1.975368857383728,35137,0.0,0.0
2016-12-06 00:00:00-05:00,1.9774859953460597,2.009244264530728,1.9753687774004152,2.007127046585083,24227,0.0,0.0
2016-12-07 00:00:00-05:00,1.9923064503346732,2.026181936264038,1.9923064503346732,2.026181936264038,45479,0.0,0.0
2016-12-08 00:00:00-05:00,2.0282989751272162,2.0791120529174805,2.0282989751272162,2.0791120529174805,58514,0.0,0.0
2016-12-09 00:00:00-05:00,2.07911199111352,2.115104974200613,2.07911199111352,2.112987756729126,98893,0.0,0.0
2016-12-12 00:00:00-05:00,2.100286847992178,2.108755727539766,2.074880066313344,2.096052408218384,33436,0.0,0.0
2016-12-13 00:00:00-05:00,2.0981679923903442,2.1278090476989746,2.0960507741540133,2.1278090476989746,96201,0.0,0.0
2016-12-14 00:00:00-05:00,2.115104974200613,2.1235738440865624,2.0981672344287157,2.112987756729126,109660,0.0,0.0
2016-12-15 00:00:00-05:00,2.1172228134813635,2.138395138880628,2.1002852106266747,2.1278090476989746,109944,0.0,0.0
2016-12-16 00:00:00-05:00,2.138395697914779,2.148981934899917,2.1066372730313545,2.1087546348571777,42787,0.0,0.0
2016-12-19 00:00:00-05:00,2.0939343415381715,2.106637800493845,2.076996730014677,2.08758282661438,88267,0.0,0.0
2016-12-20 00:00:00-05:00,2.10240187479702,2.1299258495242026,2.10240187479702,2.1256914138793945,58514,0.0,0.0
2016-12-21 00:00:00-05:00,2.1256910615580495,2.129925496501024,2.104518743807272,2.112987756729126,24511,0.0,0.0
2016-12-22 00:00:00-05:00,2.1129883213480927,2.1172226143866215,2.1024020881259666,2.1066365242004395,29186,0.0,0.0
2016-12-23 00:00:00-05:00,2.100285460977521,2.1278093013306205,2.100285460977521,2.1108715534210205,45338,0.0,0.0
2016-12-28 00:00:00-05:00,2.1472283174613707,2.1472283174613707,2.0124918894318666,2.106593608856201,44913,0.070582,0.0
2016-12-29 00:00:00-05:00,2.123702753295206,2.123702753295206,2.05954254446654,2.095900058746338,31170,0.0,0.0
2016-12-30 00:00:00-05:00,2.0745141343664635,2.091623781318906,2.061682115879913,2.078791618347168,21819,0.0,0.0
2017-01-03 00:00:00-05:00,2.0745132261466996,2.1108707404264977,2.0745132261466996,2.095900058746338,123262,0.0,0.0
2017-01-04 00:00:00-05:00,2.0852062115185532,2.1536437461978837,2.0852062115185532,2.1386730670928955,68148,0.0,0.0
2017-01-05 00:00:00-05:00,2.1386732149632635,2.149366702405572,2.1237025348231855,2.1365346908569336,32586,0.0,0.0
2017-01-06 00:00:00-05:00,2.1386730670928955,2.147227885352274,2.1386730670928955,2.1386730670928955,18985,0.0,0.0
2017-01-09 00:00:00-05:00,2.140814302921654,2.140814302921654,2.1065957112727745,2.1172890663146973,19127,0.0,0.0
2017-01-10 00:00:00-05:00,2.1130100774944496,2.1343969168578485,2.1108714080066266,2.1258420944213867,22527,0.0,0.0
2017-01-11 00:00:00-05:00,2.123705233181858,2.160062789916992,2.123705233181858,2.160062789916992,79199,0.0,0.0
2017-01-12 00:00:00-05:00,2.1600611207525042,2.1600611207525042,2.11728772762891,2.132258415222168,29186,0.0,0.0
2017-01-13 00:00:00-05:00,2.147230762064107,2.168617330666956,2.138675932343557,2.160062789916992,29328,0.0,0.0
2017-01-16 00:00:00-05:00,2.1600603412335375,2.1600603412335375,2.1194256324303087,2.1343963146209717,33011,0.0,0.0
2017-01-17 00:00:00-05:00,2.13011896646972,2.13011896646972,2.095900120001291,2.106593608856201,59931,0.0,0.0
2017-01-18 00:00:00-05:00,2.106593478611998,2.1151478646086748,2.0980386591599625,2.10231614112854,17427,0.0,0.0
2017-01-19 00:00:00-05:00,2.1087329589684205,2.130119800567627,2.1087329589684205,2.130119800567627,37120,0.0,0.0
2017-01-20 00:00:00-05:00,2.132257796138732,2.160060493596785,2.132257796138732,2.147228479385376,29186,0.0,0.0
2017-01-23 00:00:00-05:00,2.1557834591379237,2.1557834591379237,2.117287269177009,2.1279804706573486,64181,0.0,0.0
2017-01-24 00:00:00-05:00,2.123705233181858,2.160062789916992,2.1172893637407086,2.160062789916992,107818,0.0,0.0
2017-01-25 00:00:00-05:00,2.1621987417218023,2.1921401023864746,2.1536439227610704,2.1921401023864746,32728,0.0,0.0
2017-01-26 00:00:00-05:00,2.200695899080738,2.2135279164952264,2.1814477284738296,2.185725212097168,40946,0.0,0.0
2017-01-27 00:00:00-05:00,2.222442261049194,2.222442261049194,2.151168615719046,2.1533284187316895,128645,0.070582,0.0
2017-01-30 00:00:00-05:00,2.166286859287272,2.166286859287272,2.095013080465136,2.127410411834717,95351,0.0,0.0
2017-01-31 00:00:00-05:00,2.125250307930062,2.1274101102601493,2.0842139177455437,2.1230905055999756,53980,0.0,0.0
2017-02-01 00:00:00-05:00,2.129571224933944,2.144689851597262,2.1101331365655063,2.12093186378479,18560,0.0,0.0
2017-02-02 00:00:00-05:00,2.12741156703787,2.1425301937011882,2.107973040930517,2.12093186378479,54122,0.0,0.0
2017-02-03 00:00:00-05:00,2.13820988141534,2.155488306193432,2.120931164811401,2.1425294876098633,37687,0.0,0.0
2017-02-06 00:00:00-05:00,2.1533282234081312,2.1598074859454237,2.1338898521446343,2.136049509048462,24227,0.0,0.0
2017-02-07 00:00:00-05:00,2.1490092277526855,2.1598082456347862,2.1490092277526855,2.1490092277526855,36128,0.0,0.0
2017-02-08 00:00:00-05:00,2.1511698352084596,2.174927535902762,2.1490098850584314,2.1727678775787354,21110,0.0,0.0
2017-02-09 00:00:00-05:00,2.177086362328316,2.203003852145033,2.177086362328316,2.1943647861480713,36553,0.0,0.0
2017-02-10 00:00:00-05:00,2.1986844385327697,2.224602222442627,2.1986844385327697,2.224602222442627,77782,0.0,0.0
2017-02-13 00:00:00-05:00,2.224601033531853,2.2418793037160505,2.224601033531853,2.2310802936553955,28761,0.0,0.0
2017-02-14 00:00:00-05:00,2.2310811635245473,2.2397205208542936,2.2030037264198215,2.235400915145874,41087,0.0,0.0
2017-02-15 00:00:00-05:00,2.2375609648221175,2.2462003231048584,2.233241504550132,2.2462003231048584,39954,0.0,0.0
2017-02-16 00:00:00-05:00,2.2418804250941027,2.2462003231048584,2.19436490297303,2.2462003231048584,32728,0.0,0.0
2017-02-17 00:00:00-05:00,2.235401161729663,2.2462003231048584,2.224602146267391,2.2462003231048584,15443,0.0,0.0
2017-02-21 00:00:00-05:00,2.2461998177639746,2.3001950288406343,2.2461998177639746,2.2569985389709473,138421,0.0,0.0
2017-02-22 00:00:00-05:00,2.2829175289247248,2.29587635144819,2.259159833544673,2.261319637298584,59789,0.0,0.0
2017-02-23 00:00:00-05:00,2.2699572724823494,2.287235837511835,2.250519050976164,2.2677974700927734,33862,0.0,0.0
2017-02-24 00:00:00-05:00,2.2590761160895263,2.2590761160895263,2.200200710782207,2.202381134033203,99459,0.070582,0.0
2017-02-27 00:00:00-05:00,2.1936581457761255,2.20892213483225,2.169671729943464,2.2045609951019287,43921,0.0,0.0
2017-02-28 00:00:00-05:00,2.2023815358345202,2.2023815358345202,2.171853542327881,2.171853542327881,71407,0.0,0.0
2017-03-01 00:00:00-05:00,2.2241864142660552,2.2263671317318128,2.2132837108327483,2.222005844116211,43637,0.0,0.0
2017-03-02 00:00:00-05:00,2.2263671317318128,2.2350892650152754,2.222005844116211,2.222005844116211,7084,0.0,0.0
2017-03-03 00:00:00-05:00,2.215464795973322,2.2568956384510686,2.213284225316598,2.2372703552246094,20685,0.0,0.0
2017-03-06 00:00:00-05:00,2.237269634715558,2.2787004638505737,2.2350890647610835,2.2547144889831543,42504,0.0,0.0
2017-03-07 00:00:00-05:00,2.2568950277609563,2.2677980254102947,2.24381160736084,2.24381160736084,39529,0.0,0.0
2017-03-08 00:00:00-05:00,2.250353403309125,2.2590758317951396,2.241631269454956,2.241631269454956,32445,0.0,0.0
2017-03-09 00:00:00-05:00,2.2416321164024833,2.2568961142172834,2.2350902557373047,2.2350902557373047,12893,0.0,0.0
2017-03-10 00:00:00-05:00,2.2416316786858386,2.2459928200670514,2.1805754047169548,2.2154648303985596,31311,0.0,0.0
2017-03-13 00:00:00-04:00,2.239450226054158,2.239450226054158,2.213283242477342,2.2241859436035156,26494,0.0,0.0
2017-03-14 00:00:00-04:00,2.232909121970332,2.232909121970332,2.193658851765452,2.202381134033203,18418,0.0,0.0
2017-03-15 00:00:00-04:00,2.2111032689850125,2.2285481281523976,2.202381134033203,2.202381134033203,22385,0.0,0.0
2017-03-16 00:00:00-04:00,2.2154640750585393,2.241630914424499,2.2154640750585393,2.2329084873199463,9634,0.0,0.0
2017-03-17 00:00:00-04:00,2.2459914981519025,2.2459914981519025,2.2023799626921066,2.2089216709136963,59506,0.0,0.0
2017-03-20 00:00:00-04:00,2.204561675640649,2.2154646756480556,2.1762142586428346,2.1914782524108887,68290,0.0,0.0
2017-03-21 00:00:00-04:00,2.2023804961812115,2.2067416360520165,2.1042547017721986,2.1282408237457275,118728,0.0,0.0
2017-03-22 00:00:00-04:00,2.110796968039896,2.143505822608448,2.0715466961159095,2.126060962677002,59789,0.0,0.0
2017-03-23 00:00:00-04:00,2.1456854491820447,2.202380261460201,2.121699035133096,2.180574417114258,25361,0.0,0.0
2017-03-24 00:00:00-04:00,2.1849365380996058,2.1849365380996058,2.158769546120706,2.1696722507476807,20685,0.0,0.0
2017-03-27 00:00:00-04:00,2.1696721276700712,2.180574978994496,2.0606433197939777,2.1783945560455322,71548,0.0,0.0
2017-03-28 00:00:00-04:00,2.1783947502826404,2.19802003173242,2.1587696161487955,2.1958391666412354,18560,0.0,0.0
2017-03-29 00:00:00-04:00,2.193636974017019,2.20244659254811,2.191434383392334,2.191434383392334,17710,0.070582,0.0
2017-03-30 00:00:00-04:00,2.209054066835105,2.209054066835105,2.1583977559250065,2.191434383392334,27769,0.0,0.0
2017-03-31 00:00:00-04:00,2.1914337283259364,2.2002436418106157,2.1738141989435493,2.1980412006378174,17002,0.0,0.0
2017-04-03 00:00:00-04:00,2.200243187175184,2.200243187175184,2.1495867530809702,2.1716113090515137,31311,0.0,0.0
2017-04-04 00:00:00-04:00,2.1804221368328744,2.198041669977495,2.1804221368328744,2.182624578475952,12043,0.0,0.0
2017-04-05 00:00:00-04:00,2.198040766224048,2.202445498905622,2.1694090366363525,2.1694090366363525,19410,0.0,0.0
2017-04-06 00:00:00-04:00,2.1980412502352173,2.2024459838867188,2.178218981645784,2.2024459838867188,10059,0.0,0.0
2017-04-07 00:00:00-04:00,2.1914337283259364,2.2002436418106157,2.1870288459803398,2.1980412006378174,8076,0.0,0.0
2017-04-10 00:00:00-04:00,2.1892323460634158,2.191434788301514,2.1738152503967285,2.1738152503967285,17993,0.0,0.0
2017-04-11 00:00:00-04:00,2.1892311335607184,2.1892311335607184,2.1451823131951344,2.1583969593048096,35420,0.0,0.0
2017-04-12 00:00:00-04:00,2.149587710327619,2.1606000676136015,2.1385757994221994,2.1539928913116455,24652,0.0,0.0
2017-04-13 00:00:00-04:00,2.1517898590468585,2.1517898590468585,2.094525944221779,2.1033358573913574,64606,0.0,0.0
2017-04-17 00:00:00-04:00,2.1275628342399653,2.162801742553711,2.1143481878247563,2.162801742553711,52988,0.0,0.0
2017-04-18 00:00:00-04:00,2.165003436535727,2.165003436535727,2.12095433881965,2.1275618076324463,44771,0.0,0.0
2017-04-19 00:00:00-04:00,2.1539920117151192,2.1539920117151192,2.129765014131434,2.131967306137085,13743,0.0,0.0
2017-04-20 00:00:00-04:00,2.147384686031643,2.1760165691375732,2.1407775115222503,2.1760165691375732,31736,0.0,0.0
2017-04-21 00:00:00-04:00,2.18042220588404,2.1848270893096924,2.167207555607084,2.1848270893096924,27203,0.0,0.0
2017-04-24 00:00:00-04:00,2.1958394909480465,2.244293212890625,2.1958394909480465,2.244293212890625,101726,0.0,0.0
2017-04-25 00:00:00-04:00,2.2531023412754565,2.2531023412754565,2.2332800734630034,2.2420899868011475,18418,0.0,0.0
2017-04-26 00:00:00-04:00,2.23096809344333,2.23096809344333,2.206500900542013,2.2220709323883057,15868,0.070582,0.0
2017-04-27 00:00:00-04:00,2.1976044709910316,2.206501785885618,2.1686885356903076,2.1686885356903076,28194,0.0,0.0
2017-04-28 00:00:00-04:00,2.1798105359555526,2.1976048684235225,2.1709132194519043,2.1709132194519043,17002,0.0,0.0
2017-05-01 00:00:00-04:00,2.1887074001539464,2.1887074001539464,2.124202657748395,2.157567024230957,45621,0.0,0.0
2017-05-02 00:00:00-04:00,2.1597918142660175,2.1620159552995304,2.139772891998291,2.139772891998291,11051,0.0,0.0
2017-05-03 00:00:00-04:00,2.1620160688400394,2.1642403602600098,2.1375487129507125,2.1642403602600098,37262,0.0,0.0
2017-05-04 00:00:00-04:00,2.175361033585584,2.1798094642458294,2.1353236549474834,2.1508936882019043,37829,0.0,0.0
2017-05-05 00:00:00-04:00,2.1575665311999535,2.175361156463623,2.1508938096978736,2.175361156463623,43354,0.0,0.0
2017-05-08 00:00:00-04:00,2.1753616993491995,2.1798101313708753,2.1642400933512858,2.1775858402252197,17993,0.0,0.0
2017-05-09 00:00:00-04:00,2.1887079317300544,2.1887079317300544,2.126427465297152,2.1375489234924316,44913,0.0,0.0
2017-05-10 00:00:00-04:00,2.1442219201578365,2.1553433789845884,2.119754861008659,2.1531190872192383,66731,0.0,0.0
2017-05-11 00:00:00-04:00,2.1531199802114247,2.1531199802114247,2.115306854248047,2.115306854248047,49446,0.0,0.0
2017-05-12 00:00:00-04:00,2.1153049532591615,2.1153049532591615,2.0463517916327727,2.070819139480591,122412,0.0,0.0
2017-05-15 00:00:00-04:00,2.0730430706563086,2.1041834354400635,2.0730430706563086,2.1041834354400635,17285,0.0,0.0
2017-05-16 00:00:00-04:00,2.1086334836461083,2.128652111734263,2.088615005827648,2.090839147567749,40379,0.0,0.0
2017-05-17 00:00:00-04:00,2.0752682472131267,2.0752682472131267,2.001866340637207,2.001866340637207,94501,0.0,0.0
2017-05-18 00:00:00-04:00,2.001866285041817,2.035230951034783,2.001866285041817,2.028557777404785,78066,0.0,0.0
2017-05-19 00:00:00-04:00,2.0285574915092366,2.0752678971005367,2.0285574915092366,2.0574734210968018,31595,0.0,0.0
2017-05-23 00:00:00-04:00,2.0886152264688564,2.099736387153282,2.075269322730532,2.0975122451782227,14026,0.0,0.0
2017-05-24 00:00:00-04:00,2.088613782976389,2.09083792341429,2.0574734125320804,2.066370725631714,60922,0.0,0.0
2017-05-25 00:00:00-04:00,2.0797172558219934,2.093063005110522,2.0685956478118896,2.0685956478118896,31028,0.0,0.0
2017-05-26 00:00:00-04:00,2.0797172558219934,2.0841656886485067,2.0685956478118896,2.0685956478118896,28053,0.0,0.0
2017-05-29 00:00:00-04:00,2.079838451037495,2.102323293685913,2.0573539121951945,2.102323293685913,14735,0.070582,0.0
2017-05-30 00:00:00-04:00,2.0910804840506403,2.0933289527893066,2.0573536048736836,2.0933289527893066,16152,0.0,0.0
2017-05-31 00:00:00-04:00,2.0933292152536467,2.1000747742184482,2.0685959041241877,2.0753414630889893,17993,0.0,0.0
2017-06-01 00:00:00-04:00,2.073092802461291,2.09108039974236,2.073092802461291,2.0865836143493652,8926,0.0,0.0
2017-06-02 00:00:00-04:00,2.0865834233985074,2.097825765609741,2.061850118630777,2.097825765609741,17568,0.0,0.0
2017-06-05 00:00:00-04:00,2.079837866168751,2.1000742340519882,2.079837866168751,2.097825765609741,2409,0.0,0.0
2017-06-06 00:00:00-04:00,2.086582602613324,2.095576320941496,2.07084332970885,2.084334135055542,12043,0.0,0.0
2017-06-07 00:00:00-04:00,2.0865838796236926,2.1023231621607663,2.0865838796236926,2.091080665588379,29328,0.0,0.0
2017-06-08 00:00:00-04:00,2.1045710946660847,2.113564968109131,2.102322626305323,2.113564968109131,12468,0.0,0.0
2017-06-09 00:00:00-04:00,2.113565288128177,2.1450438499450684,2.113565288128177,2.1450438499450684,59364,0.0,0.0
2017-06-12 00:00:00-04:00,2.1472919544712368,2.1585344479736057,2.124807119369507,2.124807119369507,29186,0.0,0.0
2017-06-13 00:00:00-04:00,2.151788159356542,2.151788159356542,2.1270551681518555,2.1270551681518555,20119,0.0,0.0
2017-06-14 00:00:00-04:00,2.1338017272349132,2.1338017272349132,2.08883234855756,2.091080665588379,19694,0.0,0.0
2017-06-15 00:00:00-04:00,2.091081059423509,2.1068203449249268,2.091081059423509,2.1068203449249268,19977,0.0,0.0
2017-06-16 00:00:00-04:00,2.1068194403183402,2.111316680908203,2.100074187045596,2.111316680908203,4675,0.0,0.0
2017-06-19 00:00:00-04:00,2.1158143124323234,2.169777727334854,2.1158143124323234,2.1675291061401367,46754,0.0,0.0
2017-06-20 00:00:00-04:00,2.1697768688349957,2.1720253372370046,2.158534526824951,2.158534526824951,22669,0.0,0.0
2017-06-21 00:00:00-04:00,2.1562859418772957,2.1585344101577766,2.127055854231045,2.1293041706085205,26778,0.0,0.0
2017-06-22 00:00:00-04:00,2.1270563086203524,2.1562864025108395,2.1270563086203524,2.147292375564575,10059,0.0,0.0
2017-06-23 00:00:00-04:00,2.1450436879757833,2.1630314362272056,2.1450436879757833,2.1540377140045166,13318,0.0,0.0
2017-06-26 00:00:00-04:00,2.158534337063621,2.1720251462896685,2.1495403123432557,2.169776678085327,15585,0.0,0.0
2017-06-27 00:00:00-04:00,2.1652787543995924,2.1742727756500244,2.160781819725847,2.1742727756500244,17285,0.0,0.0
2017-06-28 00:00:00-04:00,2.1969936366812544,2.2151691913604736,2.178817928511729,2.2151691913604736,23802,0.070582,0.0
2017-06-29 00:00:00-04:00,2.2197126994270593,2.2197126994270593,2.1856329507743566,2.2106246948242188,25219,0.0,0.0
2017-06-30 00:00:00-04:00,2.2151691913604736,2.2151691913604736,2.20380937375452,2.2151691913604736,28053,0.0,0.0
2017-07-04 00:00:00-04:00,2.2197126344882125,2.2378883361816406,2.2151684020843514,2.2378883361816406,19835,0.0,0.0
2017-07-05 00:00:00-04:00,2.2469769141742963,2.265152931213379,2.2401611763927054,2.265152931213379,67440,0.0,0.0
2017-07-06 00:00:00-04:00,2.246976128315883,2.2651521389980798,2.2356166204828845,2.2424323558807373,8926,0.0,0.0
2017-07-07 00:00:00-04:00,2.237889662837859,2.262881267481739,2.237889662837859,2.2606091499328613,11051,0.0,0.0
2017-07-10 00:00:00-04:00,2.249249620605931,2.2856010477643034,2.249249620605931,2.281057119369507,33578,0.0,0.0
2017-07-11 00:00:00-04:00,2.278784735758019,2.301504373550415,2.2674249168618212,2.301504373550415,33295,0.0,0.0
2017-07-12 00:00:00-04:00,2.3151362660088415,2.3151362660088415,2.271968798665978,2.2833287715911865,28053,0.0,0.0
2017-07-13 00:00:00-04:00,2.2901450624016633,2.2969608013033684,2.271969042375493,2.287872791290283,15160,0.0,0.0
2017-07-14 00:00:00-04:00,2.2946890311019286,2.306049006205755,2.2924172202695963,2.2992329597473145,10484,0.0,0.0
2017-07-17 00:00:00-04:00,2.306049006205755,2.315136710006166,2.283329209488463,2.2992329597473145,30036,0.0,0.0
2017-07-18 00:00:00-04:00,2.301504373550415,2.3060484545992184,2.2992324097711756,2.301504373550415,6234,0.0,0.0
2017-07-19 00:00:00-04:00,2.310592167196785,2.310592167196785,2.2856005662900216,2.3060483932495117,42646,0.0,0.0
2017-07-20 00:00:00-04:00,2.306048492453316,2.315136194229126,2.287872474940389,2.315136194229126,13176,0.0,0.0
2017-07-21 00:00:00-04:00,2.30604805772234,2.3128637943967285,2.2833282703497546,2.3037757873535156,25361,0.0,0.0
2017-07-24 00:00:00-04:00,2.3083204562698505,2.315136194229126,2.3037762216561286,2.315136194229126,21252,0.0,0.0
2017-07-25 00:00:00-04:00,2.312863858853418,2.324223829601448,2.306048121989083,2.3219518661499023,29753,0.0,0.0
2017-07-26 00:00:00-04:00,2.3242241295940853,2.3242241295940853,2.3015043386558345,2.3174080848693848,15018,0.0,0.0
2017-07-27 00:00:00-04:00,2.3197031464473588,2.328881137386663,2.282991647720337,2.282991647720337,19552,0.070582,0.0
2017-07-28 00:00:00-04:00,2.294463683027924,2.294463683027924,2.260046957197375,2.262341260910034,21535,0.0,0.0
2017-07-31 00:00:00-04:00,2.2623411613561815,2.3288807714067006,2.2623411613561815,2.317408323287964,27344,0.0,0.0
2017-08-01 00:00:00-04:00,2.3151143272336054,2.3151143272336054,2.282991592241747,2.305936336517334,16718,0.0,0.0
2017-08-02 00:00:00-04:00,2.3105250319804527,2.3288810128776953,2.2944638199629646,2.3151142597198486,12043,0.0,0.0
2017-08-03 00:00:00-04:00,2.310525099360378,2.3219975490032017,2.305936336517334,2.305936336517334,16718,0.0,0.0
2017-08-04 00:00:00-04:00,2.3197029406407528,2.3288809307657754,2.3105249505157297,2.312819719314575,15160,0.0,0.0
2017-08-08 00:00:00-04:00,2.3174084248618887,2.340353012084961,2.3105248936849194,2.340353012084961,30036,0.0,0.0
2017-08-09 00:00:00-04:00,2.319703169941562,2.32658639194814,2.3105251789093018,2.3105251789093018,16010,0.0,0.0
2017-08-10 00:00:00-04:00,2.310524583730582,2.310524583730582,2.2715189456939697,2.2715189456939697,34145,0.0,0.0
2017-08-11 00:00:00-04:00,2.2600463998377682,2.2600463998377682,2.2485739540434575,2.257751941680908,16860,0.0,0.0
2017-08-14 00:00:00-04:00,2.289874536773247,2.2944632984394633,2.2738133284064155,2.278402090072632,31736,0.0,0.0
2017-08-15 00:00:00-04:00,2.2829913360279357,2.294463629373195,2.2623412080064695,2.2852859497070312,35703,0.0,0.0
2017-08-16 00:00:00-04:00,2.294463942631886,2.294463942631886,2.271519507818853,2.282991647720337,19694,0.0,0.0
2017-08-17 00:00:00-04:00,2.292168098060964,2.2944624004911756,2.264634453768934,2.2669289112091064,22810,0.0,0.0
2017-08-18 00:00:00-04:00,2.2715180544015183,2.2715180544015183,2.2577513093162294,2.2600457668304443,13035,0.0,0.0
2017-08-21 00:00:00-04:00,2.271517981099412,2.276106895979757,2.2577512364583776,2.2669289112091064,11334,0.0,0.0
2017-08-22 00:00:00-04:00,2.262341830945163,2.2898754975652587,2.262341830945163,2.276108741760254,29469,0.0,0.0
2017-08-23 00:00:00-04:00,2.271519823158586,2.29446426115684,2.271519823158586,2.276108741760254,14026,0.0,0.0
2017-08-24 00:00:00-04:00,2.2944631171806646,2.2944631171806646,2.257751941680908,2.257751941680908,47746,0.0,0.0
2017-08-25 00:00:00-04:00,2.260046653621429,2.2784021659274676,2.260046653621429,2.2715189456939697,29328,0.0,0.0
2017-08-28 00:00:00-04:00,2.260046545805552,2.2715188373308055,2.2256293612097533,2.2531628608703613,37404,0.0,0.0
2017-08-29 00:00:00-04:00,2.271708334048776,2.280980749113578,2.2508459091186523,2.2508459091186523,15018,0.070582,0.0
2017-08-30 00:00:00-04:00,2.280980422580733,2.2902525231085415,2.250845586899748,2.260117530822754,33153,0.0,0.0
2017-08-31 00:00:00-04:00,2.2647535033991004,2.294888332836912,2.2624351263866522,2.285615921020508,11759,0.0,0.0
2017-09-01 00:00:00-04:00,2.294889209753049,2.3111156625738123,2.292570831854709,2.308797597885132,24652,0.0,0.0
2017-09-05 00:00:00-04:00,2.306477441167678,2.306477441167678,2.248525715974605,2.269388437271118,39104,0.0,0.0
2017-09-06 00:00:00-04:00,2.2508448092780653,2.294888015441923,2.2508448092780653,2.2902517318725586,29469,0.0,0.0
2017-09-07 00:00:00-04:00,2.285615990173194,2.2925700251875485,2.241572776585377,2.2485268115997314,52138,0.0,0.0
2017-09-08 00:00:00-04:00,2.2531634945780983,2.2717080088433197,2.2531634945780983,2.260117530822754,21960,0.0,0.0
2017-09-11 00:00:00-04:00,2.2601170625837437,2.290252048626325,2.2601170625837437,2.285615921020508,30886,0.0,0.0
2017-09-12 00:00:00-04:00,2.2856164773351497,2.2879345417022705,2.2809805052057155,2.2879345417022705,31595,0.0,0.0
2017-09-13 00:00:00-04:00,2.292570831854709,2.308797597885132,2.276344379033946,2.308797597885132,29611,0.0,0.0
2017-09-14 00:00:00-04:00,2.2925692471869894,2.3134321281739503,2.2832973080508685,2.297205686569214,27911,0.0,0.0
2017-09-15 00:00:00-04:00,2.294889207287328,2.294889207287328,2.27402646850679,2.2925708293914795,20685,0.0,0.0
2017-09-18 00:00:00-04:00,2.3041608350485023,2.308797120071197,2.280980349563813,2.294888734817505,23519,0.0,0.0
2017-09-19 00:00:00-04:00,2.292569326568496,2.3018417358398438,2.292569326568496,2.3018417358398438,3400,0.0,0.0
2017-09-20 00:00:00-04:00,2.297206090951909,2.3157505989074707,2.2832977099852383,2.3157505989074707,43637,0.0,0.0
2017-09-21 00:00:00-04:00,2.311115268099467,2.3458862324947676,2.2972068823413467,2.3366141319274902,60781,0.0,0.0
2017-09-22 00:00:00-04:00,2.3203879178555074,2.3482048525602552,2.3203879178555074,2.3412506580352783,20402,0.0,0.0
2017-09-25 00:00:00-04:00,2.34356840436072,2.350522441335728,2.3342959896494655,2.345886468887329,27344,0.0,0.0
2017-09-26 00:00:00-04:00,2.287934385585862,2.311115184280146,2.2856163213769127,2.294888734817505,584855,0.0,0.0
2017-09-27 00:00:00-04:00,2.29952533913041,2.3111156625738123,2.292570831854709,2.308797597885132,204303,0.0,0.0
2017-09-28 00:00:00-04:00,2.3134796977056324,2.3134796977056324,2.301771988309977,2.306455135345459,155565,0.070582,0.0
2017-09-29 00:00:00-04:00,2.3064557427206323,2.3064557427206323,2.297089287990085,2.3017725944519043,169874,0.0,0.0
2017-10-02 00:00:00-04:00,2.301773215157197,2.3041147899229992,2.2924067579008534,2.299431324005127,147064,0.0,0.0
2017-10-03 00:00:00-04:00,2.299429924993149,2.3111379498919353,2.2947469365038873,2.3041133880615234,137855,0.0,0.0
2017-10-04 00:00:00-04:00,2.304114713475106,2.313480854034424,2.2806988084008606,2.313480854034424,196227,0.0,0.0
2017-10-05 00:00:00-04:00,2.294747109563705,2.311138124187891,2.294747109563705,2.306455135345459,93084,0.0,0.0
2017-10-06 00:00:00-04:00,2.3064563646888017,2.3087977812614704,2.2853818754103123,2.299431324005127,52280,0.0,0.0
2017-10-10 00:00:00-04:00,2.3064549614026735,2.3087963765507853,2.2947469365038873,2.3041133880615234,120003,0.0,0.0
2017-10-11 00:00:00-04:00,2.3064562881632176,2.313480854034424,2.2994312477126253,2.313480854034424,88125,0.0,0.0
2017-10-12 00:00:00-04:00,2.311138124187891,2.311138124187891,2.301771988309977,2.306455135345459,46896,0.0,0.0
2017-10-13 00:00:00-04:00,2.306454926239725,2.3111379146575928,2.2994298899373007,2.3111379146575928,51146,0.0,0.0
2017-10-16 00:00:00-04:00,2.308797597885132,2.318164054397544,2.3064561814984303,2.308797597885132,80191,0.0,0.0
2017-10-17 00:00:00-04:00,2.3134796977056324,2.3134796977056324,2.306455135345459,2.306455135345459,16293,0.0,0.0
2017-10-18 00:00:00-04:00,2.306455553847572,2.3205049975032637,2.297089099884033,2.297089099884033,114052,0.0,0.0
2017-10-19 00:00:00-04:00,2.3158217228719065,2.3158217228719065,2.3017725944519043,2.3017725944519043,42929,0.0,0.0
2017-10-20 00:00:00-04:00,2.315821886062622,2.327529915752572,2.311138895656985,2.315821886062622,79482,0.0,0.0
2017-10-23 00:00:00-04:00,2.315821886062622,2.3205053510475655,2.3064559052513487,2.315821886062622,40520,0.0,0.0
2017-10-24 00:00:00-04:00,2.318163243971422,2.3345542602999085,2.3134799382559312,2.3322126865386963,102010,0.0,0.0
2017-10-25 00:00:00-04:00,2.322846851609902,2.332213148510054,2.318163703159826,2.329871416091919,54972,0.0,0.0
2017-10-26 00:00:00-04:00,2.336895727582419,2.3532867431640625,2.332212580273378,2.3532867431640625,83733,0.0,0.0
2017-10-27 00:00:00-04:00,2.3509453214926164,2.364994764328003,2.3415788680759566,2.364994764328003,77641,0.0,0.0
2017-10-30 00:00:00-04:00,2.3744557073470083,2.3744557073470083,2.3413458407267105,2.35317063331604,60072,0.070582,0.0
2017-10-31 00:00:00-04:00,2.35317063331604,2.3649955856804326,2.3508056428431616,2.35317063331604,116886,0.0,0.0
2017-11-01 00:00:00-04:00,2.355535783563981,2.362630754982616,2.3508056428431616,2.35317063331604,67015,0.0,0.0
2017-11-02 00:00:00-04:00,2.3626302449366885,2.364995075123984,2.3602652549743652,2.3602652549743652,33011,0.0,0.0
2017-11-03 00:00:00-04:00,2.3602649147165655,2.3744548524448708,2.3602649147165655,2.3720898628234863,46046,0.0,0.0
2017-11-06 00:00:00-05:00,2.3673603534698486,2.3744554839961496,2.360265542493642,2.3673603534698486,42221,0.0,0.0
2017-11-07 00:00:00-05:00,2.3744547077646567,2.3744547077646567,2.355534791946411,2.355534791946411,46613,0.0,0.0
2017-11-08 00:00:00-05:00,2.3555339350893165,2.3555339350893165,2.3389786952205522,2.3437089920043945,37404,0.0,0.0
2017-11-09 00:00:00-05:00,2.3413450717926025,2.3413450717926025,2.3318849532328763,2.3413450717926025,86566,0.0,0.0
2017-11-10 00:00:00-05:00,2.357900919241958,2.357900919241958,2.3342508532816844,2.3389806747436523,58939,0.0,0.0
2017-11-13 00:00:00-05:00,2.3413450717926025,2.3460750511849606,2.329520123311707,2.3413450717926025,40662,0.0,0.0
2017-11-14 00:00:00-05:00,2.3366149326252343,2.3413450717926025,2.329520123311707,2.3413450717926025,17710,0.0,0.0
2017-11-15 00:00:00-05:00,2.336614317715604,2.3389791470144385,2.3271545211953626,2.329519510269165,22244,0.0,0.0
2017-11-16 00:00:00-05:00,2.3508048057556152,2.3602649240535802,2.3389796978269106,2.3508048057556152,17002,0.0,0.0
2017-11-17 00:00:00-05:00,2.357900768770692,2.357900768770692,2.3437108259651134,2.348440647125244,72115,0.0,0.0
2017-11-20 00:00:00-05:00,2.355535783563981,2.360265764509738,2.35317063331604,2.35317063331604,48738,0.0,0.0
2017-11-21 00:00:00-05:00,2.364994235005589,2.364994235005589,2.3578994274139404,2.3578994274139404,30461,0.0,0.0
2017-11-22 00:00:00-05:00,2.36262990433795,2.3744548524448708,2.36262990433795,2.3720898628234863,25361,0.0,0.0
2017-11-23 00:00:00-05:00,2.369725663270361,2.3768204742465677,2.3673603534698486,2.3673603534698486,22385,0.0,0.0
2017-11-24 00:00:00-05:00,2.3673595153225335,2.3768196327499633,2.3578997174450858,2.364994525909424,63189,0.0,0.0
2017-11-27 00:00:00-05:00,2.3862805950232864,2.388645425498657,2.3649953632194305,2.3673603534698486,50296,0.0,0.0
2017-11-28 00:00:00-05:00,2.3673601561711513,2.374455286106136,2.353170215851251,2.369725465774536,65314,0.0,0.0
2017-11-29 00:00:00-05:00,2.388835134601212,2.388835134601212,2.369724656224743,2.38166880607605,32020,0.070582,0.0
2017-11-30 00:00:00-05:00,2.3768916100219237,2.4007800773943284,2.3768916100219237,2.3983912467956543,98184,0.0,0.0
2017-12-01 00:00:00-05:00,2.4055573009325024,2.4055573009325024,2.364947346804681,2.3792803287506104,82883,0.0,0.0
2017-12-04 00:00:00-05:00,2.400779801669505,2.400779801669505,2.3792803287506104,2.3792803287506104,54688,0.0,0.0
2017-12-05 00:00:00-05:00,2.3673374909464995,2.3888368144113747,2.355393171310425,2.355393171310425,77074,0.0,0.0
2017-12-06 00:00:00-05:00,2.362558642318648,2.374502957593923,2.362558642318648,2.36494779586792,51855,0.0,0.0
2017-12-07 00:00:00-05:00,2.3768910120044886,2.379280003387765,2.3697246833971537,2.374502182006836,11759,0.0,0.0
2017-12-08 00:00:00-05:00,2.3768909847499056,2.388835134601212,2.3768909847499056,2.38166880607605,80474,0.0,0.0
2017-12-11 00:00:00-05:00,2.38883600563162,2.38883600563162,2.369725520286982,2.376891851425171,23802,0.0,0.0
2017-12-12 00:00:00-05:00,2.388835383234501,2.388835383234501,2.3768912321400304,2.386446714401245,24936,0.0,0.0
2017-12-13 00:00:00-05:00,2.3888349533081055,2.3960016040606207,2.3816686253268093,2.3888349533081055,29328,0.0,0.0
2017-12-14 00:00:00-05:00,2.3936139900855604,2.3936139900855604,2.369725520286982,2.376891851425171,36978,0.0,0.0
2017-12-15 00:00:00-05:00,2.376890967609396,2.39361310005188,2.376890967609396,2.39361310005188,17993,0.0,0.0
2017-12-18 00:00:00-05:00,2.3912237830970744,2.3983904338495896,2.384057455115778,2.3888349533081055,48171,0.0,0.0
2017-12-19 00:00:00-05:00,2.3864462849047463,2.4031680934275266,2.3864462849047463,2.3888349533081055,40379,0.0,0.0
2017-12-20 00:00:00-05:00,2.3912246227264404,2.400780106623136,2.388835792098683,2.3912246227264404,21394,0.0,0.0
2017-12-21 00:00:00-05:00,2.400780086094939,2.4055575859239373,2.3912246022799493,2.4031689167022705,52705,0.0,0.0
2017-12-22 00:00:00-05:00,2.410335569909929,2.4175019003462586,2.3912246022799493,2.4031689167022705,32020,0.0,0.0
2017-12-27 00:00:00-05:00,2.4031680934275266,2.412723412583401,2.3888349533081055,2.3888349533081055,60639,0.0,0.0
2017-12-28 00:00:00-05:00,2.3912486871493157,2.4057264468322286,2.3647059647148376,2.400900363922119,40379,0.070582,0.0
2017-12-29 00:00:00-05:00,2.3960748311714606,2.4033138751983643,2.3936620338502683,2.4033138751983643,15585,0.0,0.0
2018-01-02 00:00:00-05:00,2.393661647096468,2.4081394067793807,2.393661647096468,2.400900363922119,31453,0.0,0.0
2018-01-03 00:00:00-05:00,2.4057263145415417,2.425029993057251,2.403313354727078,2.425029993057251,49730,0.0,0.0
2018-01-04 00:00:00-05:00,2.4177916038909824,2.4370951220037322,2.4177916038909824,2.4202044010162354,29044,0.0,0.0
2018-01-05 00:00:00-05:00,2.425029993057251,2.437094792129569,2.420204073428324,2.425029993057251,30320,0.0,0.0
2018-01-08 00:00:00-05:00,2.429856763196158,2.4370958086748478,2.4177922851231766,2.432270050048828,56105,0.0,0.0
2018-01-09 00:00:00-05:00,2.425031004570138,2.446747488942751,2.422618043749196,2.432270050048828,57805,0.0,0.0
2018-01-10 00:00:00-05:00,2.4274425982363566,2.470875868551352,2.4274425982363566,2.4467461109161377,72257,0.0,0.0
2018-01-11 00:00:00-05:00,2.453986407986551,2.456399368683172,2.4395086438068265,2.451573610305786,37687,0.0,0.0
2018-01-12 00:00:00-05:00,2.44433395580733,2.456398756282579,2.4370950755221807,2.4419209957122803,47888,0.0,0.0
2018-01-15 00:00:00-05:00,2.449160575866699,2.449160575866699,2.4370956097310073,2.449160575866699,38395,0.0,0.0
2018-01-16 00:00:00-05:00,2.4491606496091656,2.466051374485511,2.446747362880833,2.451573610305786,35562,0.0,0.0
2018-01-17 00:00:00-05:00,2.4708774089813232,2.4732903699475903,2.4563996431837207,2.4708774089813232,36270,0.0,0.0
2018-01-18 00:00:00-05:00,2.5143096571223547,2.5143096571223547,2.46122437844353,2.46846342086792,62481,0.0,0.0
2018-01-19 00:00:00-05:00,2.492593749784688,2.504658553125741,2.492593749784688,2.497419834136963,39670,0.0,0.0
2018-01-22 00:00:00-05:00,2.497418601445252,2.5191352367401123,2.4950058049838186,2.5191352367401123,52988,0.0,0.0
2018-01-23 00:00:00-05:00,2.5191353531931666,2.5191353531931666,2.4877667155236156,2.4998316764831543,38820,0.0,0.0
2018-01-24 00:00:00-05:00,2.499832810324215,2.499832810324215,2.461225276377315,2.492593765258789,30178,0.0,0.0
2018-01-25 00:00:00-05:00,2.497420142626135,2.499833103592402,2.4708774089813232,2.4708774089813232,17993,0.0,0.0
2018-01-26 00:00:00-05:00,2.4805285033656963,2.487767220585762,2.468463702972564,2.485354423522949,27203,0.0,0.0
2018-01-29 00:00:00-05:00,2.485354710460336,2.485354710460336,2.458811983515239,2.4636380672454834,32586,0.0,0.0
2018-01-30 00:00:00-05:00,2.4660748893368094,2.4660748893368094,2.4368327943930836,2.451453924179077,68148,0.070582,0.0
2018-01-31 00:00:00-05:00,2.4612006892810534,2.4612006892810534,2.4417062380158163,2.456327199935913,10909,0.0,0.0
2018-02-01 00:00:00-05:00,2.453889662118362,2.453889662118362,2.400279641375805,2.4295215606689453,88550,0.0,0.0
2018-02-02 00:00:00-05:00,2.407590607469537,2.4197747438023596,2.3174276693501623,2.3710381984710693,102435,0.0,0.0
2018-02-05 00:00:00-05:00,2.353979797924863,2.3686007577374246,2.120043947039273,2.266253709793091,295686,0.0,0.0
2018-02-06 00:00:00-05:00,2.249196603140484,2.3149911068108913,2.1346653874031927,2.30036997795105,132896,0.0,0.0
2018-02-07 00:00:00-05:00,2.3417960794836175,2.373474998209784,2.302806679042545,2.3223016262054443,49730,0.0,0.0
2018-02-08 00:00:00-05:00,2.3393594459434652,2.35154358228638,2.2808754268692297,2.2881860733032227,46188,0.0,0.0
2018-02-09 00:00:00-05:00,2.2979334264530245,2.3101175639025313,2.1931495151307474,2.2784388065338135,106543,0.0,0.0
2018-02-12 00:00:00-05:00,2.317427047837692,2.356416602902574,2.314990385852861,2.3515429496765137,40237,0.0,0.0
2018-02-13 00:00:00-05:00,2.3588539150107906,2.373475043346898,2.327175160310421,2.363727569580078,46046,0.0,0.0
2018-02-14 00:00:00-05:00,2.349107208176861,2.4100279059128558,2.3442335523579816,2.390533447265625,19694,0.0,0.0
2018-02-15 00:00:00-05:00,2.4027173816676384,2.422212003278696,2.380786096983471,2.4124648571014404,54547,0.0,0.0
2018-02-16 00:00:00-05:00,2.4124651635762238,2.4222123109917373,2.4002810235214636,2.4075913429260254,37829,0.0,0.0
2018-02-20 00:00:00-05:00,2.4051534306600386,2.4319586913248616,2.3880956422731097,2.3929691314697266,50438,0.0,0.0
2018-02-21 00:00:00-05:00,2.41490093611435,2.473384947444078,2.4100269529661134,2.4343955516815186,51288,0.0,0.0
2018-02-22 00:00:00-05:00,2.4441430714300534,2.470948005531309,2.436832425330137,2.4685113430023193,50296,0.0,0.0
2018-02-23 00:00:00-05:00,2.4685118777332526,2.4977538099543812,2.4612013946779703,2.495316982269287,101868,0.0,0.0
2018-02-26 00:00:00-05:00,2.4953172690197403,2.5148118927407257,2.4953172690197403,2.4977540969848633,102010,0.0,0.0
2018-02-27 00:00:00-05:00,2.5199004139572474,2.5199004139572474,2.4854487254925726,2.492831230163574,56389,0.070582,0.0
2018-02-28 00:00:00-05:00,2.497754136931045,2.497754136931045,2.478067116868624,2.48544979095459,28761,0.0,0.0
2018-03-01 00:00:00-05:00,2.485450465306156,2.485450465306156,2.411625200668344,2.433772563934326,76224,0.0,0.0
2018-03-02 00:00:00-05:00,2.4436140726721876,2.4436140726721876,2.406701719999857,2.438692569732666,35562,0.0,0.0
2018-03-05 00:00:00-05:00,2.4386944397464205,2.478067657205335,2.423929420855477,2.465763807296753,64323,0.0,0.0
2018-03-06 00:00:00-05:00,2.475606910669184,2.4903719291050317,2.4559202194213867,2.4559202194213867,35703,0.0,0.0
2018-03-07 00:00:00-05:00,2.460840834216085,2.490371026636803,2.460840834216085,2.4780666828155518,33720,0.0,0.0
2018-03-08 00:00:00-05:00,2.453459458637364,2.473146150491956,2.45099862215554,2.465763807296753,65598,0.0,0.0
2018-03-09 00:00:00-05:00,2.4731462753807776,2.492832968229507,2.4682246021685956,2.48298978805542,27911,0.0,0.0
2018-03-12 00:00:00-04:00,2.505136251449585,2.505136251449585,2.4805280604778734,2.505136251449585,36553,0.0,0.0
2018-03-13 00:00:00-04:00,2.497753523701907,2.497753523701907,2.460840661085335,2.4682233333587646,57522,0.0,0.0
2018-03-14 00:00:00-04:00,2.4706847752831234,2.4879106268998346,2.463302101197157,2.48544979095459,31878,0.0,0.0
2018-03-15 00:00:00-04:00,2.48298900370225,2.487910509109497,2.4780669995443283,2.487910509109497,28053,0.0,0.0
2018-03-16 00:00:00-04:00,2.478066960529395,2.5002148151397705,2.478066960529395,2.5002148151397705,22385,0.0,0.0
2018-03-19 00:00:00-04:00,2.500215644298058,2.505137151259963,2.4608419261000445,2.48298978805542,92375,0.0,0.0
2018-03-20 00:00:00-04:00,2.482988474693485,2.4854491437477426,2.4756058025299548,2.480527639389038,26636,0.0,0.0
2018-03-21 00:00:00-04:00,2.495292621815803,2.5026752948760986,2.4731452676357546,2.5026752948760986,30745,0.0,0.0
2018-03-22 00:00:00-04:00,2.495292206823133,2.495292206823133,2.436232328414917,2.436232328414917,106827,0.0,0.0
2018-03-23 00:00:00-04:00,2.4485357926546722,2.4485357926546722,2.3993189334869385,2.3993189334869385,107535,0.0,0.0
2018-03-26 00:00:00-04:00,2.460841511903587,2.460841511903587,2.39193809853051,2.4091639518737793,94784,0.0,0.0
2018-03-27 00:00:00-04:00,2.4091637049078156,2.421468050856211,2.387016015200889,2.3943986892700195,42646,0.0,0.0
2018-03-28 00:00:00-04:00,2.414290024655354,2.4565584830271088,2.399371517967556,2.434180974960327,61772,0.070582,0.0
2018-03-29 00:00:00-04:00,2.419262476555684,2.444126540743018,2.414289865290136,2.4366672039031982,30036,0.0,0.0
2018-04-02 00:00:00-04:00,2.45904503725184,2.466504543569038,2.399371842317018,2.4217493534088135,73532,0.0,0.0
2018-04-03 00:00:00-04:00,2.424234391410125,2.4316938940836486,2.396884113435245,2.3993706703186035,47604,0.0,0.0
2018-04-04 00:00:00-04:00,2.3943977245284382,2.3993706703186035,2.2849962766758183,2.3993706703186035,169449,0.0,0.0
2018-04-05 00:00:00-04:00,2.4018580673953744,2.4565586463054747,2.38693972769262,2.4416401386260986,58230,0.0,0.0
2018-04-06 00:00:00-04:00,2.4441258594638966,2.449098637319924,2.3720202445983887,2.3720202445983887,59081,0.0,0.0
2018-04-09 00:00:00-04:00,2.414290144492165,2.414290144492165,2.374507570001111,2.3943986892700195,61206,0.0,0.0
2018-04-10 00:00:00-04:00,2.4068312422478844,2.4242359759718513,2.396885680119903,2.4192633628845215,53555,0.0,0.0
2018-04-11 00:00:00-04:00,2.4167762764810434,2.436667395009681,2.4068305492401123,2.4068305492401123,40662,0.0,0.0
2018-04-12 00:00:00-04:00,2.40434473373553,2.4466135357289356,2.396885395050049,2.396885395050049,17993,0.0,0.0
2018-04-13 00:00:00-04:00,2.4043440584017026,2.409316669500912,2.3471567630767822,2.3471567630767822,37545,0.0,0.0
2018-04-16 00:00:00-04:00,2.386939447901809,2.386939447901809,2.372020941971141,2.384453058242798,42079,0.0,0.0
2018-04-17 00:00:00-04:00,2.389424946714824,2.416775392666254,2.362074668739944,2.3993706703186035,124112,0.0,0.0
2018-04-18 00:00:00-04:00,2.409317549734304,2.43418162217389,2.396885597502839,2.4142906665802,48880,0.0,0.0
2018-04-19 00:00:00-04:00,2.4142885316387943,2.4142885316387943,2.391910701457433,2.4018564224243164,53413,0.0,0.0
2018-04-20 00:00:00-04:00,2.4068309280538123,2.4267220497131348,2.4068309280538123,2.4267220497131348,26352,0.0,0.0
2018-04-23 00:00:00-04:00,2.424234628677368,2.4441260778317644,2.424234628677368,2.424234628677368,79057,0.0,0.0
2018-04-24 00:00:00-04:00,2.4366672039031982,2.449099319985165,2.4242350878212315,2.4366672039031982,70840,0.0,0.0
2018-04-25 00:00:00-04:00,2.434180814282125,2.4366672039031982,2.414289865290136,2.4366672039031982,25786,0.0,0.0
2018-04-26 00:00:00-04:00,2.4366667118830803,2.449098825454712,2.4366667118830803,2.449098825454712,17143,0.0,0.0
2018-04-27 00:00:00-04:00,2.461658743153427,2.4767300899663125,2.461658743153427,2.4742183685302734,23802,0.070582,0.0
2018-04-30 00:00:00-04:00,2.4842653274536133,2.4842653274536133,2.4666820913895076,2.4842653274536133,30886,0.0,0.0
2018-05-01 00:00:00-04:00,2.486777796981015,2.486777796981015,2.4516109820704255,2.4616587162017822,44346,0.0,0.0
2018-05-02 00:00:00-04:00,2.4717068672180176,2.4867782164078682,2.466682744755797,2.4717068672180176,20827,0.0,0.0
2018-05-03 00:00:00-04:00,2.486777796981015,2.486777796981015,2.4616587162017822,2.4616587162017822,18418,0.0,0.0
2018-05-04 00:00:00-04:00,2.474219149762979,2.48175465584931,2.46165952042044,2.4691953659057617,36270,0.0,0.0
2018-05-07 00:00:00-04:00,2.4742183685302734,2.4993371101856408,2.4742183685302734,2.4742183685302734,58230,0.0,0.0
2018-05-08 00:00:00-04:00,2.4867782592773438,2.4918020424272322,2.46165917382843,2.4867782592773438,30320,0.0,0.0
2018-05-09 00:00:00-04:00,2.486777242387706,2.4918010234832764,2.4591462766626657,2.4918010234832764,51005,0.0,0.0
2018-05-10 00:00:00-04:00,2.501848396408504,2.5118957881401536,2.499336336351355,2.5068721771240234,29611,0.0,0.0
2018-05-11 00:00:00-04:00,2.5118965919913405,2.5118965919913405,2.4918016323979106,2.509384870529175,24369,0.0,0.0
2018-05-14 00:00:00-04:00,2.516920243819434,2.567158057672516,2.516920243819434,2.537015199661255,92234,0.0,0.0
2018-05-15 00:00:00-04:00,2.5269681537949755,2.5395276098273474,2.524456262588501,2.524456262588501,28194,0.0,0.0
2018-05-16 00:00:00-04:00,2.526969404868845,2.557112114269851,2.526969404868845,2.552088499069214,12893,0.0,0.0
2018-05-17 00:00:00-04:00,2.5395271329169056,2.5571103680601834,2.5395271329169056,2.547062635421753,25786,0.0,0.0
2018-05-18 00:00:00-04:00,2.549575324601552,2.5621346108371825,2.5395275901540457,2.544551372528076,18702,0.0,0.0
2018-05-22 00:00:00-04:00,2.559622723892171,2.5646466759739726,2.5445513767451025,2.5495753288269043,27769,0.0,0.0
2018-05-23 00:00:00-04:00,2.5520867135165917,2.554598434509834,2.537015199661255,2.537015199661255,16010,0.0,0.0
2018-05-24 00:00:00-04:00,2.5596228932178593,2.5596228932178593,2.5118967877288245,2.521944522857666,80333,0.0,0.0
2018-05-25 00:00:00-04:00,2.5194324801755523,2.5294798753020036,2.5118966368566826,2.524456262588501,10201,0.0,0.0
2018-05-28 00:00:00-04:00,2.524456262588501,2.547063113747324,2.4993371808243108,2.524456262588501,27344,0.0,0.0
2018-05-29 00:00:00-04:00,2.521944164701884,2.521944164701884,2.4742182356901394,2.4792418479919434,100593,0.0,0.0
2018-05-30 00:00:00-04:00,2.5096926785214055,2.524918455806061,2.4564030580523655,2.489392042160034,31170,0.070582,0.0
2018-05-31 00:00:00-04:00,2.49193006177463,2.497005607798642,2.4767044523209867,2.4868550300598145,21819,0.0,0.0
2018-06-01 00:00:00-04:00,2.4995435413963274,2.4995435413963274,2.4716297489203742,2.4970059394836426,35562,0.0,0.0
2018-06-04 00:00:00-04:00,2.5046182410890645,2.5046182410890645,2.4868550300598145,2.4868550300598145,55539,0.0,0.0
2018-06-05 00:00:00-04:00,2.4944674155458246,2.497005016520541,2.4817794106722437,2.489392042160034,65031,0.0,0.0
2018-06-06 00:00:00-04:00,2.5020808248438358,2.5020808248438358,2.474167034008169,2.4919302463531494,26069,0.0,0.0
2018-06-07 00:00:00-04:00,2.5020806201219843,2.5173064008940242,2.4995431900024414,2.4995431900024414,51146,0.0,0.0
2018-06-08 00:00:00-04:00,2.4995431363107286,2.5071557693786284,2.4919299889336473,2.5046181678771973,43212,0.0,0.0
2018-06-11 00:00:00-04:00,2.499542643971497,2.522380881549497,2.499542643971497,2.517305850982666,46329,0.0,0.0
2018-06-12 00:00:00-04:00,2.537606632150233,2.537606632150233,2.499542786393807,2.507155418395996,35987,0.0,0.0
2018-06-13 00:00:00-04:00,2.512230648979475,2.5249184825510924,2.5020800735367326,2.517305850982666,25502,0.0,0.0
2018-06-14 00:00:00-04:00,2.51730679226458,2.5452204137197096,2.5046186110758244,2.5122315883636475,50580,0.0,0.0
2018-06-15 00:00:00-04:00,2.542683260461684,2.542683260461684,2.5046188841812738,2.5274574756622314,26919,0.0,0.0
2018-06-18 00:00:00-04:00,2.5249191260261714,2.5477577122973,2.514768890869364,2.535069704055786,15160,0.0,0.0
2018-06-19 00:00:00-04:00,2.524919033050537,2.535069610706375,2.514768798267494,2.524919033050537,26211,0.0,0.0
2018-06-20 00:00:00-04:00,2.4361028130118543,2.4361028130118543,2.4132640576980124,2.415802001953125,963707,0.0,0.0
2018-06-21 00:00:00-04:00,2.428489783806812,2.431027556569504,2.415801948611642,2.420876979827881,267634,0.0,0.0
2018-06-22 00:00:00-04:00,2.4208770736979157,2.436102853682543,2.4208770736979157,2.43102765083313,136580,0.0,0.0
2018-06-25 00:00:00-04:00,2.436103180080586,2.436103180080586,2.4081893892324353,2.418339967727661,73674,0.0,0.0
2018-06-26 00:00:00-04:00,2.425952672958374,2.433565649912875,2.425952672958374,2.425952672958374,26494,0.0,0.0
2018-06-27 00:00:00-04:00,2.428489877972035,2.43102765083313,2.428489877972035,2.43102765083313,51997,0.0,0.0
2018-06-28 00:00:00-04:00,2.4310281275207095,2.443850150749354,2.4079489707946777,2.4079489707946777,140405,0.070582,0.0
2018-06-29 00:00:00-04:00,2.4233348442855904,2.45154308749481,2.4002556875595586,2.4079489707946777,56672,0.0,0.0
2018-07-03 00:00:00-04:00,2.407948671020954,2.4207701729189117,2.400255388743598,2.418205976486206,64889,0.0,0.0
2018-07-04 00:00:00-04:00,2.428463750182691,2.428463750182691,2.392562570336544,2.423334836959839,24511,0.0,0.0
2018-07-05 00:00:00-04:00,2.418207044691337,2.4207712422567367,2.400256449019334,2.4053850173950195,98043,0.0,0.0
2018-07-06 00:00:00-04:00,2.4105131602596175,2.4258995534385113,2.4053842470367655,2.423334836959839,50863,0.0,0.0
2018-07-09 00:00:00-04:00,2.4284629371524016,2.446413521065761,2.4105123532390427,2.4438493251800537,36270,0.0,0.0
2018-07-10 00:00:00-04:00,2.4361568727142435,2.451543092727661,2.415641912696353,2.451543092727661,52280,0.0,0.0
2018-07-11 00:00:00-04:00,2.4489786491449257,2.4489786491449257,2.402819817246701,2.4207704067230225,51855,0.0,0.0
2018-07-12 00:00:00-04:00,2.423333525132846,2.423333525132846,2.4105118553733997,2.4156405925750732,57522,0.0,0.0
2018-07-13 00:00:00-04:00,2.4079494421961525,2.4233353186991398,2.4079494421961525,2.4105136394500732,31595,0.0,0.0
2018-07-16 00:00:00-04:00,2.4310280099797925,2.44641422921644,2.4233347271166457,2.436156749725342,18702,0.0,0.0
2018-07-17 00:00:00-04:00,2.438720946353293,2.44641422921644,2.428463640107018,2.436156749725342,37404,0.0,0.0
2018-07-18 00:00:00-04:00,2.459236251825136,2.459236251825136,2.4258994434790666,2.436156749725342,73107,0.0,0.0
2018-07-19 00:00:00-04:00,2.4489787227254247,2.451543092727661,2.413077542694117,2.451543092727661,46754,0.0,0.0
2018-07-20 00:00:00-04:00,2.454107462729897,2.454107462729897,2.42589956595013,2.451543092727661,50013,0.0,0.0
2018-07-23 00:00:00-04:00,2.4489793181354664,2.4515436887611672,2.436157465006962,2.4464149475097656,45338,0.0,0.0
2018-07-24 00:00:00-04:00,2.4412858965702573,2.4489788336806764,2.4361569830885785,2.438721179962158,67298,0.0,0.0
2018-07-25 00:00:00-04:00,2.451543092727661,2.451543092727661,2.4361568727142435,2.451543092727661,71690,0.0,0.0
2018-07-26 00:00:00-04:00,2.441284537569988,2.4643636825433584,2.441284537569988,2.448977470397949,32445,0.0,0.0
2018-07-27 00:00:00-04:00,2.461801230782505,2.464365428044875,2.4489792050014576,2.4592368602752686,61489,0.0,0.0
2018-07-30 00:00:00-04:00,2.4773762226104736,2.4877419658625803,2.467010829499165,2.4773762226104736,35845,0.070582,0.0
2018-07-31 00:00:00-04:00,2.4747844778649726,2.477375869541081,2.4514621278503723,2.46960186958313,51997,0.0,0.0
2018-08-01 00:00:00-04:00,2.4747851093490043,2.4773765016863507,2.461828147662271,2.464419364929199,25927,0.0,0.0
2018-08-02 00:00:00-04:00,2.4696018897441383,2.4721931063710265,2.4462790143280158,2.467010498046875,55964,0.0,0.0
2018-08-03 00:00:00-04:00,2.467010136934996,2.4747841358184814,2.4566443965928655,2.4747841358184814,26636,0.0,0.0
2018-08-07 00:00:00-04:00,2.461827516555786,2.4773758665939387,2.451462124934058,2.461827516555786,34570,0.0,0.0
2018-08-08 00:00:00-04:00,2.4540533415367096,2.4670104749722106,2.451462124934058,2.461827516555786,21677,0.0,0.0
2018-08-09 00:00:00-04:00,2.454053619934852,2.4592364038688594,2.435913876165825,2.4566450119018555,72398,0.0,0.0
2018-08-10 00:00:00-04:00,2.4566450098393897,2.4566450098393897,2.438505266085592,2.4488706588745117,54122,0.0,0.0
2018-08-13 00:00:00-04:00,2.4566461400566806,2.4566461400566806,2.428140640258789,2.428140640258789,39245,0.0,0.0
2018-08-14 00:00:00-04:00,2.451462400980127,2.459236401804218,2.4436880500152487,2.4488706588745117,32161,0.0,0.0
2018-08-15 00:00:00-04:00,2.4462790143280158,2.467010498046875,2.443687797701128,2.467010498046875,24652,0.0,0.0
2018-08-16 00:00:00-04:00,2.464420056185417,2.482560157775879,2.464420056185417,2.482560157775879,42646,0.0,0.0
2018-08-17 00:00:00-04:00,2.482559183590492,2.4851505756378174,2.4747848323781168,2.4851505756378174,22102,0.0,0.0
2018-08-20 00:00:00-04:00,2.4825588418716658,2.4981070169450468,2.4825588418716658,2.490332841873169,61064,0.0,0.0
2018-08-21 00:00:00-04:00,2.4929240536704467,2.516246927343815,2.4877414457335547,2.513655185699463,45054,0.0,0.0
2018-08-22 00:00:00-04:00,2.513655664501859,2.5266126244880422,2.513655664501859,2.521430015563965,40662,0.0,0.0
2018-08-23 00:00:00-04:00,2.5084724026922087,2.526612143217598,2.5084724026922087,2.513655185699463,48171,0.0,0.0
2018-08-24 00:00:00-04:00,2.513654846183802,2.5162465874780913,2.4955151081085205,2.4955151081085205,23236,0.0,0.0
2018-08-27 00:00:00-04:00,2.4955160838697967,2.526612789872129,2.4903332995360747,2.500699043273926,55680,0.0,0.0
2018-08-28 00:00:00-04:00,2.4929250202786193,2.521430512941615,2.4929250202786193,2.5110647678375244,22669,0.0,0.0
2018-08-29 00:00:00-04:00,2.508473480625016,2.511064873242208,2.4851511221407296,2.49810791015625,37262,0.0,0.0
2018-08-30 00:00:00-04:00,2.503345417245435,2.5661909481218723,2.503345417245435,2.5400052070617676,142955,0.070582,0.0
2018-08-31 00:00:00-04:00,2.5400045592053515,2.5426234687639844,2.5007262229919434,2.5007262229919434,36412,0.0,0.0
2018-09-04 00:00:00-04:00,2.5059633571190467,2.5242932475175124,2.471921955187787,2.487633466720581,99176,0.0,0.0
2018-09-05 00:00:00-04:00,2.4850142275523246,2.5085813999176025,2.474539830442485,2.5085813999176025,52705,0.0,0.0
2018-09-06 00:00:00-04:00,2.5138191346833367,2.5242931805849134,2.4902517795562744,2.4902517795562744,52138,0.0,0.0
2018-09-07 00:00:00-04:00,2.487633192156477,2.492870480026386,2.471921682357788,2.471921682357788,59506,0.0,0.0
2018-09-10 00:00:00-04:00,2.4876333380110407,2.490251716741238,2.4457364478394257,2.458829402923584,129637,0.0,0.0
2018-09-11 00:00:00-04:00,2.427407652558089,2.4745414983414946,2.3121909757460015,2.4693045616149902,197644,0.0,0.0
2018-09-12 00:00:00-04:00,2.414314401428094,2.4562111254744554,2.395984507261622,2.4378812313079834,60639,0.0,0.0
2018-09-13 00:00:00-04:00,2.456209757053072,2.461447043659803,2.427405830601643,2.4300243854522705,59647,0.0,0.0
2018-09-14 00:00:00-04:00,2.4352619950667838,2.4352619950667838,2.409076262377377,2.4169321060180664,44629,0.0,0.0
2018-09-17 00:00:00-04:00,2.448355956366926,2.448355956366926,2.4116961631988962,2.4274075031280518,42646,0.0,0.0
2018-09-18 00:00:00-04:00,2.4247875840294717,2.471921761116256,2.4247875840294717,2.4614477157592773,37262,0.0,0.0
2018-09-19 00:00:00-04:00,2.4693045332925148,2.4719229131729303,2.4483560790043386,2.4535930156707764,46896,0.0,0.0
2018-09-20 00:00:00-04:00,2.456210620560531,2.487633466720581,2.456210620560531,2.487633466720581,47746,0.0,0.0
2018-09-21 00:00:00-04:00,2.4876337188290467,2.513819456100464,2.4850151627924606,2.513819456100464,52138,0.0,0.0
2018-09-24 00:00:00-04:00,2.5269121697121104,2.5269121697121104,2.5007264331305543,2.5164377689361572,45054,0.0,0.0
2018-09-25 00:00:00-04:00,2.5269122362833945,2.5269122362833945,2.5033450550485634,2.513819456100464,34003,0.0,0.0
2018-09-26 00:00:00-04:00,2.5033449890981547,2.540004772644562,2.5033449890981547,2.5164377689361572,39245,0.0,0.0
2018-09-27 00:00:00-04:00,2.5376066647479827,2.5376066647479827,2.5164375819256013,2.527022123336792,21110,0.070582,0.0
2018-09-28 00:00:00-04:00,2.521730031267497,2.524375943069184,2.487330675125122,2.487330675125122,38112,0.0,0.0
2018-10-01 00:00:00-04:00,2.5164377115772183,2.537606795490271,2.513791799545288,2.513791799545288,30461,0.0,0.0
2018-10-02 00:00:00-04:00,2.5243767870679426,2.5243767870679426,2.44763995619049,2.4899775981903076,64889,0.0,0.0
2018-10-03 00:00:00-04:00,2.5084996887179942,2.511145779590335,2.4926231434839483,2.500561237335205,17852,0.0,0.0
2018-10-04 00:00:00-04:00,2.5058530121380653,2.5058530121380653,2.4344082177525337,2.4820380210876465,74099,0.0,0.0
2018-10-05 00:00:00-04:00,2.452932020311816,2.468808567098693,2.415886386944202,2.431762933731079,94926,0.0,0.0
2018-10-09 00:00:00-04:00,2.407947413058531,2.455577214793003,2.3206262588500977,2.3206262588500977,167891,0.0,0.0
2018-10-10 00:00:00-04:00,2.2782890899616515,2.2862275407989054,2.1115850189286403,2.1142311096191406,464285,0.0,0.0
2018-10-11 00:00:00-04:00,2.114230348361479,2.1512756046898267,2.032201387725877,2.08247709274292,364543,0.0,0.0
2018-10-12 00:00:00-04:00,2.1592145492807084,2.1883217218560786,2.082477571705652,2.1697990894317627,192401,0.0,0.0
2018-10-15 00:00:00-04:00,2.185675554766807,2.20949018828188,2.1406918416929095,2.1962597370147705,189001,0.0,0.0
2018-10-16 00:00:00-04:00,2.198906323840921,2.2438900470733643,2.1750915061820915,2.2438900470733643,104418,0.0,0.0
2018-10-17 00:00:00-04:00,2.251828339406295,2.29416561126709,2.2280131658973574,2.29416561126709,98043,0.0,0.0
2018-10-18 00:00:00-04:00,2.2862272383428572,2.2862272383428572,2.2253669817471,2.2677042484283447,92942,0.0,0.0
2018-10-19 00:00:00-04:00,2.265058684541691,2.3021043154495455,2.265058684541691,2.278289318084717,24086,0.0,0.0
2018-10-22 00:00:00-04:00,2.3100425158276363,2.3100425158276363,2.2227213382720947,2.2227213382720947,86141,0.0,0.0
2018-10-23 00:00:00-04:00,2.1539231957413434,2.2412443894692275,2.1327542860756448,2.228013753890991,115044,0.0,0.0
2018-10-24 00:00:00-04:00,2.228012552912918,2.2333047327852196,2.1221689554668877,2.1274609565734863,87700,0.0,0.0
2018-10-25 00:00:00-04:00,2.151276364097682,2.2412438044710026,2.1433382708479805,2.2094905376434326,106402,0.0,0.0
2018-10-26 00:00:00-04:00,2.175090862561824,2.212136123513681,2.116876523534625,2.151275873184204,113061,0.0,0.0
2018-10-29 00:00:00-04:00,2.183029526834082,2.230659339321827,2.1168770790100098,2.1168770790100098,71832,0.0,0.0
2018-10-30 00:00:00-04:00,2.146352128477985,2.167788805039355,2.06060487914686,2.0766825675964355,163074,0.070582,0.0
2018-10-31 00:00:00-04:00,2.124915679157537,2.218701527180043,2.124915679157537,2.1785075664520264,91384,0.0,0.0
2018-11-01 00:00:00-04:00,2.1704702417480433,2.1945863424301524,2.1463539600372314,2.1463539600372314,53413,0.0,0.0
2018-11-02 00:00:00-04:00,2.165109873849707,2.197265079424014,2.146352776198046,2.1677894592285156,53838,0.0,0.0
2018-11-05 00:00:00-05:00,2.17314869236584,2.221381415615412,2.17314869236584,2.1838672161102295,24936,0.0,0.0
2018-11-06 00:00:00-05:00,2.1865463256835938,2.2213809319248363,2.1838667405881136,2.1865463256835938,45338,0.0,0.0
2018-11-07 00:00:00-05:00,2.1999442680915697,2.237458459716998,2.1945849168307805,2.2213809490203857,77641,0.0,0.0
2018-11-08 00:00:00-05:00,2.242817709686108,2.2749727322225115,2.2320995498692318,2.269613742828369,144089,0.0,0.0
2018-11-09 00:00:00-05:00,2.264254037826148,2.2669334411621094,2.237457832124125,2.2669334411621094,60214,0.0,0.0
2018-11-12 00:00:00-05:00,2.25889521131533,2.2642547437723772,2.224060603716203,2.2481770515441895,39670,0.0,0.0
2018-11-13 00:00:00-05:00,2.2615742665024987,2.266933616674961,2.237458005354886,2.258894681930542,46046,0.0,0.0
2018-11-14 00:00:00-05:00,2.256216342121018,2.258895928171312,2.2347798347473145,2.2347798347473145,40804,0.0,0.0
2018-11-15 00:00:00-05:00,2.2374591840202376,2.245497941970825,2.1865470503331834,2.245497941970825,69565,0.0,0.0
2018-11-16 00:00:00-05:00,2.216021959816767,2.2562155555297125,2.2106624275273927,2.2213809490203857,16718,0.0,0.0
2018-11-19 00:00:00-05:00,2.2267400464856157,2.232099397571268,2.181187101000492,2.1919052600860596,93367,0.0,0.0
2018-11-20 00:00:00-05:00,2.0498876571655273,2.103479554049054,2.044528304551407,2.0498876571655273,332523,0.0,0.0
2018-11-21 00:00:00-05:00,2.0820417708587757,2.1463519770337776,2.074002836686932,2.1222355365753174,169024,0.0,0.0
2018-11-22 00:00:00-05:00,2.114198684692383,2.1168780902250663,2.108839149512285,2.114198684692383,19835,0.0,0.0
2018-11-23 00:00:00-05:00,2.114197438067801,2.119556427001953,2.1061583210665566,2.119556427001953,14168,0.0,0.0
2018-11-26 00:00:00-05:00,2.1195570860596726,2.146353125233883,2.116877500245115,2.1249160766601562,124537,0.0,0.0
2018-11-27 00:00:00-05:00,2.143672930450791,2.143672930450791,2.1007997433846928,2.10615873336792,94359,0.0,0.0
2018-11-28 00:00:00-05:00,2.138314078539599,2.202624315862821,2.138314078539599,2.1838672161102295,158540,0.0,0.0
2018-11-29 00:00:00-05:00,2.1947191795341667,2.1947191795341667,2.143174409866333,2.143174409866333,73390,0.070582,0.0
2018-11-30 00:00:00-05:00,2.143174409866333,2.164877393609648,2.143174409866333,2.143174409866333,47746,0.0,0.0
2018-12-03 00:00:00-05:00,2.178441036455062,2.1811537250182327,2.118757489408083,2.124183416366577,77499,0.0,0.0
2018-12-04 00:00:00-05:00,2.1377477336975574,2.1567382043923735,2.069925749920077,2.072638988494873,83591,0.0,0.0
2018-12-05 00:00:00-05:00,2.083489602929859,2.143172950871156,2.083489602929859,2.107905626296997,53838,0.0,0.0
2018-12-06 00:00:00-05:00,2.11061986218929,2.11061986218929,1.9397085044911226,2.0319461822509766,190843,0.0,0.0
2018-12-07 00:00:00-05:00,2.0400844398007694,2.0780646499206084,1.928856315037859,2.0075299739837646,79766,0.0,0.0
2018-12-10 00:00:00-05:00,2.012956350759468,2.0210951537893735,1.847470532627707,1.904441237449646,191835,0.0,0.0
2018-12-11 00:00:00-05:00,1.9261432654559316,1.9966781181727227,1.912578905948354,1.9342820644378662,124678,0.0,0.0
2018-12-12 00:00:00-05:00,1.9397083387858638,1.966836881943773,1.9098665564295432,1.9234309196472168,115328,0.0,0.0
2018-12-13 00:00:00-05:00,1.9614115532782643,1.9614115532782643,1.7986391600918505,1.8067775964736938,174408,0.0,0.0
2018-12-14 00:00:00-05:00,1.7118262336643846,1.7552323774645608,1.6494301654129384,1.7145392894744873,244823,0.0,0.0
2018-12-17 00:00:00-05:00,1.69826209793415,1.7172522061510127,1.611449991379628,1.6385785341262817,409455,0.0,0.0
2018-12-18 00:00:00-05:00,1.5626186477413702,1.722678553814883,1.5626186477413702,1.6928367614746094,212662,0.0,0.0
2018-12-19 00:00:00-05:00,1.695549615084293,1.7606585725085717,1.6494305869646178,1.6602818965911865,119720,0.0,0.0
2018-12-20 00:00:00-05:00,1.6548561851616788,1.6765589857479875,1.5327766260117814,1.5680440664291382,331673,0.0,0.0
2018-12-21 00:00:00-05:00,1.60059906733278,1.60059906733278,1.4188360596491263,1.429687738418579,374319,0.0,0.0
2018-12-24 00:00:00-05:00,1.3781424639542121,1.4161226822127302,1.3374493729629426,1.3645780086517334,349666,0.0,0.0
2018-12-27 00:00:00-05:00,1.4161226191308054,1.5978856339607466,1.4161226191308054,1.5897468328475952,334365,0.0,0.0
2018-12-28 00:00:00-05:00,1.5842274382166608,1.8050257790509603,1.570427763335073,1.7774262428283691,334081,0.070582,0.0
2018-12-31 00:00:00-05:00,1.829864571714975,1.8685041553712671,1.793984771860567,1.8436640501022339,169308,0.0,0.0
2019-01-02 00:00:00-05:00,1.7387851826401888,1.8685043583868934,1.7222253592739585,1.8326245546340942,121845,0.0,0.0
2019-01-03 00:00:00-05:00,1.8215844277219655,1.8215844277219655,1.7498251954280315,1.758104920387268,65881,0.0,0.0
2019-01-04 00:00:00-05:00,1.7829448261249772,1.8629839691650936,1.7829448261249772,1.8381444215774536,118019,0.0,0.0
2019-01-07 00:00:00-05:00,1.8491855760274438,1.882305240877495,1.8491855760274438,1.8547053337097168,88125,0.0,0.0
2019-01-08 00:00:00-05:00,1.907145620735112,1.9264654316253755,1.8767857314480911,1.9237054586410522,88408,0.0,0.0
2019-01-09 00:00:00-05:00,1.9485435136343934,2.081022673229645,1.9485435136343934,2.064462661743164,248507,0.0,0.0
2019-01-10 00:00:00-05:00,2.0341027150907642,2.105862140477744,2.0341027150907642,2.092062473297119,107110,0.0,0.0
2019-01-11 00:00:00-05:00,2.0782633904923378,2.1141430232640532,2.0699832887779457,2.1086232662200928,150039,0.0,0.0
2019-01-14 00:00:00-05:00,2.0948230115733018,2.125182884265841,2.0865429106867093,2.0893032550811768,177808,0.0,0.0
2019-01-15 00:00:00-05:00,2.0893031622923672,2.1113827466583683,2.0782630904203363,2.105862617492676,78349,0.0,0.0
2019-01-16 00:00:00-05:00,2.125182392305186,2.268701062279921,2.114142322498527,2.252141237258911,300362,0.0,0.0
2019-01-17 00:00:00-05:00,2.260420925853476,2.288020820223796,2.232821404401787,2.254901170730591,136863,0.0,0.0
2019-01-18 00:00:00-05:00,2.3018205063001393,2.3294200235032037,2.1803814372672194,2.276980400085449,147347,0.0,0.0
2019-01-21 00:00:00-05:00,2.2659416337003533,2.276981333230259,2.2355819472298624,2.243861675262451,91667,0.0,0.0
2019-01-22 00:00:00-05:00,2.2438611357099054,2.2438611357099054,2.0589429033951983,2.138982057571411,320905,0.0,0.0
2019-01-23 00:00:00-05:00,2.1748622122747925,2.1748622122747925,2.1307026680963013,2.152782440185547,71407,0.0,0.0
2019-01-24 00:00:00-05:00,2.152782351308041,2.194182295184911,2.152782351308041,2.180382251739502,53413,0.0,0.0
2019-01-25 00:00:00-05:00,2.194182916750819,2.2604220625886704,2.194182916750819,2.23834228515625,105977,0.0,0.0
2019-01-28 00:00:00-05:00,2.252141237258911,2.2742210039535906,2.221781371594408,2.252141237258911,149897,0.0,0.0
2019-01-29 00:00:00-05:00,2.260422030015868,2.2687021328931185,2.24938232791815,2.257662057876587,96059,0.0,0.0
2019-01-30 00:00:00-05:00,2.2856031881029457,2.2856031881029457,2.2241325184794,2.249279499053955,93792,0.070582,0.0
2019-01-31 00:00:00-05:00,2.2464858347840906,2.24927996529011,2.218544340956803,2.23530912399292,54547,0.0,0.0
2019-02-01 00:00:00-05:00,2.2408973114040824,2.2632503509521484,2.226926472919487,2.2632503509521484,59081,0.0,0.0
2019-02-04 00:00:00-05:00,2.2632496040688643,2.280014378197458,2.249278770194711,2.2772202491760254,36553,0.0,0.0
2019-02-05 00:00:00-05:00,2.288396118241246,2.3051608890126776,2.224131352384379,2.2911906242370605,81749,0.0,0.0
2019-02-06 00:00:00-05:00,2.2911910830501787,2.296779152326051,2.257661346026,2.2772202491760254,40804,0.0,0.0
2019-02-07 00:00:00-05:00,2.288396952828831,2.288396952828831,2.2464850106147978,2.260455846786499,36553,0.0,0.0
2019-02-08 00:00:00-05:00,2.2576617173055635,2.2632499762674345,2.235308303924032,2.260455846786499,60781,0.0,0.0
2019-02-11 00:00:00-05:00,2.2660439169813467,2.2828088826339834,2.2464850106147978,2.260455846786499,47463,0.0,0.0
2019-02-12 00:00:00-05:00,2.263249641853643,2.3303089282545577,2.246484678678168,2.3023674488067627,117311,0.0,0.0
2019-02-13 00:00:00-05:00,2.3191319635647,2.3191319635647,2.2688374572032495,2.2883963584899902,51572,0.0,0.0
2019-02-14 00:00:00-05:00,2.2828082897464674,2.3135437060542023,2.2744259034807213,2.2883963584899902,54122,0.0,0.0
2019-02-15 00:00:00-05:00,2.2744264616709655,2.3498681453445687,2.2744264616709655,2.3331031799316406,118303,0.0,0.0
2019-02-19 00:00:00-05:00,2.358249662306133,2.366632236969774,2.333102504616106,2.36104416847229,60922,0.0,0.0
2019-02-20 00:00:00-05:00,2.3722212254647776,2.4253098788329237,2.3722212254647776,2.4141335487365723,122412,0.0,0.0
2019-02-21 00:00:00-05:00,2.4169281883439755,2.4448693026300603,2.386192566218416,2.419722318649292,109235,0.0,0.0
2019-02-22 00:00:00-05:00,2.4308984782007834,2.4532515173176233,2.4169278287527587,2.4476630687713623,171008,0.0,0.0
2019-02-25 00:00:00-05:00,2.4476631482308147,2.486781345489295,2.4476631482308147,2.4728105068206787,120003,0.0,0.0
2019-02-26 00:00:00-05:00,2.458839398182452,2.500751528834795,2.4476626915793447,2.467221975326538,132329,0.0,0.0
2019-02-27 00:00:00-05:00,2.4728742165351716,2.4728742165351716,2.4220035802695574,2.4643959999084473,59931,0.070582,0.0
2019-02-28 00:00:00-05:00,2.4559172452498785,2.4559172452498785,2.348523898773147,2.3570024967193604,188293,0.0,0.0
2019-03-01 00:00:00-05:00,2.382437685443757,2.4022206364668457,2.3315670490264893,2.3315670490264893,69565,0.0,0.0
2019-03-04 00:00:00-05:00,2.3767847104043685,2.382436789069373,2.340044767112442,2.351349115371704,62056,0.0,0.0
2019-03-05 00:00:00-05:00,2.3485249396577674,2.379612445831299,2.3485249396577674,2.379612445831299,33720,0.0,0.0
2019-03-06 00:00:00-05:00,2.3909158396543893,2.405046707260004,2.368306566042979,2.388089895248413,59222,0.0,0.0
2019-03-07 00:00:00-05:00,2.388090339023288,2.388090339023288,2.3202626965140487,2.3315670490264893,90392,0.0,0.0
2019-03-08 00:00:00-05:00,2.3287414177822923,2.3287414177822923,2.232652594654575,2.289175510406494,127512,0.0,0.0
2019-03-11 00:00:00-04:00,2.294827334187548,2.345697971743047,2.2891752532695246,2.3230888843536377,60214,0.0,0.0
2019-03-12 00:00:00-04:00,2.3428727414425388,2.3880913155589782,2.3428727414425388,2.3824386596679688,71265,0.0,0.0
2019-03-13 00:00:00-04:00,2.3852632092795436,2.4304815623735414,2.3852632092795436,2.4248294830322266,38962,0.0,0.0
2019-03-14 00:00:00-04:00,2.427656235492431,2.4389603970495783,2.3598285931390115,2.371133327484131,136296,0.0,0.0
2019-03-15 00:00:00-04:00,2.3965681103249192,2.3965681103249192,2.3711328923075334,2.388089895248413,43637,0.0,0.0
2019-03-18 00:00:00-04:00,2.399394550334543,2.4304822363730225,2.399394550334543,2.416351556777954,96059,0.0,0.0
2019-03-19 00:00:00-04:00,2.4163520528335707,2.430482735329543,2.3880908787709934,2.3909168243408203,102860,0.0,0.0
2019-03-20 00:00:00-04:00,2.3909167706358945,2.4248305987938212,2.38243817039939,2.399394989013672,54688,0.0,0.0
2019-03-21 00:00:00-04:00,2.4050469398498535,2.4135251557462802,2.3626545238625676,2.4050469398498535,69848,0.0,0.0
2019-03-22 00:00:00-04:00,2.4191765414320474,2.4191765414320474,2.348523171503828,2.351349115371704,102435,0.0,0.0
2019-03-25 00:00:00-04:00,2.3456976142072152,2.3456976142072152,2.260913167561286,2.2948269844055176,170866,0.0,0.0
2019-03-26 00:00:00-04:00,2.294827881523027,2.3598292142002633,2.294827881523027,2.325915575027466,82033,0.0,0.0
2019-03-27 00:00:00-04:00,2.323089296143718,2.3570031241687146,2.3004802047466284,2.3033063411712646,37120,0.0,0.0
2019-03-28 00:00:00-04:00,2.251804147772882,2.251804147772882,2.2117467266630975,2.2174692153930664,332665,0.070582,0.0
2019-03-29 00:00:00-04:00,2.237497322049235,2.237497322049235,2.2031622115677756,2.2060234546661377,104985,0.0,0.0
2019-04-01 00:00:00-04:00,2.228913334202337,2.228913334202337,2.217468361151378,2.2260522842407227,212095,0.0,0.0
2019-04-02 00:00:00-04:00,2.2289141928530047,2.2289141928530047,2.1888567717432204,2.2174692153930664,83875,0.0,0.0
2019-04-03 00:00:00-04:00,2.23177398535124,2.274693009507704,2.23177398535124,2.251802682876587,85575,0.0,0.0
2019-04-04 00:00:00-04:00,2.231775142653679,2.257526725142078,2.231775142653679,2.24035906791687,95634,0.0,0.0
2019-04-05 00:00:00-04:00,2.2317744558697483,2.420617080825098,2.2317744558697483,2.274693489074707,150464,0.0,0.0
2019-04-08 00:00:00-04:00,2.2603869705347965,2.2689705061376375,2.2374972200920435,2.25752592086792,53838,0.0,0.0
2019-04-09 00:00:00-04:00,2.248941787813095,2.2689704884326862,2.2003004644358417,2.23177433013916,74099,0.0,0.0
2019-04-10 00:00:00-04:00,2.246081829071045,2.260388050747732,2.2174691924164724,2.246081829071045,63614,0.0,0.0
2019-04-11 00:00:00-04:00,2.260387098362652,2.3033057453094927,2.260387098362652,2.277554750442505,58939,0.0,0.0
2019-04-12 00:00:00-04:00,2.2918614194046034,2.311890125274658,2.283277495016282,2.311890125274658,100309,0.0,0.0
2019-04-15 00:00:00-04:00,2.2918603539150584,2.306166372441623,2.2832764335174156,2.3004438877105713,122128,0.0,0.0
2019-04-16 00:00:00-04:00,2.311890467186746,2.3433639591932396,2.297584246592348,2.3290579319000244,80616,0.0,0.0
2019-04-17 00:00:00-04:00,2.3319189622654055,2.3605312075303,2.3319189622654055,2.3405025005340576,91384,0.0,0.0
2019-04-18 00:00:00-04:00,2.346225270212816,2.397727464033668,2.334780101995657,2.3862826824188232,94076,0.0,0.0
2019-04-22 00:00:00-04:00,2.3834208071114293,2.4034495079070632,2.369114398956299,2.369114398956299,68856,0.0,0.0
2019-04-23 00:00:00-04:00,2.3691146644159393,2.380559444280442,2.3405020382007358,2.366253614425659,105977,0.0,0.0
2019-04-24 00:00:00-04:00,2.3605306148529053,2.3748370238450764,2.34908583560118,2.3605306148529053,63048,0.0,0.0
2019-04-25 00:00:00-04:00,2.357669685656838,2.3662536088118236,2.3319184960952635,2.334779739379883,96342,0.0,0.0
2019-04-26 00:00:00-04:00,2.3490860733963674,2.3490860733963674,2.3290573694014105,2.3462250232696533,85858,0.0,0.0
2019-04-29 00:00:00-04:00,2.378087043762207,2.380983611070609,2.3375351014445798,2.378087043762207,28761,0.070582,0.0
2019-04-30 00:00:00-04:00,2.3954676248987608,2.3954676248987608,2.366501744257735,2.3693981170654297,35845,0.0,0.0
2019-05-01 00:00:00-04:00,2.3896734202849124,2.3983633189994373,2.3751909732818604,2.3751909732818604,47321,0.0,0.0
2019-05-02 00:00:00-04:00,2.375191283061534,2.38098422348077,2.3230528624122737,2.3259494304656982,113061,0.0,0.0
2019-05-03 00:00:00-04:00,2.3636043273127516,2.37519079282262,2.3491212943473094,2.3607077598571777,35562,0.0,0.0
2019-05-06 00:00:00-04:00,2.323051910127523,2.3549139499664307,2.305672508931283,2.3549139499664307,140263,0.0,0.0
2019-05-07 00:00:00-04:00,2.331742017971821,2.354914558892016,2.244844793833505,2.268017530441284,127795,0.0,0.0
2019-05-08 00:00:00-04:00,2.2709134801530646,2.3259484455513966,2.2506375123648747,2.2824995517730713,63189,0.0,0.0
2019-05-09 00:00:00-04:00,2.282501330551875,2.282501330551875,2.230363282723725,2.2361562252044678,111077,0.0,0.0
2019-05-10 00:00:00-04:00,2.221672056034056,2.2564308643341064,2.1666370805380764,2.2564308643341064,191976,0.0,0.0
2019-05-13 00:00:00-04:00,2.2158797357845224,2.2158797357845224,2.1347754285652982,2.175327777862549,80616,0.0,0.0
2019-05-14 00:00:00-04:00,2.192706911054467,2.2651213016950673,2.1898099518811542,2.24774169921875,88267,0.0,0.0
2019-05-15 00:00:00-04:00,2.2448455393481135,2.2593283822329964,2.215879853578347,2.230362892150879,71407,0.0,0.0
2019-05-16 00:00:00-04:00,2.2332579276836606,2.282499364002295,2.2274644031314375,2.23905086517334,85575,0.0,0.0
2019-05-17 00:00:00-04:00,2.244844935733034,2.2506382670168703,2.215879257751832,2.24774169921875,37120,0.0,0.0
2019-05-21 00:00:00-04:00,2.253534280674218,2.2767066216735383,2.247741146502501,2.2651207447052,89400,0.0,0.0
2019-05-22 00:00:00-04:00,2.2651213016950673,2.2651213016950673,2.2332588602281493,2.24774169921875,16293,0.0,0.0
2019-05-23 00:00:00-04:00,2.230362157597195,2.230362157597195,2.1579477713342854,2.186913251876831,123970,0.0,0.0
2019-05-24 00:00:00-04:00,2.1840165101473454,2.2535343170166016,2.1840165101473454,2.2535343170166016,29469,0.0,0.0
2019-05-27 00:00:00-04:00,2.2535350220358166,2.2969833469296543,2.2303624777257096,2.2882938385009766,26636,0.0,0.0
2019-05-28 00:00:00-04:00,2.2651213016950673,2.2738108094018314,2.2419483679349135,2.24774169921875,38962,0.0,0.0
2019-05-29 00:00:00-04:00,2.2303620196002267,2.2303620196002267,2.1782236099243164,2.1782236099243164,44488,0.0,0.0
2019-05-30 00:00:00-04:00,2.2163870851976752,2.2163870851976752,2.0930916445794434,2.1371257305145264,85716,0.070582,0.0
2019-05-31 00:00:00-04:00,2.1107039609155063,2.12831758594564,2.0519916791568944,2.093090534210205,84158,0.0,0.0
2019-06-03 00:00:00-04:00,2.087220012950842,2.1165762654456284,2.087220012950842,2.107769250869751,67015,0.0,0.0
2019-06-04 00:00:00-04:00,2.142997072234183,2.2193230312163537,2.142997072234183,2.207580804824829,41512,0.0,0.0
2019-06-05 00:00:00-04:00,2.2310646012001283,2.2398712172558257,2.192901738884316,2.2340002059936523,36837,0.0,0.0
2019-06-06 00:00:00-04:00,2.2516135959363788,2.266291618347168,2.2251931555969584,2.266291618347168,51572,0.0,0.0
2019-06-07 00:00:00-04:00,2.2516135959363788,2.304454674940073,2.239870979682894,2.266291618347168,48596,0.0,0.0
2019-06-10 00:00:00-04:00,2.2692267894744873,2.278033799563937,2.2692267894744873,2.2692267894744873,27911,0.0,0.0
2019-06-11 00:00:00-04:00,2.27509886455183,2.2985839032011555,2.26042103767395,2.26042103767395,24227,0.0,0.0
2019-06-12 00:00:00-04:00,2.2721635989360602,2.2839062191773274,2.2310651222288476,2.2398717403411865,80049,0.0,0.0
2019-06-13 00:00:00-04:00,2.242807218699099,2.2486782299612726,2.2310646012001283,2.2340002059936523,39104,0.0,0.0
2019-06-14 00:00:00-04:00,2.2398712203371134,2.2428072217844255,2.2310646042693008,2.236935615539551,145222,0.0,0.0
2019-06-17 00:00:00-04:00,2.2369361348621,2.2398717403411865,2.2281295167497612,2.2398717403411865,49730,0.0,0.0
2019-06-18 00:00:00-04:00,2.2398718650786504,2.2457432746887207,2.2369362594360815,2.2457432746887207,158257,0.0,0.0
2019-06-19 00:00:00-04:00,2.2516138297469945,2.2780344711548235,2.2516138297469945,2.2633564472198486,49588,0.0,0.0
2019-06-20 00:00:00-04:00,2.278033799563937,2.280969403485482,2.2545487698667634,2.2692267894744873,50721,0.0,0.0
2019-06-21 00:00:00-04:00,2.2692276544707215,2.27509886455183,2.219322170456408,2.26042103767395,84300,0.0,0.0
2019-06-24 00:00:00-04:00,2.2750980667515672,2.3044543051877566,2.2750980667515672,2.289776086807251,61914,0.0,0.0
2019-06-25 00:00:00-04:00,2.280970573425293,2.2897771913821416,2.2780349679980376,2.280970573425293,23802,0.0,0.0
2019-06-26 00:00:00-04:00,2.2868410871909344,2.292712296764924,2.245742620173005,2.2633564472198486,70273,0.0,0.0
2019-06-27 00:00:00-04:00,2.251460151155011,2.290124502608554,2.212795196908423,2.239563226699829,30886,0.070582,0.0
2019-06-28 00:00:00-04:00,2.2395636801940153,2.290124966341007,2.2395636801940153,2.2871503829956055,52280,0.0,0.0
2019-07-02 00:00:00-04:00,2.2782272701922937,2.313917636871338,2.2782272701922937,2.313917636871338,15018,0.0,0.0
2019-07-03 00:00:00-04:00,2.3139173242925435,2.3317624047559438,2.2841753225892494,2.304994583129883,53838,0.0,0.0
2019-07-04 00:00:00-04:00,2.3049952900479433,2.3466342257613597,2.3049952900479433,2.3347373008728027,35278,0.0,0.0
2019-07-05 00:00:00-04:00,2.3347373008728027,2.3466342257613597,2.3287889388940353,2.3347373008728027,16152,0.0,0.0
2019-07-08 00:00:00-04:00,2.33176326751709,2.3377114289414385,2.3198663418752887,2.33176326751709,33720,0.0,0.0
2019-07-09 00:00:00-04:00,2.3287893887964697,2.364479768495176,2.3228408247374674,2.3496086597442627,70698,0.0,0.0
2019-07-10 00:00:00-04:00,2.364479789187796,2.364479789187796,2.3436601161956787,2.3436601161956787,17852,0.0,0.0
2019-07-11 00:00:00-04:00,2.3496086803067393,2.355557043486737,2.334737772356745,2.3436601161956787,30745,0.0,0.0
2019-07-12 00:00:00-04:00,2.3555565677984887,2.3585305478568506,2.3347373008728027,2.3347373008728027,13743,0.0,0.0
2019-07-15 00:00:00-04:00,2.3555563812641087,2.3555563812641087,2.334737115987082,2.3377110958099365,30461,0.0,0.0
2019-07-16 00:00:00-04:00,2.33771056397945,2.343658924133917,2.2841753225892494,2.304994583129883,137855,0.0,0.0
2019-07-17 00:00:00-04:00,2.3347370651046324,2.3347370651046324,2.2930985354580335,2.325814723968506,60072,0.0,0.0
2019-07-18 00:00:00-04:00,2.3287890863393983,2.3347374486947814,2.3198663418752887,2.33176326751709,15160,0.0,0.0
2019-07-19 00:00:00-04:00,2.3347374486947814,2.349608354583239,2.3198663418752887,2.33176326751709,21535,0.0,0.0
2019-07-22 00:00:00-04:00,2.3466343027519794,2.3466343027519794,2.316892090020287,2.322840452194214,25077,0.0,0.0
2019-07-23 00:00:00-04:00,2.343660095685261,2.3496086597442627,2.319866643173497,2.3496086597442627,41937,0.0,0.0
2019-07-24 00:00:00-04:00,2.346634146302099,2.3555564880371094,2.3377112017740433,2.3555564880371094,64889,0.0,0.0
2019-07-25 00:00:00-04:00,2.361504878362971,2.361504878362971,2.3228405230529803,2.33176326751709,96767,0.0,0.0
2019-07-26 00:00:00-04:00,2.3496086597442627,2.355557022872204,2.33771173255732,2.3496086597442627,51430,0.0,0.0
2019-07-29 00:00:00-04:00,2.3525832664976174,2.3525832664976174,2.340686337160507,2.346635103225708,31736,0.0,0.0
2019-07-30 00:00:00-04:00,2.3647079226410375,2.3647079226410375,2.3134975984513,2.328559398651123,78491,0.070582,0.0
2019-07-31 00:00:00-04:00,2.3225360234994943,2.3285605430298544,2.3044616508666578,2.3134987354278564,36270,0.0,0.0
2019-08-01 00:00:00-04:00,2.3255468457154493,2.3315715652956497,2.2743365257734225,2.2803616523742676,67581,0.0,0.0
2019-08-02 00:00:00-04:00,2.26831198227747,2.26831198227747,2.2291513054796575,2.244213104248047,85008,0.0,0.0
2019-08-06 00:00:00-04:00,2.2140905283822576,2.2140905283822576,2.1719174684940312,2.21107816696167,54547,0.0,0.0
2019-08-07 00:00:00-04:00,2.1869786514854543,2.21710205078125,2.1387804799749017,2.21710205078125,70132,0.0,0.0
2019-08-08 00:00:00-04:00,2.223127718448391,2.2893996667886776,2.223127718448391,2.2291524410247803,47179,0.0,0.0
2019-08-09 00:00:00-04:00,2.2412002719315476,2.268311915942429,2.2140892384516073,2.220113754272461,52280,0.0,0.0
2019-08-12 00:00:00-04:00,2.1990283272813422,2.2110779754303422,2.174929641514587,2.1779417991638184,35703,0.0,0.0
2019-08-13 00:00:00-04:00,2.1658923751231858,2.2502388954162598,2.1658923751231858,2.2502388954162598,151739,0.0,0.0
2019-08-14 00:00:00-04:00,2.2050532503789118,2.2050532503789118,2.078533686486537,2.11769437789917,162365,0.0,0.0
2019-08-15 00:00:00-04:00,2.135768121222815,2.141792841788357,2.1086566751675204,2.12070631980896,83591,0.0,0.0
2019-08-16 00:00:00-04:00,2.117694249373279,2.1598672991042642,2.117694249373279,2.135768413543701,79624,0.0,0.0
2019-08-19 00:00:00-04:00,2.1628796635940555,2.1960158348083496,2.153842785003373,2.1960158348083496,37404,0.0,0.0
2019-08-20 00:00:00-04:00,2.1869788274853414,2.1869788274853414,2.13878065209598,2.1417930126190186,31028,0.0,0.0
2019-08-21 00:00:00-04:00,2.1387808322906494,2.1568549969516497,2.1327563142473713,2.1387808322906494,27486,0.0,0.0
2019-08-22 00:00:00-04:00,2.153842905309645,2.2050532435865056,2.150830544441029,2.1899912357330322,44913,0.0,0.0
2019-08-23 00:00:00-04:00,2.1930030126925018,2.1930030126925018,2.138780327984362,2.147817611694336,72824,0.0,0.0
2019-08-26 00:00:00-04:00,2.1478192547945967,2.1930046903600107,2.1448066889130724,2.1719181537628174,84300,0.0,0.0
2019-08-27 00:00:00-04:00,2.1809543508026668,2.1809543508026668,2.1417936523070655,2.1628801822662354,99176,0.0,0.0
2019-08-28 00:00:00-04:00,2.1598665609607854,2.244213038617759,2.141792402967283,2.220113754272461,141963,0.0,0.0
2019-08-29 00:00:00-04:00,2.256760079537601,2.287297828867944,2.207898937894281,2.2353835105895996,55964,0.070582,0.0
2019-08-30 00:00:00-04:00,2.2537076473236084,2.278138026614438,2.2445460487797644,2.2537076473236084,82033,0.0,0.0
2019-09-03 00:00:00-04:00,2.2659216254233083,2.2659216254233083,2.201791908234892,2.226222276687622,54688,0.0,0.0
2019-09-04 00:00:00-04:00,2.2414915131663267,2.253706905098566,2.2140071392059326,2.2140071392059326,48596,0.0,0.0
2019-09-05 00:00:00-04:00,2.244544891182377,2.302567218383554,2.244544891182377,2.268975257873535,92659,0.0,0.0
2019-09-06 00:00:00-04:00,2.278137300636555,2.3147828578948975,2.2567607255691886,2.3147828578948975,77782,0.0,0.0
2019-09-09 00:00:00-04:00,2.3178366887955426,2.3392132641807435,2.2995139098939417,2.3361594676971436,85433,0.0,0.0
2019-09-10 00:00:00-04:00,2.3483737964066242,2.391127347946167,2.33310523084016,2.391127347946167,64748,0.0,0.0
2019-09-11 00:00:00-04:00,2.381965754725029,2.40945032807878,2.3575353896277624,2.391127347946167,103285,0.0,0.0
2019-09-12 00:00:00-04:00,2.406397435553685,2.427774429321289,2.3941824526360027,2.427774429321289,53838,0.0,0.0
2019-09-13 00:00:00-04:00,2.4338816277360773,2.458312004284959,2.430828036977227,2.4369354248046875,63898,0.0,0.0
2019-09-16 00:00:00-04:00,2.4430414446299222,2.455256832374011,2.4155574927120678,2.4186112880706787,38820,0.0,0.0
2019-09-17 00:00:00-04:00,2.424719248619509,2.4552574157714844,2.424719248619509,2.4552574157714844,70698,0.0,0.0
2019-09-18 00:00:00-04:00,2.443042812632148,2.458312004284959,2.409451457496956,2.4369354248046875,81749,0.0,0.0
2019-09-19 00:00:00-04:00,2.4460963407898486,2.4705267105319497,2.4430421319526805,2.4583113193511963,119578,0.0,0.0
2019-09-20 00:00:00-04:00,2.4460962338284933,2.458311211855712,2.443042025124878,2.4552574157714844,56105,0.0,0.0
2019-09-23 00:00:00-04:00,2.458311803399907,2.4735809938049704,2.452204416071522,2.4644196033477783,59789,0.0,0.0
2019-09-24 00:00:00-04:00,2.4674735069274902,2.4735811008298767,2.4430427186984396,2.4674735069274902,34853,0.0,0.0
2019-09-25 00:00:00-04:00,2.443043031818792,2.4613660221841283,2.436935643443385,2.449151039123535,59364,0.0,0.0
2019-09-26 00:00:00-04:00,2.4369356149321066,2.4430430032360597,2.41250523647719,2.427774429321289,116603,0.0,0.0
2019-09-27 00:00:00-04:00,2.4556077182075216,2.461793532795506,2.4401446443026527,2.4463298320770264,90108,0.070582,0.0
2019-09-30 00:00:00-04:00,2.415402646101388,2.44323714031953,2.415402646101388,2.43705153465271,59222,0.0,0.0
2019-10-01 00:00:00-04:00,2.4432361064164803,2.4556066857016554,2.369011168140952,2.390660047531128,100168,0.0,0.0
2019-10-02 00:00:00-04:00,2.347363244408634,2.350455942723472,2.245304200018984,2.3164360523223877,128645,0.0,0.0
2019-10-03 00:00:00-04:00,2.3226213522931527,2.3226213522931527,2.2483963935652573,2.291694164276123,44204,0.0,0.0
2019-10-04 00:00:00-04:00,2.3071583972543714,2.338085174560547,2.304065698629965,2.338085174560547,48880,0.0,0.0
2019-10-07 00:00:00-04:00,2.331899336480297,2.331899336480297,2.2978794521533685,2.3288066387176514,29044,0.0,0.0
2019-10-08 00:00:00-04:00,2.3226212485700333,2.3226212485700333,2.2731378753153075,2.297879457473755,74524,0.0,0.0
2019-10-09 00:00:00-04:00,2.3009717070709623,2.3504552841186523,2.2947865211122624,2.3504552841186523,44488,0.0,0.0
2019-10-10 00:00:00-04:00,2.350455876183802,2.4246808425765245,2.350455876183802,2.4184956550598145,83591,0.0,0.0
2019-10-11 00:00:00-04:00,2.409217138778613,2.4587007282144295,2.409217138778613,2.4401445388793945,65031,0.0,0.0
2019-10-15 00:00:00-04:00,2.433958764749168,2.458700768813488,2.4277735771398854,2.4556076526641846,88833,0.0,0.0
2019-10-16 00:00:00-04:00,2.452514132510178,2.467977827633756,2.4370506463243937,2.4494216442108154,64748,0.0,0.0
2019-10-17 00:00:00-04:00,2.4432379632735013,2.449423362085873,2.412310760273699,2.4308669567108154,66023,0.0,0.0
2019-10-18 00:00:00-04:00,2.4246808425765245,2.455607615911522,2.409217142502234,2.4184956550598145,47888,0.0,0.0
2019-10-21 00:00:00-04:00,2.4339588362882356,2.4587008410797737,2.4339588362882356,2.43705153465271,30886,0.0,0.0
2019-10-22 00:00:00-04:00,2.4463303178866482,2.4556082058596123,2.4246814250946045,2.4246814250946045,68148,0.0,0.0
2019-10-23 00:00:00-04:00,2.427774547895903,2.427774547895903,2.39066194483552,2.399940252304077,73674,0.0,0.0
2019-10-24 00:00:00-04:00,2.3999383476361285,2.4184947389083473,2.3875673504753885,2.390660047531128,36128,0.0,0.0
2019-10-25 00:00:00-04:00,2.3937535871219957,2.4277734756469727,2.390660888977712,2.4277734756469727,55964,0.0,0.0
2019-10-28 00:00:00-04:00,2.44323714031953,2.4556077248395574,2.4339588362882356,2.43705153465271,63048,0.0,0.0
2019-10-29 00:00:00-04:00,2.440144749194161,2.455607823763722,2.440144749194161,2.452515125274658,19552,0.0,0.0
2019-10-30 00:00:00-04:00,2.4587806596454542,2.4713096618652344,2.430590880765307,2.4713096618652344,52988,0.070582,0.0
2019-10-31 00:00:00-04:00,2.465044522160506,2.465044522160506,2.4305905640692504,2.4399869441986084,13318,0.0,0.0
2019-11-01 00:00:00-04:00,2.427458471505576,2.4713096618652344,2.427458471505576,2.4713096618652344,36837,0.0,0.0
2019-11-04 00:00:00-05:00,2.4619115902898874,2.51515935078269,2.4619115902898874,2.5057623386383057,78491,0.0,0.0
2019-11-05 00:00:00-05:00,2.496366688823932,2.515160083770752,2.496366688823932,2.515160083770752,127654,0.0,0.0
2019-11-06 00:00:00-05:00,2.5182924664940094,2.5339536666870117,2.5120282826657485,2.5339536666870117,81041,0.0,0.0
2019-11-07 00:00:00-05:00,2.5370848178863525,2.5778033714156265,2.5370848178863525,2.5370848178863525,110510,0.0,0.0
2019-11-08 00:00:00-05:00,2.5433491642629487,2.555878162384033,2.4963662148325514,2.555878162384033,66590,0.0,0.0
2019-11-11 00:00:00-05:00,2.530820589354488,2.5621423440351077,2.527688392725795,2.555878162384033,34712,0.0,0.0
2019-11-12 00:00:00-05:00,2.559011034353929,2.571539824175138,2.5370856521668124,2.540217638015747,63898,0.0,0.0
2019-11-13 00:00:00-05:00,2.5496139526367188,2.5590105431991237,2.5370851652201787,2.5496139526367188,35987,0.0,0.0
2019-11-14 00:00:00-05:00,2.5527448060275155,2.562141180038452,2.5370838299989287,2.562141180038452,39670,0.0,0.0
2019-11-15 00:00:00-05:00,2.5558790359420858,2.574672222137451,2.552746838242858,2.574672222137451,35703,0.0,0.0
2019-11-18 00:00:00-05:00,2.5715392823233905,2.5715392823233905,2.5621424803311257,2.5684072971343994,43637,0.0,0.0
2019-11-19 00:00:00-05:00,2.5590104509929277,2.5590104509929277,2.543349255680229,2.552746057510376,40804,0.0,0.0
2019-11-20 00:00:00-05:00,2.543349255680229,2.5621424361278837,2.543349255680229,2.552746057510376,25927,0.0,0.0
2019-11-21 00:00:00-05:00,2.5496126108217982,2.577802367673255,2.5402158135984303,2.562141180038452,69423,0.0,0.0
2019-11-22 00:00:00-05:00,2.5652747965195384,2.5715394020080566,2.5621425995784457,2.5715394020080566,44204,0.0,0.0
2019-11-25 00:00:00-05:00,2.593464384077026,2.593464384077026,2.5715390088415813,2.5840675830841064,49021,0.0,0.0
2019-11-26 00:00:00-05:00,2.5872011313768004,2.5872011313768004,2.5684079458581692,2.5778043270111084,57947,0.0,0.0
2019-11-27 00:00:00-05:00,2.5840675451660817,2.5997287388536057,2.5840675451660817,2.587200164794922,74382,0.0,0.0
2019-11-28 00:00:00-05:00,2.60305277434234,2.60305277434234,2.5776879122407133,2.5808587074279785,29044,0.070582,0.0
2019-11-29 00:00:00-05:00,2.5840292884157443,2.5998824075540736,2.5650058024891487,2.5808587074279785,62623,0.0,0.0
2019-12-02 00:00:00-05:00,2.577688607695265,2.5808594037380037,2.5650064945220947,2.5650064945220947,48880,0.0,0.0
2019-12-03 00:00:00-05:00,2.536469993772129,2.536469993772129,2.5079349807852847,2.526958465576172,116319,0.0,0.0
2019-12-04 00:00:00-05:00,2.520618645778696,2.5713477470485975,2.520618645778696,2.536471128463745,107535,0.0,0.0
2019-12-05 00:00:00-05:00,2.552324056726117,2.552324056726117,2.504765327144675,2.511106491088867,163357,0.0,0.0
2019-12-06 00:00:00-05:00,2.536471128463745,2.5523242537475412,2.517447635162689,2.536471128463745,63331,0.0,0.0
2019-12-09 00:00:00-05:00,2.5333018937049627,2.5333018937049627,2.4603784700956925,2.482572555541992,265650,0.0,0.0
2019-12-10 00:00:00-05:00,2.4762313515072765,2.501596450805664,2.457207848333026,2.501596450805664,41371,0.0,0.0
2019-12-11 00:00:00-05:00,2.495254103493743,2.501595697708765,2.4825719860618447,2.4857425689697266,35420,0.0,0.0
2019-12-12 00:00:00-05:00,2.4794009345042145,2.501595008746939,2.466718392165945,2.4920828342437744,179367,0.0,0.0
2019-12-13 00:00:00-05:00,2.4889131518776084,2.498424686401625,2.4857425689697266,2.4857425689697266,99459,0.0,0.0
2019-12-16 00:00:00-05:00,2.5047654187359405,2.5237891254637193,2.5015950508474796,2.5079360008239746,77216,0.0,0.0
2019-12-17 00:00:00-05:00,2.5142767429351807,2.5206183349861115,2.4920826701538137,2.5142767429351807,137996,0.0,0.0
2019-12-18 00:00:00-05:00,2.523788916812021,2.523788916812021,2.511106375308827,2.5142767429351807,80474,0.0,0.0
2019-12-19 00:00:00-05:00,2.5237884521484375,2.5364703487180553,2.5206178709062748,2.5237884521484375,80758,0.0,0.0
2019-12-20 00:00:00-05:00,2.536470920205905,2.561836004257202,2.5269593885359067,2.561836004257202,66448,0.0,0.0
2019-12-23 00:00:00-05:00,2.558664387518496,2.584029032912623,2.536469894399678,2.5396409034729004,102435,0.0,0.0
2019-12-24 00:00:00-05:00,2.552324357085314,2.5586657359753295,2.539642241904055,2.5428128242492676,45054,0.0,0.0
2019-12-27 00:00:00-05:00,2.5618362256668714,2.5618362256668714,2.54598331451416,2.54598331451416,67015,0.0,0.0
2019-12-30 00:00:00-05:00,2.5716676886840655,2.5716676886840655,2.5331409196598664,2.565246343612671,66590,0.070582,0.0
2019-12-31 00:00:00-05:00,2.5299299603310783,2.5588252544403076,2.5299299603310783,2.5588252544403076,30603,0.0,0.0
2020-01-02 00:00:00-05:00,2.5652465407674625,2.5684568881988525,2.539562026110652,2.5684568881988525,88408,0.0,0.0
2020-01-03 00:00:00-05:00,2.5588253114007036,2.5588253114007036,2.53314101465541,2.545982837677002,46613,0.0,0.0
2020-01-06 00:00:00-05:00,2.54919314828006,2.562035620726147,2.523508637189249,2.555614709854126,107393,0.0,0.0
2020-01-07 00:00:00-05:00,2.54919295572824,2.587719936355025,2.5459823920843965,2.5845093727111816,55397,0.0,0.0
2020-01-08 00:00:00-05:00,2.58451020582996,2.6262475466539863,2.58451020582996,2.603773593902588,128079,0.0,0.0
2020-01-09 00:00:00-05:00,2.6037736934191584,2.6358795583346963,2.6037736934191584,2.63266921043396,76932,0.0,0.0
2020-01-10 00:00:00-05:00,2.629457352685623,2.629457352685623,2.6037728426659097,2.6134047508239746,78774,0.0,0.0
2020-01-13 00:00:00-05:00,2.642300425422791,2.642300425422791,2.616615909562735,2.629457950592041,55397,0.0,0.0
2020-01-14 00:00:00-05:00,2.6294571621858136,2.645510196685791,2.6294571621858136,2.645510196685791,33295,0.0,0.0
2020-01-15 00:00:00-05:00,2.6423000684936135,2.661563452786505,2.6390895044447986,2.6487209796905518,40237,0.0,0.0
2020-01-16 00:00:00-05:00,2.6519324164452116,2.661563893285009,2.6455110703841327,2.658353328704834,65740,0.0,0.0
2020-01-17 00:00:00-05:00,2.6615632237763873,2.693669078402733,2.6615632237763873,2.690458297729492,74524,0.0,0.0
2020-01-20 00:00:00-05:00,2.680827417428829,2.719354411255684,2.6711955062965607,2.716143846511841,76224,0.0,0.0
2020-01-21 00:00:00-05:00,2.7225641717943754,2.7225641717943754,2.6840371893478205,2.6872477531433105,74099,0.0,0.0
2020-01-22 00:00:00-05:00,2.7065110016104104,2.7193534730557607,2.687247619793382,2.709721565246582,58230,0.0,0.0
2020-01-23 00:00:00-05:00,2.7097217481164226,2.722564220428467,2.6808266734408503,2.722564220428467,95492,0.0,0.0
2020-01-24 00:00:00-05:00,2.7225637623177446,2.7225637623177446,2.6968792558168033,2.719353199005127,75940,0.0,0.0
2020-01-27 00:00:00-05:00,2.651932634079378,2.6776171528286126,2.6326692450174516,2.6615641117095947,104985,0.0,0.0
2020-01-28 00:00:00-05:00,2.680826751820046,2.7257746470739637,2.6776164047740227,2.712932825088501,71973,0.0,0.0
2020-01-29 00:00:00-05:00,2.7033012528834317,2.719354292804136,2.696880340576172,2.696880340576172,84441,0.0,0.0
2020-01-30 00:00:00-05:00,2.696879993754387,2.706627950859484,2.667636780981021,2.680633544921875,86566,0.070582,0.0
2020-01-31 00:00:00-05:00,2.6741349481153542,2.6741349481153542,2.6416422739083467,2.6448917388916016,177667,0.0,0.0
2020-02-03 00:00:00-05:00,2.6578894705999825,2.693631403311551,2.6578894705999825,2.67413592338562,59081,0.0,0.0
2020-02-04 00:00:00-05:00,2.6936295895278755,2.7131250563263296,2.6936295895278755,2.7001280784606934,65456,0.0,0.0
2020-02-05 00:00:00-05:00,2.709877578208838,2.729373056135576,2.709877578208838,2.726123809814453,119578,0.0,0.0
2020-02-06 00:00:00-05:00,2.735870921701687,2.7456190982408852,2.7326218953785775,2.7423694133758545,82316,0.0,0.0
2020-02-07 00:00:00-05:00,2.7358709094528653,2.7358709094528653,2.696879959582429,2.7228739261627197,41796,0.0,0.0
2020-02-10 00:00:00-05:00,2.732621192932129,2.735870218420046,2.7131255034072073,2.732621192932129,33295,0.0,0.0
2020-02-11 00:00:00-05:00,2.735870774141573,2.778111187259382,2.735870774141573,2.758615493774414,84725,0.0,0.0
2020-02-12 00:00:00-05:00,2.7781106902038544,2.7781106902038544,2.735870284643637,2.739119529724121,106968,0.0,0.0
2020-02-13 00:00:00-05:00,2.7553662107666574,2.7553662107666574,2.706627530382643,2.709876775741577,43779,0.0,0.0
2020-02-14 00:00:00-05:00,2.716374300792739,2.7228727897255567,2.7001280784606934,2.7001280784606934,54547,0.0,0.0
2020-02-18 00:00:00-05:00,2.7066267869073926,2.7066267869073926,2.6741341227294213,2.7001280784606934,128645,0.0,0.0
2020-02-19 00:00:00-05:00,2.7066267869073926,2.7196235452591475,2.6903803450614663,2.7001280784606934,46188,0.0,0.0
2020-02-20 00:00:00-05:00,2.6838820756425292,2.7066267869073926,2.6806323921483584,2.7001280784606934,54830,0.0,0.0
2020-02-21 00:00:00-05:00,2.7033771034132212,2.7033771034132212,2.6903803450614663,2.7001280784606934,54122,0.0,0.0
2020-02-24 00:00:00-05:00,2.6513900521276947,2.6513900521276947,2.5831559018454877,2.6221468448638916,237031,0.0,0.0
2020-02-25 00:00:00-05:00,2.6253965128065837,2.6253965128065837,2.4401890646227336,2.4726815223693848,305745,0.0,0.0
2020-02-26 00:00:00-05:00,2.4596850581066803,2.5019252583175864,2.4401893615722656,2.4401893615722656,228955,0.0,0.0
2020-02-27 00:00:00-05:00,2.40396524305018,2.40396524305018,2.219551418561474,2.3776206970214844,195943,0.070582,0.0
2020-02-28 00:00:00-05:00,2.262361403953289,2.387499249952189,2.1471030664983344,2.255775213241577,457626,0.0,0.0
2020-03-02 00:00:00-05:00,2.232723268914911,2.4237232208251953,2.186619939649287,2.4237232208251953,169024,0.0,0.0
2020-03-03 00:00:00-05:00,2.509344092639109,2.51922360154544,2.298585759657246,2.3051717281341553,310704,0.0,0.0
2020-03-04 00:00:00-05:00,2.324930562265123,2.3446893598218526,2.295292922121058,2.3183445930480957,258991,0.0,0.0
2020-03-05 00:00:00-05:00,2.2557753526398576,2.28212011711471,2.1438101036217354,2.1668617725372314,265933,0.0,0.0
2020-03-06 00:00:00-05:00,2.0614825299726256,2.104292773029475,2.025258255678895,2.054896116256714,251907,0.0,0.0
2020-03-09 00:00:00-04:00,1.7288791394731873,1.9231719961571827,1.4522582279839227,1.6037412881851196,870340,0.0,0.0
2020-03-10 00:00:00-04:00,1.8375508738358126,1.9165854767126134,1.7453437815271307,1.9001197814941406,318497,0.0,0.0
2020-03-11 00:00:00-04:00,1.86060335895006,1.8902411117618065,1.7914483428334915,1.8046205043792725,190985,0.0,0.0
2020-03-12 00:00:00-04:00,1.5905690268236634,1.6366723736990458,0.9549999018494134,1.010982871055603,1751165,0.0,0.0
2020-03-13 00:00:00-04:00,1.356758660352324,1.4127410650253296,1.1921034296659647,1.4127410650253296,674113,0.0,0.0
2020-03-16 00:00:00-04:00,1.3106541918080905,1.3106541918080905,1.0702580871389535,1.1921029090881348,556236,0.0,0.0
2020-03-17 00:00:00-04:00,1.2645518851591895,1.327120832282485,1.2019828267976618,1.2579658031463623,204303,0.0,0.0
2020-03-18 00:00:00-04:00,1.1789307710566113,1.2777239717470183,1.132827433134563,1.205275535583496,200902,0.0,0.0
2020-03-19 00:00:00-04:00,1.0900174137639724,1.201982685908044,1.0900174137639724,1.1723450422286987,160098,0.0,0.0
2020-03-20 00:00:00-04:00,1.2579653241033992,1.3369998354956196,1.1624651133773325,1.1822237968444824,210536,0.0,0.0
2020-03-23 00:00:00-04:00,1.1855168121937023,1.1855168121937023,1.037327294098134,1.0636719465255737,202886,0.0,0.0
2020-03-24 00:00:00-04:00,1.2019826596439844,1.2480860059900394,1.1163620480488088,1.165758490562439,214645,0.0,0.0
2020-03-25 00:00:00-04:00,1.1657579912167366,1.399568497630723,1.1196546646187755,1.3468786478042603,356750,0.0,0.0
2020-03-26 00:00:00-04:00,1.3666377324872134,1.5477584427365678,1.3040688023283862,1.432499647140503,289736,0.0,0.0
2020-03-27 00:00:00-04:00,1.3765171455083376,1.399568814018397,1.3106546792886244,1.3435859680175781,133888,0.0,0.0
2020-03-30 00:00:00-04:00,1.3435859993863213,1.392982321822941,1.3205343303380737,1.3337063789367676,60497,0.0,0.0
2020-03-31 00:00:00-04:00,1.3732241724515208,1.4753103893835775,1.3732241724515208,1.445672631263733,201186,0.0,0.0
2020-04-01 00:00:00-04:00,1.3699306207908806,1.3962758297551543,1.3337063477986841,1.3435859680175781,113769,0.0,0.0
2020-04-02 00:00:00-04:00,1.3699309189403295,1.3995691186182537,1.317241490688292,1.320534586906433,58514,0.0,0.0
2020-04-03 00:00:00-04:00,1.3666376818839021,1.3666376818839021,1.2546723198809164,1.3271204233169556,116036,0.0,0.0
2020-04-06 00:00:00-04:00,1.36993065029497,1.4127410039738495,1.3435859969542845,1.4094479084014893,116886,0.0,0.0
2020-04-07 00:00:00-04:00,1.4687236432689894,1.5016549280454545,1.4193273279142864,1.448965072631836,175683,0.0,0.0
2020-04-08 00:00:00-04:00,1.4324995973429147,1.4654308872393842,1.416034008013779,1.455551266670227,107960,0.0,0.0
2020-04-09 00:00:00-04:00,1.4917760020996773,1.5708105438445363,1.4818969346675932,1.531293272972107,169733,0.0,0.0
2020-04-13 00:00:00-04:00,1.514827751285041,1.5543450240548304,1.481897005818557,1.5016556978225708,82033,0.0,0.0
2020-04-14 00:00:00-04:00,1.5312933779173783,1.5708106514980746,1.3995693922042847,1.3995693922042847,140405,0.0,0.0
2020-04-15 00:00:00-04:00,1.4292065570686463,1.4292065570686463,1.3238272789314867,1.3501720428466797,149756,0.0,0.0
2020-04-16 00:00:00-04:00,1.3831033963643116,1.3831033963643116,1.3304135281089453,1.35346519947052,92659,0.0,0.0
2020-04-17 00:00:00-04:00,1.42591340688849,1.448965072631836,1.4028617411451443,1.448965072631836,134454,0.0,0.0
2020-04-20 00:00:00-04:00,1.4127409016985037,1.4555511410399407,1.3666375670231103,1.3962757587432861,68573,0.0,0.0
2020-04-21 00:00:00-04:00,1.3699306157830744,1.3863962044682638,1.3337063429232965,1.3501720428466797,113061,0.0,0.0
2020-04-22 00:00:00-04:00,1.3929825557936895,1.4127412438205587,1.3633448018489243,1.3831034898757935,118303,0.0,0.0
2020-04-23 00:00:00-04:00,1.3831031757025547,1.3995687638578072,1.3304133158533848,1.3666375875473022,43637,0.0,0.0
2020-04-24 00:00:00-04:00,1.3468788435078314,1.363344430923462,1.330413256092201,1.363344430923462,49730,0.0,0.0
2020-04-27 00:00:00-04:00,1.376517140476454,1.376517140476454,1.3304133586720912,1.3501720428466797,92092,0.0,0.0
2020-04-28 00:00:00-04:00,1.3831037209982429,1.4160344653391008,1.3699311117948445,1.3896898031234741,84016,0.0,0.0
2020-04-29 00:00:00-04:00,1.432500199828156,1.5280004578741717,1.4226211312950214,1.4950692653656006,214078,0.0,0.0
2020-04-30 00:00:00-04:00,1.508241005940292,1.508241005940292,1.399568748260569,1.422620415687561,113344,0.0,0.0
2020-05-01 00:00:00-04:00,1.399568907581463,1.4061549877864312,1.34029296211653,1.3798103332519531,116886,0.0,0.0
2020-05-04 00:00:00-04:00,1.3666373275844126,1.3831029126075678,1.3369995860096067,1.3468786478042603,70415,0.0,0.0
2020-05-05 00:00:00-04:00,1.4028620358659916,1.4226206106541335,1.366637759611323,1.3699307441711426,60356,0.0,0.0
2020-05-06 00:00:00-04:00,1.366637759611323,1.3831033498396454,1.3567586946936607,1.3699307441711426,32728,0.0,0.0
2020-05-07 00:00:00-04:00,1.3732236670759368,1.4061548433864417,1.3666375875473022,1.3666375875473022,20685,0.0,0.0
2020-05-08 00:00:00-04:00,1.3732243852572994,1.392982967891297,1.3732243852572994,1.386396884918213,57097,0.0,0.0
2020-05-11 00:00:00-04:00,1.3896894301974885,1.3962759555081485,1.3501721693830007,1.3699307441711426,50721,0.0,0.0
2020-05-12 00:00:00-04:00,1.3567585675400593,1.3798102359658533,1.3501720428466797,1.3501720428466797,49871,0.0,0.0
2020-05-13 00:00:00-04:00,1.3567595241747052,1.3567595241747052,1.2678453270776404,1.290897011756897,96909,0.0,0.0
2020-05-14 00:00:00-04:00,1.2678442739357465,1.294189479495623,1.2118618801218977,1.251379132270813,52705,0.0,0.0
2020-05-15 00:00:00-04:00,1.248085777939684,1.25137931845833,1.2019824400176355,1.205275535583496,88975,0.0,0.0
2020-05-19 00:00:00-04:00,1.2941896697647655,1.310654702612175,1.2579653961279458,1.2810170650482178,96201,0.0,0.0
2020-05-20 00:00:00-04:00,1.287603614651879,1.3007761129355988,1.2579658550377792,1.261258840560913,96201,0.0,0.0
2020-05-21 00:00:00-04:00,1.2645515535504424,1.2645515535504424,1.1690517764533965,1.1953965425491333,90959,0.0,0.0
2020-05-22 00:00:00-04:00,1.185517067567891,1.225034332817012,1.1525863283685711,1.165758490562439,126095,0.0,0.0
2020-05-25 00:00:00-04:00,1.1657583769792812,1.1690518065406186,1.1394136102055241,1.1591722965240479,65173,0.0,0.0
2020-05-26 00:00:00-04:00,1.2019824563946577,1.3369999326255386,1.2019824563946577,1.3271204233169556,130771,0.0,0.0
2020-05-27 00:00:00-04:00,1.3501721380430833,1.399568907581463,1.3337064369587552,1.3798103332519531,115328,0.0,0.0
2020-05-28 00:00:00-04:00,1.399568344843257,1.399568344843257,1.320533856826988,1.3567581176757812,45338,0.0,0.0
2020-05-29 00:00:00-04:00,1.3468792796216416,1.3468792796216416,1.2711377309660452,1.3106549978256226,45338,0.0,0.0
2020-06-01 00:00:00-04:00,1.3567584629288543,1.3732236053917437,1.3567584629288543,1.363344430923462,54972,0.0,0.0
2020-06-02 00:00:00-04:00,1.3929821252822876,1.4061547282133977,1.3732235546001659,1.3929821252822876,59364,0.0,0.0
2020-06-03 00:00:00-04:00,1.4160340572389785,1.4489653482802294,1.4160340572389785,1.432499647140503,56389,0.0,0.0
2020-06-04 00:00:00-04:00,1.4390859496112116,1.445672028819094,1.4061547749045065,1.4193273782730103,49588,0.0,0.0
2020-06-05 00:00:00-04:00,1.4818967216002328,1.6070345982593097,1.4753101955601808,1.570810317993164,157123,0.0,0.0
2020-06-08 00:00:00-04:00,1.6169132896127298,1.7651029163116132,1.6169132896127298,1.735465168952942,184609,0.0,0.0
2020-06-09 00:00:00-04:00,1.7222930930123252,1.7288796195459326,1.682775824860504,1.712414026260376,90392,0.0,0.0
2020-06-10 00:00:00-04:00,1.705827130266919,1.712413655373971,1.5839827007447989,1.5905687808990479,162224,0.0,0.0
2020-06-11 00:00:00-04:00,1.508241182706392,1.508241182706392,1.4226205824189135,1.432499647140503,123970,0.0,0.0
2020-06-12 00:00:00-04:00,1.5345854195137545,1.5345854195137545,1.445671754146924,1.4687234163284302,83024,0.0,0.0
2020-06-15 00:00:00-04:00,1.4160339603234375,1.4786028861999512,1.3567585749069815,1.4786028861999512,62764,0.0,0.0
2020-06-16 00:00:00-04:00,1.5773961867114314,1.5773961867114314,1.4555513113811291,1.5082411766052246,58939,0.0,0.0
2020-06-17 00:00:00-04:00,1.5181201620334834,1.5181201620334834,1.4489652667757051,1.4654308557510376,46613,0.0,0.0
2020-06-18 00:00:00-04:00,1.4357927843833074,1.4818965709263228,1.4357927843833074,1.4588449001312256,22385,0.0,0.0
2020-06-19 00:00:00-04:00,1.5016547437861385,1.5016547437861385,1.4160336141021252,1.4390857219696045,32303,0.0,0.0
2020-06-22 00:00:00-04:00,1.416034647630961,1.4423798694292849,1.386396884918213,1.386396884918213,49163,0.0,0.0
2020-06-23 00:00:00-04:00,1.4160338380972375,1.43249942545059,1.3896891875511537,1.4193273782730103,50721,0.0,0.0
2020-06-24 00:00:00-04:00,1.4127410679913996,1.4127410679913996,1.34029296211653,1.3798103332519531,63473,0.0,0.0
2020-06-25 00:00:00-04:00,1.3468788435078314,1.3699305101562547,1.3435858595105277,1.363344430923462,27203,0.0,0.0
2020-06-26 00:00:00-04:00,1.343586370368134,1.343586370368134,1.2777243293781424,1.3007760047912598,135021,0.0,0.0
2020-06-29 00:00:00-04:00,1.3271207766919655,1.333706747190687,1.2546726539650248,1.3007760047912598,53555,0.0,0.0
2020-06-30 00:00:00-04:00,1.2678443072463947,1.3238271474838257,1.264551323322162,1.3238271474838257,36128,0.0,0.0
2020-07-02 00:00:00-04:00,1.3172415241438455,1.3600518873052028,1.3106549978256226,1.3106549978256226,56955,0.0,0.0
2020-07-03 00:00:00-04:00,1.2908961491225401,1.3271204233169556,1.28431006913928,1.3271204233169556,17427,0.0,0.0
2020-07-06 00:00:00-04:00,1.3633447096733253,1.3666378055821216,1.320534462858972,1.35346519947052,86283,0.0,0.0
2020-07-07 00:00:00-04:00,1.323827391373309,1.3501721575261454,1.3172413110733032,1.3172413110733032,71123,0.0,0.0
2020-07-08 00:00:00-04:00,1.320534635136104,1.32712071657471,1.2744312863983052,1.3040690422058105,58089,0.0,0.0
2020-07-09 00:00:00-04:00,1.2744313975122428,1.2843104649123673,1.2349141267676549,1.2579658031463623,74524,0.0,0.0
2020-07-10 00:00:00-04:00,1.2513793956912125,1.3337064562042162,1.2513793956912125,1.3172413110733032,55114,0.0,0.0
2020-07-13 00:00:00-04:00,1.310654884537911,1.3172414102868213,1.2480859489740816,1.2777241468429565,201469,0.0,0.0
2020-07-14 00:00:00-04:00,1.2645517102021966,1.3073619604110718,1.2645517102021966,1.3073619604110718,33436,0.0,0.0
2020-07-15 00:00:00-04:00,1.3172411567961155,1.3732236670759368,1.3172411567961155,1.3666375875473022,64464,0.0,0.0
2020-07-16 00:00:00-04:00,1.350172047782258,1.3765171455083376,1.3172412040060815,1.3435859680175781,46046,0.0,0.0
2020-07-17 00:00:00-04:00,1.3501721731502048,1.3501721731502048,1.3238274066925093,1.3370000123977661,19694,0.0,0.0
2020-07-20 00:00:00-04:00,1.323827314678198,1.3337063789367676,1.3007756456299502,1.3337063789367676,38112,0.0,0.0
2020-07-21 00:00:00-04:00,1.3304135088295246,1.4061550473488724,1.3304135088295246,1.3765172958374023,78207,0.0,0.0
2020-07-22 00:00:00-04:00,1.3666376315318691,1.3699306157830744,1.3337063429232965,1.3501720428466797,23519,0.0,0.0
2020-07-23 00:00:00-04:00,1.3501721575261454,1.3501721575261454,1.3172413110733032,1.3172413110733032,37545,0.0,0.0
2020-07-24 00:00:00-04:00,1.3172414713972458,1.3205345675671594,1.2908963683232877,1.3073619604110718,17710,0.0,0.0
2020-07-27 00:00:00-04:00,1.307361408289168,1.307361408289168,1.2678441597008243,1.2843097448349,67015,0.0,0.0
2020-07-28 00:00:00-04:00,1.2843097448349,1.2974823464279643,1.2843097448349,1.2843097448349,28478,0.0,0.0
2020-07-29 00:00:00-04:00,1.2810173678369112,1.310655012406194,1.2612586785682034,1.3040690422058105,36978,0.0,0.0
2020-07-30 00:00:00-04:00,1.2678448174389227,1.3007760047912598,1.2678448174389227,1.3007760047912598,11051,0.0,0.0
2020-07-31 00:00:00-04:00,1.300775914430082,1.300775914430082,1.2447930555535962,1.2711377143859863,36270,0.0,0.0
2020-08-04 00:00:00-04:00,1.2678447312884602,1.281017338820185,1.238206976152289,1.2447930574417114,211245,0.0,0.0
2020-08-05 00:00:00-04:00,1.2513796687156642,1.3007760047912598,1.2513796687156642,1.3007760047912598,53272,0.0,0.0
2020-08-06 00:00:00-04:00,1.2941898943268517,1.3995690817712203,1.2941898943268517,1.3831034898757935,157406,0.0,0.0
2020-08-07 00:00:00-04:00,1.3699302882725046,1.4456718001356688,1.3699302882725046,1.4390857219696045,217337,0.0,0.0
2020-08-10 00:00:00-04:00,1.478602832563502,1.5016550564692122,1.442379117012024,1.442379117012024,99601,0.0,0.0
2020-08-11 00:00:00-04:00,1.4818965092102585,1.5971548583856172,1.4818965092102585,1.564224123954773,175400,0.0,0.0
2020-08-12 00:00:00-04:00,1.6202071637834927,1.7157073099911921,1.6202071637834927,1.7091212272644043,88833,0.0,0.0
2020-08-13 00:00:00-04:00,1.7091210300633601,1.7157071120302358,1.616913880238937,1.6267935037612915,139271,0.0,0.0
2020-08-14 00:00:00-04:00,1.6202070618703517,1.6531382521005864,1.6004483699798584,1.6004483699798584,163782,0.0,0.0
2020-08-17 00:00:00-04:00,1.6235002617732128,1.6235002617732128,1.518120512498939,1.541172742843628,69990,0.0,0.0
2020-08-18 00:00:00-04:00,1.5477588673912548,1.5675175584465857,1.531293272972107,1.531293272972107,56247,0.0,0.0
2020-08-19 00:00:00-04:00,1.5214140537594794,1.5477587129824941,1.5214140537594794,1.541172742843628,62623,0.0,0.0
2020-08-20 00:00:00-04:00,1.5477584364755443,1.5543445166760292,1.5016552076429415,1.5082411766052246,43921,0.0,0.0
2020-08-21 00:00:00-04:00,1.5115347657289828,1.514827751285041,1.4654314106088393,1.5016556978225708,57097,0.0,0.0
2020-08-24 00:00:00-04:00,1.501655022368097,1.607034183623554,1.501655022368097,1.5938615798950195,63756,0.0,0.0
2020-08-25 00:00:00-04:00,1.6202069768414904,1.6333795857281672,1.5905692186567404,1.6267935037612915,54263,0.0,0.0
2020-08-26 00:00:00-04:00,1.6267935622542973,1.7025346755981445,1.6267935622542973,1.7025346755981445,82599,0.0,0.0
2020-08-27 00:00:00-04:00,1.6992414297986629,1.8013276416686292,1.6992414297986629,1.778275966644287,125954,0.0,0.0
2020-08-28 00:00:00-04:00,1.804620738100678,1.8079137232945013,1.761810373245817,1.778275966644287,76649,0.0,0.0
2020-08-31 00:00:00-04:00,1.794741828737969,1.794741828737969,1.6926554966734995,1.7025346755981445,100451,0.0,0.0
2020-09-01 00:00:00-04:00,1.7288792423861994,1.7288792423861994,1.6794824733055695,1.6926549673080444,34003,0.0,0.0
2020-09-02 00:00:00-04:00,1.7255857148709437,1.755223910030656,1.7157066501989775,1.7453444004058838,42504,0.0,0.0
2020-09-03 00:00:00-04:00,1.738758304213689,1.7552238938810074,1.6630167697251441,1.6663103103637695,114336,0.0,0.0
2020-09-04 00:00:00-04:00,1.6794822737036175,1.7124134491769223,1.6234997648470237,1.6498445272445679,181350,0.0,0.0
2020-09-08 00:00:00-04:00,1.6531379093137424,1.6531379093137424,1.5971550532642156,1.6070345640182495,55397,0.0,0.0
2020-09-09 00:00:00-04:00,1.6136208002617105,1.7288796195459326,1.6136208002617105,1.712414026260376,38254,0.0,0.0
2020-09-10 00:00:00-04:00,1.6992402051045905,1.705826281983677,1.6300852298736572,1.6300852298736572,36837,0.0,0.0
2020-09-11 00:00:00-04:00,1.6300857487829492,1.6465513355557058,1.5839824172861376,1.6136201620101929,50438,0.0,0.0
2020-09-14 00:00:00-04:00,1.6267936756349857,1.6893626289322565,1.6267936756349857,1.6761900186538696,30745,0.0,0.0
2020-09-15 00:00:00-04:00,1.6761894281207055,1.6860690492062014,1.6564308533789378,1.6696033477783203,47321,0.0,0.0
2020-09-16 00:00:00-04:00,1.6531375646591187,1.6959479161749682,1.6531375646591187,1.6531375646591187,62481,0.0,0.0
2020-09-17 00:00:00-04:00,1.6070348129077392,1.653138165343488,1.6070348129077392,1.6267935037612915,30603,0.0,0.0
2020-09-18 00:00:00-04:00,1.6267929793599591,1.6267929793599591,1.5609305123486854,1.5741031169891357,31028,0.0,0.0
2020-09-21 00:00:00-04:00,1.524706816688646,1.524706816688646,1.4324996885554364,1.4588449001312256,126095,0.0,0.0
2020-09-22 00:00:00-04:00,1.4687237161013564,1.5181200339055676,1.4654307320700497,1.4720168113708496,54122,0.0,0.0
2020-09-23 00:00:00-04:00,1.4851893385133,1.508241005940292,1.396275764152045,1.422620415687561,39104,0.0,0.0
2020-09-24 00:00:00-04:00,1.3929820305332348,1.425913313144699,1.3699303663053741,1.4061546325683594,37829,0.0,0.0
2020-09-25 00:00:00-04:00,1.4127406306381767,1.4555508617656816,1.3798099060933535,1.4390857219696045,27486,0.0,0.0
2020-09-28 00:00:00-04:00,1.485190085594221,1.5247073608709636,1.4786035578730699,1.4950692653656006,47463,0.0,0.0
2020-09-29 00:00:00-04:00,1.4654313653400322,1.4687243507943661,1.4259140937909753,1.435793161392212,21110,0.0,0.0
2020-09-30 00:00:00-04:00,1.4259140937909753,1.4818969600411092,1.4259140937909753,1.435793161392212,24227,0.0,0.0
2020-10-01 00:00:00-04:00,1.4555511410399407,1.4555511410399407,1.3929822184565752,1.3962757587432861,42362,0.0,0.0
2020-10-02 00:00:00-04:00,1.3534647035237586,1.4621373848844148,1.3534647035237586,1.4390857219696045,42079,0.0,0.0
2020-10-05 00:00:00-04:00,1.4390864578589357,1.5049484968185425,1.4390864578589357,1.5049484968185425,29044,0.0,0.0
2020-10-06 00:00:00-04:00,1.4917760020996773,1.5642245730486353,1.4917760020996773,1.531293272972107,58656,0.0,0.0
2020-10-07 00:00:00-04:00,1.5312921609842058,1.6169127225875854,1.5312921609842058,1.6169127225875854,35845,0.0,0.0
2020-10-08 00:00:00-04:00,1.61362025647157,1.6630165747287777,1.61362025647157,1.6498445272445679,89400,0.0,0.0
2020-10-09 00:00:00-04:00,1.6498443050502536,1.6498443050502536,1.60374097706356,1.6202061176300049,34428,0.0,0.0
2020-10-13 00:00:00-04:00,1.6202064370095979,1.630085946001996,1.527999762860175,1.5543444156646729,58230,0.0,0.0
2020-10-14 00:00:00-04:00,1.5642235405901408,1.5708095070390053,1.5279992790253176,1.5345853567123413,24794,0.0,0.0
2020-10-15 00:00:00-04:00,1.5049484609829853,1.541172742843628,1.498361934653012,1.541172742843628,9068,0.0,0.0
2020-10-16 00:00:00-04:00,1.53458636960829,1.5576380460615715,1.531293272972107,1.531293272972107,19127,0.0,0.0
2020-10-19 00:00:00-04:00,1.5477579325396045,1.551051027186746,1.4786024999969727,1.488482117652893,99459,0.0,0.0
2020-10-20 00:00:00-04:00,1.5016547187177895,1.5082406855357418,1.488482117652893,1.488482117652893,9351,0.0,0.0
2020-10-21 00:00:00-04:00,1.481896572482377,1.491775637499953,1.4654309820875269,1.4851895570755005,33862,0.0,0.0
2020-10-22 00:00:00-04:00,1.4884826176515176,1.534585958198146,1.4884826176515176,1.5279998779296875,59222,0.0,0.0
2020-10-23 00:00:00-04:00,1.5214136783326269,1.60703427244197,1.5214136783326269,1.6037412881851196,58656,0.0,0.0
2020-10-26 00:00:00-04:00,1.5806889036489535,1.5806889036489535,1.4851891506726878,1.5148268938064575,21960,0.0,0.0
2020-10-27 00:00:00-04:00,1.4983613879865387,1.4983613879865387,1.4390858985514399,1.448965072631836,40662,0.0,0.0
2020-10-28 00:00:00-04:00,1.4324995465563797,1.4324995465563797,1.3369998882528982,1.3435859680175781,104560,0.0,0.0
2020-10-29 00:00:00-04:00,1.3435866225445512,1.396276509949957,1.3435866225445512,1.386396884918213,32586,0.0,0.0
2020-10-30 00:00:00-04:00,1.475310618009451,1.475310618009451,1.3666383022842152,1.386396884918213,69140,0.0,0.0
2020-11-02 00:00:00-05:00,1.432499374624513,1.4522580564998473,1.4292063907565016,1.448965072631836,25786,0.0,0.0
2020-11-03 00:00:00-05:00,1.4687238212877287,1.5708100044295499,1.4687238212877287,1.5543444156646729,111786,0.0,0.0
2020-11-04 00:00:00-05:00,1.5345859290236503,1.5938617626948925,1.5345859290236503,1.564224123954773,185459,0.0,0.0
2020-11-05 00:00:00-05:00,1.587275096860541,1.6630160420150157,1.587275096860541,1.6169127225875854,129637,0.0,0.0
2020-11-06 00:00:00-05:00,1.636671930202723,1.636671930202723,1.5905685958201679,1.5938615798950195,35703,0.0,0.0
2020-11-09 00:00:00-05:00,1.6860690909209481,1.8276721021687898,1.6860690909209481,1.7881548404693604,393445,0.0,0.0
2020-11-10 00:00:00-05:00,1.8079129388754167,1.9198786139382011,1.7782751950844566,1.913292646408081,221446,0.0,0.0
2020-11-11 00:00:00-05:00,1.9198786139382011,1.9923267040094261,1.9034131389220137,1.913292646408081,176533,0.0,0.0
2020-11-12 00:00:00-05:00,1.8935346527202024,1.8935346527202024,1.788154913113307,1.8046205043792725,220879,0.0,0.0
2020-11-13 00:00:00-05:00,1.8276712538095905,1.8638955140610642,1.8276712538095905,1.8375507593154907,139980,0.0,0.0
2020-11-16 00:00:00-05:00,1.956103512289543,1.992327346530913,1.9396380319632718,1.985741376876831,144655,0.0,0.0
2020-11-17 00:00:00-05:00,1.9396375086015565,2.0252579831956647,1.93634441342486,2.015378475189209,157406,0.0,0.0
2020-11-18 00:00:00-05:00,2.0087923752289463,2.0878268767493076,2.0087923752289463,2.0384304523468018,129354,0.0,0.0
2020-11-19 00:00:00-05:00,2.041724785246159,2.058190270030352,2.008793593201286,2.0483107566833496,90250,0.0,0.0
2020-11-20 00:00:00-05:00,2.0548967149432005,2.0911209997907414,2.0483105217848223,2.074655294418335,315663,0.0,0.0
2020-11-23 00:00:00-05:00,2.094413447134806,2.1866205775168543,2.0746548716856883,2.140517234802246,193677,0.0,0.0
2020-11-24 00:00:00-05:00,2.186620635624103,2.2854139604478574,2.186620635624103,2.2722413539886475,229238,0.0,0.0
2020-11-25 00:00:00-05:00,2.2426025377785033,2.2788268080133505,2.1932063314933177,2.2327234745025635,221729,0.0,0.0
2020-11-26 00:00:00-05:00,2.2458958550185173,2.2722406144092795,2.239309442694477,2.259068012237549,59647,0.0,0.0
2020-11-27 00:00:00-05:00,2.2657518983837197,2.2891445658180865,2.255726243715838,2.2757771015167236,77924,0.070582,0.0
2020-11-30 00:00:00-05:00,2.2958291468674346,2.2958291468674346,2.1320804062282743,2.1822073459625244,179367,0.0,0.0
2020-12-01 00:00:00-05:00,2.2390186887214583,2.2557272931271752,2.202258539884142,2.20894193649292,156840,0.0,0.0
2020-12-02 00:00:00-05:00,2.2189674930980328,2.2189674930980328,2.1454474245945496,2.1822073459625244,110227,0.0,0.0
2020-12-03 00:00:00-05:00,2.1888907980212675,2.245701806945056,2.172181969919292,2.192232608795166,199910,0.0,0.0
2020-12-04 00:00:00-05:00,2.1922323502959395,2.19891619682312,2.1654978672571756,2.19891619682312,202461,0.0,0.0
2020-12-07 00:00:00-05:00,2.202258007202966,2.2156254744898374,2.168839677637021,2.19891619682312,73249,0.0,0.0
2020-12-08 00:00:00-05:00,2.1888907261890624,2.2390183376875465,2.1888907261890624,2.2356765270233154,59222,0.0,0.0
2020-12-09 00:00:00-05:00,2.2490433091979614,2.279119827804703,2.2490433091979614,2.2590689659118652,51855,0.0,0.0
2020-12-10 00:00:00-05:00,2.2624113879303493,2.3058549337776144,2.2557273139572165,2.3025131225585938,100876,0.0,0.0
2020-12-11 00:00:00-05:00,2.2624098969939133,2.2991697961782287,2.2624098969939133,2.2924859523773193,68573,0.0,0.0
2020-12-14 00:00:00-05:00,2.302513224415008,2.3359311123159747,2.2958293759137476,2.3058550357818604,66731,0.0,0.0
2020-12-15 00:00:00-05:00,2.315879535584016,2.352639675140381,2.2991707096292857,2.352639675140381,126379,0.0,0.0
2020-12-16 00:00:00-05:00,2.355981187810547,2.3726902374216037,2.3325885183550676,2.34261417388916,129354,0.0,0.0
2020-12-17 00:00:00-05:00,2.3392714847437857,2.3459553291336617,2.322562663955056,2.3292462825775146,72115,0.0,0.0
2020-12-18 00:00:00-05:00,2.3459567721840875,2.3459567721840875,2.275778281945078,2.3058550357818604,130771,0.0,0.0
2020-12-21 00:00:00-05:00,2.292487564546895,2.3058550357818604,2.265753073612077,2.3058550357818604,98468,0.0,0.0
2020-12-22 00:00:00-05:00,2.3192213040542926,2.3192213040542926,2.2757771015167236,2.2757771015167236,44204,0.0,0.0
2020-12-23 00:00:00-05:00,2.2858029525162125,2.339271680195915,2.2858029525162125,2.3359298706054688,68148,0.0,0.0
2020-12-24 00:00:00-05:00,2.335930212168224,2.3526394883311434,2.3325886278566035,2.3392720222473145,33720,0.0,0.0
2020-12-29 00:00:00-05:00,2.3893993809192096,2.4061084296080244,2.352639248036371,2.3927409648895264,240431,0.0,0.0
2020-12-30 00:00:00-05:00,2.4130756712290564,2.419854187848893,2.4062973835744836,2.4164650440216064,36412,0.070582,0.0
2020-12-31 00:00:00-05:00,2.4096873051535703,2.457135334049929,2.382574145784222,2.440189838409424,58939,0.0,0.0
2021-01-04 00:00:00-05:00,2.440190409794777,2.446968701224292,2.348683017565543,2.3961315155029297,130629,0.0,0.0
2021-01-05 00:00:00-05:00,2.402909015311233,2.446968128251761,2.402909015311233,2.440189838409424,109802,0.0,0.0
2021-01-06 00:00:00-05:00,2.446967786463089,2.5045834710406214,2.440189497567533,2.487637519836426,179084,0.0,0.0
2021-01-07 00:00:00-05:00,2.507972946307683,2.507972946307683,2.440189819445745,2.474081039428711,112919,0.0,0.0
2021-01-08 00:00:00-05:00,2.467303633489744,2.4774708419075355,2.4401904671345767,2.450357675552368,71407,0.0,0.0
2021-01-11 00:00:00-05:00,2.413077071814013,2.4740816961131396,2.409687926019617,2.450357675552368,77641,0.0,0.0
2021-01-12 00:00:00-05:00,2.463913092869745,2.494415387751905,2.453745432277092,2.4808590412139893,71407,0.0,0.0
2021-01-13 00:00:00-05:00,2.4910267897440255,2.5316967541309983,2.4910267897440255,2.5045835971832275,51430,0.0,0.0
2021-01-14 00:00:00-05:00,2.5147510846606926,2.6062579996422244,2.5147510846606926,2.596090793609619,141680,0.0,0.0
2021-01-15 00:00:00-05:00,2.575756135186225,2.6198150237963285,2.548642972964623,2.599480152130127,92517,0.0,0.0
2021-01-18 00:00:00-05:00,2.6164260862232323,2.687598142704921,2.5960912129427496,2.6672632694244385,77216,0.0,0.0
2021-01-19 00:00:00-05:00,2.677431462296482,2.707933778224025,2.667263794688543,2.6943774223327637,92800,0.0,0.0
2021-01-20 00:00:00-05:00,2.585922776370121,2.5994795834806625,2.5621987646159687,2.5791447162628174,788591,0.0,0.0
2021-01-21 00:00:00-05:00,2.589312937141601,2.589312937141601,2.507973221766537,2.535086154937744,233064,0.0,0.0
2021-01-22 00:00:00-05:00,2.5181396701618217,2.5486421973437396,2.511361381669238,2.5418636798858643,154431,0.0,0.0
2021-01-25 00:00:00-05:00,2.5418649589813924,2.5418649589813924,2.524919458188055,2.5316977500915527,93225,0.0,0.0
2021-01-26 00:00:00-05:00,2.5418627491148857,2.548641264090626,2.5316955490642936,2.538473606109619,116744,0.0,0.0
2021-01-27 00:00:00-05:00,2.5249179256940324,2.5249179256940324,2.4401890993609006,2.4435782432556152,301070,0.0,0.0
2021-01-28 00:00:00-05:00,2.443579359245245,2.502005411856494,2.429832339566129,2.474510908126831,186168,0.070582,0.0
2021-01-29 00:00:00-05:00,2.4607633889061096,2.4607633889061096,2.3679694401447446,2.3954639434814453,196935,0.0,0.0
2021-02-01 00:00:00-05:00,2.4332689007946917,2.4882576703793524,2.4195214181664118,2.48138427734375,95917,0.0,0.0
2021-02-02 00:00:00-05:00,2.4951316556072665,2.532936128371739,2.4951316556072665,2.5226259231567383,65173,0.0,0.0
2021-02-03 00:00:00-05:00,2.529499053955078,2.529499053955078,2.505441371386466,2.529499053955078,68573,0.0,0.0
2021-02-04 00:00:00-05:00,2.5295011456237804,2.5604327095466677,2.5226275163488787,2.546685218811035,138421,0.0,0.0
2021-02-05 00:00:00-05:00,2.5569935383451035,2.5741778310016947,2.512314981120675,2.5398099422454834,101726,0.0,0.0
2021-02-08 00:00:00-05:00,2.563868051031058,2.574178256833521,2.519189486415706,2.5569939613342285,111077,0.0,0.0
2021-02-09 00:00:00-05:00,2.5604303048576673,2.5776141297204953,2.5260619585751787,2.550119638442993,93367,0.0,0.0
2021-02-10 00:00:00-05:00,2.5638675771795087,2.5741777810764495,2.5432467050143224,2.5604307651519775,108102,0.0,0.0
2021-02-11 00:00:00-05:00,2.5673048636937774,2.57761506949624,2.543247175054742,2.5569939613342285,114902,0.0,0.0
2021-02-12 00:00:00-05:00,2.5604312865372685,2.570741492533695,2.5432472229003906,2.5432472229003906,167041,0.0,0.0
2021-02-16 00:00:00-05:00,2.560431699897352,2.5776155341227147,2.560431699897352,2.567305326461792,113061,0.0,0.0
2021-02-17 00:00:00-05:00,2.563868478737987,2.5810525449182458,2.5604316655019352,2.57761549949646,131054,0.0,0.0
2021-02-18 00:00:00-05:00,2.5707427606950723,2.5982372760772705,2.560432549612562,2.5982372760772705,130771,0.0,0.0
2021-02-19 00:00:00-05:00,2.618856165929233,2.6394772689296255,2.5982352951144776,2.632603645324707,108102,0.0,0.0
2021-02-22 00:00:00-05:00,2.639479807821267,2.666974560873531,2.6326061776046656,2.6601006984710693,188434,0.0,0.0
2021-02-23 00:00:00-05:00,2.670408929679216,2.6875932216644287,2.6326037659345256,2.6875932216644287,265792,0.0,0.0
2021-02-24 00:00:00-05:00,2.6738455546265656,2.7803869501178586,2.6738455546265656,2.766639471054077,455643,0.0,0.0
2021-02-25 00:00:00-05:00,2.7805602200539883,2.7805602200539883,2.683119024804723,2.7039992809295654,302628,0.070582,0.0
2021-02-26 00:00:00-05:00,2.6970403246190053,2.7318410042022734,2.6448396579036535,2.6587600708007812,205436,0.0,0.0
2021-03-01 00:00:00-05:00,2.7109595872355365,2.73531989014574,2.6865992843253332,2.714439630508423,297670,0.0,0.0
2021-03-02 00:00:00-05:00,2.7214010563602877,2.749241176327976,2.7040005993326433,2.7179205417633057,221871,0.0,0.0
2021-03-03 00:00:00-05:00,2.714439630508423,2.7492402983435724,2.714439630508423,2.714439630508423,285485,0.0,0.0
2021-03-04 00:00:00-05:00,2.7144399783738846,2.7318404320745358,2.662239322590886,2.7005200386047363,240289,0.0,0.0
2021-03-05 00:00:00-05:00,2.7144389080528697,2.773599863052368,2.7144389080528697,2.773599863052368,215070,0.0,0.0
2021-03-08 00:00:00-05:00,2.7736007057291467,2.8501616606165237,2.7736007057291467,2.8362417221069336,252049,0.0,0.0
2021-03-09 00:00:00-05:00,2.8362420467472487,2.8536425008650848,2.797961329815598,2.8327620029449463,199485,0.0,0.0
2021-03-10 00:00:00-05:00,2.8501621462321904,2.881482777310697,2.8466821022352824,2.8745229244232178,230938,0.0,0.0
2021-03-11 00:00:00-05:00,2.8780021948439347,2.923242754643557,2.871041638508369,2.9058423042297363,239298,0.0,0.0
2021-03-12 00:00:00-05:00,2.912802052548493,2.9510827568918696,2.909322009890572,2.919762372970581,172991,0.0,0.0
2021-03-15 00:00:00-04:00,2.9371635913848877,2.9545638120218163,2.9232436499816905,2.9371635913848877,216770,0.0,0.0
2021-03-16 00:00:00-04:00,2.9406441057249646,2.958043856149202,2.9302035031301163,2.9371635913848877,100168,0.0,0.0
2021-03-17 00:00:00-04:00,2.9476037723915804,3.006764753920631,2.9406439196834735,2.992844343185425,101301,0.0,0.0
2021-03-18 00:00:00-04:00,2.9928428281090107,3.0450434602915992,2.9928428281090107,2.9963228702545166,195377,0.0,0.0
2021-03-19 00:00:00-04:00,3.0032843502579447,3.024164849575548,2.9580437778002064,3.017204761505127,196510,0.0,0.0
2021-03-22 00:00:00-04:00,3.0206844306312988,3.0380848837540526,2.9754438637885454,3.003283977508545,91384,0.0,0.0
2021-03-23 00:00:00-04:00,2.9824029067215796,3.0276439315024364,2.958042608107845,2.9684829711914062,118728,0.0,0.0
2021-03-24 00:00:00-04:00,2.9824035519978325,3.0241643080487433,2.9824035519978325,3.010244369506836,99884,0.0,0.0
2021-03-25 00:00:00-04:00,3.0137240210081098,3.0137240210081098,2.982403164160083,3.0067639350891113,93650,0.0,0.0
2021-03-26 00:00:00-04:00,3.0241637229919434,3.048524022163541,2.999803423820346,3.0241637229919434,154856,0.0,0.0
2021-03-29 00:00:00-04:00,3.0276435113812266,3.062443933143307,3.010243300500186,3.0346035957336426,170016,0.0,0.0
2021-03-30 00:00:00-04:00,3.0416461495983516,3.0522071591687894,3.038125258129356,3.048686981201172,57947,0.070582,0.0
2021-03-31 00:00:00-04:00,3.0592478440522304,3.0592478440522304,3.0170026186275676,3.0416460037231445,83308,0.0,0.0
2021-04-01 00:00:00-04:00,3.038126020532785,3.0627694129943848,3.017003520423732,3.0627694129943848,74949,0.0,0.0
2021-04-05 00:00:00-04:00,3.0698087215423584,3.080369728517216,3.0627678916699637,3.0698087215423584,97901,0.0,0.0
2021-04-06 00:00:00-04:00,3.0768492558068696,3.0768492558068696,3.0451657598097506,3.0557267665863037,134313,0.0,0.0
2021-04-07 00:00:00-04:00,3.055726245299955,3.076848730917167,3.0275629311436725,3.031083345413208,192968,0.0,0.0
2021-04-08 00:00:00-04:00,3.0310846643603284,3.0522071591687894,3.0275642485589183,3.048686981201172,64181,0.0,0.0
2021-04-09 00:00:00-04:00,3.0522064090276375,3.0838901434534134,3.04164540205278,3.0698087215423584,137005,0.0,0.0
2021-04-12 00:00:00-04:00,3.0803707897128607,3.097973108291626,3.069809779099708,3.097973108291626,104418,0.0,0.0
2021-04-13 00:00:00-04:00,3.0874114766829295,3.0979727238192,3.076849991712872,3.0909318923950195,138280,0.0,0.0
2021-04-14 00:00:00-04:00,3.094451904296875,3.101492496968507,3.0838904207050373,3.094451904296875,111360,0.0,0.0
2021-04-15 00:00:00-04:00,3.101493087317015,3.101493087317015,3.059248096243636,3.076850175857544,115044,0.0,0.0
2021-04-16 00:00:00-04:00,3.0874118598446567,3.1014932866067992,3.0874118598446567,3.097973108291626,85858,0.0,0.0
2021-04-19 00:00:00-04:00,3.1014929940013003,3.108534301302611,3.0733299053002012,3.083890914916992,151881,0.0,0.0
2021-04-20 00:00:00-04:00,3.080369670676964,3.094451567991071,3.0522063517162095,3.0557267665863037,106402,0.0,0.0
2021-04-21 00:00:00-04:00,3.0522057719833673,3.080369085594811,3.0522057719833673,3.0733284950256348,78632,0.0,0.0
2021-04-22 00:00:00-04:00,3.0627678916699637,3.0909312111595426,3.055726823963835,3.0698087215423584,61772,0.0,0.0
2021-04-23 00:00:00-04:00,3.076849991712872,3.1014929016975037,3.0698093981224783,3.0909318923950195,102151,0.0,0.0
2021-04-26 00:00:00-04:00,3.105013601589146,3.1578203177710917,3.1014931855548578,3.1507794857025146,174266,0.0,0.0
2021-04-27 00:00:00-04:00,3.1507786443492996,3.1824623801973804,3.147257991421323,3.1789419651031494,168458,0.0,0.0
2021-04-28 00:00:00-04:00,3.178942055848322,3.189503063598742,3.16133974204095,3.171900987625122,83166,0.0,0.0
2021-04-29 00:00:00-04:00,3.193259988958842,3.225299073946196,3.18614013884988,3.21817946434021,66306,0.070582,0.0
2021-04-30 00:00:00-04:00,3.1968218105466564,3.2039416654151545,3.1683426315758005,3.175462245941162,119720,0.0,0.0
2021-05-03 00:00:00-04:00,3.2039418422611665,3.2039418422611665,3.179022348845957,3.1861424446105957,78916,0.0,0.0
2021-05-04 00:00:00-04:00,3.186142268747046,3.186142268747046,3.1647827041415515,3.175462245941162,114902,0.0,0.0
2021-05-05 00:00:00-04:00,3.2003814557969275,3.2146214047814965,3.175461965954385,3.211061477661133,72540,0.0,0.0
2021-05-06 00:00:00-04:00,3.211059757009448,3.2217392921447754,3.18258011480429,3.2217392921447754,113627,0.0,0.0
2021-05-07 00:00:00-04:00,3.2252992173575468,3.228859142570318,3.203939666080918,3.2217392921447754,68148,0.0,0.0
2021-05-10 00:00:00-04:00,3.239539861679077,3.246659473146561,3.2288598432202535,3.239539861679077,153864,0.0,0.0
2021-05-11 00:00:00-04:00,3.2324195487890637,3.2395391587116196,3.1968198156553753,3.2217392921447754,96484,0.0,0.0
2021-05-12 00:00:00-04:00,3.221739922984414,3.2359798671267694,3.182580737976281,3.2075002193450928,90675,0.0,0.0
2021-05-13 00:00:00-04:00,3.2146224366861462,3.2288619092354023,3.2003824831305043,3.22530198097229,83308,0.0,0.0
2021-05-14 00:00:00-04:00,3.2324206951207906,3.275139331817627,3.2324206951207906,3.275139331817627,89117,0.0,0.0
2021-05-17 00:00:00-04:00,3.275138072397658,3.3036179542541504,3.260898612475372,3.3036179542541504,114194,0.0,0.0
2021-05-18 00:00:00-04:00,3.314298445250501,3.3819372822874074,3.3107385191171397,3.3641374111175537,192260,0.0,0.0
2021-05-19 00:00:00-04:00,3.3463383068341295,3.3498982332716176,3.1683417444566464,3.3107388019561768,299937,0.0,0.0
2021-05-20 00:00:00-04:00,3.310738627039392,3.349898056285916,3.303619015043637,3.342778444290161,71832,0.0,0.0
2021-05-21 00:00:00-04:00,3.3427791236217237,3.37837815284729,3.3427791236217237,3.37837815284729,104418,0.0,0.0
2021-05-25 00:00:00-04:00,3.3819380236350938,3.4922959984636766,3.3783780967213684,3.431777000427246,167607,0.0,0.0
2021-05-26 00:00:00-04:00,3.4388970555804437,3.485176104931641,3.3961776925993163,3.467376470565796,229663,0.0,0.0
2021-05-27 00:00:00-04:00,3.485176066034063,3.5029759407043453,3.4709361181972183,3.5029759407043457,110227,0.0,0.0
2021-05-28 00:00:00-04:00,3.524553743608861,3.524553743608861,3.4885887458560205,3.5101675987243652,100876,0.070582,0.0
2021-05-31 00:00:00-04:00,3.510167423338618,3.510167423338618,3.4706064380289186,3.488588571548462,156273,0.0,0.0
2021-06-01 00:00:00-04:00,3.488588911151055,3.50297505671719,3.4706067758810106,3.481395959854126,81041,0.0,0.0
2021-06-02 00:00:00-04:00,3.4993785810687257,3.4993785810687257,3.4634135816118046,3.481395959854126,40804,0.0,0.0
2021-06-03 00:00:00-04:00,3.467010060704785,3.5209574384576254,3.4598171094007095,3.5065712928771973,104843,0.0,0.0
2021-06-04 00:00:00-04:00,3.5137660916507096,3.5137660916507096,3.4957834634502807,3.502976417541504,31170,0.0,0.0
2021-06-07 00:00:00-04:00,3.5065717992962813,3.513765237583788,3.4778002328970694,3.4957826137542725,51430,0.0,0.0
2021-06-08 00:00:00-04:00,3.513764730125828,3.513764730125828,3.4849924389649725,3.5065712928771973,44913,0.0,0.0
2021-06-09 00:00:00-04:00,3.510167423338618,3.510167423338618,3.4706064380289186,3.488588571548462,83875,0.0,0.0
2021-06-10 00:00:00-04:00,3.5029758069179846,3.5065720403643446,3.4706075191497803,3.4706075191497803,49446,0.0,0.0
2021-06-11 00:00:00-04:00,3.481396363937716,3.481396363937716,3.459817507542285,3.477800130844116,96909,0.0,0.0
2021-06-14 00:00:00-04:00,3.492186620634246,3.492186620634246,3.4706075191497803,3.4706075191497803,86850,0.0,0.0
2021-06-15 00:00:00-04:00,3.481397008227366,3.50297611158867,3.4670111013013973,3.4993796348571777,61914,0.0,0.0
2021-06-16 00:00:00-04:00,3.5065726516147433,3.5137660916507096,3.488590266386686,3.502976417541504,77357,0.0,0.0
2021-06-17 00:00:00-04:00,3.510167423338618,3.5245535675043094,3.4670097197583054,3.488588571548462,176108,0.0,0.0
2021-06-18 00:00:00-04:00,3.4742034522840752,3.4742034522840752,3.40587016804238,3.4418349266052246,168741,0.0,0.0
2021-06-21 00:00:00-04:00,3.4382382520725536,3.4993785810687257,3.4202556308579544,3.481395959854126,109660,0.0,0.0
2021-06-22 00:00:00-04:00,3.4957831581256857,3.506572345347812,3.474204297736732,3.4993796348571777,103710,0.0,0.0
2021-06-23 00:00:00-04:00,3.5029755660971533,3.5173617137552284,3.4957826137542725,3.4957826137542725,30745,0.0,0.0
2021-06-24 00:00:00-04:00,3.4885892785293944,3.5137650966644287,3.4885892785293944,3.5137650966644287,59506,0.0,0.0
2021-06-25 00:00:00-04:00,3.5065711552606222,3.5317464838368706,3.477799594145749,3.5245537757873535,89542,0.0,0.0
2021-06-28 00:00:00-04:00,3.5317476824682577,3.538941121875943,3.4849934849588586,3.4993796348571777,96484,0.0,0.0
2021-06-29 00:00:00-04:00,3.524814781526881,3.524814781526881,3.4921103850933286,3.506645917892456,31311,0.070582,0.0
2021-06-30 00:00:00-04:00,3.5066468207167665,3.532083580047388,3.484843884147662,3.4884777069091797,91667,0.0,0.0
2021-07-02 00:00:00-04:00,3.5066459468062527,3.5066459468062527,3.4775751264636225,3.4848430156707764,36837,0.0,0.0
2021-07-05 00:00:00-04:00,3.4775747781154402,3.524814457510313,3.452138027672047,3.510279417037964,72540,0.0,0.0
2021-07-06 00:00:00-04:00,3.5175480435059288,3.5175480435059288,3.4775759931292374,3.4884777069091797,71407,0.0,0.0
2021-07-07 00:00:00-04:00,3.4848447578792525,3.513915347260064,3.4739430413659966,3.492112159729004,49021,0.0,0.0
2021-07-08 00:00:00-04:00,3.4739434255633954,3.4739434255633954,3.3903654718503393,3.415802240371704,196085,0.0,0.0
2021-07-09 00:00:00-04:00,3.4339694798583182,3.495744705200195,3.4267020806658546,3.4957447052001953,64606,0.0,0.0
2021-07-12 00:00:00-04:00,3.4993788613195997,3.4993788613195997,3.470308279795507,3.4812099933624268,63756,0.0,0.0
2021-07-13 00:00:00-04:00,3.4921112501806486,3.4921112501806486,3.455772777423829,3.459407091140747,47604,0.0,0.0
2021-07-14 00:00:00-04:00,3.484843686120842,3.484843686120842,3.4557726146898915,3.466674327850342,14310,0.0,0.0
2021-07-15 00:00:00-04:00,3.4739421024860184,3.4884776387434497,3.466674457104995,3.4812099933624268,29753,0.0,0.0
2021-07-16 00:00:00-04:00,3.4739424119847833,3.481210303508699,3.437604427337647,3.4376044273376465,71407,0.0,0.0
2021-07-19 00:00:00-04:00,3.4085330873282342,3.4085330873282342,3.0269812094941826,3.215940237045288,461168,0.0,0.0
2021-07-20 00:00:00-04:00,3.2159403531168564,3.3431241533216722,3.2159403531168564,3.292250633239746,113911,0.0,0.0
2021-07-21 00:00:00-04:00,3.339490734222392,3.415801514562489,3.324955932003865,3.3758294582366943,97192,0.0,0.0
2021-07-22 00:00:00-04:00,3.390364751446074,3.390364751446074,3.3612939195318883,3.3758294582366943,52988,0.0,0.0
2021-07-23 00:00:00-04:00,3.412167973259847,3.4158015511056385,3.3903647877170946,3.404899835586548,52280,0.0,0.0
2021-07-26 00:00:00-04:00,3.415802240371704,3.441239008893069,3.3976331199993006,3.415802240371704,80899,0.0,0.0
2021-07-27 00:00:00-04:00,3.415800793365721,3.4521390187168817,3.4012655032252566,3.4267022609710693,70132,0.0,0.0
2021-07-28 00:00:00-04:00,3.4158012437567136,3.441238004856494,3.390364482656933,3.4376044273376465,55680,0.0,0.0
2021-07-29 00:00:00-04:00,3.466985790947637,3.4890219183925946,3.441277265066495,3.478003978729248,23944,0.070582,0.0
2021-07-30 00:00:00-04:00,3.4559682921559056,3.4706586310747762,3.426587118081608,3.4449501037597656,31028,0.0,0.0
2021-08-03 00:00:00-04:00,3.444949850708073,3.452295391805353,3.4118962804207444,3.426586866378784,85150,0.0,0.0
2021-08-04 00:00:00-04:00,3.426584652390447,3.426584652390447,3.393530607223511,3.3935306072235107,82174,0.0,0.0
2021-08-05 00:00:00-04:00,3.400878320563187,3.4265873458234584,3.3604796997625646,3.371497392654419,104418,0.0,0.0
2021-08-06 00:00:00-04:00,3.3788416458543375,3.452295064926148,3.3788416458543375,3.4522950649261475,70132,0.0,0.0
2021-08-09 00:00:00-04:00,3.4486220636563045,3.5073841435274464,3.430258588041444,3.5000391006469727,88550,0.0,0.0
2021-08-10 00:00:00-04:00,3.511056863733009,3.533092737197876,3.507384218155531,3.533092737197876,65314,0.0,0.0
2021-08-11 00:00:00-04:00,3.5294199005628957,3.5845095812429033,3.5257475033024135,3.5661468505859375,101160,0.0,0.0
2021-08-12 00:00:00-04:00,3.555128418213566,3.573491893225087,3.53676519132023,3.5661468505859375,56247,0.0,0.0
2021-08-13 00:00:00-04:00,3.566146576562965,3.573491618637721,3.551455748058956,3.5698189735412598,105268,0.0,0.0
2021-08-16 00:00:00-04:00,3.562473626540133,3.5661467680701793,3.525747421721441,3.555128335952759,66590,0.0,0.0
2021-08-17 00:00:00-04:00,3.5551278004891937,3.562473089970241,3.529419287305529,3.5404372215270996,41937,0.0,0.0
2021-08-18 00:00:00-04:00,3.555129898109528,3.555129898109528,3.5220763240604787,3.544112205505371,58372,0.0,0.0
2021-08-19 00:00:00-04:00,3.536765190534638,3.555128417423895,3.511056672889678,3.547783374786377,60639,0.0,0.0
2021-08-20 00:00:00-04:00,3.555129476686664,3.5992014824704683,3.555129476686664,3.5771656036376953,60639,0.0,0.0
2021-08-23 00:00:00-04:00,3.599201571422718,3.606546616430245,3.577165692045341,3.588183879852295,76507,0.0,0.0
2021-08-24 00:00:00-04:00,3.6028731785158383,3.613891363143921,3.584509702881163,3.613891363143921,49021,0.0,0.0
2021-08-25 00:00:00-04:00,3.6175648292221028,3.64327335357666,3.613892182885737,3.64327335357666,57239,0.0,0.0
2021-08-26 00:00:00-04:00,3.6469470032540214,3.654292298447309,3.617566070599206,3.6212384700775146,63331,0.0,0.0
2021-08-27 00:00:00-04:00,3.635927825773335,3.635927825773335,3.606546160745985,3.6249096393585205,49730,0.0,0.0
2021-08-30 00:00:00-04:00,3.610068895376785,3.613779132657696,3.561835810724947,3.5655457973480225,71407,0.070582,0.0
2021-08-31 00:00:00-04:00,3.5803873989315123,3.587807874326082,3.5544157350505183,3.5581259727478027,57664,0.0,0.0
2021-09-01 00:00:00-04:00,3.565545872924479,3.602648747835701,3.5432844487671553,3.546994686126709,66448,0.0,0.0
2021-09-02 00:00:00-04:00,3.5469944064553536,3.5878072648503,3.53586394591214,3.569255828857422,47888,0.0,0.0
2021-09-03 00:00:00-04:00,3.5803869971295,3.5803869971295,3.513602475415273,3.5655457973480225,92800,0.0,0.0
2021-09-07 00:00:00-04:00,3.550704923486263,3.565545872924479,3.532153987346334,3.546994686126709,61064,0.0,0.0
2021-09-08 00:00:00-04:00,3.5655459910818594,3.5655459910818594,3.546994803669328,3.561836004257202,16860,0.0,0.0
2021-09-09 00:00:00-04:00,3.5469944064553536,3.595227488326502,3.5469944064553536,3.569255828857422,25077,0.0,0.0
2021-09-10 00:00:00-04:00,3.5729660659244336,3.5729660659244336,3.554415131247197,3.569255828857422,29328,0.0,0.0
2021-09-13 00:00:00-04:00,3.584096941519603,3.587807178497315,3.5692557429509413,3.5878071784973145,78491,0.0,0.0
2021-09-14 00:00:00-04:00,3.576675918496666,3.587806879158937,3.550704261819555,3.554414749145508,48030,0.0,0.0
2021-09-15 00:00:00-04:00,3.5581259279933914,3.5952280538417027,3.5507052020342966,3.5803873538970947,108244,0.0,0.0
2021-09-16 00:00:00-04:00,3.565547527970508,3.5803887349555152,3.5618375395467026,3.572968006134033,44488,0.0,0.0
2021-09-17 00:00:00-04:00,3.5766767035293783,3.5803871916697334,3.5581257667746957,3.561836004257202,48171,0.0,0.0
2021-09-20 00:00:00-04:00,3.509892084221163,3.509892084221163,3.365192094971123,3.409714937210083,223571,0.0,0.0
2021-09-21 00:00:00-04:00,3.439397811889649,3.4839209109811025,3.3763235259508564,3.4393978118896484,100593,0.0,0.0
2021-09-22 00:00:00-04:00,3.47649860326019,3.50618049084634,3.4542371875705773,3.5024702548980713,29753,0.0,0.0
2021-09-23 00:00:00-04:00,3.4876308241928804,3.5581255833849714,3.4876308241928804,3.539574146270752,58089,0.0,0.0
2021-09-24 00:00:00-04:00,3.528442741399183,3.558125137323962,3.5247327552308416,3.5432839393615723,52138,0.0,0.0
2021-09-27 00:00:00-04:00,3.558125282675621,3.587807178497315,3.546994321084671,3.5878071784973145,48738,0.0,0.0
2021-09-28 00:00:00-04:00,3.6065522849879934,3.6065522849879934,3.5428189180230176,3.5690624713897705,40379,0.070582,0.0
2021-09-29 00:00:00-04:00,3.591555792594988,3.591555792594988,3.5578144858841996,3.561563491821289,28336,0.0,0.0
2021-09-30 00:00:00-04:00,3.584058707143159,3.584058707143159,3.486584267417968,3.5390703678131104,50438,0.0,0.0
2021-10-01 00:00:00-04:00,3.5390714764556805,3.595307108192306,3.5053306546234313,3.580310821533203,55964,0.0,0.0
2021-10-04 00:00:00-04:00,3.531572727784376,3.569063054057154,3.524074713185236,3.5503177642822266,70982,0.0,0.0
2021-10-05 00:00:00-04:00,3.554066464457786,3.5990548014420454,3.554066464457786,3.5915567874908447,54263,0.0,0.0
2021-10-06 00:00:00-04:00,3.576560985060394,3.5953062757246457,3.565313709351007,3.584059000015259,45904,0.0,0.0
2021-10-07 00:00:00-04:00,3.5840586450517544,3.60655268768855,3.5840586450517544,3.595305919647217,43496,0.0,0.0
2021-10-08 00:00:00-04:00,3.599054250067708,3.6177992820739746,3.5915562372652015,3.6177992820739746,35703,0.0,0.0
2021-10-12 00:00:00-04:00,3.6140502628304763,3.6140502628304763,3.5915564762035115,3.6103012561798096,47463,0.0,0.0
2021-10-13 00:00:00-04:00,3.61779988706,3.6215488940881806,3.5990548519190977,3.6140506267547607,45621,0.0,0.0
2021-10-14 00:00:00-04:00,3.6177999193187365,3.655289736657766,3.610301651918457,3.64404296875,69140,0.0,0.0
2021-10-15 00:00:00-04:00,3.6477922592746777,3.6852825860811325,3.6477922592746777,3.6740353107452393,54830,0.0,0.0
2021-10-18 00:00:00-04:00,3.68903159343407,3.68903159343407,3.6627885419635082,3.6740353107452393,75515,0.0,0.0
2021-10-19 00:00:00-04:00,3.685281896170252,3.6927799094724456,3.6740346229399283,3.681532382965088,71690,0.0,0.0
2021-10-20 00:00:00-04:00,3.677784449882336,3.704027502293252,3.677784449882336,3.6927807331085205,56814,0.0,0.0
2021-10-21 00:00:00-04:00,3.7040268392648064,3.707775592803955,3.7002778324486125,3.707775592803955,62906,0.0,0.0
2021-10-22 00:00:00-04:00,3.71152556509269,3.722772333654854,3.7077760512587914,3.7152745723724365,106827,0.0,0.0
2021-10-25 00:00:00-04:00,3.7227711937881196,3.7452654838562007,3.719022440933271,3.745265483856201,86708,0.0,0.0
2021-10-26 00:00:00-04:00,3.745267771459439,3.771510830411585,3.745267771459439,3.7640128135681152,79624,0.0,0.0
2021-10-27 00:00:00-04:00,3.7827563182408825,3.786505071610848,3.749014751863827,3.7677600383758545,79482,0.0,0.0
2021-10-28 00:00:00-04:00,3.8018416645801203,3.8056283510566478,3.756401426861791,3.76776123046875,78916,0.070582,0.0
2021-10-29 00:00:00-04:00,3.7715471151469226,3.7715471151469226,3.7374666905924183,3.74125337600708,67298,0.0,0.0
2021-11-01 00:00:00-04:00,3.7488276717828617,3.7829078465977446,3.7488276717828617,3.779121160507202,32020,0.0,0.0
2021-11-02 00:00:00-04:00,3.786692927218881,3.8245600304503746,3.786692927218881,3.8207736015319824,58797,0.0,0.0
2021-11-03 00:00:00-04:00,3.801840293160405,3.832133774045002,3.801840293160405,3.8245604038238525,107110,0.0,0.0
2021-11-04 00:00:00-04:00,3.820774921339133,3.83213472366333,3.809414607369747,3.83213472366333,45479,0.0,0.0
2021-11-05 00:00:00-04:00,3.839707005972625,3.8775741140599704,3.8245605208892415,3.8283472061157227,53413,0.0,0.0
2021-11-08 00:00:00-05:00,3.8586407009701595,3.8586407009701595,3.786693425601299,3.8056271076202393,107393,0.0,0.0
2021-11-09 00:00:00-05:00,3.8094132914867798,3.8434937099773743,3.8056266067458813,3.8207736015319824,61489,0.0,0.0
2021-11-10 00:00:00-05:00,3.8245600304503746,3.8397065135914628,3.8094132914867798,3.8207736015319824,50296,0.0,0.0
2021-11-11 00:00:00-05:00,3.8245600304503746,3.8434937099773743,3.816986916791084,3.8207736015319824,102435,0.0,0.0
2021-11-12 00:00:00-05:00,3.8321341110895935,3.8586409091949463,3.8321341110895935,3.8586409091949463,58089,0.0,0.0
2021-11-15 00:00:00-05:00,3.8586414847602795,3.9192287167181377,3.8548547987518256,3.885148286819458,73957,0.0,0.0
2021-11-16 00:00:00-05:00,3.8889347466799453,3.90029454672758,3.8700010644071052,3.892721176147461,58939,0.0,0.0
2021-11-17 00:00:00-05:00,3.896508600667413,3.900295286675867,3.873788484616688,3.885148286819458,27203,0.0,0.0
2021-11-18 00:00:00-05:00,3.8813610218566774,3.892721334010097,3.8510675383077024,3.8586409091949463,37120,0.0,0.0
2021-11-19 00:00:00-05:00,3.8624266282674027,3.8624266282674027,3.8094130453205857,3.8434934616088867,99601,0.0,0.0
2021-11-22 00:00:00-05:00,3.862427939110363,3.8851480537983947,3.839707568599755,3.8775746822357178,88267,0.0,0.0
2021-11-23 00:00:00-05:00,3.8700008606535725,3.877573975012427,3.8548538644682733,3.862427234649658,49588,0.0,0.0
2021-11-24 00:00:00-05:00,3.8586407527143836,3.89650786143752,3.84349426737669,3.892721176147461,36412,0.0,0.0
2021-11-25 00:00:00-05:00,3.8927218856079704,3.9002952575683594,3.8927218856079704,3.9002952575683594,43212,0.0,0.0
2021-11-26 00:00:00-05:00,3.809415586721881,3.8510691439687146,3.7866952087645838,3.801842212677002,259983,0.0,0.0
2021-11-29 00:00:00-05:00,3.8477395972933293,3.8477395972933293,3.7941926440299047,3.828615427017212,53413,0.070582,0.0
2021-11-30 00:00:00-05:00,3.813315121917817,3.813315121917817,3.6144257379710623,3.6870968341827393,164349,0.0,0.0
2021-12-01 00:00:00-05:00,3.732995533430658,3.8018418731964503,3.7023972750442256,3.7062220573425293,112494,0.0,0.0
2021-12-02 00:00:00-05:00,3.7406443694126783,3.8439134570845592,3.729169509545561,3.83626389503479,150748,0.0,0.0
2021-12-03 00:00:00-05:00,3.8439144807123746,3.8630383909294617,3.794192314147949,3.794192314147949,134029,0.0,0.0
2021-12-06 00:00:00-05:00,3.80566537423817,3.882161511242869,3.80566537423817,3.863037347793579,53980,0.0,0.0
2021-12-07 00:00:00-05:00,3.8745117187499996,3.9012851860172457,3.8706869377118216,3.87451171875,60214,0.0,0.0
2021-12-08 00:00:00-05:00,3.8936360522464253,3.8936360522464253,3.8630378005751496,3.8783366680145264,16577,0.0,0.0
2021-12-09 00:00:00-05:00,3.874512098302402,3.8783366213190025,3.8630377540638254,3.8668625354766846,52705,0.0,0.0
2021-12-10 00:00:00-05:00,3.8859866370476075,3.893635941351304,3.863037690551501,3.882161855697632,38112,0.0,0.0
2021-12-13 00:00:00-05:00,3.859213123106058,3.870687208627449,3.8018408867253473,3.820965051651001,96201,0.0,0.0
2021-12-14 00:00:00-05:00,3.836264160541002,3.8745119734369617,3.824789558275964,3.84773850440979,50721,0.0,0.0
2021-12-15 00:00:00-05:00,3.840089111821693,3.878336668014526,3.8286145090487036,3.8783366680145264,46329,0.0,0.0
2021-12-16 00:00:00-05:00,3.8745120614522777,3.905110570860386,3.7941916525461648,3.8171403408050537,87133,0.0,0.0
2021-12-17 00:00:00-05:00,3.767417593958992,3.8400884287516757,3.767417593958992,3.824789047241211,87842,0.0,0.0
2021-12-20 00:00:00-05:00,3.7941914232301928,3.7941914232301928,3.7521185722354677,3.7788920402526855,82883,0.0,0.0
2021-12-21 00:00:00-05:00,3.8133155426863308,3.8706872630816656,3.805665721570698,3.8439137935638428,56672,0.0,0.0
2021-12-22 00:00:00-05:00,3.828614409728832,3.8630377003622876,3.824789628369143,3.8439137935638428,47746,0.0,0.0
2021-12-23 00:00:00-05:00,3.8400901537244336,3.897461891174317,3.8400901537244336,3.8974618911743164,64181,0.0,0.0
2021-12-24 00:00:00-05:00,3.889811663074317,3.9204099178314213,3.8821623577813287,3.920409917831421,23094,0.0,0.0
2021-12-29 00:00:00-05:00,3.928059219021196,3.9395333038824663,3.9204091400570533,3.935708522796631,170583,0.0,0.0
2021-12-30 00:00:00-05:00,3.9550216840928005,3.9550216840928005,3.862325804254439,3.900949239730835,99318,0.070582,0.0
2021-12-31 00:00:00-05:00,3.9048100376272705,3.9086723535786754,3.8700494549966606,3.897085666656494,29753,0.0,0.0
2022-01-04 00:00:00-05:00,3.9279848340873484,3.970470580227515,3.920260461345246,3.9666085243225098,142388,0.0,0.0
2022-01-05 00:00:00-05:00,3.9781953409851414,3.997506925787538,3.9743330240246624,3.985919713973999,64039,0.0,0.0
2022-01-06 00:00:00-05:00,3.9781949165137505,4.074753091155126,3.9781949165137505,4.06316614151001,134738,0.0,0.0
2022-01-07 00:00:00-05:00,4.074752568159697,4.1365498859340235,4.074752568159697,4.1172380447387695,118586,0.0,0.0
2022-01-10 00:00:00-05:00,4.117238970001722,4.15199982228728,4.086340173704683,4.144275188446045,103993,0.0,0.0
2022-01-11 00:00:00-05:00,4.144274700441291,4.229245662689209,4.13268749011178,4.229245662689209,159815,0.0,0.0
2022-01-12 00:00:00-05:00,4.240832783519873,4.287180841063582,4.202209358744772,4.252419471740723,144655,0.0,0.0
2022-01-13 00:00:00-05:00,4.2562812236061,4.337390378782939,4.2562812236061,4.306491851806641,69565,0.0,0.0
2022-01-14 00:00:00-05:00,4.29104261033511,4.379876136779785,4.21765834745785,4.379876136779785,106260,0.0,0.0
2022-01-17 00:00:00-05:00,4.379876669364114,4.468709945678711,4.379876669364114,4.468709945678711,156415,0.0,0.0
2022-01-18 00:00:00-05:00,4.441673731148182,4.47643457840172,4.4262239438380435,4.468709945678711,111077,0.0,0.0
2022-01-19 00:00:00-05:00,4.437811360595694,4.464847574796079,4.356702717994538,4.364427089691162,167324,0.0,0.0
2022-01-20 00:00:00-05:00,4.348977794009333,4.352840110528387,4.252419620100912,4.264007091522217,121278,0.0,0.0
2022-01-21 00:00:00-05:00,4.217658256234,4.221520572042316,4.082476681078891,4.086338996887207,286902,0.0,0.0
2022-01-24 00:00:00-05:00,3.970470353097346,4.036129474639893,3.831426693983711,4.036129474639893,357884,0.0,0.0
2022-01-25 00:00:00-05:00,3.9743320472973234,4.190622265793129,3.9241219391506714,4.1713104248046875,222721,0.0,0.0
2022-01-26 00:00:00-05:00,4.229246071022448,4.341253781209535,4.2215216982771,4.240833282470703,162365,0.0,0.0
2022-01-27 00:00:00-05:00,4.287180838508576,4.302629843104522,4.252419469206433,4.267868995666504,121136,0.0,0.0
2022-01-28 00:00:00-05:00,4.267869483465903,4.271767599381325,4.209405644185912,4.244483947753906,81891,0.070582,0.0
2022-01-31 00:00:00-05:00,4.232791601804409,4.302948474884033,4.232791601804409,4.302948474884033,89825,0.0,0.0
2022-02-01 00:00:00-05:00,4.306843163526273,4.4198737144470215,4.306843163526273,4.4198737144470215,114052,0.0,0.0
2022-02-02 00:00:00-05:00,4.435465512563775,4.482237104570492,4.415977568656818,4.470544338226318,105552,0.0,0.0
2022-02-03 00:00:00-05:00,4.454953479229132,4.470543832591371,4.427670360845212,4.46664571762085,33720,0.0,0.0
2022-02-04 00:00:00-05:00,4.458851882580069,4.501725362162848,4.451056704474109,4.486135005950928,87417,0.0,0.0
2022-02-07 00:00:00-05:00,4.490031755503255,4.493929870914667,4.4549539831007525,4.470544338226318,99601,0.0,0.0
2022-02-08 00:00:00-05:00,4.4705453427876245,4.548497135931739,4.458852573816007,4.521214008331299,103426,0.0,0.0
2022-02-09 00:00:00-05:00,4.540701682057806,4.556291511305724,4.525110799549797,4.529008388519287,161940,0.0,0.0
2022-02-10 00:00:00-05:00,4.486135151130087,4.5835748806079035,4.486135151130087,4.517315864562988,117028,0.0,0.0
2022-02-11 00:00:00-05:00,4.517316551238266,4.517316551238266,4.330231978887178,4.431569576263428,203311,0.0,0.0
2022-02-14 00:00:00-05:00,4.37310466940176,4.384797436585572,4.326333600666512,4.330231189727783,183901,0.0,0.0
2022-02-15 00:00:00-05:00,4.369206895328019,4.419876080662662,4.369206895328019,4.392592430114746,125103,0.0,0.0
2022-02-16 00:00:00-05:00,4.388694272332703,4.435465335845947,4.388694272332703,4.435465335845947,32020,0.0,0.0
2022-02-17 00:00:00-05:00,4.388694221467871,4.41987545674531,4.3380255699157715,4.3380255699157715,76649,0.0,0.0
2022-02-18 00:00:00-05:00,4.365309050919954,4.365309050919954,4.287357272856039,4.295152187347412,63756,0.0,0.0
2022-02-22 00:00:00-05:00,4.291255198834229,4.334128946082872,4.221098588761085,4.314640998840332,274434,0.0,0.0
2022-02-23 00:00:00-05:00,4.341925250097308,4.3497206943294024,4.236690044403076,4.236690044403076,75940,0.0,0.0
2022-02-24 00:00:00-05:00,3.9638568115035944,4.139248847961426,3.8975975333647392,4.139248847961426,293561,0.0,0.0
2022-02-25 00:00:00-05:00,4.1864652084867044,4.355655228223331,4.166792278014036,4.347785949707031,205719,0.070582,0.0
2022-02-28 00:00:00-05:00,4.324176427304598,4.324176427304598,4.2533526824680274,4.288764953613281,87983,0.0,0.0
2022-03-01 00:00:00-05:00,4.312372816033462,4.312372816033462,4.151052136394311,4.182528972625732,112919,0.0,0.0
2022-03-02 00:00:00-05:00,4.202203087273508,4.304503685002638,4.202203087273508,4.296634674072266,90959,0.0,0.0
2022-03-03 00:00:00-05:00,4.284829413014448,4.308437237308585,4.2690911293029785,4.2690911293029785,92659,0.0,0.0
2022-03-04 00:00:00-05:00,4.233680718686495,4.233680718686495,4.151053302593423,4.186464786529541,83450,0.0,0.0
2022-03-07 00:00:00-05:00,4.170725643290206,4.170725643290206,4.033012779684292,4.040882587432861,192401,0.0,0.0
2022-03-08 00:00:00-05:00,3.9739931928445156,4.052686219471437,3.9739931928445156,3.993666648864746,154148,0.0,0.0
2022-03-09 00:00:00-05:00,4.127444120325718,4.127444120325718,4.0684248187102305,4.111705303192139,92942,0.0,0.0
2022-03-10 00:00:00-05:00,4.107772134040185,4.151053428649902,4.084164034335765,4.151053428649902,67156,0.0,0.0
2022-03-11 00:00:00-05:00,4.170725945156268,4.221876243590072,4.170725945156268,4.198268413543701,84158,0.0,0.0
2022-03-14 00:00:00-04:00,4.19826857932753,4.288765796381603,4.19826857932753,4.265157699584961,45196,0.0,0.0
2022-03-15 00:00:00-04:00,4.261222795270494,4.273026976577831,4.233680325795447,4.265157699584961,38962,0.0,0.0
2022-03-16 00:00:00-04:00,4.269093164544025,4.3595896016634,4.265158525285876,4.347785949707031,89683,0.0,0.0
2022-03-17 00:00:00-04:00,4.359586986863567,4.422541708871056,4.359586986863567,4.3989338874816895,36837,0.0,0.0
2022-03-18 00:00:00-04:00,4.410739498136367,4.446151511820762,4.3871319320435065,4.442216873168945,92517,0.0,0.0
2022-03-21 00:00:00-04:00,4.465824726076583,4.505170578801689,4.446151268077977,4.4933671951293945,109660,0.0,0.0
2022-03-22 00:00:00-04:00,4.489432900388847,4.516975371550216,4.461890429227479,4.481563091278076,188576,0.0,0.0
2022-03-23 00:00:00-04:00,4.4815628715105875,4.4815628715105875,4.375327630812031,4.414674282073975,78632,0.0,0.0
2022-03-24 00:00:00-04:00,4.446151009270503,4.446151009270503,4.375327255724994,4.391066074371338,41937,0.0,0.0
2022-03-25 00:00:00-04:00,4.387132117117623,4.454020977020264,4.387132117117623,4.454020977020264,37545,0.0,0.0
2022-03-28 00:00:00-04:00,4.430412327441074,4.465824604034424,4.418608678273324,4.465824604034424,44346,0.0,0.0
2022-03-29 00:00:00-04:00,4.489432992198538,4.552387213283376,4.450086338202461,4.454020977020264,194810,0.0,0.0
2022-03-30 00:00:00-04:00,4.457989209180091,4.461958914688779,4.39447365285397,4.406383037567139,56105,0.070582,0.0
2022-03-31 00:00:00-04:00,4.41829262252808,4.434171715397315,4.3666864423112965,4.37859582901001,122412,0.0,0.0
2022-04-01 00:00:00-04:00,4.398444723134073,4.398444723134073,4.326990533823935,4.362717628479004,86425,0.0,0.0
2022-04-04 00:00:00-04:00,4.370656259311484,4.386535353557731,4.35874740795435,4.366686820983887,56814,0.0,0.0
2022-04-05 00:00:00-04:00,4.354778996710324,4.378597241416518,4.350809289259291,4.358748435974121,29753,0.0,0.0
2022-04-06 00:00:00-04:00,4.326989844896695,4.354777789349725,4.307141044957371,4.3349289894104,57947,0.0,0.0
2022-04-07 00:00:00-04:00,4.350809056038329,4.350809056038329,4.231717302516683,4.283323764801025,77641,0.0,0.0
2022-04-08 00:00:00-04:00,4.303170644631561,4.326989147080091,4.2872915536035014,4.307140350341797,57805,0.0,0.0
2022-04-11 00:00:00-04:00,4.323018804806156,4.326989046798613,4.291261159860281,4.295230865478516,44062,0.0,0.0
2022-04-12 00:00:00-04:00,4.128502780491858,4.14041162786423,4.092774897439333,4.112623691558838,915394,0.0,0.0
2022-04-13 00:00:00-04:00,4.116595268249512,4.120564707053517,4.100716172097468,4.116595268249512,263383,0.0,0.0
2022-04-14 00:00:00-04:00,4.11659425260423,4.11659425260423,4.100715160369873,4.100715160369873,129496,0.0,0.0
2022-04-18 00:00:00-04:00,4.112625159331522,4.116594865934772,4.100715771334593,4.1086554527282715,68715,0.0,0.0
2022-04-19 00:00:00-04:00,4.112624583404322,4.112624583404322,4.088806347120298,4.096745491027832,145930,0.0,0.0
2022-04-20 00:00:00-04:00,4.1086558542670915,4.120564707053517,4.100716172097468,4.116595268249512,326997,0.0,0.0
2022-04-21 00:00:00-04:00,4.116594289451659,4.120563727311857,4.08483664107296,4.096745491027832,217479,0.0,0.0
2022-04-22 00:00:00-04:00,4.100715718521122,4.100715718521122,4.021321587478637,4.041170120239258,131621,0.0,0.0
2022-04-25 00:00:00-04:00,4.013383426968333,4.021322842550506,3.926049319189906,4.009413719177246,212237,0.0,0.0
2022-04-26 00:00:00-04:00,4.009412218423308,4.017351631033699,3.9657454490661617,3.965745449066162,142530,0.0,0.0
2022-04-27 00:00:00-04:00,3.977655655486672,3.997503654726625,3.886351855286106,3.930018901824951,159390,0.0,0.0
2022-04-28 00:00:00-04:00,3.9901723009429357,4.042305633954378,3.9901723009429357,4.014233589172363,113911,0.070582,0.0
2022-04-29 00:00:00-04:00,4.030273451624961,4.030273451624961,3.954079125266698,3.962099552154541,71123,0.0,0.0
2022-05-02 00:00:00-04:00,3.9580900880961902,3.9580900880961902,3.7335175508707397,3.7615890502929688,223004,0.0,0.0
2022-05-03 00:00:00-04:00,3.761588376842737,3.938038041115876,3.761588376842737,3.8859052658081055,72257,0.0,0.0
2022-05-04 00:00:00-04:00,3.9179877893162938,4.046314900734044,3.8578340409871874,4.010222434997559,116886,0.0,0.0
2022-05-05 00:00:00-04:00,3.9941819597345396,4.0062126013587855,3.9059569835662846,3.905956983566284,64889,0.0,0.0
2022-05-06 00:00:00-04:00,3.869863644592067,3.917986464428094,3.8297612495747626,3.893925189971924,81608,0.0,0.0
2022-05-09 00:00:00-04:00,3.8177324397311767,3.857834309250338,3.6693542491684323,3.725497245788574,189993,0.0,0.0
2022-05-10 00:00:00-04:00,3.7736199024999135,3.8097118297419517,3.6974258338778325,3.709456205368042,60497,0.0,0.0
2022-05-11 00:00:00-04:00,3.76559980634376,3.8498143046104483,3.6934156797627913,3.7615890502929688,129496,0.0,0.0
2022-05-12 00:00:00-04:00,3.745547319479978,3.745547319479978,3.601179110447944,3.605189323425293,170299,0.0,0.0
2022-05-13 00:00:00-04:00,3.609199923322313,3.6813840355767358,3.601179496507794,3.633261203765869,248790,0.0,0.0
2022-05-16 00:00:00-04:00,3.613210367687498,3.625241279602051,3.5530571627335887,3.625241279602051,97476,0.0,0.0
2022-05-17 00:00:00-04:00,3.649303645346086,3.7816410064697266,3.649303645346086,3.7816410064697266,97051,0.0,0.0
2022-05-18 00:00:00-04:00,3.6894039350046586,3.761588042241322,3.67336335341441,3.7134652137756348,58089,0.0,0.0
2022-05-19 00:00:00-04:00,3.7014348380725863,3.777629158288683,3.6573222228216946,3.7054450511932373,94926,0.0,0.0
2022-05-20 00:00:00-04:00,3.7054458509906607,3.801691257583983,3.7014356370044306,3.7415380477905273,44771,0.0,0.0
2022-05-24 00:00:00-04:00,3.7575779363792607,3.8097109794616704,3.7214862881162345,3.80971097946167,87700,0.0,0.0
2022-05-25 00:00:00-04:00,3.8177322783218153,3.9099669265172476,3.8097115796485324,3.905956983566284,48030,0.0,0.0
2022-05-26 00:00:00-04:00,3.9099668199378637,4.010222434997559,3.905956877096205,4.010222434997559,186876,0.0,0.0
2022-05-27 00:00:00-04:00,4.010223018984841,4.118499619190707,4.002202861209813,4.098448276519775,202602,0.0,0.0
2022-05-30 00:00:00-04:00,4.138946911926493,4.147046320535916,4.094398386168568,4.11464786529541,64889,0.070582,0.0
2022-05-31 00:00:00-04:00,4.070099325772522,4.114647851379786,4.0458002792236165,4.1024980545043945,83024,0.0,0.0
2022-06-01 00:00:00-04:00,4.114647524592777,4.114647524592777,4.017451072515602,4.061999320983887,57097,0.0,0.0
2022-06-02 00:00:00-04:00,4.045799747720016,4.094397834433412,4.029600111881315,4.057949542999268,126804,0.0,0.0
2022-06-03 00:00:00-04:00,4.062000262551479,4.062000262551479,3.9405047376926983,3.9567043781280518,111644,0.0,0.0
2022-06-06 00:00:00-04:00,3.9769534002114075,4.029601620799728,3.9607545791096284,4.009352684020996,158965,0.0,0.0
2022-06-07 00:00:00-04:00,3.989102172469334,4.049849510192871,3.989102172469334,4.049849510192871,71123,0.0,0.0
2022-06-08 00:00:00-04:00,4.0255509190683965,4.037700716302657,4.017451510247134,4.033650875091553,14876,0.0,0.0
2022-06-09 00:00:00-04:00,4.017450729963195,4.037699932085844,3.9567031235952452,3.9607529640197754,115469,0.0,0.0
2022-06-10 00:00:00-04:00,3.9121551645002333,3.924304413909457,3.8068590248112777,3.8676066398620605,137855,0.0,0.0
2022-06-13 00:00:00-04:00,3.7866098021647288,3.7866098021647288,3.7096625498577214,3.7177622318267822,98326,0.0,0.0
2022-06-14 00:00:00-04:00,3.72181168642345,3.725861527285253,3.685363392268149,3.709662437438965,75090,0.0,0.0
2022-06-15 00:00:00-04:00,3.7096627104679554,3.758261077987322,3.6894135046686123,3.738011598587036,58372,0.0,0.0
2022-06-16 00:00:00-04:00,3.6934629166639494,3.6934629166639494,3.5962664593199407,3.6124660968780518,209828,0.0,0.0
2022-06-17 00:00:00-04:00,3.616516944458923,3.681314691923845,3.3694757545497276,3.490971565246582,143805,0.0,0.0
2022-06-20 00:00:00-04:00,3.486920656587944,3.5922167930109516,3.466671178598158,3.5881669521331787,72824,0.0,0.0
2022-06-21 00:00:00-04:00,3.644865112598029,3.6732140017615764,3.5922171755800125,3.6529650688171387,46188,0.0,0.0
2022-06-22 00:00:00-04:00,3.60841647833339,3.6570148468017574,3.5760180220227253,3.657014846801758,68715,0.0,0.0
2022-06-23 00:00:00-04:00,3.640814405701707,3.640814405701707,3.5233690356605476,3.5436179637908936,94642,0.0,0.0
2022-06-24 00:00:00-04:00,3.5395681354201183,3.6934623426990605,3.5395681354201183,3.648914098739624,119011,0.0,0.0
2022-06-27 00:00:00-04:00,3.681313551406346,3.7542109605197176,3.6448647100491987,3.709662437438965,235047,0.0,0.0
2022-06-28 00:00:00-04:00,3.754210948944092,3.786609675738616,3.721811674947723,3.754210948944092,64323,0.0,0.0
2022-06-29 00:00:00-04:00,3.7623988060127873,3.7623988060127873,3.684612707083375,3.725553035736084,46896,0.070582,0.0
2022-06-30 00:00:00-04:00,3.6928009940815945,3.725553035736084,3.6272966341880184,3.725553035736084,45621,0.0,0.0
2022-07-04 00:00:00-04:00,3.7255529601121284,3.733740693774953,3.6805186271667476,3.680518627166748,72540,0.0,0.0
2022-07-05 00:00:00-04:00,3.6559544857013404,3.6559544857013404,3.5126643107112003,3.5945444107055664,64039,0.0,0.0
2022-07-06 00:00:00-04:00,3.619109379328793,3.619109379328793,3.508570662498745,3.533134698867798,83733,0.0,0.0
2022-07-07 00:00:00-04:00,3.5699801821030444,3.6191082393665845,3.5699801821030444,3.5863559246063232,27344,0.0,0.0
2022-07-08 00:00:00-04:00,3.6191085562031184,3.647766592115731,3.6027325356816253,3.6313905715942383,12893,0.0,0.0
2022-07-11 00:00:00-04:00,3.6272966900050907,3.6313906952749004,3.5658866109579406,3.6027326583862305,36553,0.0,0.0
2022-07-12 00:00:00-04:00,3.6191080804364306,3.6191080804364306,3.5699800253303087,3.5740740299224854,26778,0.0,0.0
2022-07-13 00:00:00-04:00,3.5699817857119607,3.6723322275706174,3.5454177460462093,3.627297878265381,183476,0.0,0.0
2022-07-14 00:00:00-04:00,3.6068250432127003,3.6068250432127003,3.438970889690888,3.4594411849975586,114336,0.0,0.0
2022-07-15 00:00:00-04:00,3.5003823820622064,3.533134148871214,3.488100642374211,3.516758680343628,33862,0.0,0.0
2022-07-18 00:00:00-04:00,3.574074691202712,3.672331096179047,3.5699806858530567,3.6641430854797363,62339,0.0,0.0
2022-07-19 00:00:00-04:00,3.6805184726788545,3.725552803733942,3.6313904132564825,3.6436727046966553,67440,0.0,0.0
2022-07-20 00:00:00-04:00,3.463536500930786,3.4758182412133993,3.455348213101335,3.463536500930786,883800,0.0,0.0
2022-07-21 00:00:00-04:00,3.463536500930786,3.463536500930786,3.4471602018565095,3.463536500930786,203169,0.0,0.0
2022-07-22 00:00:00-04:00,3.4594427718929985,3.467630506553199,3.4348784615738963,3.463536500930786,178658,0.0,0.0
2022-07-25 00:00:00-04:00,3.479910650550734,3.479910650550734,3.451252624339693,3.4594411849975586,187301,0.0,0.0
2022-07-26 00:00:00-04:00,3.4553485769794294,3.479912613300712,3.4185025224975054,3.4430668354034424,77357,0.0,0.0
2022-07-27 00:00:00-04:00,3.4594427718929985,3.463536500930786,3.443066472818722,3.463536500930786,61064,0.0,0.0
2022-07-28 00:00:00-04:00,3.459392149740938,3.496678929781273,3.4428202475007894,3.480107307434082,77216,0.070582,0.0
2022-07-29 00:00:00-04:00,3.5008240383111384,3.5298248802636616,3.484251848730899,3.5049667358398438,167041,0.0,0.0
2022-08-02 00:00:00-04:00,3.5256798267364498,3.5339654968079066,3.475963847057278,3.52567982673645,114052,0.0,0.0
2022-08-03 00:00:00-04:00,3.5381096804487635,3.5629675388336186,3.5256810311493503,3.562967538833618,95351,0.0,0.0
2022-08-04 00:00:00-04:00,3.5588248886704608,3.57539623469012,3.529824053510495,3.571253538131714,93509,0.0,0.0
2022-08-05 00:00:00-04:00,3.567111064300793,3.6002548805822814,3.558825390123478,3.5836832523345947,66731,0.0,0.0
2022-08-08 00:00:00-04:00,3.5836832523345943,3.6623998160031292,3.567111064300793,3.5836832523345947,276701,0.0,0.0
2022-08-09 00:00:00-04:00,3.5836832901432523,3.596111941486878,3.542253239461238,3.575396776199341,57522,0.0,0.0
2022-08-10 00:00:00-04:00,3.5919680888055985,3.6375411054573217,3.575395904636704,3.6043972969055176,124678,0.0,0.0
2022-08-11 00:00:00-04:00,3.625113057946741,3.645828224816625,3.6168273830491016,3.6416852474212646,118728,0.0,0.0
2022-08-12 00:00:00-04:00,3.6499710552375295,3.6665432453155518,3.583683694390899,3.6665432453155518,191410,0.0,0.0
2022-08-15 00:00:00-04:00,3.683114067448396,3.8654052916709514,3.6458270034879967,3.852976083755493,259558,0.0,0.0
2022-08-16 00:00:00-04:00,3.8529778425489933,3.9234087467193604,3.828119975157022,3.9234087467193604,244115,0.0,0.0
2022-08-17 00:00:00-04:00,3.8902634276088803,3.8902634276088803,3.811546043787603,3.852976083755493,171291,0.0,0.0
2022-08-18 00:00:00-04:00,3.869549003293093,3.910978491350896,3.8529768162197144,3.9068357944488525,83308,0.0,0.0
2022-08-19 00:00:00-04:00,3.8861207660523465,3.8861207660523465,3.811546901248107,3.844691276550293,58089,0.0,0.0
2022-08-22 00:00:00-04:00,3.8322623592755654,3.8322623592755654,3.71211601883014,3.8032615184783936,78916,0.0,0.0
2022-08-23 00:00:00-04:00,3.782544976549828,3.8115458067990895,3.757687122050461,3.7701163291931152,39670,0.0,0.0
2022-08-24 00:00:00-04:00,3.7701169579524842,3.7701169579524842,3.7079723113399243,3.7121152877807617,85716,0.0,0.0
2022-08-25 00:00:00-04:00,3.741116859627312,3.8074042158420602,3.741116859627312,3.8032615184783936,59789,0.0,0.0
2022-08-26 00:00:00-04:00,3.7949757101424733,3.828119529473041,3.7742608230608687,3.7784035205841064,61914,0.0,0.0
2022-08-29 00:00:00-04:00,3.7701162748319397,3.7784019463192875,3.625111565890509,3.7535440921783447,155565,0.0,0.0
2022-08-30 00:00:00-04:00,3.7996269832314433,3.7996269832314433,3.678139723588096,3.682328939437866,62339,0.070582,0.0
2022-08-31 00:00:00-04:00,3.6865176532800015,3.7284100890899285,3.6488147157662234,3.6530039310455322,49163,0.0,0.0
2022-09-01 00:00:00-04:00,3.6613832442719114,3.6613832442719114,3.531517246250709,3.556652545928955,169449,0.0,0.0
2022-09-02 00:00:00-04:00,3.615301571412651,3.6823296031235557,3.615301571412651,3.648815870285034,71265,0.0,0.0
2022-09-06 00:00:00-04:00,3.7116531788769938,3.7116531788769938,3.585976146543454,3.5985443592071533,54122,0.0,0.0
2022-09-07 00:00:00-04:00,3.619490757807871,3.7284106546074796,3.590165680371062,3.7158427238464355,64606,0.0,0.0
2022-09-08 00:00:00-04:00,3.728409667214882,3.8415184669577886,3.682328021339852,3.791247606277466,87275,0.0,0.0
2022-09-09 00:00:00-04:00,3.8247606637779805,3.8959775861780517,3.8163825186319977,3.833139657974243,41371,0.0,0.0
2022-09-12 00:00:00-04:00,3.8624649872544343,3.9127355670427164,3.8163833394316886,3.8666539192199707,53413,0.0,0.0
2022-09-13 00:00:00-04:00,3.8289524123948624,3.8331416286299507,3.770302819069814,3.8080060482025146,81183,0.0,0.0
2022-09-14 00:00:00-04:00,3.7996274056304724,3.858277000081009,3.7996274056304724,3.8163845539093018,24652,0.0,0.0
2022-09-15 00:00:00-04:00,3.828952672654428,3.8624664048131128,3.778681791399476,3.7828710079193115,68290,0.0,0.0
2022-09-16 00:00:00-04:00,3.7284098229288496,3.7493558978301094,3.6739497451687537,3.7032742500305176,77074,0.0,0.0
2022-09-19 00:00:00-04:00,3.703273912074291,3.703273912074291,3.565029830341962,3.661381483078003,70982,0.0,0.0
2022-09-20 00:00:00-04:00,3.661382150282137,3.6655713656434763,3.598544202878896,3.6027331352233887,66590,0.0,0.0
2022-09-21 00:00:00-04:00,3.673950238987047,3.673950238987047,3.585976146543454,3.5985443592071533,34712,0.0,0.0
2022-09-22 00:00:00-04:00,3.602732734302711,3.632057238568785,3.577597444931791,3.6111111640930176,34570,0.0,0.0
2022-09-23 00:00:00-04:00,3.611111246938293,3.611111246938293,3.489624012191714,3.5147593021392822,196794,0.0,0.0
2022-09-26 00:00:00-04:00,3.4896245530854544,3.5189490625695994,3.3723259491151447,3.410029172897339,316796,0.0,0.0
2022-09-27 00:00:00-04:00,3.4351650295883727,3.493814053334247,3.418407882644092,3.4686784744262695,26211,0.0,0.0
2022-09-28 00:00:00-04:00,3.460198424058087,3.498362005476689,3.4135534101535474,3.4856410026550293,70840,0.070582,0.0
2022-09-29 00:00:00-04:00,3.417792635974011,3.4432352056085986,3.2524156468724845,3.3499457836151123,178517,0.0,0.0
2022-09-30 00:00:00-04:00,3.3372251987457275,3.3753896374317613,3.324504196645042,3.3372251987457275,27486,0.0,0.0
2022-10-03 00:00:00-04:00,3.362668010675248,3.42203460113527,3.3287448585769828,3.388110876083374,77499,0.0,0.0
2022-10-04 00:00:00-04:00,3.4305157411424005,3.451717891984599,3.400832729963322,3.4389963150024414,78916,0.0,0.0
2022-10-05 00:00:00-04:00,3.4177943836114877,3.4347563918511894,3.3584283574415315,3.4135539531707764,63898,0.0,0.0
2022-10-06 00:00:00-04:00,3.4347560277216878,3.4347560277216878,3.332985134979964,3.3584280014038086,64889,0.0,0.0
2022-10-07 00:00:00-04:00,3.371149184396649,3.371149184396649,3.3075421689992277,3.3117825984954834,36128,0.0,0.0
2022-10-11 00:00:00-04:00,3.307541237504242,3.307541237504242,3.0234322547912598,3.0234322547912598,201044,0.0,0.0
2022-10-12 00:00:00-04:00,3.0743170707850136,3.082798213763297,2.9725470792428306,3.0191915035247803,101018,0.0,0.0
2022-10-13 00:00:00-04:00,2.968306060172634,3.2227326131186196,2.968306060172634,3.214251756668091,143380,0.0,0.0
2022-10-14 00:00:00-04:00,3.2481764917936906,3.3287449470271575,3.2015314760367053,3.243936061859131,77357,0.0,0.0
2022-10-17 00:00:00-04:00,3.3075417418301494,3.3414651734189826,3.3075417418301494,3.3287441730499268,81183,0.0,0.0
2022-10-18 00:00:00-04:00,3.383869909361061,3.38811033851014,3.332984473095343,3.375389337539673,95209,0.0,0.0
2022-10-19 00:00:00-04:00,3.3669081819468065,3.3669081819468065,3.260897158063622,3.3117825984954834,122553,0.0,0.0
2022-10-20 00:00:00-04:00,3.2863397079651517,3.4135528671920854,3.2820992788734795,3.392350435256958,101585,0.0,0.0
2022-10-21 00:00:00-04:00,3.3414648663910613,3.409312009811402,3.33298400927311,3.4093120098114014,41512,0.0,0.0
2022-10-24 00:00:00-04:00,3.4008311767406885,3.4941205978393555,3.4008311767406885,3.4941205978393555,73249,0.0,0.0
2022-10-25 00:00:00-04:00,3.4771599601792738,3.6213345527648926,3.4729189580320328,3.6213345527648926,171291,0.0,0.0
2022-10-26 00:00:00-04:00,3.6298158337653508,3.727346297226593,3.578930673500524,3.6722207069396973,163357,0.0,0.0
2022-10-27 00:00:00-04:00,3.6976611959291263,3.7485463274168205,3.66373777493733,3.7231037616729736,53697,0.0,0.0
2022-10-28 00:00:00-04:00,3.7102366845381365,3.7316830907866976,3.658765019764449,3.723104238510132,45904,0.070582,0.0
2022-10-31 00:00:00-04:00,3.6802136898040776,3.7188169519805823,3.6716345431486386,3.680213689804077,37404,0.0,0.0
2022-11-01 00:00:00-04:00,3.697369092968164,3.7059479465022087,3.6587655560622903,3.675922393798828,79766,0.0,0.0
2022-11-02 00:00:00-04:00,3.671633154918229,3.67592243684689,3.6030049338368335,3.620161771774292,78066,0.0,0.0
2022-11-03 00:00:00-04:00,3.6030054344447806,3.6501878319928496,3.5386656170209965,3.611583709716797,60922,0.0,0.0
2022-11-04 00:00:00-04:00,3.6287406610070145,3.67592247290796,3.615872525317606,3.6544766426086426,77357,0.0,0.0
2022-11-07 00:00:00-05:00,3.658765212075297,3.6802119092282743,3.6458970778726485,3.671632766723633,65598,0.0,0.0
2022-11-08 00:00:00-05:00,3.6759232697922366,3.71023811255147,3.6458982894881,3.705948829650879,60781,0.0,0.0
2022-11-09 00:00:00-05:00,3.7145261610295863,3.7145261610295863,3.658765212075297,3.671632766723633,77499,0.0,0.0
2022-11-10 00:00:00-05:00,3.7702873004627357,3.774576582484265,3.727394190470251,3.7617087364196777,66023,0.0,0.0
2022-11-11 00:00:00-05:00,3.7745770598408153,3.8217591680445793,3.7745770598408153,3.7788660526275635,104418,0.0,0.0
2022-11-14 00:00:00-05:00,3.800313500663809,3.8131816406570866,3.753131093427891,3.7917349338531494,68148,0.0,0.0
2022-11-15 00:00:00-05:00,3.8003118964675027,3.8603618387937058,3.8003118964675027,3.851783275604248,140405,0.0,0.0
2022-11-16 00:00:00-05:00,3.834627650747035,3.881809766764111,3.817470807427195,3.864652633666992,145789,0.0,0.0
2022-11-17 00:00:00-05:00,3.826046676142143,3.8389148076432518,3.783153580618339,3.8174684047698975,47321,0.0,0.0
2022-11-18 00:00:00-05:00,3.8517822340297547,3.8860964775085454,3.826046551420662,3.886096477508545,65173,0.0,0.0
2022-11-21 00:00:00-05:00,3.838915689728279,3.928990602493286,3.838915689728279,3.928990602493286,60639,0.0,0.0
2022-11-22 00:00:00-05:00,3.911833317229465,4.031933784484863,3.911833317229465,4.031933784484863,109094,0.0,0.0
2022-11-23 00:00:00-05:00,4.01906717635951,4.070538866133049,4.01906717635951,4.053381443023682,137146,0.0,0.0
2022-11-24 00:00:00-05:00,4.066248920636601,4.096273899078369,4.061959638002063,4.096273899078369,44204,0.0,0.0
2022-11-25 00:00:00-05:00,4.096274085198163,4.130588347833585,4.053380967126638,4.074827671051025,137996,0.0,0.0
2022-11-28 00:00:00-05:00,4.061957776225821,4.061957776225821,3.94185733795166,3.94185733795166,104702,0.0,0.0
2022-11-29 00:00:00-05:00,3.9375234025068226,4.0155792678658075,3.915840761961382,4.002570152282715,61489,0.070582,0.0
2022-11-30 00:00:00-05:00,4.011242836031784,4.011242836031784,3.924513158264985,3.959204912185669,43921,0.0,0.0
2022-12-01 00:00:00-05:00,3.954869061246138,3.998234346356859,3.9375237675042256,3.967879056930542,26636,0.0,0.0
2022-12-02 00:00:00-05:00,3.9375228898910746,3.989559931379094,3.9158402521684397,3.976550817489624,28761,0.0,0.0
2022-12-05 00:00:00-05:00,3.963541424020931,3.963541424020931,3.8594658835607993,3.8854846954345703,71407,0.0,0.0
2022-12-06 00:00:00-05:00,3.9115046228278545,3.924513739509753,3.855130514357388,3.872476100921631,50013,0.0,0.0
2022-12-07 00:00:00-05:00,3.894157844391734,3.902830782806888,3.829111099243164,3.829111099243164,36128,0.0,0.0
2022-12-08 00:00:00-05:00,3.8377836841321966,3.84645662241049,3.794418699775648,3.798755168914795,30745,0.0,0.0
2022-12-09 00:00:00-05:00,3.7380446009667407,3.824773983749675,3.7380446009667407,3.798755168914795,60922,0.0,0.0
2022-12-12 00:00:00-05:00,3.7987543503852113,3.7987543503852113,3.7510534930979333,3.772735834121704,60639,0.0,0.0
2022-12-13 00:00:00-05:00,3.8941582975256352,3.8941582975256352,3.655651877425525,3.694680690765381,122695,0.0,0.0
2022-12-14 00:00:00-05:00,3.690343211702014,3.7510537710674923,3.690343211702014,3.6990158557891846,87558,0.0,0.0
2022-12-15 00:00:00-05:00,3.6816709023307244,3.751055007549988,3.5775953304321026,3.599277973175049,175683,0.0,0.0
2022-12-16 00:00:00-05:00,3.6209591940915025,3.6252956626951374,3.5732580394515168,3.6079494953155518,101443,0.0,0.0
2022-12-19 00:00:00-05:00,3.633968906689499,3.633968906689499,3.53423012038574,3.5385665893554688,51005,0.0,0.0
2022-12-20 00:00:00-05:00,3.6252955119260974,3.6383052101609996,3.573257890846621,3.6209590435028076,46046,0.0,0.0
2022-12-21 00:00:00-05:00,3.668661780208951,3.781410291858264,3.668661780208951,3.7510550022125244,43637,0.0,0.0
2022-12-22 00:00:00-05:00,3.712025826103724,3.746718168258667,3.66432524722494,3.746718168258667,106260,0.0,0.0
2022-12-23 00:00:00-05:00,3.725035394803266,3.8464565277099614,3.725035394803266,3.846456527709961,73815,0.0,0.0
2022-12-28 00:00:00-05:00,3.833446979522705,3.859466085724437,3.8074281662860363,3.833446979522705,48596,0.0,0.0
2022-12-29 00:00:00-05:00,3.8553762722612404,3.8553762722612404,3.7764264671578713,3.815901517868042,27911,0.070582,0.0
2022-12-30 00:00:00-05:00,3.772042854613861,3.798359671101259,3.745726334443629,3.7895874977111816,53272,0.0,0.0
2023-01-03 00:00:00-05:00,3.798359053884581,3.87292281190112,3.789586881919943,3.864150047302246,50155,0.0,0.0
2023-01-04 00:00:00-05:00,3.864148829218306,3.9299406908479564,3.8378323216200663,3.9167821407318115,57664,0.0,0.0
2023-01-05 00:00:00-05:00,3.9211699812572034,3.9738030200231047,3.8904673753104277,3.9518725872039795,135446,0.0,0.0
2023-01-06 00:00:00-05:00,3.9738040961152343,4.000120622624608,3.9299435149168502,3.9913487434387207,58514,0.0,0.0
2023-01-09 00:00:00-05:00,4.043981230695767,4.043981230695767,3.995733979396492,4.00889253616333,55255,0.0,0.0
2023-01-10 00:00:00-05:00,4.004504695351388,4.022049333846596,3.9869606494903564,3.9869606494903564,42221,0.0,0.0
2023-01-11 00:00:00-05:00,4.000119132752949,4.100999706099697,4.000119132752949,4.07468318939209,64464,0.0,0.0
2023-01-12 00:00:00-05:00,4.10538758975494,4.10538758975494,4.057140325015547,4.08784294128418,83591,0.0,0.0
2023-01-13 00:00:00-05:00,4.0746838048285,4.0746838048285,4.030822344390107,4.070297718048096,41796,0.0,0.0
2023-01-16 00:00:00-05:00,4.065912797409556,4.08784294128418,4.030823500468034,4.08784294128418,89683,0.0,0.0
2023-01-17 00:00:00-05:00,4.070296067386302,4.074682152387981,4.022048836050786,4.0352067947387695,178517,0.0,0.0
2023-01-18 00:00:00-05:00,3.8597633838653564,3.8860798938017487,3.8378326626013117,3.8597633838653564,878983,0.0,0.0
2023-01-19 00:00:00-05:00,3.859764991864795,3.864150782364287,3.8378342614642866,3.846606731414795,130204,0.0,0.0
2023-01-20 00:00:00-05:00,3.8553772988759576,3.8860798938017487,3.8422187475907106,3.8597633838653564,287185,0.0,0.0
2023-01-23 00:00:00-05:00,3.8597648180015782,3.8729233741760254,3.8509926447633873,3.8729233741760254,240856,0.0,0.0
2023-01-24 00:00:00-05:00,3.8904676466107473,3.9255566378854234,3.868536915945133,3.9036262035369873,134596,0.0,0.0
2023-01-25 00:00:00-05:00,3.8948534733711138,3.90801203041968,3.8729236314531668,3.881695508956909,122837,0.0,0.0
2023-01-26 00:00:00-05:00,3.9123975852151744,3.9255561404740797,3.8773088947038015,3.9211697578430176,190985,0.0,0.0
2023-01-27 00:00:00-05:00,3.921170118717327,3.9474866390228267,3.9123979452821604,3.947486639022827,103851,0.0,0.0
2023-01-30 00:00:00-05:00,3.951920769363361,3.951920769363361,3.925308566807027,3.9386143684387207,108527,0.070582,0.0
2023-01-31 00:00:00-05:00,3.934180234461419,3.9918400203478352,3.934180234461419,3.982969284057617,114761,0.0,0.0
2023-02-01 00:00:00-05:00,3.9607919028085603,3.991839475587306,3.9607919028085603,3.9874041080474854,61347,0.0,0.0
2023-02-02 00:00:00-05:00,3.991840362548828,4.014017205175485,3.9563574143461766,3.991840362548828,100168,0.0,0.0
2023-02-03 00:00:00-05:00,3.974099703275342,4.018453094631825,3.9652286654281146,4.000711917877197,89825,0.0,0.0
2023-02-06 00:00:00-05:00,3.9918398186177315,4.0095815899481195,3.9785340145013657,3.9962751865386963,89258,0.0,0.0
2023-02-07 00:00:00-05:00,4.005145877853272,4.009581245393092,3.9874041080474854,3.9874041080474854,118586,0.0,0.0
2023-02-08 00:00:00-05:00,3.987404683229037,3.991840051408658,3.9607924741513116,3.9652278423309326,67440,0.0,0.0
2023-02-09 00:00:00-05:00,3.9918392028582637,4.005145604215114,3.9563562649639503,3.969662666320801,66873,0.0,0.0
2023-02-10 00:00:00-05:00,3.987404419356271,3.987404419356271,3.9563568441535475,3.978533983230591,145364,0.0,0.0
2023-02-13 00:00:00-05:00,3.9829696254981655,4.000711399246061,3.974099188094072,3.991840362548828,105127,0.0,0.0
2023-02-14 00:00:00-05:00,3.9874049940234966,3.9962757310741597,3.960792782871508,3.991840362548828,104276,0.0,0.0
2023-02-15 00:00:00-05:00,3.9652281513968397,3.991840362548828,3.9652281513968397,3.991840362548828,142388,0.0,0.0
2023-02-16 00:00:00-05:00,3.982969440354657,4.049499965142037,3.9696636350437364,4.0273237228393555,273584,0.0,0.0
2023-02-17 00:00:00-05:00,4.027323575973741,4.049499817467716,4.005146435540132,4.045064449310303,97476,0.0,0.0
2023-02-21 00:00:00-05:00,4.040629165394874,4.04506423366931,3.9918398186177315,3.9962751865386963,206286,0.0,0.0
2023-02-22 00:00:00-05:00,4.018452386907927,4.040629528150276,4.000711213277848,4.0273237228393555,72398,0.0,0.0
2023-02-23 00:00:00-05:00,4.036194971365219,4.0672425558418865,4.005147386888552,4.040630340576172,137996,0.0,0.0
2023-02-24 00:00:00-05:00,4.027323963792601,4.058371543884277,3.9740992411317264,4.058371543884277,157123,0.0,0.0
2023-02-27 00:00:00-05:00,4.058370488188409,4.07630830143289,4.049402036002484,4.053886413574219,81891,0.070582,0.0
2023-02-28 00:00:00-05:00,4.0538860391727445,4.067338867687951,4.013526644754575,4.058370113372803,110227,0.0,0.0
2023-03-01 00:00:00-05:00,4.058370566858932,4.094245588128236,4.013527093229852,4.026979923248291,56105,0.0,0.0
2023-03-02 00:00:00-05:00,4.01352862112248,4.022497379854083,3.9866223449276696,4.018013000488281,71690,0.0,0.0
2023-03-03 00:00:00-05:00,4.013526644754575,4.062854490530377,4.009041964639485,4.058370113372803,60922,0.0,0.0
2023-03-06 00:00:00-05:00,4.0807935548367436,4.107699826041854,4.053887283631632,4.0942463874816895,99459,0.0,0.0
2023-03-07 00:00:00-05:00,4.094246212808311,4.112184029137377,4.040433672693902,4.080793380737305,116319,0.0,0.0
2023-03-08 00:00:00-05:00,4.0494028322407045,4.0807934814152205,4.0494028322407045,4.07182502746582,36553,0.0,0.0
2023-03-09 00:00:00-05:00,4.08079356550718,4.08079356550718,4.035949477090461,4.044918537139893,141255,0.0,0.0
2023-03-10 00:00:00-05:00,4.040432829544129,4.040432829544129,3.9103858847389197,3.914870262145996,179367,0.0,0.0
2023-03-13 00:00:00-04:00,3.8476049501113443,3.950745336873909,3.793792113386761,3.8924484252929688,173841,0.0,0.0
2023-03-14 00:00:00-04:00,3.93729237480787,3.9776517737843506,3.923838938858159,3.941776752471924,75232,0.0,0.0
2023-03-15 00:00:00-04:00,3.8565742969512944,3.887964948926833,3.8027617507075133,3.856574296951294,150181,0.0,0.0
2023-03-16 00:00:00-04:00,3.8162152479856117,3.9103872053375484,3.8027618082634143,3.901418447494507,92092,0.0,0.0
2023-03-17 00:00:00-04:00,3.8789956505163063,3.8789956505163063,3.7982765457489784,3.8206987380981445,104135,0.0,0.0
2023-03-20 00:00:00-04:00,3.8565736817430727,3.8700265132003646,3.8251830347750317,3.8476052284240723,103710,0.0,0.0
2023-03-21 00:00:00-04:00,3.8789961338043213,3.8789961338043213,3.861058317098585,3.8789961338043213,138280,0.0,0.0
2023-03-22 00:00:00-04:00,3.878994694561162,3.9238381593353933,3.8745103177879896,3.9059009552001953,92092,0.0,0.0
2023-03-23 00:00:00-04:00,3.9193549490987505,3.932808386379969,3.843120218307222,3.865542411804199,69282,0.0,0.0
2023-03-24 00:00:00-04:00,3.8296671908972195,3.8610578360454606,3.8117293764263738,3.8206987380981445,94501,0.0,0.0
2023-03-27 00:00:00-04:00,3.8296672125836775,3.861057857909676,3.8206987597338165,3.8520894050598145,143097,0.0,0.0
2023-03-28 00:00:00-04:00,3.865543054658591,3.8700271305546083,3.8341524026830522,3.856574296951294,79766,0.0,0.0
2023-03-29 00:00:00-04:00,3.887964605520569,3.910386800765991,3.865542713232751,3.910386800765991,68573,0.0,0.0
2023-03-30 00:00:00-04:00,3.901312995244532,3.933067798614502,3.8740945923559864,3.933067798614502,82599,0.070582,0.0
2023-03-31 00:00:00-04:00,3.937605142593384,3.9693599535721873,3.928532645928787,3.937605142593384,26778,0.0,0.0
2023-04-03 00:00:00-04:00,3.955749928724814,3.9920411309361294,3.928531527066327,3.982968330383301,80474,0.0,0.0
2023-04-04 00:00:00-04:00,3.9829693396644643,3.9829693396644643,3.933068617506986,3.96028733253479,39812,0.0,0.0
2023-04-05 00:00:00-04:00,3.946678161621094,4.0192605850496435,3.9013138405060532,3.9466781616210938,112211,0.0,0.0
2023-04-06 00:00:00-04:00,3.9648243335671958,3.9875066523526397,3.9557518351141887,3.978433847427368,24227,0.0,0.0
2023-04-10 00:00:00-04:00,3.9875063705826155,4.060089111328125,3.9784335662984573,4.060089111328125,59789,0.0,0.0
2023-04-11 00:00:00-04:00,4.055551322399418,4.069160831672608,4.019260114930006,4.041942119598389,105127,0.0,0.0
2023-04-12 00:00:00-04:00,4.046478778533074,4.051015179755988,3.9875055626351843,4.005651473999023,121986,0.0,0.0
2023-04-13 00:00:00-04:00,4.010186732041787,4.014723132318202,3.9512135284483993,3.982968330383301,95776,0.0,0.0
2023-04-14 00:00:00-04:00,4.014723969972672,4.014723969972672,3.9738960524942595,4.005651473999023,96767,0.0,0.0
2023-04-17 00:00:00-04:00,4.005651473999023,4.010187568749758,3.9738960524942595,4.005651473999023,67723,0.0,0.0
2023-04-18 00:00:00-04:00,4.032869438302825,4.032869438302825,4.014723528932417,4.019259929656982,89542,0.0,0.0
2023-04-19 00:00:00-04:00,4.019260428460104,4.037406340082478,3.987505619447274,4.01018762588501,78774,0.0,0.0
2023-04-20 00:00:00-04:00,4.001115095333329,4.005652110221225,3.9693602817292746,3.9965786933898926,79482,0.0,0.0
2023-04-21 00:00:00-04:00,4.005650857457187,4.005650857457187,3.978432147836968,3.9920413494110107,86425,0.0,0.0
2023-04-24 00:00:00-04:00,4.014723969972672,4.014723969972672,3.9829691614122695,4.005651473999023,66023,0.0,0.0
2023-04-25 00:00:00-04:00,4.010188205692431,4.014724607635868,3.9875061959752496,3.9965786933898926,73957,0.0,0.0
2023-04-26 00:00:00-04:00,3.9920413494110107,4.005650857457187,3.978432147836968,3.9920413494110107,140405,0.0,0.0
2023-04-27 00:00:00-04:00,4.033339559952284,4.04251633885409,4.014985072163985,4.037928104400635,81749,0.070582,0.0
2023-04-28 00:00:00-04:00,4.037928044807877,4.037928044807877,4.0195735572904585,4.033339500427246,51713,0.0,0.0
2023-05-01 00:00:00-04:00,4.024162483453563,4.0287510279160506,4.005808305603613,4.014985084533691,59081,0.0,0.0
2023-05-02 00:00:00-04:00,4.019573077811697,4.019573077811697,3.982864727145434,3.9966306686401367,25786,0.0,0.0
2023-05-03 00:00:00-04:00,3.9920426599171277,4.037928104400635,3.9920426599171277,4.037928104400635,17427,0.0,0.0
2023-05-04 00:00:00-04:00,4.024161945264455,4.047104354513691,4.001219226020363,4.0103960037231445,62339,0.0,0.0
2023-05-05 00:00:00-04:00,4.019573077811697,4.019573077811697,3.96909940564044,3.9966306686401367,81183,0.0,0.0
2023-05-08 00:00:00-04:00,4.028749338570947,4.028749338570947,3.9736868281100444,3.9782750606536865,30178,0.0,0.0
2023-05-09 00:00:00-04:00,3.987453577341838,3.987453577341838,3.8865056052536033,3.9232139587402344,114902,0.0,0.0
2023-05-10 00:00:00-04:00,3.9140369303951994,3.9645112272082805,3.9140369303951994,3.9461567401885986,47179,0.0,0.0
2023-05-11 00:00:00-04:00,3.950743805423235,3.9874521457305034,3.9369784878027763,3.9782750606536865,34853,0.0,0.0
2023-05-12 00:00:00-04:00,4.010397931298174,4.03792951761884,3.9553353786468506,3.9553353786468506,109802,0.0,0.0
2023-05-15 00:00:00-04:00,3.9461574399668726,3.9782772554561285,3.9461574399668726,3.9691004753112793,63048,0.0,0.0
2023-05-16 00:00:00-04:00,3.9645103301362568,3.9645103301362568,3.93238990762116,3.950744390487671,34712,0.0,0.0
2023-05-17 00:00:00-04:00,3.959922111103208,3.9782765983460266,3.950745332474129,3.9736883640289307,47463,0.0,0.0
2023-05-18 00:00:00-04:00,3.9691004753112793,3.9691004753112793,3.95533453010666,3.9691004753112793,41229,0.0,0.0
2023-05-19 00:00:00-04:00,3.9736887223708552,3.9920429012739422,3.9507456887470815,3.9645116329193115,69990,0.0,0.0
2023-05-23 00:00:00-04:00,3.9966303697382815,3.9966303697382815,3.9828644292731123,3.992041826248169,85008,0.0,0.0
2023-05-24 00:00:00-04:00,3.9690988733541808,3.9690988733541808,3.9461558472697464,3.950744390487671,74807,0.0,0.0
2023-05-25 00:00:00-04:00,3.955332933705595,3.9690988733541808,3.9186245879621997,3.950744390487671,90817,0.0,0.0
2023-05-26 00:00:00-04:00,3.9461582865382967,3.9645127807504092,3.918627010212635,3.9553353786468506,60781,0.0,0.0
2023-05-29 00:00:00-04:00,3.9553342334728536,3.9920429012739422,3.94615714402131,3.9645116329193115,64323,0.0,0.0
2023-05-30 00:00:00-04:00,3.9923667051603955,3.9923667051603955,3.9366593852953513,3.955228805541992,66023,0.070582,0.0
2023-05-31 00:00:00-04:00,3.9505850412347407,3.9505850412347407,3.85773891583901,3.908803939819336,62906,0.0,0.0
2023-06-01 00:00:00-04:00,3.862379438871777,3.9273718906221946,3.862379438871777,3.913444757461548,25219,0.0,0.0
2023-06-02 00:00:00-04:00,3.8995195528278757,3.950584888458252,3.871665904461214,3.950584888458252,70698,0.0,0.0
2023-06-05 00:00:00-04:00,3.9505845627043605,3.955226837049349,3.8902343689699053,3.8948769569396973,43212,0.0,0.0
2023-06-06 00:00:00-04:00,3.8995189666748047,3.8995189666748047,3.8855918309600908,3.8995189666748047,19552,0.0,0.0
2023-06-07 00:00:00-04:00,3.9227309193217534,3.9459416638129885,3.8995192339561067,3.936657428741455,61206,0.0,0.0
2023-06-08 00:00:00-04:00,3.9366593852953513,3.9691553218832936,3.9273748319845105,3.955228805541992,47746,0.0,0.0
2023-06-09 00:00:00-04:00,3.941300864608361,3.969154834747314,3.941300864608361,3.9691548347473145,48171,0.0,0.0
2023-06-12 00:00:00-04:00,3.978437662124634,3.987722838252328,3.9598688779932956,3.978437662124634,68856,0.0,0.0
2023-06-13 00:00:00-04:00,3.973794973536905,3.9923643829825606,3.9645107392512435,3.9830801486968994,89400,0.0,0.0
2023-06-14 00:00:00-04:00,3.964511654379364,3.9923653045401384,3.9227314927630523,3.9737958908081055,80758,0.0,0.0
2023-06-15 00:00:00-04:00,3.9737964208880894,3.992365837097168,3.964512183220888,3.992365837097168,35137,0.0,0.0
2023-06-16 00:00:00-04:00,3.9970063921025103,4.00164866575014,3.983079884784377,3.987722158432007,53697,0.0,0.0
2023-06-19 00:00:00-04:00,4.006292350410416,4.010935253306247,3.9691544588669343,3.992365837097168,54688,0.0,0.0
2023-06-20 00:00:00-04:00,3.978437662124634,3.992364799066555,3.9691534268713697,3.978437662124634,44629,0.0,0.0
2023-06-21 00:00:00-04:00,3.987722158432007,3.9923641184548804,3.9691527502167308,3.987722158432007,86566,0.0,0.0
2023-06-22 00:00:00-04:00,3.9737939574824668,3.987721403036589,3.955225493658891,3.9645097255706787,66165,0.0,0.0
2023-06-23 00:00:00-04:00,3.9505842310103625,3.9923643829825606,3.9088031381638317,3.9830801486968994,72965,0.0,0.0
2023-06-26 00:00:00-04:00,3.9691544588669343,3.992365837097168,3.964512183220888,3.992365837097168,49871,0.0,0.0
2023-06-27 00:00:00-04:00,3.9970071628433255,4.034145359185704,3.9923648883005285,4.020218849182129,96626,0.0,0.0
2023-06-28 00:00:00-04:00,4.020218421655743,4.029502656129197,4.010933873557505,4.024860382080078,46046,0.0,0.0
2023-06-29 00:00:00-04:00,4.024860172750715,4.057735907952453,4.024860172750715,4.048342704772949,29894,0.070582,0.0
2023-06-30 00:00:00-04:00,4.062433260769059,4.081218719482422,4.038950723487408,4.081218719482422,46754,0.0,0.0
2023-07-04 00:00:00-04:00,4.062432904071678,4.076521917548526,4.038950368851885,4.043646812438965,44204,0.0,0.0
2023-07-05 00:00:00-04:00,4.043646812438965,4.048343256026045,4.0201642772191715,4.043646812438965,31595,0.0,0.0
2023-07-06 00:00:00-04:00,4.038950443267822,4.038950443267822,4.015468224899772,4.038950443267822,59364,0.0,0.0
2023-07-07 00:00:00-04:00,4.015469262641326,4.062434028799209,4.015469262641326,4.053040504455566,30886,0.0,0.0
2023-07-10 00:00:00-04:00,4.043647241711704,4.085915555767014,4.015468577197782,4.076522350311279,47604,0.0,0.0
2023-07-11 00:00:00-04:00,4.057737326133773,4.067130215311746,4.0154690075484325,4.0295586585998535,82316,0.0,0.0
2023-07-12 00:00:00-04:00,4.034253693214569,4.053038830436176,4.0154676041399116,4.048342704772949,55964,0.0,0.0
2023-07-13 00:00:00-04:00,4.062433260769059,4.085915480766289,4.038950723487408,4.081218719482422,67581,0.0,0.0
2023-07-14 00:00:00-04:00,4.081217337878781,4.081217337878781,4.034253231067375,4.057735443115234,54405,0.0,0.0
2023-07-17 00:00:00-04:00,4.067129377965298,4.085915152453602,4.0483432861925985,4.0718255043029785,29044,0.0,0.0
2023-07-18 00:00:00-04:00,4.06243239681313,4.10939650953533,4.06243239681313,4.085914611816406,91100,0.0,0.0
2023-07-19 00:00:00-04:00,4.067129732349209,4.1093974113464355,4.067129732349209,4.1093974113464355,58656,0.0,0.0
2023-07-20 00:00:00-04:00,4.1093974113464355,4.11409385537773,4.090611952505681,4.1093974113464355,57522,0.0,0.0
2023-07-21 00:00:00-04:00,4.104701302347743,4.132880286119948,4.100005175217566,4.128183841705322,43779,0.0,0.0
2023-07-24 00:00:00-04:00,4.132880286119948,4.132880286119948,4.104701302347743,4.128183841705322,38820,0.0,0.0
2023-07-25 00:00:00-04:00,4.128183766547343,4.132880210876465,4.095308656243487,4.132880210876465,42504,0.0,0.0
2023-07-26 00:00:00-04:00,4.1187900956429795,4.142271995544434,4.1187900956429795,4.142271995544434,59647,0.0,0.0
2023-07-27 00:00:00-04:00,4.137576272149242,4.156362366451546,4.132880145179214,4.146969795227051,64039,0.0,0.0
2023-07-28 00:00:00-04:00,4.189722859113966,4.203973907493415,4.165971967598785,4.194473743438721,48880,0.070582,0.0
2023-07-31 00:00:00-04:00,4.156470902785164,4.180222434658705,4.127969449639646,4.142220497131348,54830,0.0,0.0
2023-08-01 00:00:00-04:00,4.161219205183177,4.161219205183177,4.118467045394236,4.132718086242676,52422,0.0,0.0
2023-08-02 00:00:00-04:00,4.137468278772977,4.137468278772977,4.099465717558791,4.113717079162598,64039,0.0,0.0
2023-08-03 00:00:00-04:00,4.113717079162598,4.113717079162598,4.089965558633429,4.113717079162598,17002,0.0,0.0
2023-08-04 00:00:00-04:00,4.118467045394236,4.165969766078519,4.113717126336479,4.132718086242676,48596,0.0,0.0
2023-08-08 00:00:00-04:00,4.132720012749508,4.156470902785164,4.127969449639646,4.142220497131348,27344,0.0,0.0
2023-08-09 00:00:00-04:00,4.151720660594244,4.151720660594244,4.132720012749508,4.142220497131348,21394,0.0,0.0
2023-08-10 00:00:00-04:00,4.142219419981814,4.156469821929932,4.132718938070495,4.156469821929932,80474,0.0,0.0
2023-08-11 00:00:00-04:00,4.156470309024772,4.1707213544806825,4.151720067512434,4.161220550537109,54972,0.0,0.0
2023-08-14 00:00:00-04:00,4.156468965206628,4.156468965206628,4.108966886359931,4.132718086242676,77924,0.0,0.0
2023-08-15 00:00:00-04:00,4.108969358708643,4.118469523459155,4.08996806645066,4.099468231201172,65314,0.0,0.0
2023-08-16 00:00:00-04:00,4.099464741319953,4.123216256192981,4.0804644279939275,4.104215621948242,38679,0.0,0.0
2023-08-17 00:00:00-04:00,4.094718309285409,4.1232197662939045,4.094718309285409,4.099468231201172,25219,0.0,0.0
2023-08-18 00:00:00-04:00,4.085217696901352,4.085217696901352,4.028214784652468,4.032964706420898,112352,0.0,0.0
2023-08-21 00:00:00-04:00,4.042464296907911,4.042464296907911,3.9522087574005123,3.9522087574005127,72540,0.0,0.0
2023-08-22 00:00:00-04:00,3.9854618634648085,3.9854618634648085,3.876205980939327,3.904707431793213,229238,0.0,0.0
2023-08-23 00:00:00-04:00,3.923707953948483,3.9807105236091043,3.8952065086587457,3.9522087574005127,96059,0.0,0.0
2023-08-24 00:00:00-04:00,3.971209037134652,4.037712392652103,3.966458797454834,3.966458797454834,67015,0.0,0.0
2023-08-25 00:00:00-04:00,3.980712344059634,3.9854629080326287,3.9427103996276855,3.9427103996276855,38962,0.0,0.0
2023-08-28 00:00:00-04:00,3.9759594091850348,3.9759594091850348,3.9379574904813035,3.956958770751953,77216,0.0,0.0
2023-08-29 00:00:00-04:00,3.9617103384746555,3.985461545625409,3.9427090518351613,3.980710983276367,52988,0.0,0.0
2023-08-30 00:00:00-04:00,3.9710963738130993,3.980711272455553,3.9278275435509955,3.9326348304748535,34995,0.070582,0.0
2023-08-31 00:00:00-04:00,3.9614810743797295,3.9614810743797295,3.8701361211947964,3.874943733215332,77782,0.0,0.0
2023-09-01 00:00:00-04:00,3.8509054183959956,3.8749431500865468,3.783598210647845,3.850905418395996,239864,0.0,0.0
2023-09-05 00:00:00-04:00,3.836482121335697,3.9134042241088123,3.6201392959767014,3.855712890625,565870,0.0,0.0
2023-09-06 00:00:00-04:00,3.7980215796947525,3.8220599623061373,3.6537929080000815,3.706676959991455,157406,0.0,0.0
2023-09-07 00:00:00-04:00,3.6105248147346534,3.706677381736223,3.4278352297469588,3.4470653533935547,403646,0.0,0.0
2023-09-08 00:00:00-04:00,3.379758710764992,3.6201399606735376,3.3461054267203276,3.591294288635254,283502,0.0,0.0
2023-09-11 00:00:00-04:00,3.6922544150777226,3.7211000892590365,3.605717067738999,3.7018699645996094,69848,0.0,0.0
2023-09-12 00:00:00-04:00,3.6634073432708725,3.7259066104888916,3.6634073432708725,3.7259066104888916,37120,0.0,0.0
2023-09-13 00:00:00-04:00,3.721097909563787,3.8220583596486795,3.721097909563787,3.8028275966644287,133038,0.0,0.0
2023-09-14 00:00:00-04:00,3.807636591927816,3.884558697475361,3.8028289806307636,3.850905418395996,85150,0.0,0.0
2023-09-15 00:00:00-04:00,3.8653270587692043,3.9085955507181818,3.8557121631307356,3.8893654346466064,51288,0.0,0.0
2023-09-18 00:00:00-04:00,3.9085955619812016,3.9085955619812016,3.870134680137948,3.908595561981201,41796,0.0,0.0
2023-09-19 00:00:00-04:00,3.908595371372294,3.908595371372294,3.831673611437,3.8653268814086914,42362,0.0,0.0
2023-09-20 00:00:00-04:00,3.8316752250305126,3.9278277902359813,3.8316752250305126,3.874943733215332,40804,0.0,0.0
2023-09-21 00:00:00-04:00,3.8701355657672005,3.8701355657672005,3.8316746751226822,3.836482286453247,25219,0.0,0.0
2023-09-22 00:00:00-04:00,3.826865774359767,3.8797494766888736,3.826865774359767,3.846095561981201,18985,0.0,0.0
2023-09-25 00:00:00-04:00,3.874943588839222,3.884559137316787,3.8412903059493577,3.860521078109741,43779,0.0,0.0
2023-09-26 00:00:00-04:00,3.8364832119723826,3.913405336612944,3.798022312049497,3.8701364994049072,101160,0.0,0.0
2023-09-27 00:00:00-04:00,3.889366987155131,3.9037894987671495,3.7835988705825057,3.7980220317840576,46896,0.0,0.0
2023-09-28 00:00:00-04:00,3.871061185753713,4.0220082083223865,3.7834143895375667,3.914884090423584,167749,0.070582,0.0
2023-09-29 00:00:00-04:00,3.8807984445026595,3.9440989849927335,3.8369748921760776,3.8418447971343994,43212,0.0,0.0
2023-10-02 00:00:00-04:00,3.846714555044085,3.8515838031480283,3.5545586819310846,3.6422054767608643,109519,0.0,0.0
2023-10-03 00:00:00-04:00,3.6275978787620318,3.6275978787620318,3.423088810775631,3.4474353790283203,183759,0.0,0.0
2023-10-04 00:00:00-04:00,3.4571734727023378,3.544820261266336,3.4328272339231085,3.5253429412841797,87983,0.0,0.0
2023-10-05 00:00:00-04:00,3.559427831323113,3.666551944556641,3.554558583354206,3.5983824729919434,124678,0.0,0.0
2023-10-06 00:00:00-04:00,3.603252382242392,3.603252382242392,3.4815208317203283,3.564298391342163,94076,0.0,0.0
2023-10-10 00:00:00-04:00,3.5789055547151007,3.666552356972782,3.5740363061984977,3.656813859939575,53413,0.0,0.0
2023-10-11 00:00:00-04:00,3.700636253789894,3.817498520532469,3.700636253789894,3.773674964904785,43779,0.0,0.0
2023-10-12 00:00:00-04:00,3.793151747012468,3.8028902412949948,3.7249822870347806,3.749328851699829,66873,0.0,0.0
2023-10-13 00:00:00-04:00,3.79315213999978,3.8028906352912575,3.7055056823764785,3.720113754272461,25502,0.0,0.0
2023-10-16 00:00:00-04:00,3.759068991094837,3.8223695661322243,3.759068991094837,3.8077621459960938,70698,0.0,0.0
2023-10-17 00:00:00-04:00,3.7736744612021673,3.919752192892532,3.7688052144444453,3.8272361755371094,63756,0.0,0.0
2023-10-18 00:00:00-04:00,3.7882824590264734,3.80288987006559,3.715243101119995,3.715243101119995,55255,0.0,0.0
2023-10-19 00:00:00-04:00,3.7347204453620297,3.7347204453620297,3.612988948822021,3.6129889488220215,101443,0.0,0.0
2023-10-20 00:00:00-04:00,3.603252151248411,3.603252151248411,3.4425666201271983,3.462043285369873,144372,0.0,0.0
2023-10-23 00:00:00-04:00,3.447434636740957,3.5253422567479418,3.384134099247622,3.4230880737304688,153439,0.0,0.0
2023-10-24 00:00:00-04:00,3.476650117603092,3.476650117603092,3.3938725928683335,3.4230880737304688,78066,0.0,0.0
2023-10-25 00:00:00-04:00,3.432827327680254,3.4863890544574327,3.330573122014731,3.340311288833618,186876,0.0,0.0
2023-10-26 00:00:00-04:00,3.3549187211369236,3.3549187211369236,3.223448395313343,3.277010440826416,119861,0.0,0.0
2023-10-27 00:00:00-04:00,3.2721419153565265,3.2721419153565265,2.712177404670244,2.736523151397705,1261377,0.0,0.0
2023-10-30 00:00:00-04:00,2.726608905956039,3.024056790966267,2.726608905956039,2.964566946029663,265933,0.070582,0.0
2023-10-31 00:00:00-04:00,2.984397878922529,3.118249310608634,2.984397878922529,3.0686750411987305,152731,0.0,0.0
2023-11-01 00:00:00-04:00,3.0091847483798637,3.15295072933948,2.9298647318522595,2.964566946029663,222721,0.0,0.0
2023-11-02 00:00:00-04:00,3.068674607164499,3.36116506624915,3.0488444333197258,3.271930456161499,266075,0.0,0.0
2023-11-03 00:00:00-04:00,3.3215060956332496,3.450400063103902,3.3215060956332496,3.4404854774475098,138846,0.0,0.0
2023-11-06 00:00:00-05:00,3.460314078365784,3.4702286614282496,3.3809947345205686,3.450399160385132,151598,0.0,0.0
2023-11-07 00:00:00-05:00,3.4503994206527246,3.4801441768383614,3.3958670327275127,3.445441961288452,77924,0.0,0.0
2023-11-08 00:00:00-05:00,3.440485729684523,3.4702298237526414,3.27193106280291,3.3462929725646973,136438,0.0,0.0
2023-11-09 00:00:00-05:00,3.400824274132869,3.495016330935492,3.376036643981933,3.3760366439819336,39245,0.0,0.0
2023-11-10 00:00:00-05:00,3.42065384903258,3.5247604708647926,3.3958662232020167,3.5049309730529785,85008,0.0,0.0
2023-11-13 00:00:00-05:00,3.4702293630284893,3.5644214378063306,3.4305696830876102,3.5594639778137207,61347,0.0,0.0
2023-11-14 00:00:00-05:00,3.564421080357444,3.7627201300124313,3.564421080357444,3.7577626705169678,151598,0.0,0.0
2023-11-15 00:00:00-05:00,3.7577635547510697,3.817253417613331,3.747848298508777,3.7726359367370605,64748,0.0,0.0
2023-11-16 00:00:00-05:00,3.78750865364135,3.7924657793850476,3.7428908378467804,3.7726359367370605,41087,0.0,0.0
2023-11-17 00:00:00-05:00,3.7528054648636173,3.916401624679565,3.7528054648636173,3.9164016246795654,99601,0.0,0.0
2023-11-20 00:00:00-05:00,3.8916135174060114,3.916400809186485,3.866825890707395,3.9064855575561523,47321,0.0,0.0
2023-11-21 00:00:00-05:00,3.9164022146160065,3.9164022146160065,3.866827278346589,3.8916149139404297,64181,0.0,0.0
2023-11-22 00:00:00-05:00,3.861870077585105,3.891615175311822,3.8073380124363148,3.88665771484375,34995,0.0,0.0
2023-11-23 00:00:00-05:00,3.876741281520133,3.9114434882606894,3.851953656073038,3.8965704441070557,48880,0.0,0.0
2023-11-24 00:00:00-05:00,3.8916148307208847,3.941189765930176,3.876742785551831,3.941189765930176,51855,0.0,0.0
2023-11-27 00:00:00-05:00,3.906485360318643,3.956060276294707,3.866825695472293,3.8965704441070557,93367,0.0,0.0
2023-11-28 00:00:00-05:00,3.901529924067173,3.901529924067173,3.8321254746192244,3.8519556522369385,66165,0.0,0.0
2023-11-29 00:00:00-05:00,3.8318664209461994,3.8921318969772223,3.816800476044538,3.8820877075195312,21394,0.070582,0.0
2023-11-30 00:00:00-05:00,3.9172416181476826,3.9172416181476826,3.877064868034581,3.912219524383545,40804,0.0,0.0
2023-12-01 00:00:00-05:00,3.8971551486415996,3.962442733099264,3.8871106177916195,3.9373319149017334,122695,0.0,0.0
2023-12-04 00:00:00-05:00,3.9172422885894775,3.947374856331537,3.8720437762612563,3.9172422885894775,137996,0.0,0.0
2023-12-05 00:00:00-05:00,3.8720432294752842,3.9624412592208818,3.8720432294752842,3.9523963928222656,68431,0.0,0.0
2023-12-06 00:00:00-05:00,3.962442131039064,3.99257470115577,3.962442131039064,3.9875519275665283,236889,0.0,0.0
2023-12-07 00:00:00-05:00,3.9875509209753077,4.01266172901865,3.972484979004997,3.99759578704834,52563,0.0,0.0
2023-12-08 00:00:00-05:00,3.992574030281444,4.0227065953349594,3.972485314294262,3.9825291633605957,153864,0.0,0.0
2023-12-11 00:00:00-05:00,3.987551201754811,4.012662011566307,3.93733059998632,3.9775073528289795,70415,0.0,0.0
2023-12-12 00:00:00-05:00,3.7816455026419167,3.8318661065246746,3.7816455026419167,3.8117780685424805,554394,0.0,0.0
2023-12-13 00:00:00-05:00,3.8117777851307366,3.8218219730174567,3.7766231275272175,3.8167998790740967,456776,0.0,0.0
2023-12-14 00:00:00-05:00,3.8368892303563236,3.8670217990129947,3.831866457010454,3.8519551753997803,230938,0.0,0.0
2023-12-15 00:00:00-05:00,3.8770642537487046,3.8770642537487046,3.826842984779624,3.8469316959381104,73532,0.0,0.0
2023-12-18 00:00:00-05:00,3.8770654103172375,3.892131693716962,3.851954937984363,3.8670215606689453,102576,0.0,0.0
2023-12-19 00:00:00-05:00,3.892131265848414,3.9523963928222656,3.851954514532513,3.9523963928222656,142530,0.0,0.0
2023-12-20 00:00:00-05:00,3.9272857089719007,3.962440358381091,3.90217490582345,3.9071969985961914,55539,0.0,0.0
2023-12-21 00:00:00-05:00,3.9323083795676377,3.9523964160588676,3.8971537219595462,3.9272866249084473,50155,0.0,0.0
2023-12-22 00:00:00-05:00,3.917240844856931,3.952395494266121,3.887108288220482,3.9071969985961914,137146,0.0,0.0
2023-12-27 00:00:00-05:00,3.9373299236432007,3.9674624830991116,3.867020618246075,3.9624407291412354,109094,0.0,0.0
2023-12-28 00:00:00-05:00,3.9726146682613033,4.008220612615695,3.9471821945055936,3.9675281047821045,46471,0.070582,0.0
2023-12-29 00:00:00-05:00,3.9471813144322785,4.0082197189331055,3.9471813144322785,4.0082197189331055,44629,0.0,0.0
2024-01-02 00:00:00-05:00,3.972614332075883,3.9878743648623716,3.916662482179947,3.9624412059783936,72257,0.0,0.0
2024-01-03 00:00:00-05:00,3.942095287386111,3.967528104782105,3.9217493771095997,3.9675281047821045,35137,0.0,0.0
2024-01-04 00:00:00-05:00,3.9726139020452846,3.9878739331798934,3.9166620582060676,3.9827873706817627,103568,0.0,0.0
2024-01-05 00:00:00-05:00,3.9573552329919055,4.038739903199336,3.9573552329919055,4.0183939933776855,66306,0.0,0.0
2024-01-08 00:00:00-05:00,3.998046219217101,4.048912525177002,3.9929600009893207,4.048912525177002,101868,0.0,0.0
2024-01-09 00:00:00-05:00,4.043826342629123,4.043826342629123,3.96244065782733,4.0082197189331055,113627,0.0,0.0
2024-01-10 00:00:00-05:00,3.9878752231597896,4.018394608020845,3.9777024385131,3.98787522315979,129212,0.0,0.0
2024-01-11 00:00:00-05:00,3.992961643347335,4.003134427627272,3.9370090961456303,3.93700909614563,102151,0.0,0.0
2024-01-12 00:00:00-05:00,3.9319224550726086,3.952269054154392,3.845450525806034,3.8505377769470215,175116,0.0,0.0
2024-01-15 00:00:00-05:00,3.881054830625867,3.9166614498627266,3.8657954891418034,3.896314859390259,34428,0.0,0.0
2024-01-16 00:00:00-05:00,3.896315496566185,3.9217486529058876,3.8657961213268064,3.9115748405456543,41371,0.0,0.0
2024-01-17 00:00:00-05:00,3.875969323971373,3.952268457641754,3.8454499454154267,3.926835298538208,102151,0.0,0.0
2024-01-18 00:00:00-05:00,3.9420949537834153,3.9675277690271384,3.916662482179947,3.9624412059783936,70840,0.0,0.0
2024-01-19 00:00:00-05:00,3.942094987816181,3.9675278032794696,3.926835298538208,3.926835298538208,48738,0.0,0.0
2024-01-22 00:00:00-05:00,3.9675277690271384,3.9675277690271384,3.9471818604724147,3.9624412059783936,57947,0.0,0.0
2024-01-23 00:00:00-05:00,3.962441205978394,3.9675277690271384,3.9319218276859265,3.9624412059783936,88408,0.0,0.0
2024-01-24 00:00:00-05:00,3.9675273395471544,4.018393308168676,3.9624407770490238,3.9827873706817627,119295,0.0,0.0
2024-01-25 00:00:00-05:00,3.9929606914520264,3.998046910559316,3.9675275340741747,3.9929606914520264,56955,0.0,0.0
2024-01-26 00:00:00-05:00,3.9777010800503576,4.03365257923977,3.9675272679572378,4.028566360473633,61347,0.0,0.0
2024-01-29 00:00:00-05:00,4.038740634918213,4.054000671419671,4.018394721410391,4.038740634918213,61489,0.0,0.0
2024-01-30 00:00:00-05:00,4.054193591673862,4.090253686003755,4.043891055602985,4.069648265838623,45196,0.070582,0.0
2024-01-31 00:00:00-05:00,4.04389143649998,4.069648649161707,4.04389143649998,4.05419397354126,38395,0.0,0.0
2024-02-01 00:00:00-05:00,4.043891906738281,4.054194444977577,4.00268036168729,4.043891906738281,79341,0.0,0.0
2024-02-02 00:00:00-05:00,4.043891846099275,4.043891846099275,3.9769227383721786,4.00268030166626,79341,0.0,0.0
2024-02-05 00:00:00-05:00,4.0129837886051485,4.0129837886051485,3.9511664573391623,3.956317901611328,59222,0.0,0.0
2024-02-06 00:00:00-05:00,3.966618926692386,4.059344523871054,3.9511642544687176,3.9614667892456055,101868,0.0,0.0
2024-02-07 00:00:00-05:00,3.9820730650548675,3.9820730650548675,3.8996503473194344,3.9460129737854004,77924,0.0,0.0
2024-02-08 00:00:00-05:00,3.9769225165889748,3.9769225165889748,3.915105203386851,3.9408624172210693,33295,0.0,0.0
2024-02-09 00:00:00-05:00,3.930558919906616,3.9666197129015424,3.930558919906616,3.930558919906616,43921,0.0,0.0
2024-02-12 00:00:00-05:00,3.920257182219469,3.9563172865183236,3.9099542952769393,3.9357118606567383,94217,0.0,0.0
2024-02-13 00:00:00-05:00,3.9151047031124024,3.9305586814147877,3.8635899340031274,3.894498586654663,96201,0.0,0.0
2024-02-14 00:00:00-05:00,3.925407022519104,3.971770694982662,3.90995304507019,3.9666192531585693,69565,0.0,0.0
2024-02-15 00:00:00-05:00,3.976921461469274,4.018132992670164,3.9511642544687176,3.9614667892456055,165766,0.0,0.0
2024-02-16 00:00:00-05:00,3.9717725017271808,4.018135151210846,3.9717725017271808,3.9872264862060547,87700,0.0,0.0
2024-02-20 00:00:00-05:00,3.9923768969608,4.018134111130961,3.9717714736481025,4.007831573486328,78774,0.0,0.0
2024-02-21 00:00:00-05:00,4.00783247773005,4.028438601738746,3.9563176897435732,3.9769234657287598,75940,0.0,0.0
2024-02-22 00:00:00-05:00,4.01298189163208,4.023284775306144,3.9923761242839517,4.01298189163208,60072,0.0,0.0
2024-02-23 00:00:00-05:00,4.0181339463237915,4.033588622215433,4.007831409101725,4.023285388946533,111927,0.0,0.0
2024-02-26 00:00:00-05:00,4.033588007003573,4.038739448840604,3.9923761242839517,4.01298189163208,114902,0.0,0.0
2024-02-27 00:00:00-05:00,4.028436742736972,4.038739277951746,4.002679186618312,4.018133163452148,100876,0.0,0.0
2024-02-28 00:00:00-05:00,4.039007793954051,4.054663181304932,4.007697724338755,4.054663181304932,27628,0.070582,0.0
2024-02-29 00:00:00-05:00,4.0390087770544625,4.06510050808464,4.028572084642391,4.044227123260498,50721,0.0,0.0
2024-03-01 00:00:00-05:00,4.033790588378906,4.044227281198558,3.986825823233804,4.033790588378906,78066,0.0,0.0
2024-03-04 00:00:00-05:00,4.018134117126465,4.059880869864168,4.0129150679479,4.018134117126465,78066,0.0,0.0
2024-03-05 00:00:00-05:00,4.0076970763988635,4.03900714095214,4.00247873230665,4.018134117126465,89258,0.0,0.0
2024-03-06 00:00:00-05:00,4.028571440569013,4.044226476684249,4.007698059082031,4.007698059082031,40520,0.0,0.0
2024-03-07 00:00:00-05:00,4.0233531116896355,4.059881526240814,4.018134766753753,4.054663181304932,50721,0.0,0.0
2024-03-08 00:00:00-05:00,4.054663853963786,4.075536884626868,4.054663853963786,4.065100193023682,62339,0.0,0.0
2024-03-11 00:00:00-04:00,4.049443570044781,4.075534934021785,4.028569844285558,4.059880256652832,72540,0.0,0.0
2024-03-12 00:00:00-04:00,4.070318704282682,4.106847126378708,4.070318704282682,4.10162878036499,88975,0.0,0.0
2024-03-13 00:00:00-04:00,4.080755115950997,4.112064479385917,4.080755115950997,4.096409797668457,29469,0.0,0.0
2024-03-14 00:00:00-04:00,4.101629255428958,4.101629255428958,4.070319175720215,4.070319175720215,43637,0.0,0.0
2024-03-15 00:00:00-04:00,4.070318076736042,4.138156564455287,4.065099731526869,4.112064838409424,47321,0.0,0.0
2024-03-18 00:00:00-04:00,4.127721118372503,4.148594856262207,4.1120657268193925,4.148594856262207,56814,0.0,0.0
2024-03-19 00:00:00-04:00,4.148593809157428,4.169466836692127,4.132938421555737,4.138156414031982,53980,0.0,0.0
2024-03-20 00:00:00-04:00,4.132937762856192,4.159029483795166,4.132937762856192,4.159029483795166,51430,0.0,0.0
2024-03-21 00:00:00-04:00,4.159030605643131,4.211214414140209,4.159030605643131,4.195559024810791,64748,0.0,0.0
2024-03-22 00:00:00-04:00,4.17990431278495,4.28948956955954,4.17990431278495,4.221651077270508,43354,0.0,0.0
2024-03-25 00:00:00-04:00,4.2216496653483855,4.252959728240967,4.200775937543506,4.252959728240967,38962,0.0,0.0
2024-03-26 00:00:00-04:00,4.247743322610655,4.289490092182558,4.216433245431729,4.24252462387085,55680,0.0,0.0
2024-03-27 00:00:00-04:00,4.253091359234416,4.290074681660153,4.253091359234416,4.2583746910095215,21394,0.070582,0.0
2024-03-28 00:00:00-04:00,4.284789927744018,4.284789927744018,4.205540334354377,4.237240314483643,55964,0.0,0.0
2024-04-01 00:00:00-04:00,4.237240314483643,4.247806617593207,4.216106637463942,4.237240314483643,55539,0.0,0.0
2024-04-02 00:00:00-04:00,4.2161076276005405,4.226673933191561,4.184407640026655,4.194973945617676,72965,0.0,0.0
2024-04-03 00:00:00-04:00,4.200258279092761,4.226674223350558,4.194974233600485,4.205541610717773,18560,0.0,0.0
2024-04-04 00:00:00-04:00,4.205540587885526,4.25837353435248,4.200257257545476,4.21610689163208,91242,0.0,0.0
2024-04-05 00:00:00-04:00,4.210824752764402,4.253091407444347,4.210824752764402,4.242525100708008,43496,0.0,0.0
2024-04-08 00:00:00-04:00,4.231956984462099,4.2795069546559965,4.210823307442397,4.237240314483643,156840,0.0,0.0
2024-04-09 00:00:00-04:00,4.2372412436251405,4.253090880231754,4.194973880317359,4.231957912445068,129637,0.0,0.0
2024-04-10 00:00:00-04:00,4.226674127174258,4.23724150405109,4.189690806640713,4.210824489593506,108810,0.0,0.0
2024-04-11 00:00:00-04:00,4.22139022197213,4.226673195378635,4.163273231298035,4.21610689163208,105552,0.0,0.0
2024-04-12 00:00:00-04:00,4.221390745213812,4.226673719275142,4.184407428249377,4.200257778167725,143380,0.0,0.0
2024-04-15 00:00:00-04:00,4.226673759210337,4.247807440323283,4.147424150471358,4.157990455627441,158398,0.0,0.0
2024-04-16 00:00:00-04:00,4.147423514902426,4.157989818439284,4.094589855616908,4.0998735427856445,101018,0.0,0.0
2024-04-17 00:00:00-04:00,4.1368579828353145,4.19497427434123,4.052324319080513,4.057607650756836,106118,0.0,0.0
2024-04-18 00:00:00-04:00,3.946656227111816,4.01533951352288,3.9255225512826004,3.9466562271118164,440766,0.0,0.0
2024-04-19 00:00:00-04:00,3.962505859350096,3.978356205455384,3.9255225512826004,3.9466562271118164,129779,0.0,0.0
2024-04-22 00:00:00-04:00,3.999492599077917,4.031191885095237,3.9519418853832056,3.9889252185821533,128645,0.0,0.0
2024-04-23 00:00:00-04:00,4.020624565152817,4.0364749180463075,4.004774569192982,4.031190872192383,74665,0.0,0.0
2024-04-24 00:00:00-04:00,4.031190872192383,4.031190872192383,4.010057901179593,4.031190872192383,46754,0.0,0.0
2024-04-25 00:00:00-04:00,4.010057759837914,4.020624423438696,3.9572240849003597,3.9994914531707764,160240,0.0,0.0
2024-04-26 00:00:00-04:00,4.041757822613755,4.068174839019775,4.02062449503586,4.068174839019775,101868,0.0,0.0
2024-04-29 00:00:00-04:00,4.116349220275879,4.116349220275879,4.078879280369407,4.116349220275879,75799,0.070582,0.0
2024-04-30 00:00:00-04:00,4.105644053306623,4.105644053306623,4.057468414306641,4.057468414306641,78916,0.0,0.0
2024-05-01 00:00:00-04:00,4.068174499154952,4.105644444166545,4.068174499154952,4.08958625793457,27061,0.0,0.0
2024-05-02 00:00:00-04:00,4.094938187673697,4.121702792094122,4.078879280369407,4.116349220275879,111502,0.0,0.0
2024-05-03 00:00:00-04:00,4.143113824696303,4.143113824696303,4.094938187673697,4.116349220275879,66306,0.0,0.0
2024-05-06 00:00:00-04:00,4.116349359441585,4.143113964766869,4.094938326115538,4.137761116027832,74382,0.0,0.0
2024-05-07 00:00:00-04:00,4.14311302748131,4.1538190841674805,4.1002902472567015,4.1538190841674805,93934,0.0,0.0
2024-05-08 00:00:00-04:00,4.14311408996582,4.175231183370573,4.127055904893555,4.14311408996582,93509,0.0,0.0
2024-05-09 00:00:00-04:00,4.148466601852725,4.175230844182407,4.137760904920852,4.164525508880615,46613,0.0,0.0
2024-05-10 00:00:00-04:00,4.175230769292522,4.2073478595120655,4.175230769292522,4.201995372772217,134029,0.0,0.0
2024-05-13 00:00:00-04:00,4.201995983981256,4.234113078872451,4.1966431348327236,4.212701320648193,92800,0.0,0.0
2024-05-14 00:00:00-04:00,4.212701333338059,4.239465940791472,4.207348484173403,4.228760242462158,38254,0.0,0.0
2024-05-15 00:00:00-04:00,4.2662301737636446,4.271583022912178,4.201995983981256,4.212701320648193,111644,0.0,0.0
2024-05-16 00:00:00-04:00,4.22875975544226,4.244817939456705,4.212700848167641,4.22340726852417,108810,0.0,0.0
2024-05-17 00:00:00-04:00,4.22340726852417,4.239465452538615,4.218053696715819,4.22340726852417,52563,0.0,0.0
2024-05-21 00:00:00-04:00,4.212701333338059,4.250171277490657,4.212701333338059,4.228760242462158,82458,0.0,0.0
2024-05-22 00:00:00-04:00,4.2234077549276305,4.234113091626815,4.2180541825027165,4.228760242462158,34287,0.0,0.0
2024-05-23 00:00:00-04:00,4.234112603990437,4.234112603990437,4.207347999619464,4.22340726852417,85716,0.0,0.0
2024-05-24 00:00:00-04:00,4.234113825720889,4.260878437814645,4.2180549138125585,4.244819164276123,67298,0.0,0.0
2024-05-27 00:00:00-04:00,4.234113474062696,4.266230571951533,4.234113474062696,4.250171661376953,86141,0.0,0.0
2024-05-28 00:00:00-04:00,4.260877484209661,4.260877484209661,4.212701120896965,4.255524635314941,78066,0.0,0.0
2024-05-29 00:00:00-04:00,4.228760242462158,4.250171277490657,4.180584238350119,4.228760242462158,123545,0.0,0.0
2024-05-30 00:00:00-04:00,4.228760029211234,4.26622997147427,4.223407541946624,4.255524635314941,52280,0.0,0.0
2024-05-31 00:00:00-04:00,4.277208941606649,4.298892361493937,4.244682346828252,4.288050651550293,49871,0.070582,0.0
2024-06-03 00:00:00-04:00,4.293473225785067,4.293473225785067,4.2229993391603164,4.233841419219971,54688,0.0,0.0
2024-06-04 00:00:00-04:00,4.250104905546449,4.250104905546449,4.206736585307832,4.233841419219971,32870,0.0,0.0
2024-06-05 00:00:00-04:00,4.228420379190143,4.293473225785067,4.201315179041007,4.233841419219971,27061,0.0,0.0
2024-06-06 00:00:00-04:00,4.244683865516622,4.255525945576276,4.201315179041007,4.233841419219971,173983,0.0,0.0
2024-06-07 00:00:00-04:00,4.2663676593989335,4.2663676593989335,4.201315179041007,4.233841419219971,43212,0.0,0.0
2024-06-10 00:00:00-04:00,4.250103950500488,4.250103950500488,4.217577717630534,4.250103950500488,83308,0.0,0.0
2024-06-11 00:00:00-04:00,4.2555238628142,4.2555238628142,4.1796293395413375,4.185050010681152,163357,0.0,0.0
2024-06-12 00:00:00-04:00,4.228418560170913,4.2555241148965335,4.185050258588862,4.195892333984375,99176,0.0,0.0
2024-06-13 00:00:00-04:00,4.2013131874657175,4.206734591162599,4.119997625564844,4.125418663024902,116319,0.0,0.0
2024-06-14 00:00:00-04:00,4.119996890136009,4.1254179266283995,4.065786158975342,4.0983123779296875,140972,0.0,0.0
2024-06-17 00:00:00-04:00,4.0983141624796104,4.212156710864378,4.076630373304922,4.092893123626709,113486,0.0,0.0
2024-06-18 00:00:00-04:00,4.119996946457609,4.20131249495508,4.109154873324613,4.157944202423096,58656,0.0,0.0
2024-06-19 00:00:00-04:00,3.984472091472541,4.0657876690600325,3.9682093421919364,4.060366630554199,784907,0.0,0.0
2024-06-20 00:00:00-04:00,4.092892505539878,4.092892505539878,4.049524567502779,4.065787315368652,207703,0.0,0.0
2024-06-21 00:00:00-04:00,4.087471236318532,4.087471236318532,4.065786721114093,4.076629161834717,67298,0.0,0.0
2024-06-24 00:00:00-04:00,4.06578826984024,4.082051753997803,4.06036723053337,4.082051753997803,249073,0.0,0.0
2024-06-25 00:00:00-04:00,4.076629161834717,4.087471236318532,4.065786721114093,4.076629161834717,68998,0.0,0.0
2024-06-26 00:00:00-04:00,4.082051876180282,4.092893588881586,4.07663083671115,4.087472915649414,98326,0.0,0.0
2024-06-27 00:00:00-04:00,4.092893123626709,4.092893123626709,4.076630373304922,4.092893123626709,100026,0.0,0.0
2024-06-28 00:00:00-04:00,4.098387597900731,4.120362445616923,4.087399246160472,4.114868640899658,85716,0.070582,0.0
2024-07-02 00:00:00-04:00,4.09289391332216,4.136844352350351,4.076412127533712,4.098387718200684,93650,0.0,0.0
2024-07-03 00:00:00-04:00,4.103881402617995,4.1368442309215805,4.098387597900731,4.114868640899658,64748,0.0,0.0
2024-07-04 00:00:00-04:00,4.11486861190064,4.147831439971924,4.11486861190064,4.147831439971924,58797,0.0,0.0
2024-07-05 00:00:00-04:00,4.131350740058614,4.142338350327859,4.114868953501852,4.120362758636475,51855,0.0,0.0
2024-07-08 00:00:00-04:00,4.120362758636475,4.125856934923991,4.1038817143855,4.120362758636475,48313,0.0,0.0
2024-07-09 00:00:00-04:00,4.120362758636475,4.120362758636475,4.098387909250878,4.120362758636475,30036,0.0,0.0
2024-07-10 00:00:00-04:00,4.120362758636475,4.136844545193236,4.10937514836723,4.120362758636475,83024,0.0,0.0
2024-07-11 00:00:00-04:00,4.1148682566701344,4.153324886100061,4.109374452465859,4.131350040435791,122128,0.0,0.0
2024-07-12 00:00:00-04:00,4.147831709792461,4.175301106124972,4.136844470873499,4.142338275909424,92659,0.0,0.0
2024-07-15 00:00:00-04:00,4.153325604821961,4.17530119659471,4.142338365664929,4.158820152282715,68148,0.0,0.0
2024-07-16 00:00:00-04:00,4.175300098121991,4.230238506370868,4.164312490702775,4.208262920379639,136863,0.0,0.0
2024-07-17 00:00:00-04:00,4.219251830559859,4.219251830559859,4.158820342247787,4.180795192718506,211245,0.0,0.0
2024-07-18 00:00:00-04:00,4.186287835726751,4.186287835726751,4.1533250095215655,4.175300598144531,73107,0.0,0.0
2024-07-19 00:00:00-04:00,4.1533250095215655,4.1807944025120625,4.1533250095215655,4.175300598144531,64748,0.0,0.0
2024-07-22 00:00:00-04:00,4.1862879715270465,4.202769756317139,4.169806929042662,4.202769756317139,60356,0.0,0.0
2024-07-23 00:00:00-04:00,4.208264262054151,4.208264262054151,4.175301429287326,4.191782474517822,67298,0.0,0.0
2024-07-24 00:00:00-04:00,4.191781640094282,4.191781640094282,4.1533250095215655,4.175300598144531,97476,0.0,0.0
2024-07-25 00:00:00-04:00,4.158819719231924,4.186287999840726,4.153325172343307,4.169806957244873,55822,0.0,0.0
2024-07-26 00:00:00-04:00,4.202770414342136,4.202770414342136,4.175301387312598,4.180795192718506,117594,0.0,0.0
2024-07-29 00:00:00-04:00,4.197276186767497,4.197276186767497,4.16431298940947,4.175300598144531,78207,0.0,0.0
2024-07-30 00:00:00-04:00,4.191781640094282,4.191781640094282,4.16431298940947,4.175300598144531,84583,0.0,0.0
2024-07-31 00:00:00-04:00,4.225405216217041,4.2309722726250465,4.186435821361003,4.225405216217041,67865,0.070582,0.0
2024-08-01 00:00:00-04:00,4.208702564239502,4.230971160117773,4.186434720564305,4.208702564239502,36128,0.0,0.0
2024-08-02 00:00:00-04:00,4.186434433193149,4.186434433193149,4.091794129536929,4.12519645690918,242698,0.0,0.0
2024-08-06 00:00:00-04:00,4.0639591579837,4.158599853515625,4.013856034675921,4.158599853515625,163357,0.0,0.0
2024-08-07 00:00:00-04:00,4.169733588393908,4.23097157488469,4.125197144474483,4.158599853515625,156415,0.0,0.0
2024-08-08 00:00:00-04:00,4.169734018916965,4.192002619277473,4.136331682528621,4.1753010749816895,143805,0.0,0.0
2024-08-09 00:00:00-04:00,4.192002259978849,4.192002259978849,4.164166605939425,4.180868148803711,68856,0.0,0.0
2024-08-12 00:00:00-04:00,4.203136337405764,4.203136337405764,4.1641669451186525,4.169734001159668,118870,0.0,0.0
2024-08-13 00:00:00-04:00,4.192002943328237,4.214271545410156,4.186435886833168,4.214271545410156,49730,0.0,0.0
2024-08-14 00:00:00-04:00,4.230971336364746,4.230971336364746,4.192001950132139,4.230971336364746,112494,0.0,0.0
2024-08-15 00:00:00-04:00,4.242105070615367,4.281074456847975,4.219837226012572,4.230971336364746,158398,0.0,0.0
2024-08-16 00:00:00-04:00,4.247671762259287,4.264373302459717,4.203135324662194,4.264373302459717,33578,0.0,0.0
2024-08-19 00:00:00-04:00,4.264373340604891,4.286641935704153,4.247671800255064,4.27550745010376,52847,0.0,0.0
2024-08-20 00:00:00-04:00,4.258808957765441,4.264376016007561,4.2365407247969635,4.247674465179443,41796,0.0,0.0
2024-08-21 00:00:00-04:00,4.247671762259287,4.275507411858991,4.24210470755965,4.264373302459717,92942,0.0,0.0
2024-08-22 00:00:00-04:00,4.25880689757521,4.286642551422119,4.242105354826434,4.286642551422119,117594,0.0,0.0
2024-08-23 00:00:00-04:00,4.281074734371641,4.32004487533362,4.281074734371641,4.314477443695068,181209,0.0,0.0
2024-08-26 00:00:00-04:00,4.308910969448394,4.353448171955605,4.286643120398043,4.3478803634643555,113061,0.0,0.0
2024-08-27 00:00:00-04:00,4.342312447782884,4.3757147789001465,4.331178713512017,4.3757147789001465,128929,0.0,0.0
2024-08-28 00:00:00-04:00,4.364581126624487,4.37571486110452,4.34787958465054,4.370148181915283,102435,0.0,0.0
2024-08-29 00:00:00-04:00,4.37014859402936,4.397983873108264,4.320045091687334,4.381282329559326,269050,0.0,0.0
2024-08-30 00:00:00-04:00,4.432031088345986,4.432031088345986,4.381283130759857,4.4151153564453125,101868,0.070582,0.0
2024-09-03 00:00:00-04:00,4.415115510096499,4.415115510096499,4.341812351893644,4.381283283233643,113202,0.0,0.0
2024-09-04 00:00:00-04:00,4.37000476621164,4.437669208678657,4.364366062672722,4.420753479003906,114619,0.0,0.0
2024-09-05 00:00:00-04:00,4.420754262019969,4.43766999469088,4.3981990629272545,4.409477233886719,109094,0.0,0.0
2024-09-06 00:00:00-04:00,4.420752987763084,4.448946883266729,4.358726874785417,4.364365577697754,123970,0.0,0.0
2024-09-09 00:00:00-04:00,4.398199401638298,4.443309041413536,4.398199401638298,4.432031631469727,103568,0.0,0.0
2024-09-10 00:00:00-04:00,4.448946387079893,4.448946387079893,4.415113792437229,4.443306922912598,117028,0.0,0.0
2024-09-11 00:00:00-04:00,4.443307011702678,4.454584797436874,4.426391285456199,4.448946475982666,127512,0.0,0.0
2024-09-12 00:00:00-04:00,4.4545857762145165,4.499695405295248,4.437669284367232,4.494056701660156,184467,0.0,0.0
2024-09-13 00:00:00-04:00,4.499695524013462,4.539166450500488,4.494056820229601,4.539166450500488,217195,0.0,0.0
2024-09-16 00:00:00-04:00,4.5673610945173175,4.612470351195789,4.544805894764958,4.606832027435303,214645,0.0,0.0
2024-09-17 00:00:00-04:00,4.612469641518806,4.70832798765575,4.612469641518806,4.69141149520874,239156,0.0,0.0
2024-09-18 00:00:00-04:00,4.6744968006721255,4.708329031180463,4.663219771444788,4.697052001953125,84158,0.0,0.0
2024-09-19 00:00:00-04:00,4.725243932671577,4.753437450853184,4.708327821762613,4.7365217208862305,201186,0.0,0.0
2024-09-20 00:00:00-04:00,4.742161919698746,4.753438949584961,4.713968011685753,4.753438949584961,124112,0.0,0.0
2024-09-23 00:00:00-04:00,4.747799748851715,4.770354949097441,4.747799748851715,4.764716625213623,119861,0.0,0.0
2024-09-24 00:00:00-04:00,4.7759928703308105,4.781631574231583,4.753437673785694,4.7759928703308105,113486,0.0,0.0
2024-09-25 00:00:00-04:00,4.764716424126355,4.781632156948089,4.764716424126355,4.770354747772217,105410,0.0,0.0
2024-09-26 00:00:00-04:00,4.77599278843501,4.826740741729736,4.77599278843501,4.826740741729736,203594,0.0,0.0
2024-09-27 00:00:00-04:00,4.878089904785156,4.889500230714103,4.855268867482344,4.878089904785156,94501,0.070582,0.0
2024-09-30 00:00:00-04:00,4.860974223169277,4.883794875027171,4.843857385218642,4.878089904785156,149472,0.0,0.0
2024-10-01 00:00:00-04:00,4.860975654794661,4.860975654794661,4.826743125146187,4.832448482513428,126379,0.0,0.0
2024-10-02 00:00:00-04:00,4.803919800366065,4.872384452699623,4.803919800366065,4.849562644958496,105268,0.0,0.0
2024-10-03 00:00:00-04:00,4.843858424193639,4.866680237281415,4.832448095817255,4.855269908905029,56530,0.0,0.0
2024-10-04 00:00:00-04:00,4.8666791915893555,4.889500228883624,4.85526886566468,4.8666791915893555,140688,0.0,0.0
2024-10-07 00:00:00-04:00,4.878090291148269,4.895206745009674,4.860974608176764,4.889500617980957,89400,0.0,0.0
2024-10-08 00:00:00-04:00,4.889500617521339,4.895206744549519,4.86667957841316,4.883795261383057,87275,0.0,0.0
2024-10-09 00:00:00-04:00,4.889501277292188,4.906617733461614,4.8780909489209066,4.895207405090332,80333,0.0,0.0
2024-10-10 00:00:00-04:00,4.889499374075185,4.906615823582104,4.878089050145324,4.9009108543396,83591,0.0,0.0
2024-10-11 00:00:00-04:00,4.90661773130248,4.940850258181266,4.90661773130248,4.935144901275635,142388,0.0,0.0
2024-10-15 00:00:00-04:00,4.940849782485799,4.992197604247806,4.940849782485799,4.975081920623779,175825,0.0,0.0
2024-10-16 00:00:00-04:00,4.997901634737138,5.054955568609865,4.997901634737138,5.037839889526367,192118,0.0,0.0
2024-10-17 00:00:00-04:00,5.060662269354532,5.077778723879938,5.032135102108832,5.054956912994385,119720,0.0,0.0
2024-10-18 00:00:00-04:00,5.066367717882441,5.083484174021437,5.0321355764944515,5.060662746429443,87558,0.0,0.0
2024-10-21 00:00:00-04:00,5.077779113069498,5.083484084421943,4.969376948473185,4.997903347015381,176250,0.0,0.0
2024-10-22 00:00:00-04:00,5.015019321589168,5.015019321589168,4.912322523645534,4.9522600173950195,155848,0.0,0.0
2024-10-23 00:00:00-04:00,4.935144237981403,4.935144237981403,4.889500617980957,4.889500617980957,135304,0.0,0.0
2024-10-24 00:00:00-04:00,4.838152420359908,4.923732370314202,4.809625256448584,4.912322044372559,300220,0.0,0.0
2024-10-25 00:00:00-04:00,4.906616599407682,4.969375896336841,4.900911629263118,4.923732280731201,209261,0.0,0.0
2024-10-28 00:00:00-04:00,4.889500715586579,5.01501932403612,4.889500715586579,4.992197513580322,179934,0.0,0.0
2024-10-29 00:00:00-04:00,4.997902487858229,5.032134622758231,4.992197132041562,5.020724296569824,84016,0.0,0.0
2024-10-30 00:00:00-04:00,5.020725158455616,5.037841614288851,5.020725158455616,5.032135486602783,42079,0.0,0.0
2024-10-31 00:00:00-04:00,5.055218687032973,5.060989862024694,4.887865918364719,4.893636703491211,226121,0.070582,0.0
2024-11-01 00:00:00-04:00,4.905177905938415,4.9917404629555335,4.905177905938415,4.951344966888428,137855,0.0,0.0
2024-11-04 00:00:00-05:00,4.9686569101356,4.9686569101356,4.876324737976966,4.893636703491211,62198,0.0,0.0
2024-11-05 00:00:00-05:00,4.893635212746458,4.962884613168958,4.893635212746458,4.957114219665527,55680,0.0,0.0
2024-11-06 00:00:00-05:00,5.020593887845702,5.072530949036272,5.00328114425032,5.0609893798828125,484687,0.0,0.0
2024-11-07 00:00:00-05:00,5.078301214625346,5.101384350573236,5.0667596466514,5.095613956451416,185884,0.0,0.0
2024-11-08 00:00:00-05:00,5.101385055295527,5.182176042273879,5.095614660376564,5.159092903137207,283360,0.0,0.0
2024-11-11 00:00:00-05:00,5.182175837299554,5.262966821082323,5.176405442608832,5.257196426391602,170299,0.0,0.0
2024-11-12 00:00:00-05:00,5.257196848070724,5.262967243224288,5.193717822998856,5.228342533111572,206711,0.0,0.0
2024-11-13 00:00:00-05:00,5.2456546696596655,5.262966632843018,5.234112711095468,5.262966632843018,118303,0.0,0.0
2024-11-14 00:00:00-05:00,5.257196871287435,5.303362761776378,5.239884906019846,5.286050796508789,138421,0.0,0.0
2024-11-15 00:00:00-05:00,5.280281956176535,5.337989433746727,5.280281956176535,5.332218647003174,120570,0.0,0.0
2024-11-18 00:00:00-05:00,5.320676426961718,5.401467425634104,5.320676426961718,5.395696640014648,144514,0.0,0.0
2024-11-19 00:00:00-05:00,5.378381868348521,5.430319309234619,5.3610699078733095,5.430319309234619,73249,0.0,0.0
2024-11-20 00:00:00-05:00,5.430319309234619,5.441860876128171,5.418778132206183,5.430319309234619,59506,0.0,0.0
2024-11-21 00:00:00-05:00,5.4303200332528,5.476486306982301,5.4245492490366125,5.470715522766113,173841,0.0,0.0
2024-11-22 00:00:00-05:00,5.470717004632828,5.505341719308836,5.464946218853493,5.499571323394775,155706,0.0,0.0
2024-11-25 00:00:00-05:00,5.539966028772925,5.603445053100586,5.522653284054313,5.603445053100586,250774,0.0,0.0
2024-11-26 00:00:00-05:00,5.580361843109131,5.603445374101243,5.5515075268353,5.580361843109131,103001,0.0,0.0
2024-11-27 00:00:00-05:00,5.563049199180708,5.586132340729911,5.539966447496751,5.574591159820557,69140,0.0,0.0
2024-11-28 00:00:00-05:00,5.5572779220013935,5.597673416137695,5.5572779220013935,5.597673416137695,184326,0.0,0.0
2024-11-29 00:00:00-05:00,5.591843335179409,5.6443210190068145,5.574350248668501,5.620997428894043,90392,0.070582,0.0
2024-12-02 00:00:00-05:00,5.609335400061994,5.63265938312904,5.551026821136475,5.551026821136475,163924,0.0,0.0
2024-12-03 00:00:00-05:00,5.56268848506856,5.580181177752058,5.422746549674247,5.469393730163574,180784,0.0,0.0
2024-12-04 00:00:00-05:00,5.516041245329007,5.545194942887019,5.486886365992098,5.510209560394287,56530,0.0,0.0
2024-12-05 00:00:00-05:00,5.4927166725494345,5.591842306214761,5.481054879638956,5.5860114097595215,155990,0.0,0.0
2024-12-06 00:00:00-05:00,5.556857740665468,5.615166319824393,5.556857740665468,5.609335422515869,126237,0.0,0.0
2024-12-09 00:00:00-05:00,5.59767367788424,5.615165974808709,5.551026502282215,5.603504180908203,88125,0.0,0.0
2024-12-10 00:00:00-05:00,5.591843102132757,5.609335400061994,5.539364632639795,5.551026821136475,58656,0.0,0.0
2024-12-11 00:00:00-05:00,5.5568591185647005,5.586013612336576,5.539366028375162,5.545196533203125,120853,0.0,0.0
2024-12-12 00:00:00-05:00,5.580181717969262,5.580181717969262,5.510210546535033,5.516042232513428,114194,0.0,0.0
2024-12-13 00:00:00-05:00,5.527702808380127,5.533533705633992,5.457732041333741,5.527702808380127,63614,0.0,0.0
2024-12-16 00:00:00-05:00,5.504379467001247,5.539365248528518,5.4519017795262315,5.457732677459717,71832,0.0,0.0
2024-12-17 00:00:00-05:00,5.481056786318781,5.481056786318781,5.236158262154053,5.265313148498535,657395,0.0,0.0
2024-12-18 00:00:00-05:00,5.259481326598038,5.329452490042876,4.967936059677905,5.026244640350342,341732,0.0,0.0
2024-12-19 00:00:00-05:00,5.020413398742676,5.072891866210504,4.9679357191274445,5.020413398742676,229947,0.0,0.0
2024-12-20 00:00:00-05:00,5.014582428731644,5.090384483337402,4.985427943854926,5.090384483337402,137430,0.0,0.0
2024-12-23 00:00:00-05:00,5.08455415717758,5.259481480002328,5.08455415717758,5.253650188446045,114194,0.0,0.0
2024-12-24 00:00:00-05:00,5.2828056172553595,5.352776795200171,5.236158427909756,5.3411149978637695,119861,0.0,0.0
2024-12-27 00:00:00-05:00,5.335283778116547,5.393592363057948,5.323621194490288,5.376100063323975,147064,0.0,0.0
2024-12-30 00:00:00-05:00,5.364437107480211,5.364437107480211,5.294467125546558,5.346944808959961,120428,0.0,0.0
2024-12-31 00:00:00-05:00,5.335155185893647,5.364631515854254,5.299784067864414,5.323365211486816,54547,0.070582,0.0
2025-01-02 00:00:00-05:00,5.346945194156456,5.352841176631991,5.252622219173622,5.299783706665039,130062,0.0,0.0
2025-01-03 00:00:00-05:00,5.305679272717151,5.329260416421841,5.287994111910402,5.311574459075928,104843,0.0,0.0
2025-01-06 00:00:00-05:00,5.323363827994579,5.335153799337306,5.311573060112897,5.317468643188477,120145,0.0,0.0
2025-01-07 00:00:00-05:00,5.3410503013230635,5.346945487583003,5.252622507423968,5.264412879943848,116178,0.0,0.0
2025-01-08 00:00:00-05:00,5.246726635010436,5.2644117918654105,5.128822535911153,5.152402877807617,187301,0.0,0.0
2025-01-09 00:00:00-05:00,5.12882248892655,5.164193200581966,5.117031720682092,5.158298015594482,80191,0.0,0.0
2025-01-10 00:00:00-05:00,5.164194167780566,5.164194167780566,5.028604887673998,5.040395259857178,181067,0.0,0.0
2025-01-13 00:00:00-05:00,5.005024412181592,5.016815582475601,4.8930158615112305,4.8930158615112305,325156,0.0,0.0
2025-01-14 00:00:00-05:00,4.957862630607631,4.9932337469861805,4.9165963281659915,4.975547790527344,213937,0.0,0.0
2025-01-15 00:00:00-05:00,5.010919002232406,5.111137565481056,4.999129028151496,5.0993475914001465,146639,0.0,0.0
2025-01-16 00:00:00-05:00,5.117032506063142,5.187775135040283,5.0993473466557955,5.187775135040283,114619,0.0,0.0
2025-01-17 00:00:00-05:00,5.187774594297908,5.240831660067802,5.187774594297908,5.205460548400879,136154,0.0,0.0
2025-01-20 00:00:00-05:00,5.1995659522360125,5.258518218994141,5.1995659522360125,5.258518218994141,134879,0.0,0.0
2025-01-21 00:00:00-05:00,5.258516677713937,5.31746892719306,5.258516677713937,5.282097816467285,190135,0.0,0.0
2025-01-22 00:00:00-05:00,5.287994023253182,5.305679183763425,5.258517693683908,5.264412879943848,59081,0.0,0.0
2025-01-23 00:00:00-05:00,5.2938877884397115,5.305678158681636,5.276202631346322,5.282097816467285,37545,0.0,0.0
2025-01-24 00:00:00-05:00,5.293889340087247,5.299784526936099,5.246728243566054,5.258518218994141,57239,0.0,0.0
2025-01-27 00:00:00-05:00,5.246726425515251,5.317468643188477,5.246726425515251,5.317468643188477,87417,0.0,0.0
2025-01-28 00:00:00-05:00,5.270307255496087,5.335154294380295,5.270307255496087,5.305678367614746,85008,0.0,0.0
2025-01-29 00:00:00-05:00,5.305677875306795,5.335153799337306,5.305677875306795,5.317468643188477,87417,0.0,0.0
2025-01-30 00:00:00-05:00,5.31746937480415,5.3410497190034345,5.305678605300209,5.3351545333862305,169166,0.0,0.0
2025-01-31 00:00:00-05:00,5.353038229891833,5.353038229891833,5.078829742868216,5.1265177726745605,237597,0.070582,0.0
2025-02-03 00:00:00-05:00,4.697321091572432,4.929803429070862,4.440995743838788,4.822504043579102,738011,0.0,0.0
2025-02-04 00:00:00-05:00,4.9476863109726725,5.090752027548939,4.9476863109726725,5.0669074058532715,179934,0.0,0.0
2025-02-05 00:00:00-05:00,5.084790972804909,5.096713082292969,5.025180022645062,5.0669074058532715,61631,0.0,0.0
2025-02-06 00:00:00-05:00,5.072869424587543,5.132479571171394,5.037103095005496,5.108634948730469,207136,0.0,0.0
2025-02-07 00:00:00-05:00,5.120557978044118,5.1265186303876185,5.096713355072271,5.1026740074157715,94926,0.0,0.0
2025-02-10 00:00:00-05:00,5.102672875874938,5.108633929616117,5.078829466349183,5.0907511711120605,81041,0.0,0.0
2025-02-11 00:00:00-05:00,5.090752062477525,5.090752062477525,5.0251800571237455,5.072869300842285,98043,0.0,0.0
2025-02-12 00:00:00-05:00,5.0430624627254925,5.060945220242137,5.031139953181967,5.0549845695495605,62906,0.0,0.0
2025-02-13 00:00:00-05:00,5.060946190303822,5.066907244858447,4.9953745902029505,5.025179862976074,104418,0.0,0.0
2025-02-14 00:00:00-05:00,5.0251799605083525,5.0549856365795005,5.007297199216932,5.04902458190918,87275,0.0,0.0
2025-02-18 00:00:00-05:00,5.049025100675871,5.102674195501443,5.037103392829865,5.096713542938232,155281,0.0,0.0
2025-02-19 00:00:00-05:00,5.0788294552626985,5.120556831359863,5.066906542367407,5.120556831359863,73249,0.0,0.0
2025-02-20 00:00:00-05:00,5.108634095530655,5.156323332447861,5.102673041595877,5.132478713989258,119861,0.0,0.0
2025-02-21 00:00:00-05:00,5.132479685450688,5.132479685450688,5.084791244946133,5.1026740074157715,56955,0.0,0.0
2025-02-24 00:00:00-05:00,5.096713542938232,5.126518819352208,5.066907863804672,5.096713542938232,168458,0.0,0.0
2025-02-25 00:00:00-05:00,5.120556831359863,5.132478536096717,5.084790106271385,5.120556831359863,93509,0.0,0.0
2025-02-26 00:00:00-05:00,5.120556236241742,5.15632255445393,5.120556236241742,5.144399642944336,114477,0.0,0.0
2025-02-27 00:00:00-05:00,5.144400240833571,5.156323153728862,5.084790106271385,5.120556831359863,123262,0.0,0.0
2025-02-28 00:00:00-05:00,5.114526503819486,5.168807506561279,5.102463968218414,5.168807506561279,61206,0.070582,0.0
2025-03-03 00:00:00-05:00,5.156745472026985,5.18087095113008,5.02405757800668,5.042150974273682,161232,0.0,0.0
2025-03-04 00:00:00-05:00,4.915493865865593,4.963744004411504,4.74058629871067,4.891368389129639,393587,0.0,0.0
2025-03-05 00:00:00-05:00,4.8853374196980255,5.072307109832764,4.8853374196980255,5.072307109832764,248365,0.0,0.0
2025-03-06 00:00:00-05:00,5.036119954564649,5.078338832015468,4.95168219966301,4.987870216369629,159248,0.0,0.0
2025-03-07 00:00:00-05:00,4.9577124665256465,5.024056810868523,4.9456503400104594,4.999931335449219,100026,0.0,0.0
2025-03-10 00:00:00-04:00,4.921525001525879,4.981838080557804,4.879306131427623,4.921525001525879,97192,0.0,0.0
2025-03-11 00:00:00-04:00,4.957711900197793,4.963743166497914,4.800898976394673,4.812961101531982,133179,0.0,0.0
2025-03-12 00:00:00-04:00,4.8551804279468005,4.9396181641887065,4.8310557679120825,4.927556037902832,111786,0.0,0.0
2025-03-13 00:00:00-04:00,4.945650913942846,4.945650913942846,4.867244026522851,4.885337829589844,116319,0.0,0.0
2025-03-14 00:00:00-04:00,4.915495105735717,4.9456518573965615,4.903432160593518,4.93358850479126,115186,0.0,0.0
2025-03-17 00:00:00-04:00,4.94565053842891,4.98183814181524,4.94565053842891,4.969775199890137,66590,0.0,0.0
2025-03-18 00:00:00-04:00,4.975806059658198,4.975806059658198,4.94565053842891,4.969775199890137,33295,0.0,0.0
2025-03-19 00:00:00-04:00,4.963744036666134,5.06024472184802,4.963744036666134,5.054213047027588,100734,0.0,0.0
2025-03-20 00:00:00-04:00,5.0059633668135985,5.084369849643779,4.993900830993571,5.042150974273682,123403,0.0,0.0
2025-03-21 00:00:00-04:00,5.030088239552047,5.072307109832764,5.011994030540177,5.072307109832764,68148,0.0,0.0
2025-03-24 00:00:00-04:00,5.084370567730958,5.162777061634819,5.084370567730958,5.138652801513672,94642,0.0,0.0
2025-03-25 00:00:00-04:00,5.162776238760743,5.168807506561279,5.138651982484663,5.168807506561279,19552,0.0,0.0
2025-03-26 00:00:00-04:00,5.18690225275961,5.217059002337763,5.1084957632604056,5.156745910644531,100309,0.0,0.0
2025-03-27 00:00:00-04:00,5.1024629621516535,5.144681828430995,5.072306629094981,5.120556354522705,73957,0.0,0.0
2025-03-28 00:00:00-04:00,5.1145259801134815,5.12658810701641,5.030088239552047,5.072307109832764,70698,0.0,0.0
2025-03-31 00:00:00-04:00,5.047892135934034,5.1516571044921875,4.9990605437075795,5.1516571044921875,77357,0.070582,0.0
2025-04-01 00:00:00-04:00,5.102826336998328,5.157761775161515,5.066203261377934,5.1516571044921875,73815,0.0,0.0
2025-04-02 00:00:00-04:00,5.102825720247985,5.261526107788086,5.102825720247985,5.261526107788086,121703,0.0,0.0
2025-04-03 00:00:00-04:00,5.096722920533353,5.21880026192106,5.096722920533353,5.127242565155029,164065,0.0,0.0
2025-04-04 00:00:00-04:00,5.041788790403072,5.041788790403072,4.840360617399935,4.956334114074707,174550,0.0,0.0
2025-04-07 00:00:00-04:00,4.516855973833486,4.87087942478253,4.461920539665693,4.742698669433594,254032,0.0,0.0
2025-04-08 00:00:00-04:00,4.907502724767038,5.096722356163861,4.693867297903214,4.870879650115967,108385,0.0,0.0
2025-04-09 00:00:00-04:00,4.693867659744692,5.127242392655566,4.693867659744692,5.1028265953063965,167182,0.0,0.0
2025-04-10 00:00:00-04:00,5.10893007576169,5.10893007576169,4.86477583104788,4.968541622161865,116319,0.0,0.0
2025-04-11 00:00:00-04:00,4.974646446858317,5.053996457985388,4.889192588721473,5.029581069946289,102860,0.0,0.0
2025-04-14 00:00:00-04:00,5.0662031173706055,5.090618912789812,5.023476197027996,5.0662031173706055,123545,0.0,0.0
2025-04-15 00:00:00-04:00,5.08451509475708,5.108930065576871,5.0723069907977525,5.08451509475708,68856,0.0,0.0
2025-04-16 00:00:00-04:00,5.084515404310739,5.084515404310739,4.980749607086182,4.980749607086182,122270,0.0,0.0
2025-04-17 00:00:00-04:00,5.035684052838542,5.0478925704956055,4.986853693507285,5.0478925704956055,81891,0.0,0.0
2025-04-21 00:00:00-04:00,5.047892730667702,5.084515810602962,4.99295728603212,5.017373085021973,122128,0.0,0.0
2025-04-22 00:00:00-04:00,5.066203263893001,5.096722493591813,5.066203263893001,5.072307109832764,84016,0.0,0.0
2025-04-23 00:00:00-04:00,5.108930037452518,5.163865061685071,5.1028261916896,5.145553112030029,125387,0.0,0.0
2025-04-24 00:00:00-04:00,5.145552565603144,5.188279481406231,5.1272414426252055,5.182175636291504,86850,0.0,0.0
2025-04-25 00:00:00-04:00,5.188280595192041,5.243216037750244,5.151657516641681,5.243216037750244,113061,0.0,0.0
2025-04-28 00:00:00-04:00,5.224903924744883,5.298150497730673,5.21269664367466,5.273735523223877,67581,0.0,0.0
2025-04-29 00:00:00-04:00,5.292046096881588,5.389708458880638,5.273734971010438,5.310358047485352,128504,0.0,0.0
2025-04-30 00:00:00-04:00,5.3103585412504115,5.322708185112583,5.1498131710421955,5.285658836364746,129354,0.070582,0.0
2025-05-01 00:00:00-04:00,5.273308741107622,5.298008441925049,5.230084994709323,5.298008441925049,49305,0.0,0.0
2025-05-02 00:00:00-04:00,5.316533667409886,5.390631951984366,5.316533667409886,5.359757423400879,57805,0.0,0.0
2025-05-05 00:00:00-04:00,5.328881712172749,5.341232188323347,5.291832786688493,5.298008441925049,53980,0.0,0.0
2025-05-06 00:00:00-04:00,5.298009516184311,5.335058449180852,5.273309810358609,5.31653356552124,57239,0.0,0.0
2025-05-07 00:00:00-04:00,5.341232446063983,5.372106552124023,5.322707565266683,5.372106552124023,30886,0.0,0.0
2025-05-08 00:00:00-04:00,5.409155828093422,5.464729644031224,5.384456956909662,5.4338555335998535,90108,0.0,0.0
2025-05-09 00:00:00-04:00,5.446204207802991,5.514127661018881,5.433854982045266,5.458554267883301,43637,0.0,0.0
2025-05-12 00:00:00-04:00,5.532653449908728,5.545002677691714,5.4770796304978004,5.495604515075684,93225,0.0,0.0
2025-05-13 00:00:00-04:00,5.520301954146687,5.588224983700573,5.489428266965265,5.575875759124756,147064,0.0,0.0
2025-05-14 00:00:00-04:00,5.563526554256608,5.588225841522217,5.545002088807402,5.588225841522217,73957,0.0,0.0
2025-05-15 00:00:00-04:00,5.588225841522217,5.606751141294058,5.545002088807402,5.588225841522217,91100,0.0,0.0
2025-05-16 00:00:00-04:00,5.619099836970014,5.643799539063738,5.575876088338231,5.625274658203125,254741,0.0,0.0
2025-05-20 00:00:00-04:00,5.625275012824234,5.643799894852668,5.600575309173424,5.606750965118408,85150,0.0,0.0
2025-05-21 00:00:00-04:00,5.612925760750648,5.619100582803355,5.538827896118164,5.538827896118164,108810,0.0,0.0
2025-05-22 00:00:00-04:00,5.557351221504482,5.6129250299040345,5.557351221504482,5.600574970245361,52988,0.0,0.0
2025-05-23 00:00:00-04:00,5.575876088338231,5.625274658203125,5.557351207477618,5.625274658203125,125954,0.0,0.0
2025-05-26 00:00:00-04:00,5.631448602140118,5.687022823019816,5.631448602140118,5.68084716796875,79908,0.0,0.0
2025-05-27 00:00:00-04:00,5.680848202848155,5.736422433851804,5.61910040147502,5.6931986808776855,242556,0.0,0.0
2025-05-28 00:00:00-04:00,5.7055472227697,5.75494579166954,5.699372401657219,5.74259614944458,120711,0.0,0.0
2025-05-29 00:00:00-04:00,5.736421987548635,5.7919949627446545,5.736421987548635,5.7611212730407715,92942,0.0,0.0
2025-05-30 00:00:00-04:00,5.798572638298665,5.823539525558894,5.742396298601194,5.811055660247803,95492,0.070582,0.0
2025-06-02 00:00:00-04:00,5.804813321099591,5.804813321099591,5.74239568790606,5.7611212730407715,60497,0.0,0.0
2025-06-03 00:00:00-04:00,5.761120873885686,5.773604315323299,5.704945809097327,5.767362594604492,70982,0.0,0.0
2025-06-04 00:00:00-04:00,5.773605823516846,5.786089689896424,5.75488107815001,5.773605823516846,70557,0.0,0.0
2025-06-05 00:00:00-04:00,5.773605823516846,5.798573134594989,5.75488107815001,5.773605823516846,76932,0.0,0.0
2025-06-06 00:00:00-04:00,5.754879925424786,5.836022299712322,5.754879925424786,5.829780578613281,101443,0.0,0.0
2025-06-09 00:00:00-04:00,5.83602296918901,5.83602296918901,5.786089194668549,5.811055660247803,74382,0.0,0.0
2025-06-10 00:00:00-04:00,5.8048132725361885,5.836022299712322,5.8048132725361885,5.829780578613281,45763,0.0,0.0
2025-06-11 00:00:00-04:00,5.836022299712322,5.848505320229477,5.82353885751424,5.829780578613281,31878,0.0,0.0
2025-06-12 00:00:00-04:00,5.842263810151188,5.848505109344253,5.773604458856523,5.817296504974365,115753,0.0,0.0
2025-06-13 00:00:00-04:00,5.81105492908218,5.81105492908218,5.742395576074512,5.786088466644287,86425,0.0,0.0
2025-06-16 00:00:00-04:00,5.8048131954829145,5.829780501228591,5.8048131954829145,5.823538780212402,48455,0.0,0.0
2025-06-17 00:00:00-04:00,5.82354002399212,5.842265191039968,5.75488107815001,5.773605823516846,123828,0.0,0.0
2025-06-18 00:00:00-04:00,5.77984601481362,5.798572021629263,5.754879973570444,5.7611212730407715,122553,0.0,0.0
2025-06-19 00:00:00-04:00,5.748638428058318,5.792330477452067,5.748638428058318,5.77984619140625,66590,0.0,0.0
2025-06-20 00:00:00-04:00,5.792330364250741,5.8110551062297455,5.748638315710879,5.804813385009766,35278,0.0,0.0
2025-06-23 00:00:00-04:00,5.81729783912574,5.860990738626031,5.811056116820273,5.848506450653076,92092,0.0,0.0
2025-06-24 00:00:00-04:00,5.848505163061029,5.904681494804614,5.848505163061029,5.898438930511475,56955,0.0,0.0
2025-06-25 00:00:00-04:00,5.904682197470802,5.9171652191379955,5.867231445745354,5.873473167419434,85433,0.0,0.0
2025-06-26 00:00:00-04:00,5.879714189398475,5.917164514986309,5.860989448285474,5.898438930511475,59081,0.0,0.0
2025-06-27 00:00:00-04:00,5.904681920786067,5.967098712921143,5.904681920786067,5.967098712921143,153439,0.0,0.0
2025-06-30 00:00:00-04:00,5.9734071701860145,6.055407724601818,5.960791339697155,6.042792320251465,90392,0.070582,0.0
2025-07-02 00:00:00-04:00,6.004946105284042,6.023868785665027,5.979714870452881,5.979714870452881,75940,0.0,0.0
2025-07-03 00:00:00-04:00,5.9923295974731445,6.017560403313906,5.986021896012954,5.9923295974731445,69848,0.0,0.0
2025-07-04 00:00:00-04:00,5.979715246648756,6.01756146206872,5.979715246648756,5.98602294921875,34145,0.0,0.0
2025-07-07 00:00:00-04:00,6.004945426531983,6.011253127992174,5.979714194552764,5.9923295974731445,23377,0.0,0.0
2025-07-08 00:00:00-04:00,5.992330150692204,6.017560958862305,5.992330150692204,6.017560958862305,41371,0.0,0.0
2025-07-09 00:00:00-04:00,6.036483964666403,6.036483964666403,6.004945881116424,6.023868560791016,55255,0.0,0.0
2025-07-10 00:00:00-04:00,6.023868787587428,6.061715000638489,6.011253809375582,6.042792320251465,76932,0.0,0.0
2025-07-11 00:00:00-04:00,6.0364838645528085,6.042791992524375,6.023868460886644,6.030176162719727,28478,0.0,0.0
2025-07-14 00:00:00-04:00,6.04279196991049,6.08694588257683,6.0175607365341,6.0617146492004395,64889,0.0,0.0
2025-07-15 00:00:00-04:00,6.061714092732991,6.080637196424275,6.017560184119995,6.036483287811279,124112,0.0,0.0
2025-07-16 00:00:00-04:00,6.061715502106472,6.080638610197456,6.049100522851025,6.068023204803467,107110,0.0,0.0
2025-07-17 00:00:00-04:00,6.074330080864029,6.118483993734223,6.074330080864029,6.0932536125183105,116178,0.0,0.0
2025-07-18 00:00:00-04:00,6.118483997501452,6.181561442064766,6.0932536162700055,6.150022506713867,154715,0.0,0.0
2025-07-21 00:00:00-04:00,6.1689457679706425,6.22571465200462,6.1689457679706425,6.194175720214844,123545,0.0,0.0
2025-07-22 00:00:00-04:00,6.168946868170477,6.213100783956977,6.168946868170477,6.187869548797607,49163,0.0,0.0
2025-07-23 00:00:00-04:00,6.187869423254692,6.200485253647675,6.150022784352747,6.168946743011475,149047,0.0,0.0
2025-07-24 00:00:00-04:00,6.168946492428183,6.194176447635293,6.168946492428183,6.181561470031738,28336,0.0,0.0
2025-07-25 00:00:00-04:00,6.187869399148352,6.2004852294921875,6.1689467189788525,6.2004852294921875,40946,0.0,0.0
2025-07-28 00:00:00-04:00,6.194175977643234,6.244638441059459,6.181561000996859,6.238329887390137,100309,0.0,0.0
2025-07-29 00:00:00-04:00,6.206792831420898,6.244639043426085,6.187869299279811,6.206792831420898,72682,0.0,0.0
2025-07-30 00:00:00-04:00,6.2131005334217635,6.238330489148231,6.200485129420034,6.206792831420898,59789,0.0,0.0
2025-07-31 00:00:00-04:00,6.257772186092071,6.257772186092071,6.1430678488995705,6.1621856689453125,64181,0.070582,0.0
2025-08-01 00:00:00-04:00,6.11757818386832,6.11757818386832,5.894541120486752,6.002873420715332,170441,0.0,0.0
2025-08-05 00:00:00-04:00,6.015618393630566,6.047481141295833,5.99012897042297,6.028364181518555,64889,0.0,0.0
2025-08-06 00:00:00-04:00,6.072970812134755,6.111205588854787,6.053852993261106,6.104833126068115,58939,0.0,0.0
2025-08-07 00:00:00-04:00,6.104834055792575,6.187676515149285,6.085716234007413,6.117578983306885,44488,0.0,0.0
2025-08-08 00:00:00-04:00,6.143068815230893,6.174931136129779,6.11757938902551,6.130323886871338,57805,0.0,0.0
2025-08-11 00:00:00-04:00,6.1112065195497305,6.168558262850425,6.098461161521723,6.117578983306885,60922,0.0,0.0
2025-08-12 00:00:00-04:00,6.143068407821806,6.168558262850425,6.104834055792575,6.117578983306885,65031,0.0,0.0
2025-08-13 00:00:00-04:00,6.168557701609015,6.1813026279637375,6.1430678488995705,6.1621856689453125,47463,0.0,0.0
2025-08-14 00:00:00-04:00,6.162185993878591,6.245028019552563,6.155813530365209,6.219537734985352,100026,0.0,0.0
2025-08-15 00:00:00-04:00,6.270517414203795,6.2960068341261675,6.219536852304567,6.232282638549805,112352,0.0,0.0
2025-08-18 00:00:00-04:00,6.213165178264348,6.2960076332092285,6.213165178264348,6.2960076332092285,56530,0.0,0.0
2025-08-19 00:00:00-04:00,6.276889876812793,6.302378866221545,6.200419894991193,6.232282638549805,109094,0.0,0.0
2025-08-20 00:00:00-04:00,6.251399936399068,6.26414529282497,6.181302413368006,6.257771968841553,58089,0.0,0.0
2025-08-21 00:00:00-04:00,6.245027948686461,6.30875301361084,6.232283452317997,6.30875301361084,111077,0.0,0.0
2025-08-22 00:00:00-04:00,6.31512443745013,6.3724761684647895,6.308751975058101,6.359731674194336,95917,0.0,0.0
2025-08-25 00:00:00-04:00,6.372476644272446,6.372476644272446,6.327869404197593,6.33424186706543,28619,0.0,0.0
2025-08-26 00:00:00-04:00,6.353358675074721,6.397965908050537,6.353358675074721,6.397965908050537,88550,0.0,0.0
2025-08-27 00:00:00-04:00,6.417084149901861,6.493554137994045,6.417084149901861,6.480809211730957,90675,0.0,0.0
2025-08-28 00:00:00-04:00,6.480809269460538,6.519044479104048,6.436202027142378,6.474437236785889,76082,0.0,0.0
2025-08-29 00:00:00-04:00,6.493744638997541,6.500180011792175,6.448693985883345,6.48087215423584,68148,0.070582,0.0
2025-09-02 00:00:00-04:00,6.397206719822767,6.429386192877667,6.32641327043995,6.39077091217041,108244,0.0,0.0
2025-09-03 00:00:00-04:00,6.429385569815269,6.468000411987305,6.390770292850163,6.468000411987305,75374,0.0,0.0
2025-09-04 00:00:00-04:00,6.493745347785908,6.500180721282959,6.442258011877943,6.500180721282959,69423,0.0,0.0
2025-09-05 00:00:00-04:00,6.500180011792175,6.525922807350035,6.435821501121644,6.48087215423584,89683,0.0,0.0
2025-09-08 00:00:00-04:00,6.493744638997541,6.493744638997541,6.455129358677979,6.48087215423584,69423,0.0,0.0
2025-09-09 00:00:00-04:00,6.4808722688682865,6.532359600067139,6.4808722688682865,6.532359600067139,46754,0.0,0.0
2025-09-10 00:00:00-04:00,6.525923196230668,6.577410529586959,6.525923196230668,6.564538478851318,144514,0.0,0.0
2025-09-11 00:00:00-04:00,6.577410870074286,6.648204326629639,6.577410870074286,6.648204326629639,124537,0.0,0.0
2025-09-12 00:00:00-04:00,6.693255424499512,6.725433594368735,6.6803829391310625,6.693255424499512,64889,0.0,0.0
2025-09-15 00:00:00-04:00,6.699690840817396,6.809099133778374,6.693255033302449,6.802663326263428,72824,0.0,0.0
2025-09-16 00:00:00-04:00,6.821971513522089,6.821971513522089,6.770485050912559,6.783356666564941,90108,0.0,0.0
2025-09-17 00:00:00-04:00,6.789792146026639,6.841278171353104,6.7769205309967475,6.802663326263428,51146,0.0,0.0
2025-09-18 00:00:00-04:00,6.834843124998823,6.879893779754639,6.834843124998823,6.879893779754639,73107,0.0,0.0
2025-09-19 00:00:00-04:00,6.886329504001615,6.886329504001615,6.854151332835409,6.867022514343262,74240,0.0,0.0
2025-09-22 00:00:00-04:00,6.854150499408203,6.969994597238042,6.854150499408203,6.931379318237305,53272,0.0,0.0
2025-09-23 00:00:00-04:00,6.937815995191432,6.95068717513422,6.886328666661719,6.931379318237305,98043,0.0,0.0
2025-09-24 00:00:00-04:00,6.9249439456624575,6.937815995191432,6.905636523558635,6.931379318237305,31028,0.0,0.0
2025-09-25 00:00:00-04:00,6.924944603945832,6.924944603945832,6.873458140108017,6.892765998840332,65031,0.0,0.0
2025-09-26 00:00:00-04:00,6.9056372291060235,6.950687885284424,6.9056372291060235,6.950687885284424,60356,0.0,0.0
2025-09-29 00:00:00-04:00,6.950687905992826,6.989664081213211,6.950687905992826,6.983168125152588,33011,0.070582,0.0
2025-09-30 00:00:00-04:00,6.9636806750802505,6.9896640603886855,6.937696412058528,6.950687885284424,96059,0.0,0.0
2025-10-01 00:00:00-04:00,6.976672695252683,6.976672695252683,6.944192912500034,6.963681221008301,62906,0.0,0.0
2025-10-02 00:00:00-04:00,6.963680695827363,6.983168125152588,6.950687905992826,6.983168125152588,31736,0.0,0.0
2025-10-03 00:00:00-04:00,6.957184712437569,7.054624052964158,6.957184712437569,7.035135746002197,82599,0.0,0.0
2025-10-06 00:00:00-04:00,7.002656432173106,7.074111509983133,7.002656432173106,7.054624080657959,38679,0.0,0.0
2025-10-07 00:00:00-04:00,7.217023822598302,7.3924142071370795,7.217023822598302,7.327455520629883,268909,0.0,0.0
2025-10-08 00:00:00-04:00,7.372927640568727,7.450879122126587,7.372927640568727,7.411903381347656,162507,0.0,0.0
2025-10-09 00:00:00-04:00,7.437886360401045,7.470367022226053,7.236511698909029,7.307967662811279,137571,0.0,0.0
2025-10-10 00:00:00-04:00,7.314463151420482,7.398910589771756,7.2884797630921705,7.3534393310546875,125387,0.0,0.0
2025-10-14 00:00:00-04:00,7.372926636016055,7.535325533801604,7.359933846479941,7.52233362197876,166049,0.0,0.0
2025-10-15 00:00:00-04:00,7.593789146785725,7.723708265181509,7.593789146785725,7.6522536277771,155848,0.0,0.0
2025-10-16 00:00:00-04:00,7.6782375415104145,7.691230332700879,7.489854796092708,7.515838623046875,161657,0.0,0.0
2025-10-17 00:00:00-04:00,7.561309796043023,7.626269358925239,7.496350233160807,7.593789577484131,102718,0.0,0.0
2025-10-20 00:00:00-04:00,7.593789590659182,7.7302046729485125,7.528830027664263,7.704221725463867,186451,0.0,0.0
2025-10-21 00:00:00-04:00,7.652254014087158,7.990043738968894,7.470366361437524,7.678236961364746,239581,0.0,0.0
2025-10-22 00:00:00-04:00,7.645757607098027,7.788669530242122,7.645757607098027,7.756188869476318,95917,0.0,0.0
2025-10-23 00:00:00-04:00,7.788669530123019,7.892603958175869,7.775677616902242,7.879612922668457,121986,0.0,0.0
2025-10-24 00:00:00-04:00,7.892603946173188,7.957564389891648,7.860125040884003,7.8991007804870605,141963,0.0,0.0
2025-10-27 00:00:00-04:00,7.9958898038948245,8.10307351569862,7.931579752355202,8.04590892791748,183669,0.0,1.1
2025-10-28 00:00:00-04:00,8.024473052279102,8.024473052279102,7.774378266453235,7.852980136871338,205436,0.0,0.0
2025-10-29 00:00:00-04:00,7.824395268485777,7.831541609252374,7.6100287437438965,7.6100287437438965,240083,0.0,0.0
2025-10-30 00:00:00-04:00,7.5814480168967595,7.838688235856227,7.574301675069382,7.788669109344482,187275,0.0,0.0
2025-10-31 00:00:00-04:00,7.79587967055801,7.8968441992818486,7.730974155189901,7.8247270584106445,155204,0.07764,0.0
2025-11-03 00:00:00-05:00,7.817517034934936,7.904058330387311,7.730975739482562,7.896845817565918,262623,0.0,0.0
2025-11-04 00:00:00-05:00,7.867998715286925,7.867998715286925,7.788669052808138,7.831939697265625,73674,0.0,0.0
2025-11-05 00:00:00-05:00,7.817516687340018,7.8752105864628446,7.817516687340018,7.853575706481934,97244,0.0,0.0
2025-11-06 00:00:00-05:00,7.831939461419047,7.889633357011546,7.788668818264588,7.803092956542969,122360,0.0,0.0
2025-11-07 00:00:00-05:00,7.76703441359655,7.781457666914778,7.644434988710812,7.75261116027832,124421,0.0,0.0
2025-11-10 00:00:00-05:00,7.752609325751154,7.860785471720561,7.752609325751154,7.810303211212158,89902,0.0,0.0
2025-11-11 00:00:00-05:00,7.839149795581727,7.9184794425964355,7.839149795581727,7.9184794425964355,145673,0.0,0.0
2025-11-12 00:00:00-05:00,7.918481225629506,8.069927157049769,7.889633833172068,8.062715530395508,126868,0.0,0.0
2025-11-13 00:00:00-05:00,8.041078754204053,8.055502891540527,7.961750870974997,8.055502891540527,81659,0.0,0.0
2025-11-14 00:00:00-05:00,7.940115863039661,8.041079518955494,7.860787086425714,7.990597248077393,87455,0.0,0.0
2025-11-17 00:00:00-05:00,7.932903642050429,7.947326893837359,7.86078649727548,7.867998123168945,165508,0.0,0.0
2025-11-18 00:00:00-05:00,7.867997697269469,7.882420948275659,7.730974155189901,7.8247270584106445,84879,0.0,0.0
2025-11-19 00:00:00-05:00,7.904057978944456,7.904057978944456,7.7958809215187115,7.853575706481934,94024,0.0,0.0
2025-11-20 00:00:00-05:00,7.896843596483573,7.961749992737366,7.803091586259556,7.810303211212158,109609,0.0,0.0
2025-11-21 00:00:00-05:00,7.8391520408764395,7.9473282189966055,7.7886697653643315,7.904058456420898,94410,0.0,0.0
2025-11-24 00:00:00-05:00,7.9329040113205656,7.990597021153846,7.911269132633086,7.954539775848389,119526,0.0,0.0
2025-11-25 00:00:00-05:00,7.9689642019409455,8.06271624256776,7.9689642019409455,8.041080474853516,104843,0.0,0.0
2025-11-26 00:00:00-05:00,8.062713922868088,8.113196185223256,8.048289786595026,8.098772048950195,76250,0.0,0.0
2025-11-27 00:00:00-05:00,8.091561503282012,8.149255398550922,8.005021103298814,8.105985641479492,119011,0.0,0.0
2025-11-28 00:00:00-05:00,8.164198190584607,8.171474554408126,8.11326275002758,8.135092735290527,54482,0.07764,0.0
2025-12-01 00:00:00-05:00,8.12053894222215,8.178751639164751,7.996839866044324,8.011392593383789,155590,0.0,0.0
2025-12-02 00:00:00-05:00,8.098708761758758,8.120537849831464,8.04049786023154,8.084156036376953,65946,0.0,0.0
2025-12-03 00:00:00-05:00,8.069602931912108,8.164197440511924,8.069602931912108,8.105985641479492,66718,0.0,0.0
2025-12-04 00:00:00-05:00,8.149645328537462,8.258792571675032,8.091433525116916,8.207857131958008,135369,0.0,0.0
2025-12-05 00:00:00-05:00,8.22240955575506,8.280622250818492,8.164197754483968,8.273344993591309,67620,0.0,0.0
2025-12-08 00:00:00-05:00,8.251514920748292,8.338833059153806,8.251514920748292,8.30972671508789,65946,0.0,0.0
2025-12-09 00:00:00-05:00,8.29517398995105,8.389767597132751,8.244238558179871,8.30972671508789,92736,0.0,0.0
2025-12-10 00:00:00-05:00,8.280621223845491,8.426149368286133,8.280621223845491,8.426149368286133,116049,0.0,0.0
2025-12-11 00:00:00-05:00,8.433426562526023,8.506191081106783,8.418872943776094,8.49891471862793,112442,0.0,0.0
2025-12-12 00:00:00-05:00,8.542573148258333,8.6007849375268,8.506190444793482,8.549849510192871,61824,0.0,0.0
2025-12-15 00:00:00-05:00,8.542574581946832,8.64444455991923,8.447980073337849,8.608062744140625,102396,0.0,0.0
2025-12-16 00:00:00-05:00,8.549850945102552,8.622615470452066,8.520744598687363,8.608062744140625,73030,0.0,0.0
2025-12-17 00:00:00-05:00,8.615338512942749,8.64444396355771,8.44797949052999,8.469808578491211,74060,0.0,0.0
2025-12-18 00:00:00-05:00,8.506191440615785,8.644444121141618,8.440703281746062,8.629891395568848,107934,0.0,0.0
2025-12-19 00:00:00-05:00,8.695380081477479,8.819080043928166,8.688103718250064,8.768144607543945,77538,0.0,0.0
2025-12-22 00:00:00-05:00,8.77541932303869,8.840908367373384,8.731760258079609,8.73903751373291,141165,0.0,0.0
2025-12-23 00:00:00-05:00,8.739037598672398,8.811802111783342,8.731760342948366,8.782695770263672,90160,0.0,0.0
2025-12-24 00:00:00-05:00,8.789973258972168,8.840908687637553,8.789973258972168,8.789973258972168,53323,0.0,0.0
2025-12-29 00:00:00-05:00,8.797250247509012,8.899121112093544,8.782696628431049,8.891844749450684,91706,0.0,0.0
2025-12-30 00:00:00-05:00,8.855461495876385,8.950055098187404,8.83363151550293,8.83363151550293,112829,0.0,0.0
2025-12-31 00:00:00-05:00,8.943686505289573,8.943686505289573,8.701568567286852,8.78227424621582,117981,0.07764,0.0
2026-01-02 00:00:00-05:00,8.796947097480768,8.84096878281358,8.65754704656097,8.694231033325195,173880,0.0,0.0
2026-01-05 00:00:00-05:00,8.694230570783656,8.84096831246545,8.672220179896096,8.83363151550293,203375,0.0,0.0
2026-01-06 00:00:00-05:00,8.804283836380904,8.870316814549591,8.804283836380904,8.855642318725586,77666,0.0,0.0
2026-01-07 00:00:00-05:00,8.86298004639606,8.86298004639606,8.745588585496588,8.77493667602539,164091,0.0,0.0
2026-01-08 00:00:00-05:00,8.796946629474634,8.862979604568704,8.782273035549593,8.83363151550293,66718,0.0,0.0
2026-01-09 00:00:00-05:00,8.84096882571988,8.892327308654785,8.804283937561877,8.892327308654785,108578,0.0,0.0
2026-01-12 00:00:00-05:00,8.877653611853727,8.899664003766132,8.826295129509045,8.855642318725586,100206,0.0,0.0
2026-01-13 00:00:00-05:00,8.88499054130288,8.88499054130288,8.81162166595459,8.81162166595459,76378,0.0,0.0
2026-01-14 00:00:00-05:00,8.840967430211494,8.855641022672234,8.767598566692191,8.7896089553833,153272,0.0,0.0
2026-01-15 00:00:00-05:00,8.804283786729453,8.884990359051269,8.804283786729453,8.818958282470703,109222,0.0,0.0
2026-01-16 00:00:00-05:00,8.877653713877883,8.907000903431689,8.848305623108331,8.892327308654785,93380,0.0,0.0
2026-01-19 00:00:00-05:00,8.907000568440194,8.914338266768423,8.80428360643356,8.826294898986816,135626,0.0,0.0
2026-01-20 00:00:00-05:00,8.848304770547438,8.877652858489212,8.738251017893186,8.767599105834961,186889,0.0,0.0
2026-01-21 00:00:00-05:00,8.818957921577889,8.862979604568704,8.782273035549593,8.83363151550293,107677,0.0,0.0
2026-01-22 00:00:00-05:00,8.862980842590332,8.892328034539762,8.855643143387155,8.862980842590332,52293,0.0,0.0
2026-01-23 00:00:00-05:00,8.877653793241388,8.884990590695427,8.826295309847353,8.848305702209473,123519,0.0,0.0
2026-01-26 00:00:00-05:00,8.84830552142145,8.892327206461998,8.84830552142145,8.855642318725586,132278,0.0,0.0
2026-01-27 00:00:00-05:00,8.84830510942797,8.899663589381305,8.826294718540408,8.83363151550293,103555,0.0,0.0
2026-01-28 00:00:00-05:00,8.855642450434114,8.892327338716134,8.782273575085824,8.81162166595459,146703,0.0,0.0
2026-01-29 00:00:00-05:00,8.855642318725586,8.855642318725586,8.789610241772634,8.855642318725586,36450,0.0,0.0
2026-01-30 00:00:00-05:00,8.84084657630569,8.89263412028313,8.774262850833187,8.848244667053223,97630,0.07764,0.0
2026-02-02 00:00:00-05:00,8.737272069980705,8.95181941986084,8.737272069980705,8.95181941986084,91190,0.0,0.0
2026-02-03 00:00:00-05:00,8.92962482773543,8.974014282226562,8.922226736777699,8.974014282226562,73674,0.0,0.0
2026-02-04 00:00:00-05:00,8.97401440206212,9.025801948202536,8.951820128892553,8.988811492919922,78182,0.0,0.0
2026-02-05 00:00:00-05:00,8.974013225282535,8.988810314199965,8.796456336975098,8.796456336975098,193715,0.0,0.0
2026-02-06 00:00:00-05:00,8.870439478253287,8.944422207713144,8.870439478253287,8.937024116516113,68264,0.0,0.0
2026-02-09 00:00:00-05:00,8.95182000935337,9.003607554802233,8.870439191328837,8.974014282226562,48686,0.0,0.0
2026-02-10 00:00:00-05:00,9.003608263745388,9.025802538366158,8.974014988839548,9.011006355285645,31427,0.0,0.0
2026-02-11 00:00:00-05:00,9.003607114431286,9.025801386218948,8.951819571515378,8.981411933898926,32200,0.0,0.0
2026-02-12 00:00:00-05:00,8.988811715488545,9.003607897967953,8.84084716446013,8.870439529418945,104328,0.0,0.0
2026-02-13 00:00:00-05:00,8.907429968292828,9.02580123331107,8.870438607195371,8.95181941986084,89387,0.0,0.0
2026-02-17 00:00:00-05:00,8.981412399062803,9.06279321732182,8.981412399062803,9.055395126342773,103684,0.0,0.0
2026-02-18 00:00:00-05:00,9.062792869593727,9.062792869593727,8.95181969167642,8.996209144592285,72386,0.0,0.0
2026-02-19 00:00:00-05:00,9.018403295623061,9.018403295623061,8.97401384330304,8.981411933898926,58733,0.0,0.0
2026-02-20 00:00:00-05:00,8.98141356258522,9.099784851074219,8.98141356258522,9.099784851074219,82818,0.0,0.0
2026-02-23 00:00:00-05:00,9.099784704308671,9.144174163962328,9.003608601928072,9.070192337036133,87198,0.0,0.0
2026-02-24 00:00:00-05:00,9.084986676654717,9.12937613173861,8.97401440206212,8.988811492919922,82432,0.0,0.0
2026-02-25 00:00:00-05:00,9.070191003524004,9.188561363956032,9.040598640602177,9.173765182495117,127770,0.0,0.0
2026-02-26 00:00:00-05:00,9.173765985648334,9.395711453227275,9.173765985648334,9.306934356689453,134081,0.0,0.0
2026-02-27 00:00:00-05:00,9.351679091803662,9.396424235197998,9.135412578112836,9.14286994934082,206466,0.07764,0.0
2026-03-02 00:00:00-05:00,9.02355033464791,9.127955365709171,8.948974789017605,9.0682954788208,129830,0.0,0.0
2026-03-03 00:00:00-05:00,8.94897453669548,8.978804937311805,8.702878540749545,8.889314651489258,194874,0.0,0.0
2026-03-04 00:00:00-05:00,8.963890207997348,9.075752607424304,8.956432836839074,8.986262321472168,58862,0.0,0.0
2026-03-05 00:00:00-05:00,8.896772022636732,9.038464822518028,8.78491053939819,8.889314651489258,149537,0.0,0.0
2026-03-06 00:00:00-05:00,8.76999636787967,8.83711362860155,8.49406995335933,8.531356811523438,227461,0.0,0.0
2026-03-09 00:00:00-04:00,8.05407656050107,8.33000385205016,7.91238560347664,8.255428314208984,441655,0.0,0.0
2026-03-10 00:00:00-04:00,8.352376006279854,8.702877921426957,8.344918635663069,8.643218040466309,208012,0.0,0.0
2026-03-11 00:00:00-04:00,8.5761014422327,8.695422142015262,8.412037426588052,8.53881549835205,99820,0.0,0.0
2026-03-12 00:00:00-04:00,8.479153054730562,8.486611341299747,8.195769309997559,8.195769309997559,265586,0.0,0.0
2026-03-13 00:00:00-04:00,8.2628859516818,8.389664003696229,8.240514755249023,8.240514755249023,91706,0.0,0.0
2026-03-16 00:00:00-04:00,8.300174133885386,8.479153790523664,8.240515164365727,8.404579162597656,77924,0.0,0.0
2026-03-17 00:00:00-04:00,8.412037807344554,8.695422535598688,8.412037807344554,8.605932235717773,158682,0.0,0.0
2026-03-18 00:00:00-04:00,8.546272870333485,8.613389218166407,8.464239946484632,8.53881549835205,59119,0.0,0.0
2026-03-19 00:00:00-04:00,8.441866947658902,8.441866947658902,8.165939633070618,8.210684776306152,201830,0.0,0.0
2026-03-20 00:00:00-04:00,8.24797274269041,8.262886569418429,7.972045421600342,7.972045421600342,154431,0.0,0.0
2026-03-23 00:00:00-04:00,8.113738151589537,8.44186802238892,8.091366035136804,8.426952362060547,221021,0.0,0.0
2026-03-24 00:00:00-04:00,8.50152587890625,8.516440619634936,8.262885447115604,8.50152587890625,104328,0.0,0.0
2026-03-25 00:00:00-04:00,8.591015530122446,8.687962264167023,8.464238397584364,8.643218040466309,107806,0.0,0.0
2026-03-26 00:00:00-04:00,8.538814283543381,8.628302734589179,8.359833717346191,8.359833717346191,108578,0.0,0.0
2026-03-27 00:00:00-04:00,8.359833293992555,8.374748035078216,8.158481541257048,8.195769309997559,102010,0.0,0.0
2026-03-30 00:00:00-04:00,8.389663214692868,8.404577954929659,8.225599240035567,8.322545051574707,79341,0.0,0.0
2026-03-31 00:00:00-04:00,8.390270903203499,8.563344955444336,8.315022922766287,8.563344955444336,74704,0.07764,0.0
2026-04-01 00:00:00-04:00,8.608493864592617,8.71384196299289,8.503144841883518,8.63106918334961,197064,0.0,0.0
2026-04-02 00:00:00-04:00,8.480570116444431,8.713841622897542,8.480570116444431,8.638592720031738,100979,0.0,0.0
2026-04-06 00:00:00-04:00,8.661167878020104,8.766516905915443,8.661167878020104,8.713842391967773,69294,0.0,0.0
2026-04-07 00:00:00-04:00,8.728892050351462,8.804140952419282,8.691267137163162,8.758991241455078,125322,0.0,0.0
2026-04-08 00:00:00-04:00,9.007313081924472,9.022362677169902,8.909489788520425,8.999788284301758,178130,0.0,0.0
2026-04-09 00:00:00-04:00,8.999788256821766,9.16533657694228,8.999788256821766,9.142762184143066,132535,0.0,0.0
2026-04-10 00:00:00-04:00,9.473858490384579,9.699605205369114,9.473858490384579,9.646930694580078,781558,0.0,0.0
2026-04-13 00:00:00-04:00,9.631881867831057,9.925352713184084,9.594256950173774,9.910303115844727,268934,0.0,0.0
2026-04-14 00:00:00-04:00,9.94040209353049,10.233872905188827,9.94040209353049,10.15109920501709,243947,0.0,0.0
2026-04-15 00:00:00-04:00,10.196248215381987,10.309122023327694,10.128524115476306,10.28654670715332,236348,0.0,0.0
2026-04-16 00:00:00-04:00,10.271497757900155,10.346746659822024,10.151099145101654,10.294072151184082,330758,0.0,0.0
2026-04-17 00:00:00-04:00,10.514175289295038,10.522829591837642,10.289180060744291,10.479560852050781,258720,0.0,1.15
2026-04-20 00:00:00-04:00,10.418986181668611,10.470907379496227,10.367064983840995,10.444947242736816,195664,0.0,0.0
2026-04-21 00:00:00-04:00,10.393024873597136,10.418985934048344,10.081493996800189,10.254566192626953,223216,0.0,0.0
2026-04-22 00:00:00-04:00,10.263221762587433,10.3411049535553,10.18533949592845,10.202646255493164,71344,0.0,0.0
2026-04-23 00:00:00-04:00,10.211299093318502,10.280528900829692,10.124763451469976,10.245914459228516,87024,0.0,0.0
2026-04-24 00:00:00-04:00,10.133414950488103,10.349755883317279,10.090147133645768,10.306488990783691,93520,0.0,0.0
2026-04-27 00:00:00-04:00,10.349755442662437,10.393024181971297,10.315141005800575,10.384370803833008,54096,0.0,0.0
2026-04-28 00:00:00-04:00,10.349756619537413,10.540137430388995,10.349756619537413,10.514176368713379,170576,0.0,0.0
2026-04-29 00:00:00-04:00,10.514175426856735,10.5487907888626,10.384371054415304,10.45359992980957,101584,0.0,0.0
2026-04-30 00:00:00-04:00,10.523407133859601,10.558310508728027,10.505955912437496,10.558310508728027,85680,0.089286,0.0
2026-05-01 00:00:00-04:00,10.558311249745223,10.58448901573984,10.488505427133385,10.505956649780273,74368,0.0,0.0
2026-05-04 00:00:00-04:00,10.488505165514434,10.50595638772603,10.322712962358716,10.340164184570312,77728,0.0,0.0
2026-05-05 00:00:00-04:00,10.383794300121528,10.488505363464355,10.383794300121528,10.488505363464355,83104,0.0,0.0
2026-05-06 00:00:00-04:00,10.54958636009853,10.645569946791175,10.505956440302679,10.567037582397461,124880,0.0,0.0
2026-05-07 00:00:00-04:00,10.593215623178947,10.610667777955706,10.471053335814485,10.523407936096191,90048,0.0,0.0
2026-05-08 00:00:00-04:00,10.488505218003748,10.636845267665972,10.488505218003748,10.567037582397461,68768,0.0,0.0
2026-05-11 00:00:00-04:00,10.514683047071195,10.628118788773113,10.514683047071195,10.584488868713379,94640,0.0,0.0
2026-05-12 00:00:00-04:00,10.540859017566557,10.636844461028742,10.540859017566557,10.601940155029297,84896,0.0,0.0
2026-05-13 00:00:00-04:00,10.628119086627065,10.628119086627065,10.523408021168581,10.540860176086426,133280,0.0,0.0
2026-05-14 00:00:00-04:00,10.540859395142853,10.619391756394172,10.514682562741896,10.575763702392578,128128,0.0,0.0
2026-05-15 00:00:00-04:00,10.54958583004119,10.61066696906699,10.505955912437496,10.558310508728027,72688,0.0,0.0
2026-05-19 00:00:00-04:00,10.497229477092807,10.689199438869398,10.497229477092807,10.575763702392578,137648,0.0,0.0
2026-05-20 00:00:00-04:00,10.62811915111654,10.881170272827148,10.62811915111654,10.881170272827148,140112,0.0,0.0
2026-05-21 00:00:00-04:00,10.837539996732268,11.073138023687298,10.837539996732268,11.020783424377441,115584,0.0,0.0
2026-05-22 00:00:00-04:00,11.073138322066677,11.169122844082818,11.046960555694222,11.090590476989746,50736,0.0,0.0
2026-05-25 00:00:00-04:00,11.125494430452957,11.247656714928327,11.108041344064667,11.230203628540039,93968,0.0,0.0
2026-05-26 00:00:00-04:00,11.247656435203545,11.247656435203545,11.073137691976315,11.16039752960205,59472,0.0,0.0
2026-05-27 00:00:00-04:00,11.11676781921781,11.169122417940912,11.038235455121029,11.099316596984863,92064,0.0,0.0
2026-05-28 00:00:00-04:00,11.0993163385668,11.0993163385668,11.020783044274198,11.04695987701416,47152,0.0,0.0
2026-05-29 00:00:00-04:00,11.152506239488662,11.161300383025639,11.00298513157266,11.055756568908691,64176,0.089286,0.0
2026-06-01 00:00:00-04:00,11.082142936088893,11.099733102336394,10.835873093064695,10.879850387573242,119056,0.0,0.0
2026-06-02 00:00:00-04:00,10.906236400437571,11.108528945689606,10.906236400437571,11.055756568908691,36400,0.0,0.0
2026-06-03 00:00:00-04:00,11.002984256787588,11.126119166523374,10.932620780192277,11.082141876220703,107072,0.0,0.0
2026-06-04 00:00:00-04:00,11.117323366754238,11.275640487670898,11.099732262393001,11.275640487670898,102480,0.0,0.0
2026-06-05 00:00:00-04:00,11.275640621150476,11.328412055969238,11.187686977192758,11.328412055969238,138656,0.0,0.0
2026-06-08 00:00:00-04:00,11.258049371197655,11.425161588337662,11.249255227459896,11.38998031616211,91168,0.0,0.0
2026-06-09 00:00:00-04:00,11.433957528625465,11.530705321827845,11.30202658461109,11.477933883666992,142464,0.0,0.0
2026-06-10 00:00:00-04:00,11.381183915744806,11.565886293119084,11.381183915744806,11.48672866821289,110320,0.0,0.0
2026-06-11 00:00:00-04:00,11.486728366237584,11.715407091498566,11.486728366237584,11.60986328125,133504,0.0,0.0
2026-06-12 00:00:00-04:00,11.565886422853383,11.820952284549076,11.565886422853383,11.768180847167969,188832,0.0,0.0
2026-06-15 00:00:00-04:00,11.829748419508737,12.084812404740852,11.829748419508737,12.04963207244873,117376,0.0,0.0
2026-06-16 00:00:00-04:00,12.076018085932114,12.22553825378418,12.067222063541791,12.22553825378418,66752,0.0,0.0
2026-06-17 00:00:00-04:00,12.119993772515567,12.44542312213505,12.111199628817744,12.331082344055176,144592,0.0,0.0
2026-06-18 00:00:00-04:00,12.700485756007707,13.122663793543975,12.691691613246999,12.999528884887695,621488,0.0,0.0
2026-06-19 00:00:00-04:00,13.017120208038017,13.149050210643757,13.017120208038017,13.07868766784668,305760,0.0,0.0
2026-06-22 00:00:00-04:00,13.166639267433409,13.175435289125708,13.069890544376536,13.140254020690918,165872,0.0,0.0
2026-06-23 00:00:00-04:00,13.10507267088916,13.2282075881958,13.052301234504073,13.2282075881958,177184,0.0,0.0
2026-06-24 00:00:00-04:00,13.15784572163016,13.254593509631881,13.105072407416333,13.122664451599121,227024,0.0,0.0
2026-06-25 00:00:00-04:00,13.288719962084443,13.39707928983995,13.140958438074938,13.219764709472656,185100,0.0,1.12
2026-06-26 00:00:00-04:00,13.20006223688381,13.269018426667959,13.012897583343584,13.101554870605469,95400,0.0,0.0
2026-06-29 00:00:00-04:00,13.091704104984705,13.091704104984705,12.8060311402041,13.042449951171875,150900,0.0,0.0
2026-06-30 00:00:00-04:00,13.042450751521148,13.092078800983659,12.972969778403776,13.052375793457031,111400,0.1,0.0
2026-07-02 00:00:00-04:00,13.12185670391437,13.141707734285706,12.883637713297789,12.99282169342041,96700,0.0,0.0
2026-07-03 00:00:00-04:00,12.95311902792482,13.171486047338552,12.95311902792482,13.16156005859375,100500,0.0,0.0
2026-07-06 00:00:00-04:00,13.171485455757436,13.260816510665308,13.052375489358251,13.201262474060059,127000,0.0,0.0
2026-07-07 00:00:00-04:00,13.290594526541806,13.389851570129395,13.092078546177936,13.389851570129395,130000,0.0,0.0
2026-07-08 00:00:00-04:00,13.399777803933606,13.399777803933606,13.082153744083895,13.181410789489746,120000,0.0,0.0
2026-07-09 00:00:00-04:00,13.11193074833906,13.350148792959141,13.102004759831297,13.310445785522461,144900,0.0,0.0
2026-07-10 00:00:00-04:00,13.35014820098877,13.419629170867818,13.30051920724497,13.35014820098877,178500,0.0,0.0
2026-07-13 00:00:00-04:00,13.33029731712185,13.389851352989762,13.26081634648351,13.340222358703613,101900,0.0,0.0
2026-07-14 00:00:00-04:00,13.300519713469653,13.449406700367769,13.300519713469653,13.379925727844238,114200,0.0,0.0
2026-07-15 00:00:00-04:00,13.350148262949562,13.548663292251788,13.340222274835869,13.538738250732422,237700,0.0,0.0
2026-07-16 00:00:00-04:00,13.4494066864548,13.598292726604539,13.40970367930858,13.508960723876953,178500,0.0,0.0
2026-07-17 00:00:00-04:00,13.459332302895087,13.618144327090654,13.439480326573474,13.598292350769043,110300,0.0,0.0
2026-07-20 00:00:00-04:00,13.59829276227805,13.64792175798961,13.240965697024654,13.25089168548584,125700,0.0,0.0
2026-07-23 00:00:00-04:00,13.38985173756498,13.399777726026164,13.09207870988997,13.25089168548584,107400,0.0,0.0
2026-07-24 00:00:00-04:00,13.260816630828005,13.499035619190646,13.250891589033424,13.449406623840332,67500,0.0,0.0
2026-07-27 00:00:00-04:00,13.508961152417056,13.628070177634175,13.508961152417056,13.608219146728516,97800,0.0,0.0
2026-07-28 00:00:00-04:00,13.55859000374844,13.647922008349099,13.518886995769744,13.618144989013672,164900,0.0,0.0
2026-07-29 00:00:00-04:00,13.528812387883836,13.528812387883836,12.953118324279785,12.953118324279785,101300,0.0,0.0
2026-07-30 00:00:00-04:00,13.13178184678494,13.399777858316567,13.13178184678494,13.370000839233398,108700,0.0,0.0
2026-07-31 00:00:00-04:00,,,,,0,0.1,0.0
2026-08-04 00:00:00-04:00,13.460000038146973,13.550000190734863,13.399999618530273,13.40999984741211,118900,0.0,0.0
2026-08-05 00:00:00-04:00,13.369999885559082,13.550000190734863,13.369999885559082,13.430000305175781,72000,0.0,0.0
2026-08-06 00:00:00-04:00,13.479999542236328,13.489999771118164,13.350000381469727,13.460000038146973,69600,0.0,0.0
2026-08-07 00:00:00-04:00,13.430000305175781,13.430000305175781,13.210000038146973,13.270000457763672,132700,0.0,0.0
2026-08-10 00:00:00-04:00,13.329999923706055,13.4399995803833,13.270000457763672,13.399999618530273,82100,0.0,0.0
2026-08-11 00:00:00-04:00,13.390000343322754,13.40999984741211,13.229999542236328,13.229999542236328,86700,0.0,0.0
2026-08-12 00:00:00-04:00,13.25,13.40999984741211,13.229999542236328,13.399999618530273,57800,0.0,0.0
2026-08-13 00:00:00-04:00,13.420000076293945,13.470000267028809,13.300000190734863,13.399999618530273,59100,0.0,0.0
2026-08-14 00:00:00-04:00,13.4399995803833,13.489999771118164,13.350000381469727,13.430000305175781,100400,0.0,0.0
