Date,Open,High,Low,Close,Volume,Dividends,Stock Splits
2016-08-10 00:00:00-04:00,34.541539848583284,34.6126360658966,34.43763159729292,34.503257751464844,722300,0.0,0.0
2016-08-11 00:00:00-04:00,34.618112590052796,34.66186476111507,34.50326627034185,34.552486419677734,733200,0.0,0.0
2016-08-12 00:00:00-04:00,34.541535331899155,34.60716147748975,34.49778526357795,34.590755462646484,882400,0.0,0.0
2016-08-15 00:00:00-04:00,34.62358501751844,34.62905299616523,34.404828319714156,34.42670440673828,922500,0.0,0.0
2016-08-16 00:00:00-04:00,34.39935724530839,34.404825223463085,34.01653410171218,34.03841018676758,828700,0.0,0.0
2016-08-17 00:00:00-04:00,34.104032631973915,34.10950060953158,33.7212095301773,34.005592346191406,777100,0.0,0.0
2016-08-18 00:00:00-04:00,33.94542228855792,33.97276633921799,33.61728950820237,33.73213577270508,779100,0.0,0.0
2016-08-19 00:00:00-04:00,33.759496401400085,33.77590242260905,33.529803759601144,33.721214294433594,794000,0.0,0.0
2016-08-22 00:00:00-04:00,33.72667999676819,34.032938918051045,33.671991872283286,34.01653289794922,798600,0.0,0.0
2016-08-23 00:00:00-04:00,34.09309562557771,34.15325381162853,33.819650842596246,33.8907470703125,831500,0.0,0.0
2016-08-24 00:00:00-04:00,33.90715538859843,33.989189663542035,33.699336755301395,33.896217346191406,631300,0.0,0.0
2016-08-25 00:00:00-04:00,33.9126234681823,33.9618436160521,33.797777151892184,33.8634033203125,484800,0.0,0.0
2016-08-26 00:00:00-04:00,33.907155640455926,33.950907810409035,33.57902271068076,33.699337005615234,677500,0.0,0.0
2016-08-29 00:00:00-04:00,33.74308779360455,34.08762881611044,33.69933562544333,34.04387664794922,1259500,0.0,0.0
2016-08-30 00:00:00-04:00,34.032931992539645,34.164186385299395,33.85792752633851,33.92902374267578,737600,0.0,0.0
2016-08-31 00:00:00-04:00,33.92901674400547,33.950892819322604,33.42040946707776,33.507911682128906,1405500,0.0,0.0
2016-09-01 00:00:00-04:00,33.49698195881321,33.67745649564936,33.44776182024134,33.55167007446289,1006000,0.0,0.0
2016-09-02 00:00:00-04:00,33.671994614502985,33.83606108753737,33.5954303995015,33.83059310913086,1026900,0.0,0.0
2016-09-06 00:00:00-04:00,34.01652940573258,34.01652940573258,33.65011233340263,33.786834716796875,1030700,0.0,0.0
2016-09-07 00:00:00-04:00,33.79230298018365,33.88527319455426,33.57901640724601,33.688392639160156,868600,0.0,0.0
2016-09-08 00:00:00-04:00,33.75402017084768,33.786832205243684,33.56807765980487,33.77589416503906,906200,0.0,0.0
2016-09-09 00:00:00-04:00,33.66652283562604,33.71027291659453,33.294637759412154,33.327449798583984,1920700,0.0,0.0
2016-09-12 00:00:00-04:00,33.23993368526193,33.63369468082207,33.1414934363719,33.51884841918945,1696200,0.0,0.0
2016-09-13 00:00:00-04:00,33.27717535685897,33.288236662500864,32.91216070958965,33.138912200927734,2067800,0.683,0.0
2016-09-14 00:00:00-04:00,33.04489767913772,33.531584628985414,32.9895932549469,33.25505828857422,1033000,0.0,0.0
2016-09-15 00:00:00-04:00,33.18868066931847,33.49839083882978,33.18868066931847,33.44861602783203,897500,0.0,0.0
2016-09-16 00:00:00-04:00,33.44861792944368,33.476270134963855,32.97852410641659,33.188682556152344,2758500,0.0,0.0
2016-09-19 00:00:00-04:00,33.26058643848552,33.31036126198081,33.11679367601494,33.210811614990234,1003100,0.0,0.0
2016-09-20 00:00:00-04:00,33.29377049836298,33.514990296156576,33.127855122585665,33.35460662841797,998000,0.0,0.0
2016-09-21 00:00:00-04:00,33.44862550133781,33.59794997662356,33.28271012092982,33.48733901977539,879500,0.0,0.0
2016-09-22 00:00:00-04:00,33.61454823301946,33.84683150417224,33.51499856105812,33.752811431884766,1130200,0.0,0.0
2016-09-23 00:00:00-04:00,33.6864321091637,33.774920436381336,33.5094554547284,33.531578063964844,956500,0.0,0.0
2016-09-26 00:00:00-04:00,33.459690484671476,33.636667191183996,33.26612287121364,33.56476974487305,706400,0.0,0.0
2016-09-27 00:00:00-04:00,33.59793903421179,33.65877514615118,33.465205507277865,33.51498031616211,751700,0.0,0.0
2016-09-28 00:00:00-04:00,33.581356566027225,33.69196540489445,33.44862300576684,33.49839782714844,902800,0.0,0.0
2016-09-29 00:00:00-04:00,33.49840033650168,33.76386536717996,33.48733902984068,33.708560943603516,734300,0.0,0.0
2016-09-30 00:00:00-04:00,33.780457178436166,33.83022989204444,33.49839914295187,33.50946044921875,1389300,0.0,0.0
2016-10-03 00:00:00-04:00,33.45968799167184,33.49287191281877,33.194222951682214,33.46521759033203,830200,0.0,0.0
2016-10-04 00:00:00-04:00,33.365671492787364,33.62560483565661,33.12785865524642,33.28824234008789,1152100,0.0,0.0
2016-10-05 00:00:00-04:00,33.31036641462274,33.470752216220134,33.04490135149368,33.11126708984375,1137900,0.0,0.0
2016-10-06 00:00:00-04:00,33.11125841582895,33.238460260064386,33.02830179205535,33.16656494140625,1031500,0.0,0.0
2016-10-07 00:00:00-04:00,33.05041469591865,33.18314821706712,32.71858405763907,32.8679084777832,1336600,0.0,0.0
2016-10-11 00:00:00-04:00,32.87344547422053,33.14997177161053,32.87344547422053,33.022769927978516,839000,0.0,0.0
2016-10-12 00:00:00-04:00,33.033845623580355,33.470757870123464,33.0117230038171,33.37120819091797,1074800,0.0,0.0
2016-10-13 00:00:00-04:00,33.2605846176391,33.47627480440126,33.028303527196265,33.39331817626953,1086600,0.0,0.0
2016-10-14 00:00:00-04:00,33.454156674084544,33.53711330809653,33.34354571900675,33.34907531738281,849200,0.0,0.0
2016-10-17 00:00:00-04:00,33.28270090343696,33.43202533736799,33.21633519159915,33.29376220703125,685100,0.0,0.0
2016-10-18 00:00:00-04:00,33.34354376495164,33.59794746991163,33.188687593026465,33.49839782714844,870100,0.0,0.0
2016-10-19 00:00:00-04:00,33.537112792712875,33.58688761624654,33.338013498578206,33.54264450073242,912600,0.0,0.0
2016-10-20 00:00:00-04:00,33.48733783668499,33.64772361296206,33.37672688374465,33.50946044921875,1194600,0.0,0.0
2016-10-21 00:00:00-04:00,33.51499189401819,33.67537767913182,33.44309656391503,33.65878677368164,1151100,0.0,0.0
2016-10-24 00:00:00-04:00,33.697498330853044,33.81363888169918,33.55370345956203,33.808109283447266,779200,0.0,0.0
2016-10-25 00:00:00-04:00,33.82469896515482,33.83022856320684,33.476275215483646,33.49839782714844,900900,0.0,0.0
2016-10-26 00:00:00-04:00,33.487340204429984,33.72515303166148,33.36567004634845,33.46521759033203,1249000,0.0,0.0
2016-10-27 00:00:00-04:00,33.50946189161817,33.57029802384045,33.360137415180375,33.44309616088867,1599800,0.0,0.0
2016-10-28 00:00:00-04:00,33.4265091926163,33.62560853054954,33.36014344988153,33.47628402709961,1175000,0.0,0.0
2016-10-31 00:00:00-04:00,33.45415382728456,33.785984554552144,33.40437900722159,33.703025817871094,1321300,0.0,0.0
2016-11-01 00:00:00-04:00,33.63666162931868,33.68090685349519,33.199749534353536,33.3380126953125,1099200,0.0,0.0
2016-11-02 00:00:00-04:00,33.21633275741526,33.38224807971502,33.0614766281714,33.116783142089844,1176600,0.0,0.0
2016-11-03 00:00:00-04:00,33.133388786917884,33.22187713884002,32.90663725325936,32.97853469848633,907200,0.0,0.0
2016-11-04 00:00:00-04:00,32.97299029603078,33.05041731043919,32.70199574560136,32.779422760009766,1023900,0.0,0.0
2016-11-07 00:00:00-05:00,32.95639868944955,33.02829610545709,32.78495165427091,33.017234802246094,765900,0.0,0.0
2016-11-08 00:00:00-05:00,32.95641498060315,33.111269082649486,32.88451752905495,32.961944580078125,822800,0.0,0.0
2016-11-09 00:00:00-05:00,32.71307044117354,32.95088328834291,32.657763901291844,32.74072265625,1691400,0.0,0.0
2016-11-10 00:00:00-05:00,32.72965857251557,32.735188171170385,31.84477510674192,31.905609130859375,2341200,0.0,0.0
2016-11-11 00:00:00-05:00,31.977503719789272,32.11576688084327,31.700977397681285,31.77287483215332,1416300,0.0,0.0
2016-11-14 00:00:00-05:00,31.789460793415408,31.850296912376287,31.413384885046412,31.4963436126709,1896300,0.0,0.0
2016-11-15 00:00:00-05:00,31.590378869490884,32.04941375737063,31.590378869490884,32.01070022583008,1387800,0.0,0.0
2016-11-16 00:00:00-05:00,31.949854490262553,32.065995050048336,31.712041662284836,32.04940414428711,1266500,0.0,0.0
2016-11-17 00:00:00-05:00,32.08258569955709,32.4641934068461,31.96644514069895,32.31486892700195,1621200,0.0,0.0
2016-11-18 00:00:00-05:00,32.353580474853516,32.39782570013836,32.19319469778864,32.353580474853516,821400,0.0,0.0
2016-11-21 00:00:00-05:00,32.40888247946664,32.40888247946664,32.0217473357416,32.06599044799805,1755700,0.0,0.0
2016-11-22 00:00:00-05:00,32.032799701276886,32.104697116807536,31.889006979943428,31.900068283081055,1417000,0.0,0.0
2016-11-23 00:00:00-05:00,31.83923508792748,32.110231765309535,31.806051175474153,31.994089126586914,898300,0.0,0.0
2016-11-24 00:00:00-05:00,31.994097608868685,32.187667318240266,31.994097608868685,32.04940414428711,513700,0.0,0.0
2016-11-25 00:00:00-05:00,32.0494058512648,32.242973461217346,32.00516062057353,32.16554641723633,834400,0.0,0.0
2016-11-28 00:00:00-05:00,32.193193496283904,32.19872520410229,32.0328077252049,32.15447998046875,1633100,0.0,0.0
2016-11-29 00:00:00-05:00,32.21532661105115,32.37571243441968,32.14342915407058,32.3591194152832,1107200,0.0,0.0
2016-11-30 00:00:00-05:00,32.37569361489191,32.42546842390983,31.99408604251193,32.01620864868164,1997300,0.0,0.0
2016-12-01 00:00:00-05:00,32.05492879204508,32.05492879204508,31.523998792402566,31.551651000976562,1722700,0.0,0.0
2016-12-02 00:00:00-05:00,31.60142440967574,31.900073312291667,31.479752165707435,31.728626251220703,1030100,0.0,0.0
2016-12-05 00:00:00-05:00,31.850297871593458,31.94984750384969,31.745218641868835,31.88901138305664,1069300,0.0,0.0
2016-12-06 00:00:00-05:00,31.89453579575564,31.933251410653366,31.72309087563963,31.916658401489258,1296800,0.0,0.0
2016-12-07 00:00:00-05:00,31.80053157120054,32.2761572505177,31.80053157120054,32.24297332763672,1497700,0.0,0.0
2016-12-08 00:00:00-05:00,32.336995896007,32.342525495385075,32.04940820458291,32.23191452026367,1409500,0.0,0.0
2016-12-09 00:00:00-05:00,32.21530483937447,32.342506648233865,32.093632626670846,32.29826354980469,958200,0.0,0.0
2016-12-12 00:00:00-05:00,32.35357827039483,32.5969206636956,32.30380345020509,32.54714584350586,1849800,0.0,0.0
2016-12-13 00:00:00-05:00,32.57679934861218,32.6719212332437,32.46488961678052,32.49286651611328,1489000,0.683,0.0
2016-12-14 00:00:00-05:00,32.56561089411492,32.56561089411492,31.989276473904713,32.022850036621094,2160400,0.0,0.0
2016-12-15 00:00:00-05:00,32.050829379008874,32.34739053600174,32.045234852047166,32.10118865966797,1343000,0.0,0.0
2016-12-16 00:00:00-05:00,32.23547074671443,32.42011996195592,31.866170181731164,32.050819396972656,8664500,0.0,0.0
2016-12-19 00:00:00-05:00,32.151556211136686,32.33620766588758,32.028457375804244,32.117984771728516,1626600,0.0,0.0
2016-12-20 00:00:00-05:00,32.1515474390552,32.25786266017848,32.01725744905861,32.10678482055664,1334100,0.0,0.0
2016-12-21 00:00:00-05:00,32.17393648880812,32.28584626001729,32.10679147988316,32.151554107666016,775800,0.0,0.0
2016-12-22 00:00:00-05:00,32.17952090616214,32.537632488414474,32.11797257911162,32.53203582763672,969300,0.0,0.0
2016-12-23 00:00:00-05:00,32.59359904453159,32.66074405863672,32.509666176024034,32.59919357299805,607100,0.0,0.0
2016-12-28 00:00:00-05:00,32.643947026850356,32.65513821440679,32.425724205751806,32.4816780090332,672600,0.0,0.0
2016-12-29 00:00:00-05:00,32.49847402491941,32.671932139384566,32.47609164418155,32.64395523071289,485400,0.0,0.0
2016-12-30 00:00:00-05:00,32.67751560904688,32.683110134722035,32.40893141762967,32.470481872558594,788500,0.0,0.0
2017-01-03 00:00:00-05:00,32.57680875748071,32.750266864142574,32.52085280815333,32.694313049316406,1201600,0.0,0.0
2017-01-04 00:00:00-05:00,32.69430423458637,32.8341908684381,32.52084404018999,32.82859420776367,1125700,0.0,0.0
2017-01-05 00:00:00-05:00,32.83419678849866,33.04122844626719,32.76145512812013,32.96848678588867,1229800,0.0,0.0
2017-01-06 00:00:00-05:00,32.96848669229048,32.979677881124715,32.73907265744125,32.767051696777344,1307700,0.0,0.0
2017-01-09 00:00:00-05:00,32.62157265447782,32.6271693168794,32.35299049073699,32.420135498046875,1188600,0.0,0.0
2017-01-10 00:00:00-05:00,32.45370319998427,32.55442175998567,32.369770355149456,32.4481086730957,846000,0.0,0.0
2017-01-11 00:00:00-05:00,32.50966246496507,32.50966246496507,32.09559910166467,32.45370864868164,1450700,0.0,0.0
2017-01-12 00:00:00-05:00,32.43132212615894,32.66073615882169,32.213099282223766,32.515254974365234,1301300,0.0,0.0
2017-01-13 00:00:00-05:00,32.59358256000871,32.711086808889156,32.45929046521647,32.56000900268555,989300,0.0,0.0
2017-01-16 00:00:00-05:00,32.582407853097145,32.69431763294004,32.4593068818198,32.59919357299805,477000,0.0,0.0
2017-01-17 00:00:00-05:00,32.58799356070813,32.73906925803102,32.45929596972807,32.73347473144531,1163900,0.0,0.0
2017-01-18 00:00:00-05:00,32.72228654377901,32.80062273016564,32.48727798461914,32.48727798461914,1893400,0.0,0.0
2017-01-19 00:00:00-05:00,32.51526094947756,32.69431573302043,32.51526094947756,32.68312454223633,1002000,0.0,0.0
2017-01-20 00:00:00-05:00,32.75026344185855,33.058015794747135,32.75026344185855,32.974082946777344,1512800,0.0,0.0
2017-01-23 00:00:00-05:00,32.98526599749829,32.99086052321555,32.76144654779922,32.83978271484375,846400,0.0,0.0
2017-01-24 00:00:00-05:00,32.81741131828916,32.88455631748715,32.621568713418526,32.87895965576172,1285200,0.0,0.0
2017-01-25 00:00:00-05:00,32.96849121340665,32.97408787584177,32.627169512410156,32.64395523071289,1194400,0.0,0.0
2017-01-26 00:00:00-05:00,32.643958432869624,32.79503631591797,32.51526293275471,32.79503631591797,1125000,0.0,0.0
2017-01-27 00:00:00-05:00,32.81180129733508,32.93490219116211,32.694297062954824,32.93490219116211,1223400,0.0,0.0
2017-01-30 00:00:00-05:00,32.918128967285156,32.94050921006031,32.69430946352573,32.918128967285156,1267800,0.0,0.0
2017-01-31 00:00:00-05:00,32.850986399198106,32.90694235016199,32.66074043492344,32.8230094909668,1456000,0.0,0.0
2017-02-01 00:00:00-05:00,32.87335786394721,32.90133476288876,32.46488916279909,32.67192077636719,1448500,0.0,0.0
2017-02-02 00:00:00-05:00,32.45930323518352,32.45930323518352,32.112384877696385,32.14036178588867,2425600,0.0,0.0
2017-02-03 00:00:00-05:00,32.36977086492873,32.36977086492873,32.006066845418864,32.12916564941406,1976600,0.0,0.0
2017-02-06 00:00:00-05:00,32.22989022632625,32.22989022632625,32.08440901827015,32.12357711791992,1221100,0.0,0.0
2017-02-07 00:00:00-05:00,32.17393919013332,32.35859064830699,32.09560298406019,32.308231353759766,1169800,0.0,0.0
2017-02-08 00:00:00-05:00,32.39215249118935,32.582398421501516,32.224288937267055,32.537635803222656,1086400,0.0,0.0
2017-02-09 00:00:00-05:00,32.59358206033107,32.705491781858896,32.48167233880324,32.56560516357422,792400,0.0,0.0
2017-02-10 00:00:00-05:00,32.59359636155895,32.66633803264426,32.481686590928014,32.610382080078125,2126900,0.0,0.0
2017-02-13 00:00:00-05:00,32.621566512933356,32.67192579256013,32.476085335400946,32.537635803222656,1057000,0.0,0.0
2017-02-14 00:00:00-05:00,32.48168555682336,32.4984734093094,32.34179888161352,32.45370864868164,1371900,0.0,0.0
2017-02-15 00:00:00-05:00,32.470492854869136,32.823007857645486,32.44251594803,32.817413330078125,2807800,0.0,0.0
2017-02-16 00:00:00-05:00,32.795025372053985,32.80061989866966,32.57120588641245,32.7894287109375,1154500,0.0,0.0
2017-02-17 00:00:00-05:00,32.78383775143964,32.90134203366139,32.68311918539212,32.87895965576172,980700,0.0,0.0
2017-02-21 00:00:00-05:00,32.867772864656125,33.00206287229961,32.81181691605369,32.901344299316406,2831300,0.0,0.0
2017-02-22 00:00:00-05:00,32.901340873388385,33.06920443271415,32.86217278069574,33.00765609741211,5573300,0.0,0.0
2017-02-23 00:00:00-05:00,33.01884539602582,33.074801339216165,32.90134111707756,32.918128967285156,2892700,0.0,0.0
2017-02-24 00:00:00-05:00,32.90134917967625,32.912540371056764,32.48168910816379,32.54323959350586,3124700,0.0,0.0
2017-02-27 00:00:00-05:00,32.58800591613992,32.761464054572244,32.297041329848305,32.52085876464844,3827700,0.0,0.0
2017-02-28 00:00:00-05:00,32.61597812657754,32.80062743030504,32.420135498046875,32.420135498046875,1658500,0.0,0.0
2017-03-01 00:00:00-05:00,32.56001319461215,32.56001319461215,32.1851180281563,32.35298156738281,1523600,0.0,0.0
2017-03-02 00:00:00-05:00,32.41453179692314,32.53763272090512,32.313813247210746,32.442508697509766,1038600,0.0,0.0
2017-03-03 00:00:00-05:00,32.48167678523118,32.51525034663555,32.38655489633652,32.442508697509766,1146900,0.0,0.0
2017-03-06 00:00:00-05:00,32.3865456342462,32.64953098595124,32.352972082443394,32.5823860168457,1312400,0.0,0.0
2017-03-07 00:00:00-05:00,32.6383612221859,32.64955027823158,32.45370977991196,32.464900970458984,5377400,0.0,0.0
2017-03-08 00:00:00-05:00,32.5264407168027,32.56560880354033,32.34178933546763,32.36976623535156,1130600,0.0,0.0
2017-03-09 00:00:00-05:00,32.45370505728251,32.69431028277762,32.38096339656279,32.67752456665039,1637900,0.0,0.0
2017-03-10 00:00:00-05:00,32.70549637432959,32.834191825082726,32.632754724947134,32.78383255004883,1446500,0.0,0.0
2017-03-13 00:00:00-04:00,32.77138076123283,32.794040835011934,32.58444055501418,32.7260627746582,1749500,0.718,0.0
2017-03-14 00:00:00-04:00,32.62974970812794,32.67506984341716,32.42581558227539,32.42581558227539,1570100,0.0,0.0
2017-03-15 00:00:00-04:00,32.493800313023975,32.697736641839484,32.43148619466552,32.612762451171875,1232600,0.0,0.0
2017-03-16 00:00:00-04:00,32.6467525596356,32.760050760197934,32.595768477431726,32.612762451171875,1282100,0.0,0.0
2017-03-17 00:00:00-04:00,32.65807453385389,33.1282590327907,32.64674450049623,33.02629089355469,8410300,0.0,0.0
2017-03-20 00:00:00-04:00,33.02629041964134,33.235890631293074,32.499455761476106,32.60708999633789,2279800,0.0,0.0
2017-03-21 00:00:00-04:00,32.70906380994034,32.90167008571283,32.65241363413475,32.85634994506836,1605900,0.0,0.0
2017-03-22 00:00:00-04:00,32.9130008705634,33.30387955474806,32.8733468244843,33.281219482421875,3071000,0.0,0.0
2017-03-23 00:00:00-04:00,33.23022346687123,33.41716575495424,33.13958537109899,33.36051559448242,1210800,0.0,0.0
2017-03-24 00:00:00-04:00,33.34918518143145,33.553121434835056,33.25288315120344,33.37184524536133,1295100,0.0,0.0
2017-03-27 00:00:00-04:00,33.35485825867696,33.502144383081095,33.29820808699607,33.42283630371094,1362100,0.0,0.0
2017-03-28 00:00:00-04:00,33.36051521339639,33.47381337206313,33.27554321513332,33.37184524536133,1367100,0.0,0.0
2017-03-29 00:00:00-04:00,33.315197246519276,33.383175277326266,33.20189908785254,33.37184524536133,994800,0.0,0.0
2017-03-30 00:00:00-04:00,33.377505864331646,33.411495956849066,33.145245634585315,33.29253387451172,1086500,0.0,0.0
2017-03-31 00:00:00-04:00,33.39451243828873,33.42850038045659,33.2132362101165,33.3548583984375,1000900,0.0,0.0
2017-04-03 00:00:00-04:00,33.405844465487384,33.61544471163083,33.235896100577484,33.536136627197266,1292900,0.0,0.0
2017-04-04 00:00:00-04:00,33.44549328394436,33.853363677467556,33.39450921463109,33.8023796081543,2928400,0.0,0.0
2017-04-05 00:00:00-04:00,33.79671567200077,33.90434774678082,33.64376346406099,33.8023796081543,1074100,0.0,0.0
2017-04-06 00:00:00-04:00,33.904353471772474,33.983663718194116,33.7740613084118,33.85903549194336,1249700,0.0,0.0
2017-04-07 00:00:00-04:00,33.910007506524835,34.28955382638178,33.734395264825096,34.215911865234375,1492700,0.0,0.0
2017-04-10 00:00:00-04:00,34.176262535433,34.32354863896029,34.017644238192695,34.221580505371094,1316100,0.0,0.0
2017-04-11 00:00:00-04:00,34.159269055785984,34.39152934231636,34.011982940832816,34.35187530517578,1088900,0.0,0.0
2017-04-12 00:00:00-04:00,34.4255144766955,34.544476570955,34.29522235046139,34.48216247558594,780100,0.0,0.0
2017-04-13 00:00:00-04:00,34.41984838021688,34.555806602929614,34.29522235046139,34.48216247558594,927500,0.0,0.0
2017-04-17 00:00:00-04:00,34.482166396879,34.84471881736539,34.44817845807271,34.7200927734375,1138900,0.0,0.0
2017-04-18 00:00:00-04:00,34.77674669472044,34.77674669472044,34.34621616240006,34.499168395996094,1480900,0.0,0.0
2017-04-19 00:00:00-04:00,34.45384875834873,34.68044514349987,34.40286467973888,34.51616287231445,701300,0.0,0.0
2017-04-20 00:00:00-04:00,34.44251778864992,34.782412357156105,34.3858697743905,34.703102111816406,850600,0.0,0.0
2017-04-21 00:00:00-04:00,34.5048312573029,34.776745610445865,34.5048312573029,34.754085540771484,819000,0.0,0.0
2017-04-24 00:00:00-04:00,34.759747564605625,34.87870967497816,34.67477339377785,34.79373550415039,1061700,0.0,0.0
2017-04-25 00:00:00-04:00,34.79939626613859,35.008996451467276,34.7540761390499,34.93535232543945,1100100,0.0,0.0
2017-04-26 00:00:00-04:00,34.72008810578751,35.68878312923081,34.652107915348175,35.518836975097656,2670000,0.0,0.0
2017-04-27 00:00:00-04:00,35.28659637618983,35.48486663958799,35.07699391375886,35.133644104003906,2963900,0.0,0.0
2017-04-28 00:00:00-04:00,34.92403102597309,35.26392339916218,34.85038688608836,35.207275390625,1813500,0.0,0.0
2017-05-01 00:00:00-04:00,35.09964198086797,35.20727622501568,34.71442946293344,34.78240966796875,1117200,0.0,0.0
2017-05-02 00:00:00-04:00,34.725762697723034,35.26959142223098,34.725762697723034,35.167625427246094,1943700,0.0,0.0
2017-05-03 00:00:00-04:00,35.161958610846355,35.241266694760725,34.85605414919103,34.980682373046875,1951000,0.0,0.0
2017-05-04 00:00:00-04:00,34.96368472465779,35.031662766438956,34.60113228718092,34.91270065307617,3375500,0.0,0.0
2017-05-05 00:00:00-04:00,34.867381615596244,35.30357820597515,34.85605158144553,35.18461608886719,1033300,0.0,0.0
2017-05-08 00:00:00-04:00,35.15062432165565,35.37722067197213,35.093976314568,35.29791259765625,1134700,0.0,0.0
2017-05-09 00:00:00-04:00,35.25826140329092,35.37722352435639,34.92403294816666,35.054325103759766,1126700,0.0,0.0
2017-05-10 00:00:00-04:00,35.082647469586675,35.1506255125916,34.92969525208833,34.9580192565918,1259800,0.0,0.0
2017-05-11 00:00:00-04:00,34.895705949913555,35.05998820517529,34.629457708298865,34.74275588989258,1383400,0.0,0.0
2017-05-12 00:00:00-04:00,34.77107989504524,34.9353599893239,34.67477568434651,34.74275588989258,1167600,0.0,0.0
2017-05-15 00:00:00-04:00,34.714428974745246,34.80506708586796,34.56147675704135,34.65211486816406,1365400,0.0,0.0
2017-05-16 00:00:00-04:00,34.57280913247144,34.771081499656056,34.35187885670893,34.39153289794922,1388600,0.0,0.0
2017-05-17 00:00:00-04:00,34.30655224599205,34.346206277254176,34.00631180231547,34.14793395996094,1693900,0.0,0.0
2017-05-18 00:00:00-04:00,34.2385800887876,34.28956416394312,33.97799577620746,34.13661193847656,1186200,0.0,0.0
2017-05-19 00:00:00-04:00,34.108277649587045,34.306549953631745,34.07995365214708,34.215911865234375,1278300,0.0,0.0
2017-05-23 00:00:00-04:00,34.41419019084344,34.57847244043153,34.21592000063919,34.232913970947266,2060200,0.0,0.0
2017-05-24 00:00:00-04:00,34.261237073844136,34.35187518140789,34.062966888855584,34.323551177978516,993000,0.0,0.0
2017-05-25 00:00:00-04:00,34.36886773801806,34.533149976529245,34.266901762061764,34.49349594116211,765200,0.0,0.0
2017-05-26 00:00:00-04:00,34.42551040649414,34.465164433225596,34.31221226112611,34.42551040649414,644500,0.0,0.0
2017-05-29 00:00:00-04:00,34.44251277053168,34.55581094352671,34.32921459753665,34.40285873413086,243200,0.0,0.0
2017-05-30 00:00:00-04:00,34.323549642171926,34.567139950534376,34.323549642171926,34.465171813964844,600800,0.0,0.0
2017-05-31 00:00:00-04:00,34.561475993276474,34.80506631672005,34.5161580192081,34.674774169921875,2034800,0.0,0.0
2017-06-01 00:00:00-04:00,34.6917618969771,34.782399984139744,34.5558036857419,34.60112380981445,616700,0.0,0.0
2017-06-02 00:00:00-04:00,34.66910183494082,34.69742583199494,34.572797651777876,34.60112380981445,564700,0.0,0.0
2017-06-05 00:00:00-04:00,34.53314984427933,34.62945404478988,34.34620970126203,34.56147384643555,1083500,0.0,0.0
2017-06-06 00:00:00-04:00,34.50484068948121,34.674786936528854,34.45385659926854,34.572818756103516,883300,0.0,0.0
2017-06-07 00:00:00-04:00,34.53881493886891,34.567138940203066,34.20458653676715,34.221580505371094,1245100,0.0,0.0
2017-06-08 00:00:00-04:00,34.249925792807495,34.3802180087066,34.057319438655746,34.363224029541016,843600,0.0,0.0
2017-06-09 00:00:00-04:00,34.3858652821129,34.51615742667437,34.19325903341705,34.323551177978516,1132700,0.0,0.0
2017-06-12 00:00:00-04:00,34.37453613886514,34.59546639671259,34.26123796123022,34.32921600341797,2023000,0.0,0.0
2017-06-13 00:00:00-04:00,34.24780258719774,34.28793207601843,34.047152956201174,34.08155059814453,1518000,0.718,0.0
2017-06-14 00:00:00-04:00,34.12742280657472,34.259277195692356,33.995568417457086,34.00703430175781,1194300,0.0,0.0
2017-06-15 00:00:00-04:00,34.007037570296916,34.08729658122217,33.74332876671564,34.01277160644531,1505800,0.0,0.0
2017-06-16 00:00:00-04:00,33.915305109486006,34.28220461296464,33.85797788215255,34.070091247558594,5362800,0.0,0.0
2017-06-19 00:00:00-04:00,34.28221290036557,34.419801340877534,34.13889261049206,34.20195388793945,1542100,0.0,0.0
2017-06-20 00:00:00-04:00,34.1675523441871,34.247813534376775,33.97837072026028,34.064361572265625,1369000,0.0,0.0
2017-06-21 00:00:00-04:00,34.09302943561915,34.31660872598797,33.81212072022374,33.835052490234375,1455000,0.0,0.0
2017-06-22 00:00:00-04:00,33.88091818560291,34.03570437267146,33.7261341854286,33.771995544433594,1388600,0.0,0.0
2017-06-23 00:00:00-04:00,33.783449551074064,34.03569240413679,33.73758602130258,33.92103576660156,1035600,0.0,0.0
2017-06-26 00:00:00-04:00,33.89810566740626,34.11021902210432,33.83504440838682,33.9554328918457,1146600,0.0,0.0
2017-06-27 00:00:00-04:00,33.89238408462568,34.00130891272956,33.737597897499825,33.8006591796875,1353400,0.0,0.0
2017-06-28 00:00:00-04:00,33.8293097284366,33.972629973694474,33.70318939969717,33.823577880859375,717700,0.0,0.0
2017-06-29 00:00:00-04:00,33.760520828893185,33.8178502462744,33.34202592303173,33.594268798828125,1543400,0.0,0.0
2017-06-30 00:00:00-04:00,33.548415016683066,33.68600127563515,33.3305675552991,33.47962188720703,1786300,0.0,0.0
2017-07-04 00:00:00-04:00,33.59426706357092,33.60000109845969,33.26176520750931,33.45094680786133,755700,0.0,0.0
2017-07-05 00:00:00-04:00,33.66879975433004,33.66879975433004,33.26750253486833,33.565608978271484,1507800,0.0,0.0
2017-07-06 00:00:00-04:00,33.33056537570911,33.63440368234565,33.296169906667394,33.456687927246094,1111900,0.0,0.0
2017-07-07 00:00:00-04:00,33.3191032409668,33.347766864026084,33.10698980605493,33.3191032409668,1026600,0.0,0.0
2017-07-10 00:00:00-04:00,33.31909555515266,33.39362270743082,33.22163882185285,33.23310470581055,635300,0.0,0.0
2017-07-11 00:00:00-04:00,33.233110132778535,33.29043737503481,33.02099452526325,33.181514739990234,1118000,0.0,0.0
2017-07-12 00:00:00-04:00,33.13564634781643,33.33629604013987,33.13564634781643,33.25603485107422,1690000,0.0,0.0
2017-07-13 00:00:00-04:00,33.35350191643516,33.35350191643516,32.992334131586105,33.106990814208984,1465400,0.0,0.0
2017-07-14 00:00:00-04:00,33.244572831661266,33.39935680829388,33.10125255286567,33.3420295715332,1100100,0.0,0.0
2017-07-17 00:00:00-04:00,33.3993552006934,33.456684621588565,33.26750081297522,33.39362335205078,981200,0.0,0.0
2017-07-18 00:00:00-04:00,33.3878985605822,33.405096297038924,33.21591244843794,33.3191032409668,1133200,0.0,0.0
2017-07-19 00:00:00-04:00,33.38216510633712,33.51975356107454,33.35350148277766,33.42229461669922,645800,0.0,0.0
2017-07-20 00:00:00-04:00,33.531215182956686,33.76626036527912,33.49108349080474,33.65160369873047,851700,0.0,0.0
2017-07-21 00:00:00-04:00,33.58280016682112,33.594263861718964,33.30762337761934,33.554134368896484,965100,0.0,0.0
2017-07-24 00:00:00-04:00,33.54267161922423,33.54840565410192,33.256031108358926,33.36495590209961,791400,0.0,0.0
2017-07-25 00:00:00-04:00,33.26751166238396,33.41656601842813,33.256045774465605,33.34777069091797,959000,0.0,0.0
2017-07-26 00:00:00-04:00,33.47388837101436,33.571347310606534,33.3076363008769,33.416561126708984,996300,0.0,0.0
2017-07-27 00:00:00-04:00,33.410822986412036,33.92677686936447,33.410822986412036,33.89811325073242,1683500,0.0,0.0
2017-07-28 00:00:00-04:00,33.79492775534625,33.79492775534625,33.39363047110434,33.485355377197266,988500,0.0,0.0
2017-07-31 00:00:00-04:00,33.47388135680506,33.70319465976401,33.47388135680506,33.54840850830078,1145100,0.0,0.0
2017-08-01 00:00:00-04:00,33.56560369897427,33.96116900728101,33.34202444831059,33.81211471557617,1237500,0.0,0.0
2017-08-02 00:00:00-04:00,33.82357535568151,34.14461346837294,33.76051410257309,34.05862045288086,1334000,0.0,0.0
2017-08-03 00:00:00-04:00,34.07010034776199,34.12742759040769,33.67453712496077,33.68600082397461,1167900,0.0,0.0
2017-08-04 00:00:00-04:00,33.651598387411624,33.95543664695007,33.617200736807895,33.86944580078125,705000,0.0,0.0
2017-08-08 00:00:00-04:00,33.84651629533527,34.16755230818036,33.84651629533527,34.00703430175781,1009900,0.0,0.0
2017-08-09 00:00:00-04:00,34.03569564479844,34.08155917893675,33.84077999849797,33.86944580078125,1056100,0.0,0.0
2017-08-10 00:00:00-04:00,33.77772135210534,33.84078262298934,33.571341993158406,33.69173049926758,1211600,0.0,0.0
2017-08-11 00:00:00-04:00,33.63439829754815,33.789184444136964,33.49681206962054,33.594268798828125,1097900,0.0,0.0
2017-08-14 00:00:00-04:00,33.84078493515253,33.9439757151234,33.6688010308324,33.9382438659668,860200,0.0,0.0
2017-08-15 00:00:00-04:00,33.93250825712849,34.127423922828605,33.8579832870769,34.04716491699219,852300,0.0,0.0
2017-08-16 00:00:00-04:00,34.11021582479746,34.196208840289536,34.024222809305385,34.05862045288086,995400,0.0,0.0
2017-08-17 00:00:00-04:00,34.127410132051025,34.127410132051025,33.90956497192383,33.90956497192383,756400,0.0,0.0
2017-08-18 00:00:00-04:00,33.926766377174744,33.926766377174744,33.62292817723103,33.743316650390625,1097100,0.0,0.0
2017-08-21 00:00:00-04:00,33.70893372962895,33.806392669677734,33.51975207301951,33.806392669677734,846200,0.0,0.0
2017-08-22 00:00:00-04:00,33.77198627326559,33.85224526966211,33.657329626887574,33.76625442504883,786500,0.0,0.0
2017-08-23 00:00:00-04:00,33.714659653404965,33.97836841401922,33.6458643521975,33.86944580078125,709200,0.0,0.0
2017-08-24 00:00:00-04:00,33.9095780572193,34.052898332715756,33.8923781370719,33.91530990600586,500600,0.0,0.0
2017-08-25 00:00:00-04:00,33.91530941424581,34.02996607035927,33.88091176134363,34.00703430175781,832000,0.0,0.0
2017-08-28 00:00:00-04:00,34.007032718055676,34.110223485062825,33.91530783481529,34.0872917175293,575100,0.0,0.0
2017-08-29 00:00:00-04:00,33.995565217472084,34.11022186279297,33.86944487582337,34.11022186279297,768100,0.0,0.0
2017-08-30 00:00:00-04:00,34.11022465960279,34.3968652029608,34.06436112295649,34.23634719848633,1103600,0.0,0.0
2017-08-31 00:00:00-04:00,34.25927449812805,34.25927449812805,33.978368009007085,34.07582473754883,1059300,0.0,0.0
2017-09-01 00:00:00-04:00,34.02421939856214,34.11594425200859,33.88663321183896,33.90956497192383,603500,0.0,0.0
2017-09-05 00:00:00-04:00,33.86944789722463,33.90957739863274,33.53694381482164,33.72612762451172,980200,0.0,0.0
2017-09-06 00:00:00-04:00,33.743323097125646,33.86944562847068,33.565605183584346,33.594268798828125,827000,0.0,0.0
2017-09-07 00:00:00-04:00,33.58853952228642,33.64586675716331,33.31336485846843,33.330562591552734,943500,0.0,0.0
2017-09-08 00:00:00-04:00,33.31336106680647,33.46814720762923,33.23310207235621,33.359222412109375,1079200,0.0,0.0
2017-09-11 00:00:00-04:00,33.43948194730752,33.45667967758781,33.23883228416579,33.35348892211914,1003000,0.0,0.0
2017-09-12 00:00:00-04:00,33.44522695913546,33.66307443830219,33.370699787097884,33.496822357177734,1087400,0.0,0.0
2017-09-13 00:00:00-04:00,33.53121177530538,33.536943623948,33.39362335205078,33.39362335205078,1052800,0.0,0.0
2017-09-14 00:00:00-04:00,33.39826588777663,33.514353453854646,33.206721071619995,33.47952651977539,1131000,0.718,0.0
2017-09-15 00:00:00-04:00,33.48532626033795,33.723304748535156,33.43308697199291,33.723304748535156,6074800,0.0,0.0
2017-09-18 00:00:00-04:00,33.78716526698717,33.8800349005936,33.6304473451163,33.85681915283203,1188900,0.0,0.0
2017-09-19 00:00:00-04:00,33.862620087130466,34.19346827131164,33.792968420509844,34.176055908203125,1286900,0.0,0.0
2017-09-20 00:00:00-04:00,34.14703924525566,34.25151565241317,34.04256062391129,34.205081939697266,1620800,0.0,0.0
2017-09-21 00:00:00-04:00,34.147029899458886,34.29213881003449,34.05996366743903,34.187660217285156,1079500,0.0,0.0
2017-09-22 00:00:00-04:00,34.16443970435568,34.286330648715854,34.0367431640625,34.0367431640625,1113100,0.0,0.0
2017-09-25 00:00:00-04:00,33.96128573459223,34.00191826334772,33.688482510224205,33.7523307800293,1750400,0.0,0.0
2017-09-26 00:00:00-04:00,33.78135637626732,33.787159758714914,33.52015988239837,33.65365982055664,1371100,0.0,0.0
2017-09-27 00:00:00-04:00,33.671071720828415,33.798768274789786,33.54918076342147,33.71170425415039,2002100,0.0,0.0
2017-09-28 00:00:00-04:00,33.67107058580718,34.0425512562465,33.6014189288063,33.880027770996094,1232600,0.0,0.0
2017-09-29 00:00:00-04:00,33.93807564691788,34.03094526914469,33.8045757033535,33.93227005004883,879900,0.0,0.0
2017-10-02 00:00:00-04:00,34.042553803618624,34.20507508684409,33.97289992721935,34.03094482421875,803200,0.0,0.0
2017-10-03 00:00:00-04:00,34.03674105572832,34.14702522976333,33.86841421107506,34.01352310180664,954600,0.0,0.0
2017-10-04 00:00:00-04:00,34.100592314798526,34.158634990510954,33.984504749187515,34.065765380859375,1097000,0.0,0.0
2017-10-05 00:00:00-04:00,34.12961367741182,34.239897861206046,34.03094068579188,34.10639572143555,777400,0.0,0.0
2017-10-06 00:00:00-04:00,34.0889871338877,34.0947927306173,33.874226552806796,34.02513885498047,796300,0.0,0.0
2017-10-10 00:00:00-04:00,34.071571398572544,34.210874707680695,33.984505169740316,34.15283203125,843900,0.0,0.0
2017-10-11 00:00:00-04:00,34.12381918656369,34.21088322288026,34.083188860111946,34.181861877441406,728000,0.0,0.0
2017-10-12 00:00:00-04:00,34.15283283931651,34.222484495518565,34.013527312726175,34.05996322631836,845200,0.0,0.0
2017-10-13 00:00:00-04:00,34.07158029023914,34.35018919535023,34.07158029023914,34.3095588684082,789800,0.0,0.0
2017-10-16 00:00:00-04:00,34.25731618193249,34.31535886778656,34.106401656013446,34.170249938964844,934600,0.0,0.0
2017-10-17 00:00:00-04:00,34.22828690551434,34.53011367320796,34.19345997356222,34.472068786621094,827100,0.0,0.0
2017-10-18 00:00:00-04:00,34.477877709013235,34.53011700488877,34.23409359019864,34.26311492919922,777300,0.0,0.0
2017-10-19 00:00:00-04:00,34.24571057916023,34.43725544690416,34.2050802522182,34.3095588684082,758300,0.0,0.0
2017-10-20 00:00:00-04:00,34.379196540924816,34.47787173344829,34.210869704034444,34.38500213623047,738100,0.0,0.0
2017-10-23 00:00:00-04:00,34.37340595679343,34.51270929738892,34.34438239783158,34.39662170410156,672700,0.0,0.0
2017-10-24 00:00:00-04:00,34.396611058126936,34.59395924137891,34.28052571495542,34.303741455078125,1061400,0.0,0.0
2017-10-25 00:00:00-04:00,34.245708047608915,34.44885966730145,34.228295684260004,34.42564392089844,1375600,0.0,0.0
2017-10-26 00:00:00-04:00,34.46046276846916,34.67522554600348,34.44885379015491,34.483680725097656,805600,0.0,0.0
2017-10-27 00:00:00-04:00,34.58815936291017,34.73326827075688,34.54172344958984,34.56494140625,868600,0.0,0.0
2017-10-30 00:00:00-04:00,34.506905489982174,34.64620882886548,34.47207854816802,34.57655715942383,863700,0.0,0.0
2017-10-31 00:00:00-04:00,34.59396952323758,34.81453572635391,34.559144795610074,34.57655715942383,3329900,0.0,0.0
2017-11-01 00:00:00-04:00,34.57075461861876,34.73907930602219,34.40823110037906,34.52431869506836,990900,0.0,0.0
2017-11-02 00:00:00-04:00,34.733266751230374,35.44720228090029,34.63459154683466,35.098941802978516,3622500,0.0,0.0
2017-11-03 00:00:00-04:00,35.17439897015034,35.24985622347658,35.0699203776021,35.16279220581055,956600,0.0,0.0
2017-11-06 00:00:00-05:00,34.96544195462663,35.27307211792644,34.930615021084975,35.22083282470703,867500,0.0,0.0
2017-11-07 00:00:00-05:00,35.16859315394962,35.4007682800293,35.116353861291,35.4007682800293,828300,0.0,0.0
2017-11-08 00:00:00-05:00,35.406571157252536,35.406571157252536,35.110549979196065,35.191810607910156,1010900,0.0,0.0
2017-11-09 00:00:00-05:00,35.116358934156004,35.34272849698239,34.942228671534664,35.290489196777344,963600,0.0,0.0
2017-11-10 00:00:00-05:00,35.220832999721594,35.551681120359845,35.220832999721594,35.505245208740234,1312100,0.0,0.0
2017-11-13 00:00:00-05:00,35.406571392223185,35.737419505146775,35.40076801049912,35.5574836730957,940200,0.0,0.0
2017-11-14 00:00:00-05:00,35.45300814658303,35.8186809869266,35.45300814658303,35.73161697387695,863900,0.0,0.0
2017-11-15 00:00:00-05:00,35.78385033373685,35.8418929994787,35.59811114634,35.70839309692383,807400,0.0,0.0
2017-11-16 00:00:00-05:00,35.65616351056854,35.94638134658867,35.65616351056854,35.69099044799805,729800,0.0,0.0
2017-11-17 00:00:00-05:00,35.859310497572274,35.859310497572274,35.70839821649545,35.824485778808594,669100,0.0,0.0
2017-11-20 00:00:00-05:00,35.81867983585845,36.00441904808549,35.812876454182756,35.859310150146484,1067000,0.0,0.0
2017-11-21 00:00:00-05:00,35.77225544447886,35.92897336071861,35.74323410017964,35.79547119140625,1425000,0.0,0.0
2017-11-22 00:00:00-05:00,35.80707200901609,35.841898942747626,35.69098665828322,35.73161697387695,1617900,0.0,0.0
2017-11-23 00:00:00-05:00,35.696783746846485,35.75482641198007,35.650347843391025,35.70258712768555,238900,0.0,0.0
2017-11-24 00:00:00-05:00,35.702595198862134,35.841900726535144,35.673573859734574,35.830291748046875,524600,0.0,0.0
2017-11-27 00:00:00-05:00,35.841906276888594,36.19016682872219,35.795470355744605,36.15534210205078,887300,0.0,0.0
2017-11-28 00:00:00-05:00,36.09148869450872,36.219185245342025,35.992813483177635,35.998619079589844,842900,0.0,0.0
2017-11-29 00:00:00-05:00,36.11470790964814,36.13212027111869,35.778054159975255,35.80707550048828,813700,0.0,0.0
2017-11-30 00:00:00-05:00,35.80707416366935,35.99861898943963,35.73161912398978,35.836097717285156,1673400,0.0,0.0
2017-12-01 00:00:00-05:00,35.89995061725337,36.01603821127237,35.574908011024206,35.66197204589844,1174500,0.0,0.0
2017-12-04 00:00:00-05:00,35.836106665962724,35.836106665962724,35.58071350116114,35.72582244873047,1205500,0.0,0.0
2017-12-05 00:00:00-05:00,35.77804858819074,35.957984414047914,35.702591343258895,35.749027252197266,966800,0.0,0.0
2017-12-06 00:00:00-05:00,35.72581320152185,35.992813064534786,35.69679186235719,35.91155242919922,956000,0.0,0.0
2017-12-07 00:00:00-05:00,35.987013039776265,36.132121963323755,35.888340034573474,35.969600677490234,1151000,0.0,0.0
2017-12-08 00:00:00-05:00,35.987014838854144,36.23660237696822,35.96379687852108,36.1495361328125,1202300,0.0,0.0
2017-12-11 00:00:00-05:00,36.21918457212733,36.370096863245614,36.03344534574196,36.335269927978516,935100,0.0,0.0
2017-12-12 00:00:00-05:00,36.41653523836632,36.4803813027254,36.27722970206837,36.323665618896484,1280800,0.0,0.0
2017-12-13 00:00:00-05:00,36.35268579634391,36.509403689343415,36.30624988100199,36.451358795166016,1652700,0.0,0.0
2017-12-14 00:00:00-05:00,36.40321592157838,36.48541637335679,36.138998583866126,36.22119903564453,1416100,0.718,0.0
2017-12-15 00:00:00-05:00,36.291658375960196,36.33862910263701,35.87478113780905,36.021568298339844,4704300,0.0,0.0
2017-12-18 00:00:00-05:00,35.98046529091659,36.10963869893145,35.83367814173394,35.933494567871094,1529600,0.0,0.0
2017-12-19 00:00:00-05:00,36.009830474853516,36.09790143506881,35.874784304226594,36.009830474853516,1539900,0.0,0.0
2017-12-20 00:00:00-05:00,36.04504760576573,36.068534084325634,35.31698468875979,35.46377182006836,1660700,0.0,0.0
2017-12-21 00:00:00-05:00,35.405053465732635,35.52835411096614,35.32285303557697,35.3874397277832,848000,0.0,0.0
2017-12-22 00:00:00-05:00,35.375696755504876,35.4578971862793,35.32872380089449,35.4578971862793,781000,0.0,0.0
2017-12-27 00:00:00-05:00,35.37569887341732,35.44615606975736,35.07625410912675,35.20542526245117,986500,0.0,0.0
2017-12-28 00:00:00-05:00,35.1760717136034,35.30524511931603,34.98818434518181,35.26414489746094,888500,0.0,0.0
2017-12-29 00:00:00-05:00,35.28762706433451,35.452030181884766,35.099739706957614,35.452030181884766,921600,0.0,0.0
2018-01-02 00:00:00-05:00,35.3757015144584,35.51661815745276,35.082127228031354,35.105613708496094,1009300,0.0,0.0
2018-01-03 00:00:00-05:00,35.082125132321316,35.199555287835985,34.894237779415405,34.96469497680664,1405500,0.0,0.0
2018-01-04 00:00:00-05:00,34.99405452472599,35.0175410055119,34.84139687920573,34.92947006225586,904200,0.0,0.0
2018-01-05 00:00:00-05:00,34.87663007908312,34.8825005799681,34.61241274337301,34.647640228271484,1266300,0.0,0.0
2018-01-08 00:00:00-05:00,34.64177970697835,34.68287994439625,34.46563551235948,34.54196548461914,1334200,0.0,0.0
2018-01-09 00:00:00-05:00,34.6417639076881,34.659377647178296,34.26598919993784,34.38928985595703,1702200,0.0,0.0
2018-01-10 00:00:00-05:00,34.3540666577301,34.383425882178166,34.14856552535979,34.22489547729492,1675100,0.0,0.0
2018-01-11 00:00:00-05:00,34.30122596499309,34.48911560952789,34.1250818030234,34.31296920776367,1355200,0.0,0.0
2018-01-12 00:00:00-05:00,34.20141243254137,34.20728293414464,34.001781781111575,34.007652282714844,1988200,0.0,0.0
2018-01-15 00:00:00-05:00,34.00764960970609,34.18966650222494,33.99590860742241,34.11920928955078,802600,0.0,0.0
2018-01-16 00:00:00-05:00,34.142701127560855,34.15444213168563,33.87848373885832,33.907840728759766,1635800,0.0,0.0
2018-01-17 00:00:00-05:00,33.91369850243127,34.07222887615363,33.81975482612845,33.92544174194336,1828400,0.0,0.0
2018-01-18 00:00:00-05:00,34.00764821931502,34.02526420160915,33.8902202829239,33.937191009521484,1373100,0.0,0.0
2018-01-19 00:00:00-05:00,34.03700410258994,34.20727548956324,33.931317178375295,34.089847564697266,2019300,0.0,0.0
2018-01-22 00:00:00-05:00,34.166176874304014,34.17792011530156,33.97241899732991,34.07810592651367,2082600,0.0,0.0
2018-01-23 00:00:00-05:00,34.03701163514839,34.10746885361932,33.83150824156584,33.89022445678711,1762600,0.0,0.0
2018-01-24 00:00:00-05:00,33.878478046316204,33.88434854739218,33.46747353737206,33.584903717041016,1954200,0.0,0.0
2018-01-25 00:00:00-05:00,33.543802112542,34.00764783150375,33.526186130448764,33.995906829833984,2187900,0.0,0.0
2018-01-26 00:00:00-05:00,34.05462037064095,34.125077578748154,33.948933438583005,34.10746383666992,1298100,0.0,0.0
2018-01-29 00:00:00-05:00,34.05462075369254,34.0957209788669,33.672973245879994,33.731689453125,1702200,0.0,0.0
2018-01-30 00:00:00-05:00,33.68471791389327,33.80214809356223,33.57903097617066,33.584903717041016,1612800,0.0,0.0
2018-01-31 00:00:00-05:00,33.661235371723116,33.796279301242265,33.549675687489625,33.77279281616211,1806700,0.0,0.0
2018-02-01 00:00:00-05:00,33.72580414658999,33.85497751460595,33.48507338606516,33.502689361572266,1909900,0.0,0.0
2018-02-02 00:00:00-05:00,33.467468928352915,33.50269864934021,33.08582145693653,33.097564697265625,2040000,0.0,0.0
2018-02-05 00:00:00-05:00,33.009502808326324,33.2561042034929,32.86858612552064,32.95078659057617,2235900,0.0,0.0
2018-02-06 00:00:00-05:00,32.48693184548823,32.97426399977997,31.964367730451148,32.7805061340332,2964500,0.0,0.0
2018-02-07 00:00:00-05:00,32.86858477112661,33.4322469995335,32.70418384778992,33.297203063964844,2602400,0.0,0.0
2018-02-08 00:00:00-05:00,33.802144816354904,34.054618894237095,32.92142191391774,33.01536560058594,2917200,0.0,0.0
2018-02-09 00:00:00-05:00,33.0564625321877,33.22673614725588,32.62197386453077,32.77463150024414,2423500,0.0,0.0
2018-02-12 00:00:00-05:00,32.997754781594324,33.34417257682391,32.88032460291077,33.25022888183594,2388900,0.0,0.0
2018-02-13 00:00:00-05:00,33.36177413506969,33.36177413506969,32.85095562012459,32.897926330566406,2419700,0.0,0.0
2018-02-14 00:00:00-05:00,32.897936411872024,32.909679653029485,32.64546232647216,32.66307830810547,2447400,0.0,0.0
2018-02-15 00:00:00-05:00,32.7452797542161,32.7452797542161,32.37537548576425,32.62784957885742,1980400,0.0,0.0
2018-02-16 00:00:00-05:00,32.76289681023165,32.89794074162448,32.69243959380812,32.80399703979492,1407600,0.0,0.0
2018-02-20 00:00:00-05:00,32.87444952418293,32.92729298524246,32.739403381635405,32.76288986206055,988200,0.0,0.0
2018-02-21 00:00:00-05:00,32.82748589299288,33.02711655375403,32.774642416915086,32.95078659057617,1528800,0.0,0.0
2018-02-22 00:00:00-05:00,33.12105625394475,33.12105625394475,32.74528146499997,32.815738677978516,1268100,0.0,0.0
2018-02-23 00:00:00-05:00,32.968394204355846,33.05646514892578,32.803991076195885,33.05646514892578,1188300,0.0,0.0
2018-02-26 00:00:00-05:00,33.16803186982656,33.314819048461345,33.08582916836361,33.297203063964844,1124500,0.0,0.0
2018-02-27 00:00:00-05:00,33.267844641243684,33.61426245747142,33.23261491356486,33.44398880004883,1537100,0.0,0.0
2018-02-28 00:00:00-05:00,33.496827082902065,33.55554328660478,32.88032150268555,32.88032150268555,2059400,0.0,0.0
2018-03-01 00:00:00-05:00,32.89206677483131,32.89793727566706,32.57500597463751,32.757022857666016,1795800,0.0,0.0
2018-03-02 00:00:00-05:00,32.657205933103135,33.16215410955384,32.657205933103135,32.93316650390625,1550400,0.0,0.0
2018-03-05 00:00:00-05:00,32.91554431760961,33.27957574499816,32.798114174640936,33.16801834106445,1857100,0.0,0.0
2018-03-06 00:00:00-05:00,33.23848563998815,33.25022888183594,33.05059825001221,33.25022888183594,1555500,0.0,0.0
2018-03-07 00:00:00-05:00,33.220863342285156,33.51443759349746,33.17389038699017,33.220863342285156,1409800,0.0,0.0
2018-03-08 00:00:00-05:00,33.30893695390143,33.54966776967363,33.23847975508356,33.4381103515625,1336400,0.0,0.0
2018-03-09 00:00:00-05:00,33.39114408771867,33.455730799499435,33.24435692086945,33.40876007080078,1180200,0.0,0.0
2018-03-12 00:00:00-04:00,33.467470726170426,33.69645832540346,33.36765653770235,33.5496711730957,1370000,0.0,0.0
2018-03-13 00:00:00-04:00,33.61424504953457,33.878462270808356,33.549658368801715,33.69644546508789,1554900,0.0,0.0
2018-03-14 00:00:00-04:00,33.75892979640704,33.87197438771371,33.31864668090504,33.49713897705078,1913500,0.755,0.0
2018-03-15 00:00:00-04:00,33.50309413706892,33.741083138054584,33.46739476557724,33.52094268798828,1426600,0.0,0.0
2018-03-16 00:00:00-04:00,33.580440521240234,33.87197972427762,33.57449176061431,33.580440521240234,4355400,0.0,0.0
2018-03-19 00:00:00-04:00,33.59232911969311,33.60422890663318,33.407888096252734,33.485233306884766,919300,0.0,0.0
2018-03-20 00:00:00-04:00,33.41384639399521,33.61018953008064,33.27105117960099,33.384098052978516,1263800,0.0,0.0
2018-03-21 00:00:00-04:00,33.28294974593066,33.40194537527419,33.08065785694251,33.08660888671875,1721800,0.0,0.0
2018-03-22 00:00:00-04:00,33.02115684461628,33.05090518063587,32.75341728113482,32.83076477050781,1348100,0.0,0.0
2018-03-23 00:00:00-04:00,32.80696251795459,32.90810957575428,32.42617840079604,32.444026947021484,1291700,0.0,0.0
2018-03-26 00:00:00-04:00,32.59872912225821,32.64037725242951,32.24769326106236,32.30718994140625,1965700,0.0,0.0
2018-03-27 00:00:00-04:00,32.354784797536475,32.73556894825197,32.30123688448882,32.616573333740234,1416400,0.0,0.0
2018-03-28 00:00:00-04:00,32.687972686263294,33.05090832128681,32.64632455794775,32.90811538696289,1226400,0.0,0.0
2018-03-29 00:00:00-04:00,32.90216212304892,33.03900628817171,32.79506629475237,32.98545837402344,1598100,0.0,0.0
2018-04-02 00:00:00-04:00,33.00926085241397,33.00926085241397,32.646325210139906,32.71177291870117,780600,0.0,0.0
2018-04-03 00:00:00-04:00,32.76532876002235,32.76532876002235,32.37264468335883,32.37859344482422,1018900,0.0,0.0
2018-04-04 00:00:00-04:00,32.253639774129155,32.69392289481925,32.09299602480923,32.628475189208984,2269100,0.0,0.0
2018-04-05 00:00:00-04:00,32.50948349991628,32.99141480617655,32.49758370930643,32.74152374267578,2300500,0.0,0.0
2018-04-06 00:00:00-04:00,32.848616489821936,32.97356087495952,32.43808396594726,32.461883544921875,1766300,0.0,0.0
2018-04-09 00:00:00-04:00,32.509484985115435,32.670128761207884,32.35479223942627,32.503536224365234,1879600,0.0,0.0
2018-04-10 00:00:00-04:00,32.658228945224195,32.67607749711431,32.37264076671689,32.38454055786133,1595400,0.0,0.0
2018-04-11 00:00:00-04:00,32.360737897667164,32.55708102839615,32.14654621674568,32.426185607910156,1490400,0.0,0.0
2018-04-12 00:00:00-04:00,32.426185571746906,32.60467788243145,32.28934139123366,32.30718994140625,1256000,0.0,0.0
2018-04-13 00:00:00-04:00,32.307191528197166,32.44403571543162,32.04540294431209,32.06325149536133,2042000,0.0,0.0
2018-04-16 00:00:00-04:00,32.07514650821205,32.39643399715905,31.956150889751754,32.23579025268555,1116700,0.0,0.0
2018-04-17 00:00:00-04:00,32.42619028549274,32.43809007722195,31.997806861854087,32.0216064453125,1673100,0.0,0.0
2018-04-18 00:00:00-04:00,32.04540294431209,32.20009568259577,32.027554393262854,32.06325149536133,1819600,0.0,0.0
2018-04-19 00:00:00-04:00,32.06919596005222,32.075144719299765,31.54561662981986,31.581315994262695,2212500,0.0,0.0
2018-04-20 00:00:00-04:00,31.539671325999215,32.06920178125198,31.53372256567185,31.801462173461914,2318200,0.0,0.0
2018-04-23 00:00:00-04:00,31.97995627537604,32.0632525425302,31.77766436815033,31.908559799194336,1817100,0.0,0.0
2018-04-24 00:00:00-04:00,31.896662798162588,32.170351205509014,31.872863214135965,31.96211051940918,1197400,0.0,0.0
2018-04-25 00:00:00-04:00,32.039452257798345,32.325042695566836,31.968055783182727,32.20604705810547,1147200,0.0,0.0
2018-04-26 00:00:00-04:00,32.271485028248684,32.61656977607463,32.194137546804875,32.5213737487793,1657800,0.0,0.0
2018-04-27 00:00:00-04:00,32.54518287174581,32.83671979790156,32.54518287174581,32.74152374267578,651400,0.0,0.0
2018-04-30 00:00:00-04:00,32.74152376292562,32.83077105772816,32.42023849487305,32.42023849487305,1158800,0.0,0.0
2018-05-01 00:00:00-04:00,32.42022879706741,32.5630217024545,32.259585076267705,32.408329010009766,801400,0.0,0.0
2018-05-02 00:00:00-04:00,32.52732466761304,32.58087257837598,32.081092834472656,32.081092834472656,1713600,0.0,0.0
2018-05-03 00:00:00-04:00,32.12869784521953,32.15249742537712,31.480174038668792,31.65271759033203,2361900,0.0,0.0
2018-05-04 00:00:00-04:00,31.569413563898628,31.78360292367142,31.54561398959532,31.741954803466797,1626800,0.0,0.0
2018-05-07 00:00:00-04:00,31.771706952081956,32.039444232238274,31.688408437967336,31.843103408813477,1608200,0.0,0.0
2018-05-08 00:00:00-04:00,31.884750104598176,31.950197799362616,31.658658687135294,31.878801345825195,1540300,0.0,0.0
2018-05-09 00:00:00-04:00,31.962104403004187,31.979952952781954,31.6229683393097,31.700313568115234,1541300,0.0,0.0
2018-05-10 00:00:00-04:00,31.706254897221047,31.74195198585499,31.474214742491924,31.688404083251953,2221300,0.0,0.0
2018-05-11 00:00:00-04:00,31.753855138295005,32.06919382912185,31.753855138295005,31.99779510498047,1691900,0.0,0.0
2018-05-14 00:00:00-04:00,32.08704450326817,32.259588026907295,31.96804889146006,32.128692626953125,2101900,0.0,0.0
2018-05-15 00:00:00-04:00,32.146541228870205,32.32503578171137,32.01564809834654,32.24768829345703,1833300,0.0,0.0
2018-05-16 00:00:00-04:00,32.289338167510046,32.313137745132636,32.16439378947043,32.23579025268555,1986600,0.0,0.0
2018-05-17 00:00:00-04:00,32.30123721513101,32.330985551650315,32.18224159940121,32.19414138793945,1713400,0.0,0.0
2018-05-18 00:00:00-04:00,32.271487184430214,32.325035095214844,32.19413969781852,32.325035095214844,1694300,0.0,0.0
2018-05-22 00:00:00-04:00,32.28339305241658,32.47378743862383,32.176299472801276,32.36669158935547,1463200,0.0,0.0
2018-05-23 00:00:00-04:00,32.289324497203964,32.51541584959313,32.25362514588409,32.43806838989258,1280000,0.0,0.0
2018-05-24 00:00:00-04:00,32.42618871669411,32.574932701633074,32.42618871669411,32.503536224365234,1259300,0.0,0.0
2018-05-25 00:00:00-04:00,32.49162684041389,32.67011911571213,32.41427935557876,32.48567581176758,1405500,0.0,0.0
2018-05-28 00:00:00-04:00,32.43212790221286,32.646319540431726,32.43212790221286,32.48567581176758,476600,0.0,0.0
2018-05-29 00:00:00-04:00,32.42618381672261,32.47973173399505,32.25364027555,32.319087982177734,1320500,0.0,0.0
2018-05-30 00:00:00-04:00,32.366689592779984,32.37263835308213,32.18819500857464,32.22984313964844,978700,0.0,0.0
2018-05-31 00:00:00-04:00,32.18818382802415,32.2298319446315,32.08703905044977,32.13463592529297,1355200,0.0,0.0
2018-06-01 00:00:00-04:00,32.128692626953125,32.27148781505336,32.128692626953125,32.128692626953125,807800,0.0,0.0
2018-06-04 00:00:00-04:00,32.15844276023846,32.36073463072517,32.14059421184784,32.23579025268555,957800,0.0,0.0
2018-06-05 00:00:00-04:00,32.34288617803446,32.711770553665495,32.33098638918796,32.47378158569336,1366300,0.0,0.0
2018-06-06 00:00:00-04:00,32.40238869267621,32.47378743862383,32.289344082738744,32.36669158935547,987400,0.0,0.0
2018-06-07 00:00:00-04:00,32.42022680009982,32.574919483016046,32.38452744112585,32.51542282104492,1170100,0.0,0.0
2018-06-08 00:00:00-04:00,32.527325736677305,32.67012092662251,32.45592927653097,32.5927734375,1290900,0.0,0.0
2018-06-11 00:00:00-04:00,32.64037032096333,32.878359261452744,32.63441929240097,32.79506301879883,1372600,0.0,0.0
2018-06-12 00:00:00-04:00,32.848620663497286,32.94381672183839,32.80102376915326,32.925968170166016,1639500,0.0,0.0
2018-06-13 00:00:00-04:00,32.97949987379231,33.00924820183217,32.73555995242233,32.77125930786133,1339400,0.0,0.0
2018-06-14 00:00:00-04:00,32.87080652611577,32.8768379609218,32.67173465957646,32.76222229003906,1228600,0.755,0.0
2018-06-15 00:00:00-04:00,32.79237779359955,32.82253956425208,32.5812407966406,32.81047439575195,4243200,0.0,0.0
2018-06-18 00:00:00-04:00,32.79237933292072,32.84667144312207,32.50282217891207,32.59330749511719,1042800,0.0,0.0
2018-06-19 00:00:00-04:00,32.478702545166016,32.72603283955535,32.46060593619982,32.478702545166016,1310000,0.0,0.0
2018-06-20 00:00:00-04:00,32.520923303254385,32.78031872125806,32.50885813251049,32.605377197265625,1333700,0.0,0.0
2018-06-21 00:00:00-04:00,32.57521366863001,32.67173272819293,32.539018158345456,32.563148498535156,781500,0.0,0.0
2018-06-22 00:00:00-04:00,32.63552459740558,32.82856264188156,32.58123250357202,32.79840087890625,1235600,0.0,0.0
2018-06-25 00:00:00-04:00,32.79238211523758,32.79238211523758,32.42440248167283,32.46059799194336,2748000,0.0,0.0
2018-06-26 00:00:00-04:00,32.46059585684402,32.66569913249454,32.45456212159786,32.52695083618164,1194000,0.0,0.0
2018-06-27 00:00:00-04:00,32.57521263064436,32.617439574032865,32.49075874386736,32.53298568725586,1190900,0.0,0.0
2018-06-28 00:00:00-04:00,32.54505834523991,32.54505834523991,32.128817948643835,32.273597717285156,1298700,0.0,0.0
2018-06-29 00:00:00-04:00,32.27961135147795,32.27961135147795,32.06244527007253,32.116737365722656,1436800,0.0,0.0
2018-07-03 00:00:00-04:00,32.09262850599124,32.442509344454265,32.09262850599124,32.37615203857422,953300,0.0,0.0
2018-07-04 00:00:00-04:00,32.32788848876953,32.48473112213136,32.31582331678843,32.32788848876953,340400,0.0,0.0
2018-07-05 00:00:00-04:00,32.42440589202551,32.45456766982537,32.10468690519388,32.36408233642578,1480300,0.0,0.0
2018-07-06 00:00:00-04:00,32.321856340691845,32.96732806967278,32.30979116897677,32.9190673828125,1305000,0.0,0.0
2018-07-09 00:00:00-04:00,32.888899000030946,32.979384317930204,32.77428334354691,32.84667205810547,945200,0.0,0.0
2018-07-10 00:00:00-04:00,32.83461364082177,33.19052815395116,32.75619117489259,33.178462982177734,1198300,0.0,0.0
2018-07-11 00:00:00-04:00,33.100042333895885,33.38356813315039,33.03368503609621,33.29911422729492,1972500,0.0,0.0
2018-07-12 00:00:00-04:00,33.2810059741418,33.79376530332593,33.2810059741418,33.781700134277344,1940500,0.0,0.0
2018-07-13 00:00:00-04:00,33.757575671065815,33.90235542364937,33.69121838034819,33.739479064941406,1258200,0.0,0.0
2018-07-16 00:00:00-04:00,33.727415324863045,33.85409617550122,33.66105803132985,33.76361083984375,1356600,0.0,0.0
2018-07-17 00:00:00-04:00,33.75154812765674,33.890294160065565,33.727417782577895,33.81790542602539,1014100,0.0,0.0
2018-07-18 00:00:00-04:00,33.89029296946653,33.968715437619544,33.630897521972656,33.630897521972656,1345500,0.0,0.0
2018-07-19 00:00:00-04:00,33.691215103524726,33.691215103524726,33.335300643452506,33.594696044921875,1165700,0.0,0.0
2018-07-20 00:00:00-04:00,33.53437518032389,33.540406615196126,33.305141534845895,33.38356399536133,986900,0.0,0.0
2018-07-23 00:00:00-04:00,33.37753534267174,33.413728557314165,33.232755580513306,33.3534049987793,752000,0.0,0.0
2018-07-24 00:00:00-04:00,33.28704865583302,33.51628232697589,33.28704865583302,33.305145263671875,1019000,0.0,0.0
2018-07-25 00:00:00-04:00,33.317204041325596,33.329269211301245,32.99748509115643,33.06987380981445,1141800,0.0,0.0
2018-07-26 00:00:00-04:00,33.0577994039009,33.2870329670015,32.98541070546738,33.20861053466797,782000,0.0,0.0
2018-07-27 00:00:00-04:00,33.29910888997861,33.40165938745265,33.10003702848762,33.196556091308594,753400,0.0,0.0
2018-07-30 00:00:00-04:00,33.21466374545708,33.35944122722082,33.14227270337863,33.202598571777344,570500,0.0,0.0
2018-07-31 00:00:00-04:00,33.16638200097144,33.37148522096066,33.11812363807727,33.347354888916016,1200900,0.0,0.0
2018-08-01 00:00:00-04:00,33.35338862252474,33.36545378854706,33.09399330603263,33.347354888916016,1082100,0.0,0.0
2018-08-02 00:00:00-04:00,33.02765178509811,33.063847300416526,32.52695751190965,32.67776870727539,2240800,0.0,0.0
2018-08-03 00:00:00-04:00,32.6053834699502,32.72000146346961,32.502832950692266,32.65967559814453,1122500,0.0,0.0
2018-08-07 00:00:00-04:00,32.689832589546754,32.689832589546754,32.183106901058586,32.207237243652344,1789700,0.0,0.0
2018-08-08 00:00:00-04:00,32.15896678513745,32.27961385041537,32.056414018216906,32.1710319519043,1578100,0.0,0.0
2018-08-09 00:00:00-04:00,32.18310286303229,32.44853199586782,32.18310286303229,32.26755905151367,1633100,0.0,0.0
2018-08-10 00:00:00-04:00,32.297729993026834,32.297729993026834,31.971977220007528,32.074527740478516,1175300,0.0,0.0
2018-08-13 00:00:00-04:00,32.080556313399754,32.23136750242431,32.014199022037566,32.128814697265625,811800,0.0,0.0
2018-08-14 00:00:00-04:00,32.23740599045986,32.472673429815465,32.23740599045986,32.37615203857422,1084000,0.0,0.0
2018-08-15 00:00:00-04:00,32.273596049352605,32.35201851586355,32.128816288193654,32.309791564941406,1426100,0.0,0.0
2018-08-16 00:00:00-04:00,32.36407618644098,32.70792545065099,32.35804245130989,32.59330749511719,1464300,0.0,0.0
2018-08-17 00:00:00-04:00,32.5933176571662,32.75619403855239,32.45457162143644,32.72603225708008,1324400,0.0,0.0
2018-08-20 00:00:00-04:00,32.75016228714556,32.810485849508886,32.62348142546474,32.70793533325195,2110500,0.0,0.0
2018-08-21 00:00:00-04:00,32.726021731341326,32.8406373845506,32.57521057128906,32.57521057128906,962900,0.0,0.0
2018-08-22 00:00:00-04:00,32.62950432755363,32.671731270403534,32.4244010474845,32.436466217041016,1167000,0.0,0.0
2018-08-23 00:00:00-04:00,32.454573487796715,32.557126312135765,32.29169709704402,32.34598922729492,936200,0.0,0.0
2018-08-24 00:00:00-04:00,32.35201109971661,32.40630321005615,32.21326510689239,32.24945831298828,612300,0.0,0.0
2018-08-27 00:00:00-04:00,32.31581663272436,32.35804357532606,32.17103920128878,32.27962112426758,792900,0.0,0.0
2018-08-28 00:00:00-04:00,32.30376293455804,32.345989892154854,32.11675849411401,32.17708206176758,1440500,0.0,0.0
2018-08-29 00:00:00-04:00,32.225337027339265,32.36408536033552,32.08659099553936,32.273597717285156,588600,0.0,0.0
2018-08-30 00:00:00-04:00,32.32788991864238,32.46663595076746,32.26153262040943,32.352020263671875,2735000,0.0,0.0
2018-08-31 00:00:00-04:00,32.29169457443472,32.430440607304575,32.00213733611551,32.110721588134766,1308900,0.0,0.0
2018-09-04 00:00:00-04:00,32.05039572419541,32.11675301801799,31.71257781982422,31.71257781982422,1354100,0.0,0.0
2018-09-05 00:00:00-04:00,31.712582850127944,32.11675811243268,31.58590197884299,32.080562591552734,1258900,0.0,0.0
2018-09-06 00:00:00-04:00,32.10468768856741,32.14691463875681,31.971973101574317,32.056427001953125,1930900,0.0,0.0
2018-09-07 00:00:00-04:00,31.990069868325314,32.05039572689465,31.784966551582,31.911649703979492,1147800,0.0,0.0
2018-09-10 00:00:00-04:00,31.971971426495504,32.15294438942513,31.80306363458733,31.8935489654541,1493000,0.0,0.0
2018-09-11 00:00:00-04:00,31.8935352496082,32.15896429553997,31.766854460156264,32.116737365722656,1208900,0.0,0.0
2018-09-12 00:00:00-04:00,32.11675125882444,32.11675125882444,31.863387269124996,31.869421005249023,1846400,0.0,0.0
2018-09-13 00:00:00-04:00,31.958156075963945,31.976515050465036,31.811277276277238,31.854116439819336,1167300,0.755,0.0
2018-09-14 00:00:00-04:00,31.823521288048195,31.958160009787473,31.7378429504176,31.84800148010254,732200,0.0,0.0
2018-09-17 00:00:00-04:00,31.823518465093418,32.294751614819816,31.823518465093418,32.190711975097656,950300,0.0,0.0
2018-09-18 00:00:00-04:00,32.01935035795852,32.319226801198795,32.01935035795852,32.209068298339844,902100,0.0,0.0
2018-09-19 00:00:00-04:00,32.14175691333693,32.17235598625097,31.719484104180125,31.768442153930664,1827600,0.0,0.0
2018-09-20 00:00:00-04:00,31.823518911772783,32.14175438103764,31.70724151003655,32.05607604980469,1418800,0.0,0.0
2018-09-21 00:00:00-04:00,32.1111577433506,32.16623700825321,31.896959564480625,32.08667755126953,2579800,0.0,0.0
2018-09-24 00:00:00-04:00,32.056081378146715,32.12951962647333,31.69500668324777,31.707246780395508,1024000,0.0,0.0
2018-09-25 00:00:00-04:00,31.823520766619854,31.9642783667866,31.639923998339732,31.817401885986328,2511700,0.0,0.0
2018-09-26 00:00:00-04:00,31.84798714491466,32.4354974824153,31.841865932376507,32.34981918334961,2072900,0.0,0.0
2018-09-27 00:00:00-04:00,32.380418242364705,32.527296994019146,32.294739943299014,32.34981918334961,1290700,0.0,0.0
2018-09-28 00:00:00-04:00,32.27026942834384,32.282509522527924,31.945915103422898,32.025474548339844,1658500,0.0,0.0
2018-10-01 00:00:00-04:00,32.06218973912759,32.20906852214647,31.92143216995398,32.049949645996094,1141200,0.0,0.0
2018-10-02 00:00:00-04:00,32.06831371739448,32.12339297395474,31.841875476780498,31.988754272460938,1610100,0.0,0.0
2018-10-03 00:00:00-04:00,32.00711336558738,32.07443271658483,31.79291755292208,31.909194946289062,1421100,0.0,0.0
2018-10-04 00:00:00-04:00,31.91531755223788,31.91531755223788,31.535881618173605,31.841876983642578,2451500,0.0,0.0
2018-10-05 00:00:00-04:00,31.762329120676483,31.884725434866027,31.670529550474278,31.725608825683594,1253500,0.0,0.0
2018-10-09 00:00:00-04:00,31.676644477239805,31.750085058055856,31.254371643066403,31.254371643066406,1520900,0.0,0.0
2018-10-10 00:00:00-04:00,31.223766498732825,31.652160465311677,31.11972686341429,31.456323623657227,2589500,0.0,0.0
2018-10-11 00:00:00-04:00,31.352282122230427,31.584839233312877,31.11360613158017,31.138086318969727,3119900,0.0,0.0
2018-10-12 00:00:00-04:00,31.33392815670621,31.627683448650888,31.040172864761534,31.156450271606445,2371600,0.0,0.0
2018-10-15 00:00:00-04:00,31.187045478495385,31.707238973676994,31.107488368462764,31.474681854248047,1530500,0.0,0.0
2018-10-16 00:00:00-04:00,31.49304353345109,31.695001602172855,31.303327894474286,31.69500160217285,1231100,0.0,0.0
2018-10-17 00:00:00-04:00,31.695007611092446,31.854124209551426,31.425730135078943,31.774564743041992,1647100,0.0,0.0
2018-10-18 00:00:00-04:00,31.829641222520692,32.23967628204676,31.731722785621283,32.18459701538086,1904800,0.0,0.0
2018-10-19 00:00:00-04:00,32.20907473994962,32.75986502983991,32.20295352492268,32.710906982421875,1997000,0.0,0.0
2018-10-22 00:00:00-04:00,32.98018257518332,32.98018257518332,32.3620729180659,32.46611022949219,1479100,0.0,0.0
2018-10-23 00:00:00-04:00,32.28251115055628,32.472229118138365,32.07443420805184,32.42938995361328,1557900,0.0,0.0
2018-10-24 00:00:00-04:00,32.4293890310619,32.472228194368306,32.17847293117043,32.25191116333008,1397000,0.0,0.0
2018-10-25 00:00:00-04:00,32.306982983370375,32.32534195354385,32.00710657470387,32.0927848815918,1556300,0.0,0.0
2018-10-26 00:00:00-04:00,32.019349212046855,32.25802518151315,31.407358588980884,31.554237365722656,1751700,0.0,0.0
2018-10-29 00:00:00-04:00,31.560361679378268,31.86635704360304,31.30332669401795,31.4012451171875,1655500,0.0,0.0
2018-10-30 00:00:00-04:00,31.425717560613997,31.658274651055574,31.35227933952259,31.554237365722656,1590000,0.0,0.0
2018-10-31 00:00:00-04:00,31.58484684974887,31.6521662140241,31.18093299865723,31.180932998657227,2151200,0.0,0.0
2018-11-01 00:00:00-04:00,31.62767556615442,32.73537943362148,31.278841097999397,32.717018127441406,3266500,0.0,0.0
2018-11-02 00:00:00-04:00,32.68030874599189,32.87614560978693,32.2335534199899,32.37431335449219,2129600,0.0,0.0
2018-11-05 00:00:00-05:00,32.355946624983794,32.68642215275438,32.34370653122645,32.527305603027344,1854600,0.0,0.0
2018-11-06 00:00:00-05:00,32.52118579120028,32.545665979770554,32.1907102491794,32.38654708862305,1342600,0.0,0.0
2018-11-07 00:00:00-05:00,32.49671236174495,32.85778704730033,32.264157525635206,32.79658889770508,1738600,0.0,0.0
2018-11-08 00:00:00-05:00,32.8210596356951,33.04749552543356,32.723141223816924,33.035255432128906,1592400,0.0,0.0
2018-11-09 00:00:00-05:00,32.94346434472002,33.182140372034105,32.91286293850271,33.108699798583984,1453900,0.0,0.0
2018-11-12 00:00:00-05:00,33.01077628868937,33.39633106901318,32.93121918153365,33.16989517211914,1622900,0.0,0.0
2018-11-13 00:00:00-05:00,33.1637819796598,33.58605714319803,33.10870271200524,33.555458068847656,2284900,0.0,0.0
2018-11-14 00:00:00-05:00,33.555456433226176,33.812491446712116,33.45753566478245,33.70845413208008,2392200,0.0,0.0
2018-11-15 00:00:00-05:00,33.659492738535704,33.70233190616544,33.48813606801676,33.53709411621094,2552700,0.0,0.0
2018-11-16 00:00:00-05:00,33.56157254966684,33.89204811226587,33.45141402880049,33.80636978149414,1531000,0.0,0.0
2018-11-19 00:00:00-05:00,33.80025418001804,34.10013072208006,33.80025418001804,34.087890625,1375700,0.0,0.0
2018-11-20 00:00:00-05:00,34.014443843269234,34.14296132852671,33.7757655119292,33.87368392944336,2919900,0.0,0.0
2018-11-21 00:00:00-05:00,33.87980342329064,34.271477073457845,33.745164730586,34.14295959472656,1884600,0.0,0.0
2018-11-22 00:00:00-05:00,34.05728127557237,34.25923698007023,34.02056099540953,34.14295959472656,707800,0.0,0.0
2018-11-23 00:00:00-05:00,34.12460531063491,34.393882751464844,34.02668687794027,34.393882751464844,1176500,0.0,0.0
2018-11-26 00:00:00-05:00,34.40611812640893,34.82227199189935,34.369397843727086,34.773311614990234,3304200,0.0,0.0
2018-11-27 00:00:00-05:00,34.7671949361383,34.92019262182611,34.71823455612969,34.889591217041016,2264100,0.0,0.0
2018-11-28 00:00:00-05:00,34.828393412561866,34.96915100460534,34.67539572539817,34.797794342041016,2171300,0.0,0.0
2018-11-29 00:00:00-05:00,34.72435059826959,35.091544055398344,34.51015246947859,34.956905364990234,2283000,0.0,0.0
2018-11-30 00:00:00-05:00,34.95690823989978,35.15886629212128,34.82227187297804,34.85287094116211,4238600,0.0,0.0
2018-12-03 00:00:00-05:00,34.84674985261915,34.87735125547297,34.4917964581956,34.73659133911133,1524600,0.0,0.0
2018-12-04 00:00:00-05:00,34.71823316544781,35.21394648766128,34.71823316544781,34.993629455566406,2403800,0.0,0.0
2018-12-05 00:00:00-05:00,34.999759527755195,35.31187620121795,34.92632127175928,35.07931900024414,1163200,0.0,0.0
2018-12-06 00:00:00-05:00,34.88347563718121,35.19558991830765,34.589720333015265,35.171112060546875,2506800,0.0,0.0
2018-12-07 00:00:00-05:00,35.10990965137724,35.226189391232815,34.75495622046529,34.85899353027344,1608300,0.0,0.0
2018-12-10 00:00:00-05:00,34.718237563103294,34.83451497385551,34.34492280416246,34.705997467041016,1216300,0.0,0.0
2018-12-11 00:00:00-05:00,34.754962026524765,34.96915789694769,34.57748411414011,34.61420440673828,2059800,0.0,0.0
2018-12-12 00:00:00-05:00,34.73047001593003,34.88958656060318,34.577472350661616,34.7794303894043,2036300,0.0,0.0
2018-12-13 00:00:00-05:00,34.73291635334574,34.88797401563747,34.47862188182701,34.726715087890625,1822100,0.755,0.0
2018-12-14 00:00:00-05:00,34.42900016036921,34.87556695720945,34.422798895298435,34.86936569213867,1285100,0.0,0.0
2018-12-17 00:00:00-05:00,34.60887096178975,34.869369073874445,34.42280223372482,34.596466064453125,1653700,0.0,0.0
2018-12-18 00:00:00-05:00,34.47862481945027,34.68329972079798,34.360781837825364,34.4724235534668,2264100,0.0,0.0
2018-12-19 00:00:00-05:00,34.373185695311975,34.732920652027204,34.236736544482454,34.410400390625,2977700,0.0,0.0
2018-12-20 00:00:00-05:00,34.29255039987169,34.466214210541736,33.91420935577598,34.19331359863281,5069600,0.0,0.0
2018-12-21 00:00:00-05:00,34.15610577331732,34.47242476743823,33.64131550283522,33.67852783203125,6687200,0.0,0.0
2018-12-24 00:00:00-05:00,33.492450684239934,33.64130706165075,33.095503499133564,33.194740295410156,1432900,0.0,0.0
2018-12-27 00:00:00-05:00,33.24436298210964,33.486254930963234,32.93424764695567,33.337398529052734,2123500,0.0,0.0
2018-12-28 00:00:00-05:00,33.4304314147718,33.69092713988815,33.39321672575859,33.46764373779297,1452400,0.0,0.0
2018-12-31 00:00:00-05:00,33.53587137248866,33.67852413941492,33.1389241313039,33.449039459228516,1096100,0.0,0.0
2019-01-02 00:00:00-05:00,33.35600490788803,33.6040981240135,32.983867449692085,33.47385025024414,1592900,0.0,0.0
2019-01-03 00:00:00-05:00,33.473842674872955,33.678517520763656,33.39321204298063,33.51105499267578,2188500,0.0,0.0
2019-01-04 00:00:00-05:00,33.67232187291168,33.67852313824927,33.09550719083956,33.12651824951172,2234400,0.0,0.0
2019-01-07 00:00:00-05:00,33.1389224875911,33.33119483312472,32.90323418758088,33.3063850402832,2900100,0.0,0.0
2019-01-08 00:00:00-05:00,33.39321684252455,33.92661555695217,33.368407049762325,33.833580017089844,2700000,0.0,0.0
2019-01-09 00:00:00-05:00,33.87079881261673,33.87079881261673,33.54827856558265,33.709537506103516,2040700,0.0,0.0
2019-01-10 00:00:00-05:00,33.64131015327882,34.273943308936026,33.49245376218814,34.19951629638672,1776400,0.0,0.0
2019-01-11 00:00:00-05:00,34.19951712996624,34.825951401668476,34.11888648424382,34.41659927368164,1782100,0.0,0.0
2019-01-14 00:00:00-05:00,34.422799312318446,34.77012931028997,34.149898692049995,34.25533676147461,1586300,0.0,0.0
2019-01-15 00:00:00-05:00,34.14369167235902,34.73911243893943,34.001038928240284,34.497222900390625,1481300,0.0,0.0
2019-01-16 00:00:00-05:00,34.47241967440462,34.602667539332494,34.32356328163556,34.44140625,1355600,0.0,0.0
2019-01-17 00:00:00-05:00,34.391786219012545,34.55924875994455,34.33596537203521,34.46621322631836,1213200,0.0,0.0
2019-01-18 00:00:00-05:00,34.627479553222656,34.67089551098301,34.39179123538628,34.627479553222656,2169500,0.0,0.0
2019-01-21 00:00:00-05:00,34.757719574775045,34.76392083905756,34.304951570416684,34.52823257446289,607300,0.0,0.0
2019-01-22 00:00:00-05:00,34.41660426851969,34.615077912954376,34.35457977588856,34.58406448364258,1412000,0.0,0.0
2019-01-23 00:00:00-05:00,34.58406597298471,34.70191133106257,34.49723404555423,34.621280670166016,1026000,0.0,0.0
2019-01-24 00:00:00-05:00,34.5964747750063,34.689510345458984,34.43521580101353,34.689510345458984,1132500,0.0,0.0
2019-01-25 00:00:00-05:00,34.658488887637944,34.838353975405475,34.55304844833354,34.751522064208984,1227900,0.0,0.0
2019-01-28 00:00:00-05:00,34.49722656046251,34.99961421643722,34.49722656046251,34.98720932006836,3933200,0.0,0.0
2019-01-29 00:00:00-05:00,34.98100576376654,35.43997506939359,34.844554278638114,35.3221321105957,1751900,0.0,0.0
2019-01-30 00:00:00-05:00,35.2105006970211,35.284927726098076,35.04923937369627,35.19189453125,1291600,0.0,0.0
2019-01-31 00:00:00-05:00,35.20428981690443,35.48339407597447,35.05543578939514,35.43377685546875,1763000,0.0,0.0
2019-02-01 00:00:00-05:00,35.4337815615417,35.46479262422547,35.28492514827021,35.39036560058594,942300,0.0,0.0
2019-02-04 00:00:00-05:00,35.39036267367369,35.47099095678476,35.30973202457041,35.346946716308594,900500,0.0,0.0
2019-02-05 00:00:00-05:00,35.35935011220483,35.70668014561115,35.35314884642627,35.60124206542969,1148700,0.0,0.0
2019-02-06 00:00:00-05:00,35.63845692264379,35.70048141479492,35.51441030433398,35.70048141479492,802600,0.0,0.0
2019-02-07 00:00:00-05:00,35.70048612715246,35.768709528535304,35.322144956064236,35.65707015991211,1513700,0.0,0.0
2019-02-08 00:00:00-05:00,35.595040756504574,35.70668247574235,35.452387974365735,35.564029693603516,1026800,0.0,0.0
2019-02-11 00:00:00-05:00,35.59503900517889,35.681870923426594,35.29732855719008,35.3531494140625,1205700,0.0,0.0
2019-02-12 00:00:00-05:00,35.43377928354817,35.700478664269184,35.23530565594076,35.46479034423828,1248100,0.0,0.0
2019-02-13 00:00:00-05:00,35.51440985132101,35.669467530732284,35.29112878040242,35.39036560058594,1116100,0.0,0.0
2019-02-14 00:00:00-05:00,35.42757565181479,35.71288356174368,35.322137572269966,35.46479034423828,2370200,0.0,0.0
2019-02-15 00:00:00-05:00,35.526817379574815,35.68187507046471,35.39656948706553,35.557830810546875,2841900,0.0,0.0
2019-02-19 00:00:00-05:00,35.539211628665356,35.83692202203943,35.48959441276562,35.74388885498047,2298000,0.0,0.0
2019-02-20 00:00:00-05:00,35.72528656789,35.818322117188714,35.57643252820283,35.774906158447266,940300,0.0,0.0
2019-02-21 00:00:00-05:00,35.700472693373534,36.010587980392444,35.576426105367595,35.905147552490234,1631600,0.0,0.0
2019-02-22 00:00:00-05:00,35.960971944441376,36.18425535166879,35.84933024082767,36.029197692871094,1322600,0.0,0.0
2019-02-25 00:00:00-05:00,36.078809954712916,36.28968843633441,36.04779890041395,36.1966552734375,1170400,0.0,0.0
2019-02-26 00:00:00-05:00,36.14704242619544,36.40133690439649,36.128436263348995,36.24007797241211,3980200,0.0,0.0
2019-02-27 00:00:00-05:00,36.165655694646894,36.258688887063606,36.004394375536535,36.23387908935547,2010100,0.0,0.0
2019-02-28 00:00:00-05:00,36.22146380717059,36.4819594934385,36.209058912682835,36.29589080810547,2732400,0.0,0.0
2019-03-01 00:00:00-05:00,36.42614183651118,36.4881663143737,35.830721044982425,35.91755294799805,2770800,0.0,0.0
2019-03-04 00:00:00-05:00,35.97958443725887,36.147047022145735,35.787314420753326,36.128440856933594,2673500,0.0,0.0
2019-03-05 00:00:00-05:00,36.19046401977539,36.45716343674039,36.159452954870936,36.19046401977539,1757600,0.0,0.0
2019-03-06 00:00:00-05:00,36.283488701825526,36.57499782970973,36.22146659061232,36.53158187866211,2298400,0.0,0.0
2019-03-07 00:00:00-05:00,36.53160004908626,36.792095884939805,36.46957554103085,36.575016021728516,2030200,0.0,0.0
2019-03-08 00:00:00-05:00,36.59360808091851,36.854103816326784,36.57500191867282,36.70524978637695,1889100,0.0,0.0
2019-03-11 00:00:00-04:00,36.74867129711434,36.996764539188064,36.72386149970847,36.916133880615234,5441700,0.0,0.0
2019-03-12 00:00:00-04:00,36.95335292847549,37.040184863629165,36.91613822798415,36.965755462646484,2763000,0.0,0.0
2019-03-13 00:00:00-04:00,37.04637322570679,37.08358791323448,36.76726898422894,36.95954132080078,2675200,0.0,0.0
2019-03-14 00:00:00-04:00,36.91113597632937,37.05571268275807,36.5654064632368,36.653411865234375,3023800,0.793,0.0
2019-03-15 00:00:00-04:00,36.96143440602125,37.09972625625546,36.77914103942212,37.036865234375,5668100,0.0,0.0
2019-03-18 00:00:00-04:00,36.9614274674473,37.24429601805094,36.8734244512378,37.16886520385742,1877600,0.0,0.0
2019-03-19 00:00:00-04:00,37.16887218137256,37.181444385748655,36.82314495368984,37.036865234375,2558000,0.0,0.0
2019-03-20 00:00:00-04:00,36.98029467801534,37.11229922984612,36.90486145019531,36.90486145019531,1558900,0.0,0.0
2019-03-21 00:00:00-04:00,36.823136665482856,37.206578022085495,36.823136665482856,37.10600280761719,1385100,0.0,0.0
2019-03-22 00:00:00-04:00,37.06200334686592,37.20658007577543,36.961428126846165,37.194007873535156,2152500,0.0,0.0
2019-03-25 00:00:00-04:00,37.21287051262619,37.38259166032251,37.10600798352735,37.20029830932617,2124000,0.0,0.0
2019-03-26 00:00:00-04:00,37.187722591451774,37.47059114421202,37.187722591451774,37.344871520996094,2139500,0.0,0.0
2019-03-27 00:00:00-04:00,37.319728123022486,37.558595173783075,37.319728123022486,37.42030334472656,2585100,0.0,0.0
2019-03-28 00:00:00-04:00,37.407732913880665,37.62145556986138,37.30087278484157,37.33230209350586,5456600,0.0,0.0
2019-03-29 00:00:00-04:00,37.3888796498948,37.3888796498948,37.074581735153345,37.30087661743164,2528400,0.0,0.0
2019-04-01 00:00:00-04:00,37.395161773550875,37.40144667589831,37.080863902324836,37.17515182495117,2834500,0.0,0.0
2019-04-02 00:00:00-04:00,37.168872318876396,37.49574244015562,37.118583501185995,37.47688293457031,1427400,0.0,0.0
2019-04-03 00:00:00-04:00,37.47687741782113,37.55859553558739,37.36372999257628,37.43916320800781,1580500,0.0,0.0
2019-04-04 00:00:00-04:00,37.42031337761928,37.60260676517775,37.37002695223598,37.49574661254883,1720700,0.0,0.0
2019-04-05 00:00:00-04:00,37.5585958290347,37.59002513675884,37.44544840290583,37.583740234375,916400,0.0,0.0
2019-04-08 00:00:00-04:00,37.445443215768144,37.6151643314508,37.37001240809879,37.5208740234375,1679800,0.0,0.0
2019-04-09 00:00:00-04:00,37.432878324003205,37.502024243660806,37.30715868807144,37.40773391723633,1112100,0.0,0.0
2019-04-10 00:00:00-04:00,37.45801127808581,37.67801877527276,37.43286687900677,37.6088752746582,1153100,0.0,0.0
2019-04-11 00:00:00-04:00,37.659169565931045,38.055185541749715,37.61516805727368,37.847747802734375,1773600,0.0,0.0
2019-04-12 00:00:00-04:00,37.854032622541936,38.04889574871341,37.84774532291576,38.03632354736328,1260100,0.0,0.0
2019-04-15 00:00:00-04:00,37.87918081558047,38.33805784716823,37.87918081558047,38.143192291259766,1583200,0.0,0.0
2019-04-16 00:00:00-04:00,38.2249111344103,38.31291416199341,38.06776218575396,38.07404708862305,990400,0.0,0.0
2019-04-17 00:00:00-04:00,38.15575826123841,38.15575826123841,37.923178531016546,38.03632354736328,1014100,0.0,0.0
2019-04-18 00:00:00-04:00,37.948327054673314,38.24376784239739,37.75974879783135,38.224910736083984,1122100,0.0,0.0
2019-04-22 00:00:00-04:00,38.08661489578518,38.20604721973252,37.70317112166165,37.75345993041992,1049800,0.0,0.0
2019-04-23 00:00:00-04:00,37.74717360363914,37.9231820409289,37.652885681639845,37.89175033569336,1737100,0.0,0.0
2019-04-24 00:00:00-04:00,37.854036890515935,37.910610604019,37.539739015032815,37.72831726074219,1347200,0.0,0.0
2019-04-25 00:00:00-04:00,37.70945909998149,37.828891426077035,37.508306259232654,37.74717330932617,1104200,0.0,0.0
2019-04-26 00:00:00-04:00,37.81632440276012,37.916899637957506,37.590029524090305,37.841468811035156,1014300,0.0,0.0
2019-04-29 00:00:00-04:00,37.81003606060647,37.91061128665598,37.709460834556964,37.72203063964844,752800,0.0,0.0
2019-04-30 00:00:00-04:00,37.64659498749252,37.74717020063279,37.57116417711288,37.67802429199219,1515100,0.0,0.0
2019-05-01 00:00:00-04:00,37.67802739499102,37.81003432140469,37.64659808790297,37.74717330932617,869000,0.0,0.0
2019-05-02 00:00:00-04:00,37.57116489672457,37.72202652037335,37.351154965208536,37.577449798583984,3741100,0.0,0.0
2019-05-03 00:00:00-04:00,37.40772385908445,37.71573676440395,37.34486525697123,37.50201416015625,2223200,0.0,0.0
2019-05-06 00:00:00-04:00,37.27572210008549,37.5208740234375,37.25057769822833,37.5208740234375,1587500,0.0,0.0
2019-05-07 00:00:00-04:00,37.401442749066,37.64030977753148,37.32601193930403,37.533447265625,1371200,0.0,0.0
2019-05-08 00:00:00-04:00,37.48944955369886,37.84774893370263,37.46430514859975,37.56488037109375,1059000,0.0,0.0
2019-05-09 00:00:00-04:00,37.74716849016402,37.772312891785255,37.37629695890823,37.64030838012695,2407500,0.0,0.0
2019-05-10 00:00:00-04:00,37.61516744470975,37.70317046059135,37.19400707140194,37.590023040771484,2090500,0.0,0.0
2019-05-13 00:00:00-04:00,37.520884044548424,37.68432030236856,37.26315985143463,37.62774658203125,1973100,0.0,0.0
2019-05-14 00:00:00-04:00,37.62773853600609,37.89803487560818,37.596309230962135,37.87289047241211,1929800,0.0,0.0
2019-05-15 00:00:00-04:00,37.872892207082124,37.99861183091848,37.847747802734375,37.847747802734375,1491700,0.0,0.0
2019-05-16 00:00:00-04:00,37.87917801076655,38.319195505715285,37.87917801076655,38.25004959106445,1872300,0.0,0.0
2019-05-17 00:00:00-04:00,38.13061420759316,38.43862714873542,38.067755598169306,38.086612701416016,1245400,0.0,0.0
2019-05-21 00:00:00-04:00,38.12433751451699,38.52663845641607,38.12433751451699,38.34434509277344,1303800,0.0,0.0
2019-05-22 00:00:00-04:00,38.23119765312647,38.41977591990383,38.09290580513513,38.34434509277344,1186900,0.0,0.0
2019-05-23 00:00:00-04:00,38.26261452595761,38.4009063289922,38.21232812351902,38.26890182495117,2044900,0.0,0.0
2019-05-24 00:00:00-04:00,38.24376572798111,38.41348686912615,38.180907111809994,38.26262283325195,1005500,0.0,0.0
2019-05-27 00:00:00-04:00,38.3443392300053,38.35062413217907,38.10547218306146,38.2563362121582,409400,0.0,0.0
2019-05-28 00:00:00-04:00,38.19976204419786,38.639779526074115,38.19976204419786,38.56434631347656,3362400,0.0,0.0
2019-05-29 00:00:00-04:00,38.40719950597791,38.67749587129635,38.36948529549789,38.49520492553711,1740000,0.0,0.0
2019-05-30 00:00:00-04:00,38.570632995570875,38.583205197469056,38.28147954561963,38.30662155151367,848900,0.0,0.0
2019-05-31 00:00:00-04:00,38.3443392300053,38.38205583675509,38.14318878981124,38.2563362121582,1513000,0.0,0.0
2019-06-03 00:00:00-04:00,38.287767905295006,38.43863194379506,38.206049784528204,38.394630432128906,1196500,0.0,0.0
2019-06-04 00:00:00-04:00,38.482627842099134,38.57063085259466,38.363193129653325,38.54548645019531,1154600,0.0,0.0
2019-06-05 00:00:00-04:00,38.64606362843424,38.99807808623116,38.59577721897887,38.96036148071289,2319100,0.0,0.0
2019-06-06 00:00:00-04:00,38.97293362316881,39.29980367678883,38.97293362316881,39.22437286376953,1117100,0.0,0.0
2019-06-07 00:00:00-04:00,39.22436211536938,39.40036809681872,39.023211737169675,39.12378692626953,1096900,0.0,0.0
2019-06-10 00:00:00-04:00,39.123798039236725,39.1803717490438,38.94150470786924,39.04207992553711,1406500,0.0,0.0
2019-06-11 00:00:00-04:00,39.13008086826002,39.306086890378914,38.94778754654992,38.985504150390625,3223500,0.0,0.0
2019-06-12 00:00:00-04:00,39.029508336168554,39.444381415297826,38.954077521209335,39.2998046875,3640600,0.0,0.0
2019-06-13 00:00:00-04:00,39.21894754940744,39.35901599988291,38.06657415535831,38.12387466430664,2210200,0.793,0.0
2019-06-14 00:00:00-04:00,38.181175173254964,38.200274533335055,37.85647147964511,38.12387466430664,1424100,0.0,0.0
2019-06-17 00:00:00-04:00,38.14297866806673,38.149344312632394,37.64637581586152,37.84374237060547,1436000,0.0,0.0
2019-06-18 00:00:00-04:00,37.94560259783252,38.614109301667646,37.94560259783252,38.359439849853516,3440900,0.0,0.0
2019-06-19 00:00:00-04:00,38.38490823326981,38.550441680961065,38.23210607264808,38.493141174316406,1699200,0.0,0.0
2019-06-20 00:00:00-04:00,38.486781088713684,38.55681532124956,38.01564325174127,38.295780181884766,1199600,0.0,0.0
2019-06-21 00:00:00-04:00,38.20027427608957,38.3403427256218,38.01563903419854,38.1366081237793,3838100,0.0,0.0
2019-06-24 00:00:00-04:00,38.19390685487125,38.3530746569476,38.130238276815966,38.27667236328125,2182400,0.0,0.0
2019-06-25 00:00:00-04:00,38.359447325536586,38.37854668809707,38.08567846153069,38.18754577636719,1415600,0.0,0.0
2019-06-26 00:00:00-04:00,38.16207829110011,38.263945605804786,37.83100891113281,37.83100891113281,1654400,0.0,0.0
2019-06-27 00:00:00-04:00,37.831004755143795,38.08567422828253,37.79280603426865,38.02837371826172,1002500,0.0,0.0
2019-06-28 00:00:00-04:00,37.88193790840885,38.02200635517272,37.697302670167026,37.9328727722168,1702700,0.0,0.0
2019-07-02 00:00:00-04:00,38.340345498586544,38.50587896379027,38.034743573720135,38.480411529541016,1414300,0.0,0.0
2019-07-03 00:00:00-04:00,38.518609119159734,38.76691050835939,38.44220925218476,38.467674255371094,1179900,0.0,0.0
2019-07-04 00:00:00-04:00,38.4549446105957,38.537710124725294,38.35944295126699,38.4549446105957,487100,0.0,0.0
2019-07-05 00:00:00-04:00,38.42948155758821,38.53134887241866,38.24484629048666,38.48678207397461,803000,0.0,0.0
2019-07-08 00:00:00-04:00,38.14297459650788,38.21300882279608,37.920140629870936,38.15570831298828,1990500,0.0,0.0
2019-07-09 00:00:00-04:00,38.20027550730716,38.569546002991025,38.14934064085086,38.55681228637695,1588400,0.0,0.0
2019-07-10 00:00:00-04:00,38.55044487320988,38.67141396875899,38.29577782269603,38.40401077270508,1982800,0.0,0.0
2019-07-11 00:00:00-04:00,38.423111016834305,38.70961358036787,38.391277938376845,38.480411529541016,1388200,0.0,0.0
2019-07-12 00:00:00-04:00,38.588640842037,38.77327606824479,38.38490625750007,38.41037368774414,1052500,0.0,0.0
2019-07-15 00:00:00-04:00,38.410375664824755,38.72871127313774,38.30214029507021,38.493141174316406,585300,0.0,0.0
2019-07-16 00:00:00-04:00,38.48677797254277,38.518611049652094,38.168442344033245,38.20027542114258,783500,0.0,0.0
2019-07-17 00:00:00-04:00,38.20027427608957,38.3212409369623,38.05384018280952,38.1366081237793,1531800,0.0,0.0
2019-07-18 00:00:00-04:00,38.14297605039325,38.314877586368965,38.09840925536712,38.26394271850586,680700,0.0,0.0
2019-07-19 00:00:00-04:00,38.295776272691626,38.35944242556619,37.9265057856366,37.939239501953125,763300,0.0,0.0
2019-07-22 00:00:00-04:00,37.95833549232492,38.174803793072755,37.93287049066058,38.09840393066406,491800,0.0,0.0
2019-07-23 00:00:00-04:00,38.12387363962972,38.48040797131826,38.09204056411581,38.467674255371094,752600,0.0,0.0
2019-07-24 00:00:00-04:00,38.45494635860944,38.467677646971104,38.232109952949195,38.308509826660156,639500,0.0,0.0
2019-07-25 00:00:00-04:00,38.24484132599397,38.32124119502239,38.01563929020067,38.12387466430664,1415100,0.0,0.0
2019-07-26 00:00:00-04:00,38.15570862744789,38.28304336459332,38.0856744005825,38.20027542114258,758400,0.0,0.0
2019-07-29 00:00:00-04:00,38.19390748776191,38.53134245656869,38.14933826803072,38.365806579589844,651000,0.0,0.0
2019-07-30 00:00:00-04:00,38.30851245376416,38.40401412398328,38.14934462253787,38.18754577636719,675800,0.0,0.0
2019-07-31 00:00:00-04:00,38.1811643225471,38.21299738986996,37.71639473925272,37.97106170654297,1370400,0.0,0.0
2019-08-01 00:00:00-04:00,38.232105432626035,38.81147613290844,38.21300607363353,38.64594268798828,1981100,0.0,0.0
2019-08-02 00:00:00-04:00,38.59500801048892,39.180746785711406,38.56954300794631,38.81784439086914,2083100,0.0,0.0
2019-08-06 00:00:00-04:00,38.45495350245064,39.14255735100302,38.39128490527352,38.690521240234375,2354500,0.0,0.0
2019-08-07 00:00:00-04:00,38.703237348843864,39.26350617681598,38.34670065300998,39.22530746459961,1618200,0.0,0.0
2019-08-08 00:00:00-04:00,39.193489495822,39.37812234298977,39.00248614631776,39.05342102050781,1728900,0.0,0.0
2019-08-09 00:00:00-04:00,38.96427897941716,39.16801357462994,38.91971218850861,39.0343132019043,906200,0.0,0.0
2019-08-12 00:00:00-04:00,39.16164921817584,39.174382935173355,38.84968165221543,38.919715881347656,755100,0.0,0.0
2019-08-13 00:00:00-04:00,39.002478194946924,39.314448163989034,38.881511536469525,39.25078201293945,848700,0.0,0.0
2019-08-14 00:00:00-04:00,39.1552803576571,39.435414822466434,39.08524613427777,39.25078201293945,1241300,0.0,0.0
2019-08-15 00:00:00-04:00,39.15528206878072,39.46088397884818,39.10434720274876,39.346282958984375,1312800,0.0,0.0
2019-08-16 00:00:00-04:00,39.47362245347727,39.63279028595097,39.308088976336315,39.47998809814453,935000,0.0,0.0
2019-08-19 00:00:00-04:00,39.62005630584503,39.79195785522461,39.33355372354575,39.79195785522461,953400,0.0,0.0
2019-08-20 00:00:00-04:00,39.63278608410739,39.70282031156417,39.32718416960262,39.378116607666016,999000,0.0,0.0
2019-08-21 00:00:00-04:00,39.435413422828546,39.492713928222656,39.218945116751655,39.492713928222656,1449500,0.0,0.0
2019-08-22 00:00:00-04:00,39.47362054098402,39.56275413425744,39.29535335443719,39.45452117919922,1000500,0.0,0.0
2019-08-23 00:00:00-04:00,39.35264912998098,39.55001565454738,38.97064493932492,39.078880310058594,1318400,0.0,0.0
2019-08-26 00:00:00-04:00,39.12980593971452,39.276240003951344,38.957904448121496,39.09797286987305,1377500,0.0,0.0
2019-08-27 00:00:00-04:00,39.09161440244071,39.30808271728489,39.085246330079066,39.180747985839844,1114500,0.0,0.0
2019-08-28 00:00:00-04:00,39.13618793036861,39.791958631427846,39.07888741279101,39.75375747680664,1172100,0.0,0.0
2019-08-29 00:00:00-04:00,39.791958830668925,39.995693465585276,39.61369163229423,39.98295974731445,1054600,0.0,0.0
2019-08-30 00:00:00-04:00,39.98295578595975,40.1994241177001,39.89382219560341,40.11029052734375,1390300,0.0,0.0
2019-09-03 00:00:00-04:00,40.02751934621511,40.31402188399765,39.90018461512198,40.142120361328125,2532500,0.0,0.0
2019-09-04 00:00:00-04:00,40.14211939796626,40.37768706617502,40.12302003880845,40.2503547668457,2061800,0.0,0.0
2019-09-05 00:00:00-04:00,40.39042601198916,40.44772652559035,40.09119215536808,40.301292419433594,4653500,0.0,0.0
2019-09-06 00:00:00-04:00,40.256721164816,40.485923193837145,40.218520017076486,40.4540901184082,1334700,0.0,0.0
2019-09-09 00:00:00-04:00,40.371319266179555,40.543220775541194,40.135751610554095,40.530487060546875,1228600,0.0,0.0
2019-09-10 00:00:00-04:00,40.46682326043665,40.61962299181181,40.3522222475513,40.42225646972656,1658600,0.0,0.0
2019-09-11 00:00:00-04:00,40.511390866129794,40.683292388916016,40.39042177859061,40.683292388916016,1840700,0.0,0.0
2019-09-12 00:00:00-04:00,40.74695529884146,41.06529088711366,40.54322071664388,40.95705795288086,4881600,0.0,0.0
2019-09-13 00:00:00-04:00,40.77849365549917,41.24906649851293,40.77204856378205,41.0234489440918,1810400,0.793,0.0
2019-09-16 00:00:00-04:00,40.85586389390778,40.86875654090112,40.404631085224956,40.578678131103516,1373800,0.0,0.0
2019-09-17 00:00:00-04:00,40.55288713406497,41.13948896515109,40.514209198524334,40.97188949584961,3357200,0.0,0.0
2019-09-18 00:00:00-04:00,40.96543771319966,41.28130133994364,40.91386959682495,41.255516052246094,2313900,0.0,0.0
2019-09-19 00:00:00-04:00,41.26197064313298,41.50692354098844,41.05569076538086,41.05569076538086,3857800,0.0,0.0
2019-09-20 00:00:00-04:00,41.210390248190606,41.53269894560551,41.19749760521159,41.36509704589844,3040900,0.0,0.0
2019-09-23 00:00:00-04:00,41.33931247482178,41.410220782922515,41.1008047231359,41.294189453125,2918200,0.0,0.0
2019-09-24 00:00:00-04:00,41.34577032357512,41.63584626129541,41.1975085783565,41.487586975097656,1750400,0.0,0.0
2019-09-25 00:00:00-04:00,41.49403248100516,41.616506468335466,41.26841240941679,41.3973388671875,1946100,0.0,0.0
2019-09-26 00:00:00-04:00,41.307083449918956,41.5391461033037,41.2426202356342,41.42311477661133,2522000,0.0,0.0
2019-09-27 00:00:00-04:00,41.442456408956474,41.48113188214448,41.15882315746886,41.31352996826172,1893600,0.0,0.0
2019-09-30 00:00:00-04:00,41.2555163687893,41.53914961759778,41.22328598843026,41.30708694458008,1321500,0.0,0.0
2019-10-01 00:00:00-04:00,41.191056633706914,41.55848838879367,41.191056633706914,41.352210998535156,1873700,0.0,0.0
2019-10-02 00:00:00-04:00,41.31352854708821,41.41022214477284,40.97188455659146,41.261962890625,2399900,0.0,0.0
2019-10-03 00:00:00-04:00,41.35221130500577,41.55204114510068,41.26196525347639,41.46824264526367,3220000,0.0,0.0
2019-10-04 00:00:00-04:00,41.39088840627166,41.75832017852632,41.358660482624735,41.74542999267578,2783800,0.0,0.0
2019-10-07 00:00:00-04:00,41.64229132354727,41.790555518919646,41.51336978516893,41.58427810668945,1520800,0.0,0.0
2019-10-08 00:00:00-04:00,41.51981558883553,41.771216020714206,41.429564614122015,41.61006164550781,1284600,0.0,0.0
2019-10-09 00:00:00-04:00,41.62295180749378,41.7969963686778,41.4553498803246,41.738983154296875,1386300,0.0,0.0
2019-10-10 00:00:00-04:00,41.674521642780434,42.19021268309787,41.674521642780434,41.938812255859375,1509600,0.0,0.0
2019-10-11 00:00:00-04:00,41.90013899142075,42.177324723008724,41.57783022994828,41.59716796875,1489400,0.0,0.0
2019-10-15 00:00:00-04:00,41.90014168538067,41.90014168538067,41.584280455881014,41.726097106933594,1345500,0.0,0.0
2019-10-16 00:00:00-04:00,41.835677817251465,41.932371428364306,41.55849208835005,41.65518569946289,1024100,0.0,0.0
2019-10-17 00:00:00-04:00,41.61005304708852,41.67451380024248,41.268401711096125,41.3908805847168,950000,0.0,0.0
2019-10-18 00:00:00-04:00,41.4746790707679,41.494021722949704,41.27484926058456,41.326419830322266,740300,0.0,0.0
2019-10-21 00:00:00-04:00,41.32642118469429,41.5649313890176,41.22328250085887,41.42311477661133,954200,0.0,0.0
2019-10-22 00:00:00-04:00,41.50692206804457,41.51336962035032,41.1910608576427,41.197505950927734,1202400,0.0,0.0
2019-10-23 00:00:00-04:00,40.96543609953848,41.087914981767085,39.347447475067284,39.3603401184082,2881800,0.0,0.0
2019-10-24 00:00:00-04:00,39.579510856294796,39.79868087903205,39.179846282525475,39.32166290283203,1868700,0.0,0.0
2019-10-25 00:00:00-04:00,39.399018061860616,39.57306506935479,39.08960197932223,39.263648986816406,1061200,0.0,0.0
2019-10-28 00:00:00-04:00,39.3861235677142,39.714879830545854,39.28943242966161,39.68909454345703,2796300,0.0,0.0
2019-10-29 00:00:00-04:00,39.56662078250802,40.075866712190184,39.553728138095494,39.97917556762695,1400400,0.0,0.0
2019-10-30 00:00:00-04:00,40.12099341153359,40.5786712364392,40.06942283232253,40.443302154541016,1329000,0.0,0.0
2019-10-31 00:00:00-04:00,40.93320585927247,41.01055926055959,39.972724828794625,40.27569580078125,1344500,0.0,0.0
2019-11-01 00:00:00-04:00,40.55289405713819,40.57223179869948,40.01141516223277,40.256370544433594,3455300,0.0,0.0
2019-11-04 00:00:00-05:00,40.327272973861696,40.462642063022315,40.10810291849753,40.295040130615234,1715300,0.0,0.0
2019-11-05 00:00:00-05:00,40.30793307890472,40.514210490324004,39.90827090165744,40.378841400146484,1019700,0.0,0.0
2019-11-06 00:00:00-05:00,40.520651740081796,40.72692911941687,40.38528267095946,40.475528717041016,1841400,0.0,0.0
2019-11-07 00:00:00-05:00,40.7075950960922,40.862301915192646,40.462639763659176,40.810733795166016,847800,0.0,0.0
2019-11-08 00:00:00-05:00,40.79139607066216,40.862304391639135,40.630241689903826,40.746273040771484,829900,0.0,0.0
2019-11-11 00:00:00-05:00,40.76560859610993,41.158823174802635,40.6882527316605,41.15237808227539,737800,0.0,0.0
2019-11-12 00:00:00-05:00,41.24908064747497,41.294201223011996,41.08147869709878,41.28131103515625,1610700,0.0,0.0
2019-11-13 00:00:00-05:00,41.25551985517242,41.5198153899044,41.21684192006078,41.31998062133789,1177900,0.0,0.0
2019-11-14 00:00:00-05:00,41.36509808090126,41.44245394071093,41.19749863602088,41.345760345458984,1600100,0.0,0.0
2019-11-15 00:00:00-05:00,41.36510261120457,41.42956337575208,41.23618108210954,41.339317321777344,1272500,0.0,0.0
2019-11-18 00:00:00-05:00,41.35221200695852,41.6809682962767,41.35221200695852,41.5262565612793,1184000,0.0,0.0
2019-11-19 00:00:00-05:00,41.48757417346785,41.577820211491435,41.203940957942166,41.3908805847168,2583100,0.0,0.0
2019-11-20 00:00:00-05:00,41.442455380749216,41.46179311686344,40.95254475434575,41.20394515991211,3852200,0.0,0.0
2019-11-21 00:00:00-05:00,41.178169973338825,41.18461506689954,40.9589999069624,41.13949203491211,1821800,0.0,0.0
2019-11-22 00:00:00-05:00,41.229730141639706,41.229730141639706,40.93320671465903,40.9912223815918,1044000,0.0,0.0
2019-11-25 00:00:00-05:00,41.075024683803775,41.25551678284217,41.02990165904417,41.08791732788086,1565800,0.0,0.0
2019-11-26 00:00:00-05:00,41.0685775335774,41.100807914574865,40.81073202657722,40.9976692199707,1073100,0.0,0.0
2019-11-27 00:00:00-05:00,41.087922578169284,41.242629408822225,41.01701425619472,41.04279708862305,1467000,0.0,0.0
2019-11-28 00:00:00-05:00,41.126598350320194,41.22973705783303,41.06213758025745,41.15882873535156,319000,0.0,0.0
2019-11-29 00:00:00-05:00,41.126592787181245,41.410223579720004,41.126592787181245,41.21683883666992,721600,0.0,0.0
2019-12-02 00:00:00-05:00,41.19105291484803,41.19105291484803,40.8687442142906,40.98477554321289,2742800,0.0,0.0
2019-12-03 00:00:00-05:00,40.86874215153937,41.10080233865104,40.83650931589431,40.958988189697266,1413100,0.0,0.0
2019-12-04 00:00:00-05:00,40.933210099060396,41.21684090583799,40.88163952018054,41.21039581298828,1407200,0.0,0.0
2019-12-05 00:00:00-05:00,41.19749554300641,41.38443270929425,41.07501912936677,41.27484893798828,2003100,0.0,0.0
2019-12-06 00:00:00-05:00,41.26841369986168,41.62940287486615,41.26841369986168,41.622955322265625,2201900,0.0,0.0
2019-12-09 00:00:00-05:00,41.668075978634405,41.76476958996254,41.42956572643053,41.545597076416016,1001500,0.0,0.0
2019-12-10 00:00:00-05:00,41.50047230887696,41.6874119714715,41.44245909533442,41.506919860839844,1920500,0.0,0.0
2019-12-11 00:00:00-05:00,41.52625964778275,41.842125775015575,41.487584170179304,41.59716796875,2813900,0.0,0.0
2019-12-12 00:00:00-05:00,41.5971579456336,41.79054512313569,41.3908805847168,41.3908805847168,3437100,0.0,0.0
2019-12-13 00:00:00-05:00,41.32757736820743,41.32757736820743,40.34203452613872,40.91638946533203,2988300,0.793,0.0
2019-12-16 00:00:00-05:00,40.96860279792276,41.22314684714083,40.93596939234057,41.125244140625,2044600,0.0,0.0
2019-12-17 00:00:00-05:00,40.720590084044446,40.720590084044446,40.13970691886627,40.14623260498047,3429800,0.0,0.0
2019-12-18 00:00:00-05:00,40.14623281097211,40.14623281097211,39.356492829312955,39.59145736694336,6368700,0.0,0.0
2019-12-19 00:00:00-05:00,39.59144621717702,39.82641068863659,39.434802406281,39.72850799560547,3365000,0.0,0.0
2019-12-20 00:00:00-05:00,39.5718692514923,39.92431349186475,39.5522872177495,39.73503875732422,5027400,0.0,0.0
2019-12-23 00:00:00-05:00,39.74810403334961,39.85253244748609,39.57188061766247,39.72199630737305,1662400,0.0,0.0
2019-12-24 00:00:00-05:00,39.650194747520146,39.695882015537386,39.513132943468435,39.61756134033203,432200,0.0,0.0
2019-12-27 00:00:00-05:00,39.48702763776778,39.57187649346374,39.330383788003665,39.55882263183594,950600,0.0,0.0
2019-12-30 00:00:00-05:00,39.44134256663839,39.50660938864788,39.30428074655667,39.376075744628906,1095400,0.0,0.0
2019-12-31 00:00:00-05:00,39.29122155173482,39.36301654006329,39.16721112106952,39.265113830566406,683100,0.0,0.0
2020-01-02 00:00:00-05:00,39.32385427523917,39.35648768124817,38.86697912180536,38.93877410888672,1472200,0.0,0.0
2020-01-03 00:00:00-05:00,38.83435338677701,39.03015635127739,38.690763384250836,38.96488952636719,1736800,0.0,0.0
2020-01-06 00:00:00-05:00,38.990996643520226,39.330387115478516,38.97794278078802,39.330387115478516,1791300,0.0,0.0
2020-01-07 00:00:00-05:00,39.389123467989435,39.591454581105246,39.252061660605875,39.47397232055664,1438500,0.0,0.0
2020-01-08 00:00:00-05:00,39.447859737894156,39.86557577380543,39.447859737894156,39.57839584350586,1517100,0.0,0.0
2020-01-09 00:00:00-05:00,39.70240707254486,39.800307286419965,39.34996032714844,39.34996032714844,1702500,0.0,0.0
2020-01-10 00:00:00-05:00,39.46745051215253,39.59798415690178,39.3369143776336,39.500083923339844,2624800,0.0,0.0
2020-01-13 00:00:00-05:00,39.56534362376207,39.813361985726566,39.48702295305668,39.761146545410156,1774500,0.0,0.0
2020-01-14 00:00:00-05:00,39.81336450914387,39.86557995276976,39.721989972567954,39.74156951904297,1099600,0.0,0.0
2020-01-15 00:00:00-05:00,39.81336735827691,40.12665257314347,39.7481005388433,39.885162353515625,1097500,0.0,0.0
2020-01-16 00:00:00-05:00,39.885159110533685,40.191918614422704,39.80031026035322,40.17233657836914,965000,0.0,0.0
2020-01-17 00:00:00-05:00,40.270237485873736,40.537835395440936,40.17233477929848,40.531307220458984,2017300,0.0,0.0
2020-01-20 00:00:00-05:00,40.368137529141315,40.583522486773255,40.361611843956666,40.433406829833984,445600,0.0,0.0
2020-01-21 00:00:00-05:00,40.505196515252365,40.5313017423441,40.19843706656209,40.34855270385742,1711900,0.0,0.0
2020-01-22 00:00:00-05:00,40.34856211687199,40.76627572501606,40.270241437787355,40.596580505371094,1094400,0.0,0.0
2020-01-23 00:00:00-05:00,40.59657842055541,40.87723020344627,40.59657842055541,40.81848907470703,912000,0.0,0.0
2020-01-24 00:00:00-05:00,40.84459662975677,41.073032968494815,40.661845068996975,40.75321960449219,1084100,0.0,0.0
2020-01-27 00:00:00-05:00,40.64879154213965,41.014292176892155,40.629211995735375,40.91638946533203,1669400,0.0,0.0
2020-01-28 00:00:00-05:00,40.98818380037987,41.255781719297325,40.92944267233607,41.2100944519043,1007400,0.0,0.0
2020-01-29 00:00:00-05:00,41.28189531621902,41.37326986401035,40.93597667393195,40.96208190917969,930300,0.0,0.0
2020-01-30 00:00:00-05:00,40.877228025524715,41.00776413685359,40.714058508805934,41.00123596191406,876100,0.0,0.0
2020-01-31 00:00:00-05:00,40.988181477051214,41.014289196872895,40.53783451408861,40.70100402832031,1873200,0.0,0.0
2020-02-03 00:00:00-05:00,40.90986717623022,41.03387513003505,40.68143081665039,40.68143081665039,1720800,0.0,0.0
2020-02-04 00:00:00-05:00,40.84459699837477,41.05997947830454,40.74669428673527,40.929443359375,1288200,0.0,0.0
2020-02-05 00:00:00-05:00,41.09913617892061,41.170931160292106,40.942492356858345,41.03386688232422,973800,0.0,0.0
2020-02-06 00:00:00-05:00,41.26883945981078,42.234802830858186,41.24925991187853,41.90193557739258,2364000,0.0,0.0
2020-02-07 00:00:00-05:00,41.90193693406249,41.98678828390167,41.777931466630264,41.91499328613281,1578000,0.0,0.0
2020-02-10 00:00:00-05:00,41.94761678146736,42.14995036642488,41.74528817604828,42.02593994140625,1531200,0.0,0.0
2020-02-11 00:00:00-05:00,42.12384113915561,42.2152156660455,41.862768928239525,41.928035736083984,1851500,0.0,0.0
2020-02-12 00:00:00-05:00,41.88887950431248,42.091208116291575,41.68654840256408,42.07162857055664,2217400,0.0,0.0
2020-02-13 00:00:00-05:00,41.96720355256478,41.98678309871297,41.719182689251234,41.869300842285156,2707800,0.0,0.0
2020-02-14 00:00:00-05:00,41.882351191014784,42.01288979471457,41.71918167104399,41.98678207397461,1768100,0.0,0.0
2020-02-18 00:00:00-05:00,41.986788258684335,42.60683053409099,41.90193690889612,42.548091888427734,3046300,0.0,0.0
2020-02-19 00:00:00-05:00,42.541555879281624,42.541555879281624,42.27395548620597,42.46976089477539,1880200,0.0,0.0
2020-02-20 00:00:00-05:00,42.39796058181139,42.53502235876908,42.28700652135103,42.3392219543457,2638500,0.0,0.0
2020-02-21 00:00:00-05:00,42.31963937738925,42.43712161725803,42.038992616103926,42.07815170288086,2692600,0.0,0.0
2020-02-24 00:00:00-05:00,41.54948080134631,42.006355892932774,41.47768582398386,41.712650299072266,1677200,0.0,0.0
2020-02-25 00:00:00-05:00,41.74529257679159,41.84319529215139,40.81196265216756,41.0534553527832,3091700,0.0,0.0
2020-02-26 00:00:00-05:00,40.838076223262085,41.27537192745234,40.70101439394552,40.805442810058594,2638300,0.0,0.0
2020-02-27 00:00:00-05:00,40.511729656773255,40.792381440263824,40.04832880115651,40.237606048583984,1439800,0.0,0.0
2020-02-28 00:00:00-05:00,39.48702281421894,39.754620720476595,38.42968504922152,38.475372314453125,11003300,0.0,0.0
2020-03-02 00:00:00-05:00,38.782129623963506,40.54436090635765,38.481898310084965,40.433406829833984,3885300,0.0,0.0
2020-03-03 00:00:00-05:00,40.785850862322484,40.88375107217401,40.17233192560232,40.35508346557617,6486900,0.0,0.0
2020-03-04 00:00:00-05:00,40.792387726333054,41.61476116739723,40.73364658841635,41.503807067871094,3315500,0.0,0.0
2020-03-05 00:00:00-05:00,40.9033317565918,41.70612794041723,40.63573385857303,40.9033317565918,2953100,0.0,0.0
2020-03-06 00:00:00-05:00,40.211504299516335,40.86418249950259,39.7807367871162,40.7205924987793,6220300,0.0,0.0
2020-03-09 00:00:00-04:00,37.85533082388046,40.048329697558025,37.137385890369806,37.55509948730469,8379100,0.0,0.0
2020-03-10 00:00:00-04:00,38.547177977989115,39.62409558647662,38.1359899872292,39.447872161865234,8787500,0.0,0.0
2020-03-11 00:00:00-04:00,38.788669191353975,39.04321331439323,37.620374508397965,37.86839294433594,4853200,0.0,0.0
2020-03-12 00:00:00-04:00,35.94950217152977,35.975607396935466,32.99286940689521,33.13645935058594,7925500,0.0,0.0
2020-03-13 00:00:00-04:00,34.671293781032,37.51135301661976,33.85510860439256,37.04022216796875,11129100,0.833,0.0
2020-03-16 00:00:00-04:00,34.11389534518533,36.28375439451332,32.81994237596942,33.63612747192383,7954800,0.0,0.0
2020-03-17 00:00:00-04:00,34.39922695518893,37.15302409895615,33.94800232636007,35.67327117919922,5848600,0.0,0.0
2020-03-18 00:00:00-04:00,35.13579200263853,36.3899303309288,33.82856722193531,34.200164794921875,3616300,0.0,0.0
2020-03-19 00:00:00-04:00,34.3726882587294,36.363384519250026,33.76884382762351,36.23067092895508,3807300,0.0,0.0
2020-03-20 00:00:00-04:00,36.04488227992608,36.82788987067153,34.24662015681653,34.36606216430664,5784800,0.0,0.0
2020-03-23 00:00:00-04:00,33.914833112785416,34.29969978654015,30.543919157484662,30.815980911254883,6186200,0.0,0.0
2020-03-24 00:00:00-04:00,32.182920515810096,33.7422981262207,31.764873623026016,33.7422981262207,4654800,0.0,0.0
2020-03-25 00:00:00-04:00,33.84847503685066,36.82788524523807,33.29107991567067,35.520660400390625,5902800,0.0,0.0
2020-03-26 00:00:00-04:00,35.93206853058095,37.312283288866944,35.487478382594254,36.46955490112305,5075300,0.0,0.0
2020-03-27 00:00:00-04:00,35.500747696293814,36.57572289908086,35.24859214407922,35.62018966674805,4123300,0.0,0.0
2020-03-30 00:00:00-04:00,36.210769070777744,36.688537039979906,35.434398652125715,36.595638275146484,4849800,0.0,0.0
2020-03-31 00:00:00-04:00,36.69517553709702,38.307640075683594,36.250587819950994,38.307640075683594,4745000,0.0,0.0
2020-04-01 00:00:00-04:00,37.19947890653996,37.42509125392815,36.29039244516037,36.7150764465332,2548600,0.0,0.0
2020-04-02 00:00:00-04:00,36.49609882558637,38.1218346431682,36.49609882558637,38.0820198059082,3586700,0.0,0.0
2020-04-03 00:00:00-04:00,37.98911247869992,38.3076235110098,37.471532367608965,37.64405822753906,2397700,0.0,0.0
2020-04-06 00:00:00-04:00,38.49343408384894,38.87830329429896,37.75687849475936,38.174922943115234,2211300,0.0,0.0
2020-04-07 00:00:00-04:00,38.632774561352925,38.99773498884808,38.161641250352844,38.26117706298828,3113400,0.0,0.0
2020-04-08 00:00:00-04:00,38.247918274841275,38.40717512218731,37.68388856428992,37.98912811279297,3825100,0.0,0.0
2020-04-09 00:00:00-04:00,38.06874791305085,38.725678800844605,37.86967879081982,38.09529113769531,1725500,0.0,0.0
2020-04-13 00:00:00-04:00,37.90286276611432,38.50007276195764,37.61089484109182,38.48680114746094,2436600,0.0,0.0
2020-04-14 00:00:00-04:00,39.097267882585,39.356060486611376,38.49342353579181,38.851749420166016,2447700,0.0,0.0
2020-04-15 00:00:00-04:00,38.58632827739755,39.14372330388599,38.2080962092055,38.50669860839844,3882300,0.0,0.0
2020-04-16 00:00:00-04:00,38.69913422388165,39.09063791415234,38.17491694632746,38.24790954589844,1548600,0.0,0.0
2020-04-17 00:00:00-04:00,38.7920376821856,38.931385826654726,38.14838088241333,38.8053092956543,1575200,0.0,0.0
2020-04-20 00:00:00-04:00,38.32753614952273,38.76548920952025,38.1682818720515,38.513336181640625,1762700,0.0,0.0
2020-04-21 00:00:00-04:00,38.20146147862879,38.2213676314478,37.590982500034436,37.617523193359375,2543000,0.0,0.0
2020-04-22 00:00:00-04:00,38.267813747807395,38.32090019253583,37.6440632100544,37.949302673339844,1362500,0.0,0.0
2020-04-23 00:00:00-04:00,37.82322410396527,38.01565865867309,37.37199947355425,37.44499206542969,1527400,0.0,0.0
2020-04-24 00:00:00-04:00,37.41845893412111,37.6042564680478,37.0269551795602,37.478179931640625,1805000,0.0,0.0
2020-04-27 00:00:00-04:00,37.7568749303544,37.84313661588985,37.41182059430872,37.83650207519531,1086800,0.0,0.0
2020-04-28 00:00:00-04:00,38.13511277727233,38.13511277727233,37.73033738879398,38.01567077636719,1205700,0.0,0.0
2020-04-29 00:00:00-04:00,38.34081540210089,38.566427782898124,37.836506714537336,38.03557586669922,2364300,0.0,0.0
2020-04-30 00:00:00-04:00,38.0820135877268,38.11519134770877,37.21937917169117,37.35209274291992,2101700,0.0,0.0
2020-05-01 00:00:00-04:00,37.119846536513286,37.41845146450216,36.90087127685547,36.90087127685547,1628600,0.0,0.0
2020-05-04 00:00:00-04:00,36.89423027752427,37.39190426075329,36.701798261130975,37.358726501464844,1243200,0.0,0.0
2020-05-05 00:00:00-04:00,37.61089297461801,37.83650534726243,37.36537444686722,37.504722595214844,1036800,0.0,0.0
2020-05-06 00:00:00-04:00,37.65733719792831,38.08865572901536,37.59761620949012,37.77677917480469,1170100,0.0,0.0
2020-05-07 00:00:00-04:00,38.18818231880448,38.20809099898996,37.45162443445975,37.517982482910156,1398000,0.0,0.0
2020-05-08 00:00:00-04:00,37.80332621908644,37.889587908980154,37.51799286008066,37.65734100341797,878200,0.0,0.0
2020-05-11 00:00:00-04:00,37.65069859973804,37.942666438801496,37.43835536160902,37.909488677978516,875600,0.0,0.0
2020-05-12 00:00:00-04:00,37.96257663347093,38.04220630549069,37.15966309203041,37.179569244384766,1747300,0.0,0.0
2020-05-13 00:00:00-04:00,37.159659560091775,37.1795657105541,36.151039925418885,36.26384735107422,1632600,0.0,0.0
2020-05-14 00:00:00-04:00,36.064779597416,36.82124630319986,35.33485864726987,36.58899688720703,2276200,0.0,0.0
2020-05-15 00:00:00-04:00,36.509368043758606,36.708437154401345,36.19085696047,36.42974090576172,3242000,0.0,0.0
2020-05-19 00:00:00-04:00,36.55582292911225,36.94068959686452,36.23731179780993,36.70844268798828,3238300,0.0,0.0
2020-05-20 00:00:00-04:00,37.06012994466003,37.06012994466003,36.50273485676461,36.51600646972656,2044400,0.0,0.0
2020-05-21 00:00:00-04:00,36.51600532884783,36.56909177903706,36.06478062744444,36.09132385253906,2153700,0.0,0.0
2020-05-22 00:00:00-04:00,36.15767677370561,36.383289092325555,35.95860514510497,36.24393844604492,1843700,0.0,0.0
2020-05-25 00:00:00-04:00,36.5624550057651,36.72171182633238,36.409835257176326,36.55582046508789,416900,0.0,0.0
2020-05-26 00:00:00-04:00,36.64207524261765,37.245919540743884,36.569082657464925,36.97385787963867,2161200,0.0,0.0
2020-05-27 00:00:00-04:00,37.31891667553078,37.41844995999103,36.92077594378693,37.39190673828125,2110100,0.0,0.0
2020-05-28 00:00:00-04:00,37.4980787764285,37.88958245466194,37.352096113076094,37.82322692871094,2443500,0.0,0.0
2020-05-29 00:00:00-04:00,37.61752321287593,38.03557014140056,37.52462445793739,37.97584915161133,6304100,0.0,0.0
2020-06-01 00:00:00-04:00,37.823236175112434,38.234646105445684,37.783421331027924,37.8962287902832,1419000,0.0,0.0
2020-06-02 00:00:00-04:00,38.02230373235995,38.267822265625,37.84314073847414,38.267822265625,1383200,0.0,0.0
2020-06-03 00:00:00-04:00,38.48679705035837,38.931384697811986,38.39389829007262,38.858394622802734,2214900,0.0,0.0
2020-06-04 00:00:00-04:00,38.7124064648877,39.07073239698626,38.57305833506088,39.05746078491211,1809700,0.0,0.0
2020-06-05 00:00:00-04:00,39.429053142680516,39.827193884191225,39.289705022237214,39.482139587402344,2694000,0.0,0.0
2020-06-08 00:00:00-04:00,39.90682296442574,39.90682296442574,39.28970693662113,39.66130447387695,1772400,0.0,0.0
2020-06-09 00:00:00-04:00,39.495413875678324,39.6148558530975,38.977833661062654,39.29634475708008,4858100,0.0,0.0
2020-06-10 00:00:00-04:00,39.309616436733734,39.515320096075015,39.137088010697816,39.382606506347656,2722200,0.0,0.0
2020-06-11 00:00:00-04:00,39.02427743957058,39.09063295915075,38.29435406768462,38.38725280761719,8749600,0.0,0.0
2020-06-12 00:00:00-04:00,38.87403533780411,38.87403533780411,38.17384428885518,38.571067810058594,8345400,0.833,0.0
2020-06-15 00:00:00-04:00,37.96513036912103,38.59126236435922,37.81701234968914,38.11997985839844,2824600,0.0,0.0
2020-06-16 00:00:00-04:00,38.80669718108166,39.33183904003913,38.692244239835034,39.00867462158203,4743000,0.0,0.0
2020-06-17 00:00:00-04:00,39.06253947585689,39.19045793152083,38.53739757880391,38.611454010009766,2458500,0.0,0.0
2020-06-18 00:00:00-04:00,38.58452905504807,38.968287025023685,38.23443356926134,38.826900482177734,3823600,0.0,0.0
2020-06-19 00:00:00-04:00,39.062540837378535,39.1769937909172,38.84709786860229,39.02214431762695,8311200,0.0,0.0
2020-06-22 00:00:00-04:00,38.85382996460011,38.98175099506922,38.52393403696283,38.59125900268555,4221700,0.0,0.0
2020-06-23 00:00:00-04:00,38.74611030636964,38.867297305013935,38.28829332666516,38.42967987060547,1383200,0.0,0.0
2020-06-24 00:00:00-04:00,38.389276558484205,38.389276558484205,37.64868919016783,38.05264663696289,1403900,0.0,0.0
2020-06-25 00:00:00-04:00,37.87086614339456,38.3623455202616,37.61502668410675,38.32194900512695,1835500,0.0,0.0
2020-06-26 00:00:00-04:00,38.27482010064107,38.422938084288276,37.56116632841163,37.56789779663086,2462100,0.0,0.0
2020-06-29 00:00:00-04:00,37.70254567874966,38.396002393490676,37.70254567874966,38.2142219543457,3009400,0.0,0.0
2020-06-30 00:00:00-04:00,38.3354228494177,38.48354086884959,37.97859587709511,38.11997985839844,2279500,0.0,0.0
2020-07-02 00:00:00-04:00,38.13343991429259,38.79323430099121,37.971858978271484,37.971858978271484,2613300,0.0,0.0
2020-07-03 00:00:00-04:00,37.90453319593073,38.42294364544585,37.89780172673723,38.07958221435547,470100,0.0,0.0
2020-07-06 00:00:00-04:00,38.29502322291056,38.34215120969945,37.695822332352414,37.78334426879883,2352100,0.0,0.0
2020-07-07 00:00:00-04:00,37.60156195267478,37.93146041235551,37.419784051535174,37.446712493896484,1625600,0.0,0.0
2020-07-08 00:00:00-04:00,37.40631660227627,37.48037302527446,36.948499718252975,37.19760513305664,1613100,0.0,0.0
2020-07-09 00:00:00-04:00,37.211067917024906,37.211067917024906,36.57820465574977,36.921566009521484,1537800,0.0,0.0
2020-07-10 00:00:00-04:00,36.92157186863244,37.31879529999032,36.92157186863244,37.13028335571289,1468200,0.0,0.0
2020-07-13 00:00:00-04:00,37.19088028224897,37.79681268836441,37.08989026375497,37.61503219604492,1929700,0.0,0.0
2020-07-14 00:00:00-04:00,37.60155333058856,38.099766640128536,37.60155333058856,37.68234634399414,2237500,0.0,0.0
2020-07-15 00:00:00-04:00,37.77661333740806,38.30175523668853,37.74968232506478,37.938194274902344,2331600,0.0,0.0
2020-07-16 00:00:00-04:00,37.93819167489527,38.577789048659994,37.93819167489527,38.523929595947266,1631800,0.0,0.0
2020-07-17 00:00:00-04:00,38.50373809077308,38.84710212558147,38.34215713062577,38.76631164550781,1957600,0.0,0.0
2020-07-20 00:00:00-04:00,38.631656539240424,38.73937802819993,38.0863150567238,38.1738395690918,875000,0.0,0.0
2020-07-21 00:00:00-04:00,38.22095860232454,38.36234254189535,37.917991183042595,37.99205017089844,920400,0.0,0.0
2020-07-22 00:00:00-04:00,37.87087206956304,37.90453455330163,37.40632363009157,37.62849807739258,1256800,0.0,0.0
2020-07-23 00:00:00-04:00,37.62849018633501,37.87086412767732,37.5409656923431,37.57463073730469,1056800,0.0,0.0
2020-07-24 00:00:00-04:00,37.487112638747234,37.77661461048702,37.466915662950484,37.62176513671875,1153800,0.0,0.0
2020-07-27 00:00:00-04:00,37.62849221194021,37.73621368408203,37.28513082207645,37.73621368408203,660900,0.0,0.0
2020-07-28 00:00:00-04:00,37.78333803611118,38.0122464634465,37.67561657432292,37.877593994140625,1082700,0.0,0.0
2020-07-29 00:00:00-04:00,37.90453275847872,37.93819524062336,37.40632185885952,37.83720779418945,1077000,0.0,0.0
2020-07-30 00:00:00-04:00,37.65542542653905,38.08631134033203,37.487110455946,38.08631134033203,1011400,0.0,0.0
2020-07-31 00:00:00-04:00,37.924731550455896,38.07958101987721,37.49384305538645,37.81027603149414,1197600,0.0,0.0
2020-08-04 00:00:00-04:00,37.891063605420904,38.685510435335885,37.891063605420904,38.295021057128906,1381600,0.0,0.0
2020-08-05 00:00:00-04:00,38.38253726135124,38.429667806724694,37.87086098081021,37.9583854675293,1055100,0.0,0.0
2020-08-06 00:00:00-04:00,37.86414248092195,38.510471446625814,37.8372114652802,38.42294692993164,1314900,0.0,0.0
2020-08-07 00:00:00-04:00,38.20076861378791,38.544130039554375,38.126709612393654,38.194034576416016,1051400,0.0,0.0
2020-08-10 00:00:00-04:00,38.16710836753775,38.31522638896968,37.87760636289339,38.27482986450195,1237000,0.0,0.0
2020-08-11 00:00:00-04:00,38.23442911467621,38.70571154326145,38.23442911467621,38.530662536621094,1245300,0.0,0.0
2020-08-12 00:00:00-04:00,38.56432195282464,38.85382388302729,38.44986901535414,38.55759048461914,2867300,0.0,0.0
2020-08-13 00:00:00-04:00,38.40947606308049,38.456604049736576,38.14017364908611,38.18730163574219,1505500,0.0,0.0
2020-08-14 00:00:00-04:00,38.1401655398337,38.41620193225041,37.99204757424548,38.2142219543457,2090300,0.0,0.0
2020-08-17 00:00:00-04:00,38.140177282687546,38.140177282687546,37.884337781978886,37.9987907409668,2545600,0.0,0.0
2020-08-18 00:00:00-04:00,37.998790695149616,38.315223693847656,37.93819719685175,38.315223693847656,1403100,0.0,0.0
2020-08-19 00:00:00-04:00,38.21423394796126,38.618191462271454,38.20077100893888,38.41621398925781,3370800,0.0,0.0
2020-08-20 00:00:00-04:00,38.33541167017018,38.591251110504636,38.26808671821588,38.537391662597656,2190700,0.0,0.0
2020-08-21 00:00:00-04:00,38.5373989803605,38.75284194946289,38.261362515680396,38.75284194946289,2053300,0.0,0.0
2020-08-24 00:00:00-04:00,38.746109285229544,38.96828629964968,38.64512183454274,38.84709930419922,1618800,0.0,0.0
2020-08-25 00:00:00-04:00,38.84035986254987,38.88075637817383,38.59125443690837,38.88075637817383,1704700,0.0,0.0
2020-08-26 00:00:00-04:00,38.7999668403895,38.806698309012745,38.57105838296044,38.73263931274414,1828000,0.0,0.0
2020-08-27 00:00:00-04:00,38.84709586496027,39.19045727614927,38.658581350792105,38.86056137084961,1480600,0.0,0.0
2020-08-28 00:00:00-04:00,38.88075196008911,38.90094893146482,38.32194511472708,38.40946960449219,1815000,0.0,0.0
2020-08-31 00:00:00-04:00,38.382545281707614,38.3960107877306,37.7362164023003,37.742950439453125,1684300,0.0,0.0
2020-09-01 00:00:00-04:00,37.742946906923336,37.78334085292898,37.39285148794069,37.527503967285156,2150400,0.0,0.0
2020-09-02 00:00:00-04:00,37.67561634788216,38.71916848423677,37.65541937650645,38.40946960449219,2614600,0.0,0.0
2020-09-03 00:00:00-04:00,38.443143443199446,38.597995497127656,37.87087349328084,37.951663970947266,2498200,0.0,0.0
2020-09-04 00:00:00-04:00,38.03245334163631,38.3623492583932,37.500577397807184,37.59483337402344,1896700,0.0,0.0
2020-09-08 00:00:00-04:00,37.689090691695306,38.26136317496414,37.52750974622569,38.005523681640625,8050100,0.0,0.0
2020-09-09 00:00:00-04:00,38.37580724286421,38.49026017204114,37.79680342441514,38.369075775146484,7422100,0.0,0.0
2020-09-10 00:00:00-04:00,38.37581105342945,38.38254252181559,37.91799415469787,38.05264663696289,4548500,0.0,0.0
2020-09-11 00:00:00-04:00,38.07958936067598,38.51047538184225,37.965133816644354,38.335426330566406,3572300,0.0,0.0
2020-09-14 00:00:00-04:00,38.508281801139205,38.58344032590574,38.091495513916016,38.091495513916016,4770900,0.833,0.0
2020-09-15 00:00:00-04:00,38.26230459648723,38.77474617590447,38.20081150270065,38.54927062988281,4446800,0.0,0.0
2020-09-16 00:00:00-04:00,38.713257937330596,38.93189949678981,38.091495513916016,38.091495513916016,4628200,0.0,0.0
2020-09-17 00:00:00-04:00,38.02317569874073,38.398965762559534,37.934351739739206,38.30331039428711,3222600,0.0,0.0
2020-09-18 00:00:00-04:00,38.453623334549974,38.46045734996379,37.83869487437973,37.920684814453125,11475000,0.0,0.0
2020-09-21 00:00:00-04:00,37.69520669998294,37.70887212348336,37.18276504757591,37.490230560302734,6726100,0.0,0.0
2020-09-22 00:00:00-04:00,37.681542076963034,38.24864278977974,37.56538728598286,38.105159759521484,2644600,0.0,0.0
2020-09-23 00:00:00-04:00,38.11199400478865,38.26231106086567,37.53805923461914,37.53805923461914,1355000,0.0,0.0
2020-09-24 00:00:00-04:00,37.43556351583086,37.63370820485196,37.33307416456823,37.61320877075195,1224300,0.0,0.0
2020-09-25 00:00:00-04:00,37.57905108632876,37.913847415555864,37.367240950988126,37.88651657104492,1979300,0.0,0.0
2020-09-28 00:00:00-04:00,38.03683543824071,38.378463215223995,38.03683543824071,38.31013870239258,4461400,0.0,0.0
2020-09-29 00:00:00-04:00,38.200815113026984,38.303304481161675,37.913849052510486,38.105159759521484,1333900,0.0,0.0
2020-09-30 00:00:00-04:00,38.0846632953542,38.173484635086176,37.674708425278965,37.7293701171875,2087000,0.0,0.0
2020-10-01 00:00:00-04:00,37.76353926536389,37.8523632277241,37.538063654698774,37.70887756347656,1731600,0.0,0.0
2020-10-02 00:00:00-04:00,37.39457179549907,37.89334797896626,37.39457179549907,37.88651657104492,1504000,0.0,0.0
2020-10-05 00:00:00-04:00,37.948011130702206,38.057331906546985,37.626880211352514,37.913848876953125,2542600,0.0,0.0
2020-10-06 00:00:00-04:00,37.92068036109613,37.97534205233446,37.61321486391277,37.7498664855957,2612500,0.0,0.0
2020-10-07 00:00:00-04:00,37.818195434551484,37.995843345525905,37.667880978819134,37.920684814453125,1167800,0.0,0.0
2020-10-08 00:00:00-04:00,37.83869385688013,38.22131530454256,37.83869385688013,38.12565994262695,2401700,0.0,0.0
2020-10-09 00:00:00-04:00,38.10516639968676,38.26231488017502,37.934352493971694,38.05733871459961,1981800,0.0,0.0
2020-10-13 00:00:00-04:00,38.13248756763969,38.74741590822494,38.12565355355488,38.631263732910156,2337700,0.0,0.0
2020-10-14 00:00:00-04:00,38.63127258348635,38.658603433261796,37.96168240246769,38.364803314208984,3081900,0.0,0.0
2020-10-15 00:00:00-04:00,38.09148952014905,38.78841035866837,38.07099269167902,38.7269172668457,2926500,0.0,0.0
2020-10-16 00:00:00-04:00,38.733750726592014,38.836240087197936,38.398957013916394,38.40578842163086,1031700,0.0,0.0
2020-10-19 00:00:00-04:00,38.528768056894734,38.528768056894734,37.66786747863828,37.72252655029297,2344800,0.0,0.0
2020-10-20 00:00:00-04:00,37.89335406117139,37.93435033451805,37.442405480010876,37.7567024230957,2741600,0.0,0.0
2020-10-21 00:00:00-04:00,37.70204199540048,37.81819418947932,37.53805951423922,37.57905578613281,1980100,0.0,0.0
2020-10-22 00:00:00-04:00,37.74986237343313,38.398955550910436,37.702034702016,38.378456115722656,2006100,0.0,0.0
2020-10-23 00:00:00-04:00,38.41262553647012,38.590270821925714,38.19398398218035,38.39896011352539,890000,0.0,0.0
2020-10-26 00:00:00-04:00,38.25548929636701,38.25548929636701,37.68838579195527,37.797706604003906,1867800,0.0,0.0
2020-10-27 00:00:00-04:00,37.74986577086197,37.86601795292492,37.48339654715253,37.74303436279297,1463800,0.0,0.0
2020-10-28 00:00:00-04:00,37.54488997287015,37.64054532514751,36.81380680170714,36.84796905517578,1861300,0.0,0.0
2020-10-29 00:00:00-04:00,36.92996860697254,37.12811337769577,36.68399614764902,36.943634033203125,1131200,0.0,0.0
2020-10-30 00:00:00-04:00,36.820643235108264,36.82747725058242,36.34236380203319,36.581504821777344,1453700,0.0,0.0
2020-11-02 00:00:00-05:00,36.81380989145446,36.86163757160726,36.40385499618502,36.574668884277344,1153200,0.0,0.0
2020-11-03 00:00:00-05:00,36.64983466389924,37.07345246039303,36.58834154776196,36.697662353515625,925700,0.0,0.0
2020-11-04 00:00:00-05:00,37.06660662089497,37.46289601649134,36.70448208150785,37.162261962890625,2781100,0.0,0.0
2020-11-05 00:00:00-05:00,37.44923488216315,37.49706255863588,36.321862264933515,36.36968994140625,2917500,0.0,0.0
2020-11-06 00:00:00-05:00,36.51317783240018,36.629332638165835,35.884583939970824,36.16471862792969,3182300,0.0,0.0
2020-11-09 00:00:00-05:00,36.96412510436642,37.73620462429209,36.92996284732471,37.45606994628906,2943300,0.0,0.0
2020-11-10 00:00:00-05:00,37.61321541966202,38.262308677436835,37.57905316533975,38.08466339111328,2163300,0.0,0.0
2020-11-11 00:00:00-05:00,38.39895286293432,38.597097548599265,38.22813901799815,38.528770446777344,1946400,0.0,0.0
2020-11-12 00:00:00-05:00,38.296475074445354,38.672265125466915,38.26914422546588,38.467288970947266,1577100,0.0,0.0
2020-11-13 00:00:00-05:00,38.54244919689545,38.63810456611575,38.14616229492373,38.18032455444336,1447400,0.0,0.0
2020-11-16 00:00:00-05:00,38.61076729205985,38.61760130667476,38.24864270985631,38.52194595336914,5044500,0.0,0.0
2020-11-17 00:00:00-05:00,38.41262778562394,38.89773859970799,38.3921283468001,38.78841781616211,3435600,0.0,0.0
2020-11-18 00:00:00-05:00,38.85674297871487,39.05488771671169,38.43312526118723,38.70642852783203,1711000,0.0,0.0
2020-11-19 00:00:00-05:00,38.75426436288463,38.84991974441339,38.53562274612928,38.77476119995117,1694000,0.0,0.0
2020-11-20 00:00:00-05:00,38.80892220535946,38.84991848457677,38.508290643673234,38.685935974121094,1893300,0.0,0.0
2020-11-23 00:00:00-05:00,38.7064346248743,38.843083673308556,38.47412759355712,38.57661437988281,3241500,0.0,0.0
2020-11-24 00:00:00-05:00,38.80207643797305,38.97972170268932,38.610763145494815,38.89773178100586,2255600,0.0,0.0
2020-11-25 00:00:00-05:00,39.00706393681403,39.00706393681403,38.6176084370672,38.79525375366211,2302200,0.0,0.0
2020-11-26 00:00:00-05:00,38.77475601636657,38.95240132882674,38.72009431627832,38.84991455078125,1277900,0.0,0.0
2020-11-27 00:00:00-05:00,39.01388831529211,39.20520162916252,38.79524676207985,38.966060638427734,1606200,0.0,0.0
2020-11-30 00:00:00-05:00,38.959233826924994,38.97289925141473,38.43995812196779,38.467288970947266,3694100,0.0,0.0
2020-12-01 00:00:00-05:00,38.71326224673547,38.740593096313475,38.2691450635393,38.32380676269531,2734000,0.0,0.0
2020-12-02 00:00:00-05:00,38.32380258456222,38.59710583771972,38.28964032952078,38.4467887878418,2104800,0.0,0.0
2020-12-03 00:00:00-05:00,38.480948972043095,38.925066082920765,38.398959043073305,38.76791763305664,2868600,0.0,0.0
2020-12-04 00:00:00-05:00,38.774760024982974,39.17104957235207,38.7337637456785,39.14371871948242,3837800,0.0,0.0
2020-12-07 00:00:00-05:00,39.2530248820423,39.40333930392657,39.08904243240817,39.314517974853516,5898500,0.0,0.0
2020-12-08 00:00:00-05:00,39.24619439397888,39.5741567162981,39.16420446500229,39.526329040527344,9489300,0.0,0.0
2020-12-09 00:00:00-05:00,39.5604890559616,39.89528274536133,39.45799970248105,39.89528274536133,7891300,0.0,0.0
2020-12-10 00:00:00-05:00,39.628822119867635,40.004612153169965,39.41018055116762,39.943119049072266,7692400,0.0,0.0
2020-12-11 00:00:00-05:00,39.92261822583338,40.08659808276037,39.61515273607924,40.004608154296875,7468300,0.0,0.0
2020-12-14 00:00:00-05:00,40.06907457570998,40.1938357845044,39.17495346069336,39.17495346069336,4533400,0.833,0.0
2020-12-15 00:00:00-05:00,39.39674274905307,39.40367275081782,38.56500240371036,38.57886505126953,5773900,0.0,0.0
2020-12-16 00:00:00-05:00,38.76601311663817,39.02246552801532,38.565008660463874,38.6481819152832,7023000,0.0,0.0
2020-12-17 00:00:00-05:00,38.75907061771024,38.83531385026055,38.30161386643785,38.4194450378418,7088000,0.0,0.0
2020-12-18 00:00:00-05:00,38.52342752298012,38.634326089414216,38.30162774608155,38.47490692138672,7155500,0.0,0.0
2020-12-21 00:00:00-05:00,38.32935284551836,38.32935284551836,37.643168795604275,37.94813919067383,4416700,0.0,0.0
2020-12-22 00:00:00-05:00,38.03130377019499,38.03130377019499,37.71940079871115,37.84416198730469,3327500,0.0,0.0
2020-12-23 00:00:00-05:00,37.844169493832176,38.11448721875651,37.844169493832176,37.88575744628906,2161300,0.0,0.0
2020-12-24 00:00:00-05:00,37.87882084765673,38.00358203927442,37.71247171082321,37.98971939086914,981900,0.0,0.0
2020-12-29 00:00:00-05:00,38.03130875132077,38.18379525602464,37.87882489064702,37.90654754638672,3253800,0.0,0.0
2020-12-30 00:00:00-05:00,37.92733787572022,38.107547012561014,37.82336933721569,37.84416198730469,1990100,0.0,0.0
2020-12-31 00:00:00-05:00,37.8095030398248,37.93426421637655,37.670879216541785,37.7263298034668,1313500,0.0,0.0
2021-01-04 00:00:00-05:00,37.996649217310306,38.16992835553008,37.698608888049904,38.107547760009766,2437600,0.0,0.0
2021-01-05 00:00:00-05:00,38.12141552787334,38.77987687034264,38.12141552787334,38.72442626953125,3978900,0.0,0.0
2021-01-06 00:00:00-05:00,38.745219079283636,38.86304763239761,38.495696679712864,38.668975830078125,2727200,0.0,0.0
2021-01-07 00:00:00-05:00,38.59966604914352,38.64125400081591,38.15607180742563,38.23231506347656,4844600,0.0,0.0
2021-01-08 00:00:00-05:00,38.440244326163054,38.52342021823976,38.16992928698849,38.30162048339844,3353700,0.0,0.0
2021-01-11 00:00:00-05:00,38.37093769920565,38.58580216590658,38.06596468474472,38.19765853881836,3608800,0.0,0.0
2021-01-12 00:00:00-05:00,38.093694075427464,38.18379998883276,37.89268959322736,38.05210876464844,1902300,0.0,0.0
2021-01-13 00:00:00-05:00,38.12141311906882,38.2600369683078,38.01051456848364,38.031307220458984,2026700,0.0,0.0
2021-01-14 00:00:00-05:00,38.03823970948406,38.24617416046571,38.017444413564895,38.08675765991211,1671900,0.0,0.0
2021-01-15 00:00:00-05:00,38.35707404305138,38.77294295946128,38.183794887208904,38.70363235473633,2483500,0.0,0.0
2021-01-18 00:00:00-05:00,38.81453106895195,38.88384167396304,38.551146010655636,38.6481819152832,669500,0.0,0.0
2021-01-19 00:00:00-05:00,38.7521498132895,38.86998101265729,38.294692953452895,38.308555603027344,1776400,0.0,0.0
2021-01-20 00:00:00-05:00,38.34322131903317,38.34322131903317,38.05904353564892,38.21846008300781,2066200,0.0,0.0
2021-01-21 00:00:00-05:00,38.12834033356483,38.39865800962723,38.052099733887026,38.13527297973633,1760100,0.0,0.0
2021-01-22 00:00:00-05:00,38.156068526132394,38.260037074357314,37.92040877498193,37.94120407104492,1689100,0.0,0.0
2021-01-25 00:00:00-05:00,37.98278249361451,38.537275147617656,37.78177808027913,38.26696014404297,1910300,0.0,0.0
2021-01-26 00:00:00-05:00,38.294695353135324,38.426386566299755,38.059035583662514,38.39173126220703,2247500,0.0,0.0
2021-01-27 00:00:00-05:00,38.495707861737664,38.66898706243612,38.03131822896978,38.21846008300781,2719500,0.0,0.0
2021-01-28 00:00:00-05:00,38.35014599545839,38.59966577160795,38.19072683720891,38.37786865234375,2279400,0.0,0.0
2021-01-29 00:00:00-05:00,38.22538246930456,38.28776307056989,37.553058505003854,37.59464645385742,3513400,0.0,0.0
2021-02-01 00:00:00-05:00,37.788712888758404,37.878818776450835,37.56691581446141,37.78178024291992,1561400,0.0,0.0
2021-02-02 00:00:00-05:00,37.809508530251755,38.22538006049068,37.788715879150274,38.18379211425781,1401600,0.0,0.0
2021-02-03 00:00:00-05:00,38.19071471456936,38.23923265375577,37.913469725508364,38.038230895996094,2082800,0.0,0.0
2021-02-04 00:00:00-05:00,38.26003411856001,38.91849537037804,38.26003411856001,38.84918212890625,2654200,0.0,0.0
2021-02-05 00:00:00-05:00,38.918498735433936,38.9254287381654,38.39172863082084,38.44024658203125,2446400,0.0,0.0
2021-02-08 00:00:00-05:00,38.641236833047515,38.703617410826155,38.48875038869327,38.516475677490234,2082400,0.0,0.0
2021-02-09 00:00:00-05:00,38.599661777319135,38.66204237590894,38.40558997905304,38.43331527709961,1798600,0.0,0.0
2021-02-10 00:00:00-05:00,38.502629506798485,38.55808010811747,38.27390238643317,38.5511474609375,2482300,0.0,0.0
2021-02-11 00:00:00-05:00,38.53035137288168,38.62738727250997,38.32241692453106,38.3640022277832,1552400,0.0,0.0
2021-02-12 00:00:00-05:00,38.32935045502354,38.474904317863235,38.13527863790394,38.46104431152344,6877300,0.0,0.0
2021-02-16 00:00:00-05:00,38.59966552716303,38.67590878218294,38.37786840930344,38.46104431152344,2604700,0.0,0.0
2021-02-17 00:00:00-05:00,38.40558942502762,38.904634206547044,38.39865942263092,38.738285064697266,2319100,0.0,0.0
2021-02-18 00:00:00-05:00,38.738285245058485,38.74521789151737,38.46797020182021,38.62045669555664,3149900,0.0,0.0
2021-02-19 00:00:00-05:00,38.59966370158046,38.64125165072355,38.024378280599855,38.12141418457031,8585400,0.0,0.0
2021-02-22 00:00:00-05:00,38.121419378633774,38.260043250634894,37.99665815823581,38.05210876464844,6472100,0.0,0.0
2021-02-23 00:00:00-05:00,38.197661423834745,38.28776733437015,37.87882837920836,38.06596755981445,3424600,0.0,0.0
2021-02-24 00:00:00-05:00,38.017442043649865,38.17686117829567,37.816440251847894,37.98971939086914,3220300,0.0,0.0
2021-02-25 00:00:00-05:00,37.94812993473115,38.246170253503465,37.77485080260909,38.114479064941406,8248900,0.0,0.0
2021-02-26 00:00:00-05:00,38.30854774603182,38.30854774603182,37.71939715808641,37.7263298034668,7254600,0.0,0.0
2021-03-01 00:00:00-05:00,38.06595847543988,38.280825551121936,37.864956691640884,38.114479064941406,3186600,0.0,0.0
2021-03-02 00:00:00-05:00,38.20458299939379,38.613521864342864,38.10754710669906,38.454105377197266,4620700,0.0,0.0
2021-03-03 00:00:00-05:00,38.48182038850857,38.67589212202919,38.19071014419856,38.516475677490234,8221000,0.0,0.0
2021-03-04 00:00:00-05:00,38.578868748893086,38.8699790874781,38.4471775505034,38.62045669555664,8234500,0.0,0.0
2021-03-05 00:00:00-05:00,38.68976946331637,39.57002788678137,38.682839460499196,39.459129333496094,9038100,0.0,0.0
2021-03-08 00:00:00-05:00,39.563099313263315,40.16611005328512,39.25119629462095,40.03441619873047,7325700,0.0,0.0
2021-03-09 00:00:00-05:00,40.200766654971346,40.304735212553204,39.95817687932069,39.99283218383789,11742900,0.0,0.0
2021-03-10 00:00:00-05:00,40.15917427071968,40.429491961791186,39.937377173453285,40.31166076660156,6286100,0.0,0.0
2021-03-11 00:00:00-05:00,40.50573080771116,40.50573080771116,39.881927490234375,39.881927490234375,6131300,0.0,0.0
2021-03-12 00:00:00-05:00,39.8432177046177,40.033249269765875,39.52649842937074,39.7517204284668,15451400,0.875,0.0
2021-03-15 00:00:00-04:00,39.822103270122376,40.110669119114945,39.19570174366039,39.343505859375,10592200,0.0,0.0
2021-03-16 00:00:00-04:00,39.463150846740916,39.463150846740916,39.18162203203428,39.28015899658203,5768300,0.0,0.0
2021-03-17 00:00:00-04:00,39.34349979876934,39.7657903032681,39.188658694186266,39.68836975097656,7809400,0.0,0.0
2021-03-18 00:00:00-04:00,39.779875530246706,40.13178525430955,39.667264525940915,40.01213455200195,8957600,0.0,0.0
2021-03-19 00:00:00-04:00,40.08252053438191,40.08955754795163,39.68134363945111,39.93471908569336,11006600,0.0,0.0
2021-03-22 00:00:00-04:00,40.08251703031585,40.62445831298828,39.86433204071275,40.62445831298828,4757700,0.0,0.0
2021-03-23 00:00:00-04:00,40.617420382491716,40.68076424127085,40.39923806825328,40.532962799072266,2870100,0.0,0.0
2021-03-24 00:00:00-04:00,40.54000637209075,40.60335024111952,40.34293775060506,40.4133186340332,2552900,0.0,0.0
2021-03-25 00:00:00-04:00,40.46961656224488,40.60334128520602,40.364042575530604,40.49073028564453,3456600,0.0,0.0
2021-03-26 00:00:00-04:00,40.32885579647112,40.582231239661695,40.20920777321904,40.455543518066406,2225600,0.0,0.0
2021-03-29 00:00:00-04:00,40.434431639263245,40.673730381553646,40.32885763815987,40.631500244140625,5586800,0.0,0.0
2021-03-30 00:00:00-04:00,40.67373216212418,40.70188558829867,40.34997581569305,40.54000473022461,2634300,0.0,0.0
2021-03-31 00:00:00-04:00,40.43442415557608,40.46257757530741,39.906559617474194,39.92767333984375,2677500,0.0,0.0
2021-04-01 00:00:00-04:00,40.10363558464552,40.25847673687675,39.84322311623165,40.24440002441406,1633100,0.0,0.0
2021-04-05 00:00:00-04:00,40.29365823498615,40.61037748297507,40.25846780406689,40.44145965576172,4954000,0.0,0.0
2021-04-06 00:00:00-04:00,40.57519655817725,40.64557743650489,40.420355404026346,40.61742401123047,2861700,0.0,0.0
2021-04-07 00:00:00-04:00,40.64557817677221,40.807456347760755,40.59631102407389,40.78634262084961,2862900,0.0,0.0
2021-04-08 00:00:00-04:00,40.89190470593707,40.905981415651816,40.49072787606939,40.68075942993164,2674000,0.0,0.0
2021-04-09 00:00:00-04:00,40.65261124319036,40.75114822387695,40.52592620916684,40.75114822387695,3256800,0.0,0.0
2021-04-12 00:00:00-04:00,40.77929577132855,40.92709988836453,40.638534036792166,40.77225875854492,2645700,0.0,0.0
2021-04-13 00:00:00-04:00,40.82152539454912,41.06786111177994,40.74410483060287,40.905982971191406,1735700,0.0,0.0
2021-04-14 00:00:00-04:00,40.976372456256236,41.02563960683681,40.73003401849504,40.76522445678711,1283000,0.0,0.0
2021-04-15 00:00:00-04:00,40.80042083067577,41.03267988979517,40.75819069044562,41.011566162109375,2011300,0.0,0.0
2021-04-16 00:00:00-04:00,40.97636541659319,41.03266957121589,40.7722571507629,40.89894485473633,3647000,0.0,0.0
2021-04-19 00:00:00-04:00,40.92006254047542,41.12417082607487,40.89190911800829,40.934139251708984,1144700,0.0,0.0
2021-04-20 00:00:00-04:00,40.89190637511072,41.17343521118164,40.74410494435957,41.17343521118164,1610600,0.0,0.0
2021-04-21 00:00:00-04:00,41.17343631473241,41.384581605015846,40.87079374754489,41.18047332763672,2057800,0.0,0.0
2021-04-22 00:00:00-04:00,41.16639664388032,41.16639664388032,40.898944528198655,40.948211669921875,2002500,0.0,0.0
2021-04-23 00:00:00-04:00,40.92709779735252,40.98340195131884,40.68779910206553,40.913021087646484,2846900,0.0,0.0
2021-04-26 00:00:00-04:00,40.92710132784111,40.997482197584716,40.61038204427871,40.73003005981445,1533900,0.0,0.0
2021-04-27 00:00:00-04:00,40.76521670138031,40.78633310822492,40.58222484615993,40.61037826538086,2180100,0.0,0.0
2021-04-28 00:00:00-04:00,40.6878004098768,40.793371708778665,40.582226426116996,40.60334014892578,1592400,0.0,0.0
2021-04-29 00:00:00-04:00,40.81448745727539,41.18751087344846,40.708913475220655,40.81448745727539,1953200,0.0,0.0
2021-04-30 00:00:00-04:00,40.85671630467434,41.011557434374325,40.76521902940999,40.89190673828125,1860100,0.0,0.0
2021-05-03 00:00:00-04:00,41.03267369233303,41.131207986462464,40.89190926435178,40.969329833984375,1384300,0.0,0.0
2021-05-04 00:00:00-04:00,41.039709064696254,41.2367776321835,40.962288503224016,41.21566390991211,1493900,0.0,0.0
2021-05-05 00:00:00-04:00,41.222700246195544,41.454961926802405,41.13824267363752,41.43384552001953,2429200,0.0,0.0
2021-05-06 00:00:00-04:00,41.44089141139027,41.539425708245496,41.22974610600646,41.47608184814453,2763000,0.0,0.0
2021-05-07 00:00:00-04:00,41.532384388716686,41.75056938384919,41.419773384584005,41.60276794433594,2367500,0.0,0.0
2021-05-10 00:00:00-04:00,41.73648896825085,42.032094505897916,41.70129853599374,41.870216369628906,2495600,0.0,0.0
2021-05-11 00:00:00-04:00,41.77872521134735,41.792801923281615,41.356431907894276,41.532386779785156,3080700,0.0,0.0
2021-05-12 00:00:00-04:00,41.52535159086069,41.53942830341347,41.300129559732824,41.32124328613281,2849700,0.0,0.0
2021-05-13 00:00:00-04:00,41.27900422506613,41.71537145205615,41.257887819745996,41.6379508972168,1951600,0.0,0.0
2021-05-14 00:00:00-04:00,41.6309160966439,41.76464080810547,41.51830510676633,41.76464080810547,4505900,0.0,0.0
2021-05-17 00:00:00-04:00,41.77871529830128,41.8490961564147,41.63091388534851,41.6379508972168,5861700,0.0,0.0
2021-05-18 00:00:00-04:00,41.59573735785714,41.827999114990234,41.30013441407906,41.827999114990234,2446800,0.0,0.0
2021-05-19 00:00:00-04:00,41.53943049213922,41.92653071073301,41.405705743129296,41.83503341674805,6331100,0.0,0.0
2021-05-20 00:00:00-04:00,41.85614325189,42.15174613004812,41.72241583903533,42.07432556152344,2878000,0.0,0.0
2021-05-21 00:00:00-04:00,42.20100594763047,42.31361693187591,42.02505111694336,42.02505111694336,2518500,0.0,0.0
2021-05-25 00:00:00-04:00,42.144712457924534,42.20805632038825,41.77168629681227,42.08840560913086,3817700,0.0,0.0
2021-05-26 00:00:00-04:00,42.229168836385114,42.43327713012695,42.09544410161886,42.43327713012695,2998800,0.0,0.0
2021-05-27 00:00:00-04:00,42.31362220984667,42.53884420643052,42.09543991088867,42.09543991088867,9173900,0.0,0.0
2021-05-28 00:00:00-04:00,42.27843365004264,42.48254193251082,42.24324321492767,42.27139663696289,1411300,0.0,0.0
2021-05-31 00:00:00-04:00,42.40512443871595,42.40512443871595,42.09544482845108,42.102481842041016,1133800,0.0,0.0
2021-06-01 00:00:00-04:00,42.32066213602996,42.58107456757555,42.26435529415091,42.517730712890625,3052400,0.0,0.0
2021-06-02 00:00:00-04:00,42.58107391005971,42.77814248387734,42.5318067666053,42.61626434326172,2267700,0.0,0.0
2021-06-03 00:00:00-04:00,42.67961025001593,42.8837185312071,42.62330609115586,42.707763671875,4876100,0.0,0.0
2021-06-04 00:00:00-04:00,42.8274166895659,43.003371569448845,42.73592208512481,42.98225784301758,4093500,0.0,0.0
2021-06-07 00:00:00-04:00,43.130059561468386,43.22859386522797,43.01041153114843,43.165252685546875,19068200,0.0,0.0
2021-06-08 00:00:00-04:00,43.27081823659927,43.28489494738301,43.08782636612674,43.22858810424805,10237100,0.0,0.0
2021-06-09 00:00:00-04:00,43.214515219054064,43.22155223220266,43.00336723658233,43.1159782409668,5517200,0.0,0.0
2021-06-10 00:00:00-04:00,43.21451726792056,43.31305156582137,43.09486655985655,43.20747756958008,4378100,0.0,0.0
2021-06-11 00:00:00-04:00,43.21451484016862,43.48196429520052,43.15820799604099,43.39750671386719,3085700,0.0,0.0
2021-06-14 00:00:00-04:00,43.37965782409396,43.46533389763716,43.079799737212866,43.38679885864258,13099600,0.875,0.0
2021-06-15 00:00:00-04:00,43.51531311609094,43.90084730194834,43.422498725382994,43.8008918762207,10961900,0.0,0.0
2021-06-16 00:00:00-04:00,43.7651901181223,43.90084253369402,43.62954042605715,43.66523742675781,7425700,0.0,0.0
2021-06-17 00:00:00-04:00,43.65096663768609,43.808036739763786,43.50103757125217,43.70094299316406,3888300,0.0,0.0
2021-06-18 00:00:00-04:00,43.50816438428964,43.679513788860554,43.308259015212236,43.4938850402832,4106400,0.0,0.0
2021-06-21 00:00:00-04:00,43.536727056797915,43.75805282389398,43.47961239905138,43.70807647705078,3323000,0.0,0.0
2021-06-22 00:00:00-04:00,43.75804993840764,43.765188248840246,43.451050843182536,43.69379425048828,5015700,0.0,0.0
2021-06-23 00:00:00-04:00,43.68665984772387,43.68665984772387,43.27970800363242,43.351104736328125,2142400,0.0,0.0
2021-06-24 00:00:00-04:00,43.36538875782877,43.45820043507833,43.20117761667947,43.329689025878906,1279600,0.0,0.0
2021-06-25 00:00:00-04:00,43.15834229595111,43.36538875782877,43.12978359979409,43.329689025878906,4463800,0.0,0.0
2021-06-28 00:00:00-04:00,43.4153546660062,43.529586699636035,43.265422909018014,43.37251663208008,1556700,0.0,0.0
2021-06-29 00:00:00-04:00,43.501031914637394,43.72949600240206,43.47961425750532,43.62954330444336,1693700,0.0,0.0
2021-06-30 00:00:00-04:00,43.61525921287144,43.693794245152894,43.42963318307511,43.64381790161133,3270900,0.0,0.0
2021-07-02 00:00:00-04:00,43.80089569751144,43.87943074853845,43.57957261571584,43.750919342041016,3149400,0.0,0.0
2021-07-05 00:00:00-04:00,43.86515140076016,43.86515140076016,43.65810766674284,43.750919342041016,1906100,0.0,0.0
2021-07-06 00:00:00-04:00,43.79374409085686,43.9793701086096,43.72235009714572,43.92939376831055,4944400,0.0,0.0
2021-07-07 00:00:00-04:00,44.057906194700976,44.25067325056164,43.88655951627351,44.22211456298828,3620200,0.0,0.0
2021-07-08 00:00:00-04:00,44.19356443562131,44.35777282559582,44.00079735430165,44.25782012939453,1857100,0.0,0.0
2021-07-09 00:00:00-04:00,44.23639974913232,44.31493478857811,44.10788836158588,44.25782012939453,2155800,0.0,0.0
2021-07-12 00:00:00-04:00,44.33635431613459,44.49342440165385,44.20784292316553,44.279239654541016,2166900,0.0,0.0
2021-07-13 00:00:00-04:00,44.47914598238224,44.714751115571445,44.350634586734834,44.51484298706055,1604800,0.0,0.0
2021-07-14 00:00:00-04:00,44.46486484808072,44.764725667037595,44.20070375587371,44.550540924072266,2690100,0.0,0.0
2021-07-15 00:00:00-04:00,44.22211560570453,44.53625572940594,44.08646592179209,44.46485900878906,2122100,0.0,0.0
2021-07-16 00:00:00-04:00,44.42916209571995,44.6861848434224,44.307791755697366,44.521976470947266,1571200,0.0,0.0
2021-07-19 00:00:00-04:00,44.43630394490637,44.507697943464194,43.85800275196466,44.15072250366211,2058000,0.0,0.0
2021-07-20 00:00:00-04:00,44.186433825110896,44.51485068253717,44.02222539639776,44.21499252319336,2298800,0.0,0.0
2021-07-21 00:00:00-04:00,44.31494136180098,44.42917342061886,43.93654817762435,44.057918548583984,2388100,0.0,0.0
2021-07-22 00:00:00-04:00,44.057910996115616,44.12930772282981,43.765191225354044,44.01507568359375,936300,0.0,0.0
2021-07-23 00:00:00-04:00,44.07933239374744,44.343493479923254,44.02935332214008,44.25782012939453,1701300,0.0,0.0
2021-07-26 00:00:00-04:00,44.25067519104566,44.25781622500533,43.97223478376107,44.15072250366211,1038000,0.0,0.0
2021-07-27 00:00:00-04:00,44.19356629906885,44.564818408182944,44.050775559828985,44.32921600341797,1660800,0.0,0.0
2021-07-28 00:00:00-04:00,44.422026481354216,44.42916479210966,44.072189337192974,44.172142028808594,1155500,0.0,0.0
2021-07-29 00:00:00-04:00,44.17928875203568,44.27924145652221,44.02221866012433,44.09361267089844,1443600,0.0,0.0
2021-07-30 00:00:00-04:00,44.09361280244733,44.643355402270245,44.01508047976429,44.45772933959961,2874400,0.0,0.0
2021-08-03 00:00:00-04:00,44.55053525672697,44.82897565951171,44.52911487870061,44.679046630859375,1551900,0.0,0.0
2021-08-04 00:00:00-04:00,44.7504424097167,44.850395099463896,44.52911665134322,44.54339599609375,1365300,0.0,0.0
2021-08-05 00:00:00-04:00,44.786141542824204,45.40727808976874,44.757582851962994,45.086002349853516,4236300,0.0,0.0
2021-08-06 00:00:00-04:00,45.31446264233916,45.71427338695311,45.2430659211535,45.485809326171875,1896900,0.0,0.0
2021-08-09 00:00:00-04:00,45.4858188449197,45.62147128180701,45.128843334806994,45.257354736328125,2048900,0.0,0.0
2021-08-10 00:00:00-04:00,45.25021455005127,45.435840609277534,45.228794168347044,45.3858642578125,1363700,0.0,0.0
2021-08-11 00:00:00-04:00,45.45724868774414,45.571483436740934,45.35729600587827,45.45724868774414,2140500,0.0,0.0
2021-08-12 00:00:00-04:00,45.550068912481386,45.592906948859635,45.3715811794987,45.49295425415039,2549800,0.0,0.0
2021-08-13 00:00:00-04:00,45.55006604555615,45.69285676765637,45.43583401257727,45.6785774230957,2260400,0.0,0.0
2021-08-16 00:00:00-04:00,45.692867392508894,46.00700759887695,45.635750000984835,46.00700759887695,2361500,0.0,0.0
2021-08-17 00:00:00-04:00,45.97130598330857,46.22118775221721,45.90705300573807,46.18549346923828,1082000,0.0,0.0
2021-08-18 00:00:00-04:00,46.185497292977914,46.28545000881655,45.99986848627138,46.135520935058594,1309600,0.0,0.0
2021-08-19 00:00:00-04:00,46.08552741356577,46.256874084472656,45.95701604863249,46.256874084472656,1716200,0.0,0.0
2021-08-20 00:00:00-04:00,46.29972277127936,46.52105129247036,46.22118772295579,46.4853515625,2652400,0.0,0.0
2021-08-23 00:00:00-04:00,46.44964022278612,46.48533994383361,46.221176170315175,46.3711051940918,3622000,0.0,0.0
2021-08-24 00:00:00-04:00,46.31400096668811,46.34969524665768,46.071254806632616,46.22832489013672,1087700,0.0,0.0
2021-08-25 00:00:00-04:00,46.33541276659828,46.39253014374541,46.15692504827319,46.19261932373047,4700100,0.0,0.0
2021-08-26 00:00:00-04:00,46.242597779273964,46.29971515903012,46.18548584653094,46.285438537597656,1020400,0.0,0.0
2021-08-27 00:00:00-04:00,46.32826988644496,46.44964022278612,46.26401692497469,46.3711051940918,1160300,0.0,0.0
2021-08-30 00:00:00-04:00,46.33541869579129,46.75664715037376,46.24974261910729,46.68525314331055,2138100,0.0,0.0
2021-08-31 00:00:00-04:00,46.763786477606104,47.50629610738069,46.72808675187128,46.97797393798828,4977700,0.0,0.0
2021-09-01 00:00:00-04:00,47.1564595679118,47.1564595679118,46.977971841230854,47.085060119628906,1900300,0.0,0.0
2021-09-02 00:00:00-04:00,47.07792453241113,47.1921538450401,46.93513108285849,47.085060119628906,2919100,0.0,0.0
2021-09-03 00:00:00-04:00,47.11362091129075,47.11362091129075,46.91371552001236,46.92799758911133,1367400,0.0,0.0
2021-09-07 00:00:00-04:00,47.113622625788665,47.29211036692729,46.84232322018284,47.135040283203125,8104500,0.0,0.0
2021-09-08 00:00:00-04:00,47.12076380555811,47.820438149659964,47.1136227707268,47.799015045166016,10762400,0.0,0.0
2021-09-09 00:00:00-04:00,47.791881413847086,47.791881413847086,47.4920178558056,47.62767028808594,5952300,0.0,0.0
2021-09-10 00:00:00-04:00,47.620521614602694,47.6704979584244,47.41348065235057,47.5277099609375,2137700,0.0,0.0
2021-09-13 00:00:00-04:00,47.727619325922035,47.89183043907053,47.5491315906366,47.59197235107422,8206700,0.0,0.0
2021-09-14 00:00:00-04:00,47.58834949076132,47.6606930970752,47.08193872710074,47.1325798034668,6117500,0.875,0.0
2021-09-15 00:00:00-04:00,47.04576784547814,47.04576784547814,46.43807488153432,46.89384460449219,12834100,0.0,0.0
2021-09-16 00:00:00-04:00,46.91554231021309,47.11810661069111,46.6551009183233,47.00959396362305,2838300,0.0,0.0
2021-09-17 00:00:00-04:00,46.59722848213235,46.93724396907802,46.59722848213235,46.79255676269531,4234500,0.0,0.0
2021-09-20 00:00:00-04:00,46.51041675619463,46.80702721005057,46.322318956515495,46.52488327026367,3858100,0.0,0.0
2021-09-21 00:00:00-04:00,46.698511536480865,47.17598374237763,46.69127552018241,46.944480895996094,3124600,0.0,0.0
2021-09-22 00:00:00-04:00,47.175980411797546,47.175980411797546,46.85043145437244,46.886600494384766,2014800,0.0,0.0
2021-09-23 00:00:00-04:00,46.84319874567062,47.125342667214895,46.79255767050788,46.944480895996094,5623300,0.0,0.0
2021-09-24 00:00:00-04:00,46.88659764199305,46.99511579435389,46.698505398660934,46.83595657348633,3739300,0.0,0.0
2021-09-27 00:00:00-04:00,46.81426083127305,46.87213792351477,46.39466019171555,46.481475830078125,2879900,0.0,0.0
2021-09-28 00:00:00-04:00,46.35848976729235,46.40913084162904,45.82313771893524,45.93165588378906,2173600,0.0,0.0
2021-09-29 00:00:00-04:00,45.88101008011652,46.09804640050711,45.685681807335314,45.779727935791016,1849800,0.0,0.0
2021-09-30 00:00:00-04:00,45.844844309384875,46.06187789858784,45.685687815826334,45.9027214050293,4904100,0.0,0.0
2021-10-01 00:00:00-04:00,45.88825505775002,45.93889613980274,45.62781363020347,45.75080108642578,1843900,0.0,0.0
2021-10-04 00:00:00-04:00,45.64951002049375,45.84484106487207,45.454181735847044,45.642276763916016,1373500,0.0,0.0
2021-10-05 00:00:00-04:00,45.6856903945329,45.844846897074945,45.44695150112186,45.729095458984375,1867700,0.0,0.0
2021-10-06 00:00:00-04:00,45.6856903945329,45.75803400844001,45.36737186998485,45.729095458984375,2322500,0.0,0.0
2021-10-07 00:00:00-04:00,45.83760699156452,46.11975090850657,45.743558099339985,45.93165588378906,1212400,0.0,0.0
2021-10-08 00:00:00-04:00,45.9895370133902,45.9895370133902,45.65675197291452,45.71462631225586,1306900,0.0,0.0
2021-10-12 00:00:00-04:00,45.72185390834069,45.74355643662997,45.36736364113743,45.54822540283203,3231800,0.0,0.0
2021-10-13 00:00:00-04:00,45.635051168645155,45.85208477892436,45.541002258955736,45.830379486083984,1110900,0.0,0.0
2021-10-14 00:00:00-04:00,45.917201020850065,46.4236119231384,45.917201020850065,46.15593719482422,2285400,0.0,0.0
2021-10-15 00:00:00-04:00,46.148691590692785,46.358491913934856,45.975063070833066,46.00400161743164,2565700,0.0,0.0
2021-10-18 00:00:00-04:00,45.938895032882414,46.004005388200184,45.57717144994633,45.81591033935547,1436700,0.0,0.0
2021-10-19 00:00:00-04:00,45.82313893810236,45.91718783282916,45.540995013653614,45.85207748413086,1817300,0.0,0.0
2021-10-20 00:00:00-04:00,45.83761436110843,45.96059905863282,45.649516546417914,45.707393646240234,880600,0.0,0.0
2021-10-21 00:00:00-04:00,45.635041752702826,45.772495700247774,45.47588251679599,45.52652359008789,985400,0.0,0.0
2021-10-22 00:00:00-04:00,45.52653184889352,45.765267986330535,45.48312402402678,45.707393646240234,2082300,0.0,0.0
2021-10-25 00:00:00-04:00,45.77973297577017,45.77973297577017,45.41800941493828,45.70015335083008,3715900,0.0,0.0
2021-10-26 00:00:00-04:00,45.72186516588862,45.9171962477806,45.57717516896136,45.7652702331543,1021600,0.0,0.0
2021-10-27 00:00:00-04:00,45.90271853741816,46.040172491388994,45.51205644541898,45.59886932373047,2256400,0.0,0.0
2021-10-28 00:00:00-04:00,45.67844961633484,46.09081424403585,45.67844961633484,46.03293991088867,1423300,0.0,0.0
2021-10-29 00:00:00-04:00,45.86655344739592,46.18486922094509,45.84484815484272,46.0908203125,2036500,0.0,0.0
2021-11-01 00:00:00-04:00,46.24273864475648,46.4525389721599,46.141456489384275,46.40913391113281,2515400,0.0,0.0
2021-11-02 00:00:00-04:00,46.4814809621161,46.53935806074806,46.192100988420265,46.199337005615234,958800,0.0,0.0
2021-11-03 00:00:00-04:00,46.15592440144849,46.4742401317616,46.15592440144849,46.24997329711914,1567800,0.0,0.0
2021-11-04 00:00:00-04:00,46.4959401568975,46.63339686464174,46.264440078012065,46.6116943359375,1460700,0.0,0.0
2021-11-05 00:00:00-04:00,46.640636170384,46.85766699219719,45.73632728083712,45.772499084472656,3769100,0.0,0.0
2021-11-08 00:00:00-05:00,45.79420606279386,45.98953713307671,45.613344267317004,45.953365325927734,2032100,0.0,0.0
2021-11-09 00:00:00-05:00,45.98953666267235,46.38743481643712,45.960598113356376,46.199337005615234,3737900,0.0,0.0
2021-11-10 00:00:00-05:00,46.06187736878867,46.44530346396151,46.04741085477578,46.35125732421875,1254200,0.0,0.0
2021-11-11 00:00:00-05:00,46.467011979236965,46.55382210311032,46.163162747021154,46.35849380493164,1240800,0.0,0.0
2021-11-12 00:00:00-05:00,46.53936104764,46.53936104764,46.16316816158417,46.235511779785156,2189700,0.0,0.0
2021-11-15 00:00:00-05:00,46.26445010377741,46.495950232830225,46.047416490508056,46.452545166015625,3331600,0.0,0.0
2021-11-16 00:00:00-05:00,46.58999599021985,46.71298067689449,46.27891350544875,46.31508255004883,3325600,0.0,0.0
2021-11-17 00:00:00-05:00,46.30061237896857,46.56105376515732,46.16315842947187,46.55381774902344,1325000,0.0,0.0
2021-11-18 00:00:00-05:00,46.52487966816907,46.640633849613764,46.42359751913655,46.56105422973633,1409200,0.0,0.0
2021-11-19 00:00:00-05:00,46.582756199387525,46.821495056152344,46.42359696154431,46.821495056152344,2363400,0.0,0.0
2021-11-22 00:00:00-05:00,46.843203779270944,47.11088121644518,46.82873726458274,46.864906311035156,4691200,0.0,0.0
2021-11-23 00:00:00-05:00,46.84320301489213,46.95895720836419,46.66957724414778,46.95172119140625,2654700,0.0,0.0
2021-11-24 00:00:00-05:00,46.908302975616515,47.08916473388672,46.69127217736998,47.08916473388672,1176500,0.0,0.0
2021-11-25 00:00:00-05:00,47.024060164958485,47.3351426299052,47.024060164958485,47.24109649658203,552300,0.0,0.0
2021-11-26 00:00:00-05:00,46.84320624608249,47.21216586389541,46.49594916117666,46.70574951171875,1876400,0.0,0.0
2021-11-29 00:00:00-05:00,46.81426091497054,47.01682521871541,46.749153325679686,46.92277908325195,2538600,0.0,0.0
2021-11-30 00:00:00-05:00,46.85767332252882,46.90108390832685,46.46701668659585,46.51042175292969,3073400,0.0,0.0
2021-12-01 00:00:00-05:00,46.72744299551446,47.35684392525262,46.6116943359375,46.6116943359375,1626100,0.0,0.0
2021-12-02 00:00:00-05:00,46.61169948970003,47.57388551137062,46.582760941740354,47.41472625732422,1931500,0.0,0.0
2021-12-03 00:00:00-05:00,47.40024917460574,47.682398607292534,47.32790557214431,47.631752014160156,2630300,0.0,0.0
2021-12-06 00:00:00-05:00,47.67517480998025,47.96455481345486,47.67517480998025,47.91391372680664,3001400,0.0,0.0
2021-12-07 00:00:00-05:00,47.92113592040126,48.04412612620192,47.711335592227826,47.8704948425293,2049700,0.0,0.0
2021-12-08 00:00:00-05:00,47.77644833786162,47.82708941534606,47.34238117092883,47.52324295043945,2947500,0.0,0.0
2021-12-09 00:00:00-05:00,47.47983074862661,47.610051446205595,47.21938935346863,47.39302062988281,12203200,0.0,0.0
2021-12-10 00:00:00-05:00,47.515996701303926,47.602812323780256,47.29896040484426,47.58110427856445,7065900,0.0,0.0
2021-12-13 00:00:00-05:00,47.638989928698734,47.73304158316339,47.33514347457435,47.595584869384766,18036900,0.0,0.0
2021-12-14 00:00:00-05:00,47.45994032482692,47.80453891342204,47.01268880213266,47.313297271728516,3554400,0.875,0.0
2021-12-15 00:00:00-05:00,47.327978483003605,47.7019057936906,47.28398275702818,47.59925842285156,6961300,0.0,0.0
2021-12-16 00:00:00-05:00,47.54793250186103,47.89253677084497,47.37929994078073,47.75322723388672,4295300,0.0,0.0
2021-12-17 00:00:00-05:00,47.29131022564145,48.303122291097615,47.29131022564145,48.163818359375,8961200,0.0,0.0
2021-12-20 00:00:00-05:00,47.98784666583888,48.28112722787096,47.62858091412684,48.163818359375,7270200,0.0,0.0
2021-12-21 00:00:00-05:00,48.27379859604047,48.493760438450536,48.16382326869746,48.295799255371094,3765800,0.0,0.0
2021-12-22 00:00:00-05:00,48.16381647295141,48.31778750336887,48.02450695282365,48.25179672241211,961300,0.0,0.0
2021-12-23 00:00:00-05:00,48.20781401062563,48.44977092157088,48.01718078437827,48.156490325927734,4057700,0.0,0.0
2021-12-24 00:00:00-05:00,48.083163476047005,48.22246740026913,48.05383486203678,48.13448715209961,133200,0.0,0.0
2021-12-29 00:00:00-05:00,48.26646567707385,48.427770265751114,48.19314693509185,48.33245086669922,2773400,0.0,0.0
2021-12-30 00:00:00-05:00,48.303126468263386,48.442436005894685,48.17115048362898,48.34712219238281,3914600,0.0,0.0
2021-12-31 00:00:00-05:00,48.24446876419787,48.369111180174684,48.13448785851076,48.25179672241211,859300,0.0,0.0
2022-01-04 00:00:00-05:00,48.57440384000104,48.75770347713312,48.29579040535024,48.32511901855469,3229100,0.0,0.0
2022-01-05 00:00:00-05:00,48.28113331425936,48.662399771122494,48.009853375117444,48.43510437011719,2300500,0.0,0.0
2022-01-06 00:00:00-05:00,48.44242981066391,48.618395903051756,48.2957923326509,48.41310119628906,1311800,0.0,0.0
2022-01-07 00:00:00-05:00,48.3251278739499,48.347122939418504,48.04650879438223,48.295799255371094,1198500,0.0,0.0
2022-01-10 00:00:00-05:00,48.24447113557308,48.31778987834793,48.06849944027962,48.185813903808594,4204800,0.0,0.0
2022-01-11 00:00:00-05:00,48.097828392210566,48.17848068798485,47.914528737062,48.11982345581055,3186300,0.0,0.0
2022-01-12 00:00:00-05:00,48.0611743296487,48.18581675913799,47.97318847678822,48.14182662963867,2923200,0.0,0.0
2022-01-13 00:00:00-05:00,48.20780332693708,48.69171704158388,48.178474714486285,48.52307891845703,2105900,0.0,0.0
2022-01-14 00:00:00-05:00,48.53774679130056,48.82369380785885,48.413104367439075,48.721046447753906,1851700,0.0,0.0
2022-01-17 00:00:00-05:00,48.75771623747372,49.30761529278358,48.75771623747372,48.97034454345703,902600,0.0,0.0
2022-01-18 00:00:00-05:00,48.941009305181154,48.941009305181154,48.61107215415158,48.84569549560547,2057800,0.0,0.0
2022-01-19 00:00:00-05:00,48.89701360460569,48.90434156260296,48.45708999488283,48.60373306274414,3360700,0.0,0.0
2022-01-20 00:00:00-05:00,48.39110698525986,48.76503983279076,48.11982149291605,48.20047378540039,3816300,0.0,0.0
2022-01-21 00:00:00-05:00,48.00251007080078,48.14914754358411,47.782548267764774,48.00251007080078,3988400,0.0,0.0
2022-01-24 00:00:00-05:00,47.511269324258464,47.811877827573404,47.02735558554415,47.628578186035156,4735400,0.0,0.0
2022-01-25 00:00:00-05:00,47.29864111327503,48.11249196997883,47.181326657526924,47.87786865234375,2074400,0.0,0.0
2022-01-26 00:00:00-05:00,48.11249662591021,48.3471199662502,47.731230201694174,47.83387756347656,1802300,0.0,0.0
2022-01-27 00:00:00-05:00,48.002516211367386,48.391110598427794,47.87787378417098,48.10516357421875,2183300,0.0,0.0
2022-01-28 00:00:00-05:00,47.9951813008133,48.735713478029425,47.914529004588694,48.71371841430664,1741900,0.0,0.0
2022-01-31 00:00:00-05:00,48.611068467236855,48.8456917908957,48.545077685719,48.68438720703125,1674600,0.0,0.0
2022-02-01 00:00:00-05:00,48.69904760196239,48.69904760196239,48.2957917453994,48.55241012573242,3673700,0.0,0.0
2022-02-02 00:00:00-05:00,48.57440784583508,49.06564957133414,48.552412782583104,49.00699234008789,2747600,0.0,0.0
2022-02-03 00:00:00-05:00,48.94100464694323,49.637541052314056,48.845690846439574,49.47624206542969,2299900,0.0,0.0
2022-02-04 00:00:00-05:00,49.42491825181471,49.98214513701822,49.41758469983907,49.80617904663086,2619500,0.0,0.0
2022-02-07 00:00:00-05:00,49.857507434593046,49.89416960407492,49.07298511489142,49.17563247680664,6386500,0.0,0.0
2022-02-08 00:00:00-05:00,49.285609788398304,49.34426701773653,48.82369109968636,48.85301971435547,1880600,0.0,0.0
2022-02-09 00:00:00-05:00,48.99966341849438,49.080315711407394,48.80169666539467,48.9630012512207,1649300,0.0,0.0
2022-02-10 00:00:00-05:00,48.765044686474006,49.021663099983506,48.70638745085416,48.74304962158203,2104300,0.0,0.0
2022-02-11 00:00:00-05:00,48.787033231814355,48.92634274932969,48.63306220428424,48.87501907348633,2285300,0.0,0.0
2022-02-14 00:00:00-05:00,48.706384936536736,48.87502308177291,48.2811283910382,48.721046447753906,2537300,0.0,0.0
2022-02-15 00:00:00-05:00,48.72104278321832,49.028990434232576,48.72104278321832,48.80902862548828,3039900,0.0,0.0
2022-02-16 00:00:00-05:00,48.76503761207535,48.89701357614318,48.56707086904309,48.77236557006836,2839800,0.0,0.0
2022-02-17 00:00:00-05:00,48.68438570015017,49.087641553468416,48.6257284725857,48.955665588378906,2295700,0.0,0.0
2022-02-18 00:00:00-05:00,48.992328901595855,49.278275900343864,48.81636280864198,48.919010162353516,1890900,0.0,0.0
2022-02-22 00:00:00-05:00,48.757708541752216,48.80169866919779,48.42043784565912,48.71371841430664,3103600,0.0,0.0
2022-02-23 00:00:00-05:00,48.73571666818738,48.838364034853896,48.295798583350596,48.35445022583008,4664400,0.0,0.0
2022-02-24 00:00:00-05:00,47.84120988868238,49.08031734480042,47.69457240243027,48.948341369628906,5685200,0.0,0.0
2022-02-25 00:00:00-05:00,49.05831356156992,49.454235822851274,48.875013939403885,49.23427963256836,2741300,0.0,0.0
2022-02-28 00:00:00-05:00,49.10964272451474,49.20495652491132,48.72104278321832,48.80902862548828,3796600,0.0,0.0
2022-03-01 00:00:00-05:00,48.757707309585456,49.256282585528155,48.72104514173292,49.16096878051758,3418400,0.0,0.0
2022-03-02 00:00:00-05:00,49.24894150190945,50.048130769216804,49.21228493352397,49.99680709838867,3048900,0.0,0.0
2022-03-03 00:00:00-05:00,50.04080363520784,51.00129199553299,50.033470083046055,50.86198806762695,10336300,0.0,0.0
2022-03-04 00:00:00-05:00,50.73733563246388,52.23306129295863,50.73000767480233,52.167076110839844,8509500,0.0,0.0
2022-03-07 00:00:00-05:00,52.04977355790528,52.74631567134294,51.81515020031395,52.189083099365234,10916900,0.0,0.0
2022-03-08 00:00:00-05:00,52.123095141500585,52.32839548518161,50.66403123197894,50.715354919433594,6756300,0.0,0.0
2022-03-09 00:00:00-05:00,50.7300152814547,51.11127610987284,50.18744426466127,50.752010345458984,5192600,0.0,0.0
2022-03-10 00:00:00-05:00,50.65668566166263,50.935304693633434,50.31208703841942,50.854652404785156,3821200,0.0,0.0
2022-03-11 00:00:00-05:00,50.85465181779046,51.63184048987286,50.81066169487591,51.58051681518555,7193600,0.0,0.0
2022-03-14 00:00:00-04:00,51.26106217407485,51.595371181929735,50.473575206604686,50.562721252441406,11642900,0.92,0.0
2022-03-15 00:00:00-04:00,50.59244923846692,50.61473575466075,50.0575501778759,50.347286224365234,7854300,0.0,0.0
2022-03-16 00:00:00-04:00,50.28784672046673,50.59986921686243,50.10954329282612,50.562721252441406,9641900,0.0,0.0
2022-03-17 00:00:00-04:00,50.793039021208955,50.86732929755896,50.53301455200679,50.637027740478516,4928800,0.0,0.0
2022-03-18 00:00:00-04:00,50.614733039085095,50.71874055439929,50.1095512498514,50.47358322143555,9615600,0.0,0.0
2022-03-21 00:00:00-04:00,50.51815690512366,50.85246597039021,50.451297359264174,50.540443420410156,2256700,0.0,0.0
2022-03-22 00:00:00-04:00,50.68160788964725,50.68903861872114,50.36215455529677,50.377010345458984,1450700,0.0,0.0
2022-03-23 00:00:00-04:00,50.45129951581323,50.57759355315821,50.24327880561676,50.250709533691406,1461200,0.0,0.0
2022-03-24 00:00:00-04:00,50.34728693210273,50.39186563310182,50.12441609904675,50.26557159423828,2022600,0.0,0.0
2022-03-25 00:00:00-04:00,50.44385774658129,50.651872743262615,50.29527155753493,50.45871353149414,2050200,0.0,0.0
2022-03-28 00:00:00-04:00,50.54786986766609,50.84503660495196,50.31013761143421,50.822750091552734,2167000,0.0,0.0
2022-03-29 00:00:00-04:00,50.88962181279433,51.00849080335504,50.51816471927029,50.64445877075195,5091900,0.0,0.0
2022-03-30 00:00:00-04:00,50.6667345640488,50.897041767511006,50.44386375590426,50.859893798828125,4736800,0.0,0.0
2022-03-31 00:00:00-04:00,51.11249071576258,51.63995902976844,50.97876595531148,51.48394775390625,5150200,0.0,0.0
2022-04-01 00:00:00-04:00,51.52851703870745,52.18227933783864,51.38736156071951,52.17485427856445,3416400,0.0,0.0
2022-04-04 00:00:00-04:00,52.07826749794379,52.11541546316263,51.74395848290913,52.063411712646484,5602500,0.0,0.0
2022-04-05 00:00:00-04:00,52.04112714415433,53.21492693792264,52.00397917754823,52.999481201171875,5213000,0.0,0.0
2022-04-06 00:00:00-04:00,52.746894687383666,53.66810647235313,52.71717744683831,53.57896041870117,4143900,0.0,0.0
2022-04-07 00:00:00-04:00,53.6383918384036,54.25501185672048,53.489811296440564,54.18815231323242,3833200,0.0,0.0
2022-04-08 00:00:00-04:00,54.23272195369181,54.67846921971439,54.0767106939831,54.39616394042969,2576000,0.0,0.0
2022-04-11 00:00:00-04:00,54.381314682228265,54.82706771620191,54.12872658642945,54.366458892822266,5573100,0.0,0.0
2022-04-12 00:00:00-04:00,54.36644746843398,54.60417972487052,54.0915672443107,54.12128448486328,2259500,0.0,0.0
2022-04-13 00:00:00-04:00,54.113846433485335,54.43329964120783,53.994983155347114,54.12870788574219,1238400,0.0,0.0
2022-04-14 00:00:00-04:00,54.23272172426594,54.73047274141908,54.23272172426594,54.53731918334961,2196100,0.0,0.0
2022-04-18 00:00:00-04:00,54.44817407257451,55.01279036527588,54.284732066688484,54.314449310302734,1906700,0.0,0.0
2022-04-19 00:00:00-04:00,54.2401581863996,54.4778904636084,54.143575729168646,54.44074249267578,908700,0.0,0.0
2022-04-20 00:00:00-04:00,54.32187586771095,55.04249771508915,54.26244138504546,54.797340393066406,2666200,0.0,0.0
2022-04-21 00:00:00-04:00,54.85676049427166,54.91619496749655,54.32186723919767,54.32929229736328,2032000,0.0,0.0
2022-04-22 00:00:00-04:00,54.321882714797496,54.35902502015691,53.61611089714922,53.74240493774414,1977800,0.0,0.0
2022-04-25 00:00:00-04:00,53.489813846823466,53.60125209260127,52.52402327406197,53.17036056518555,3673900,0.0,0.0
2022-04-26 00:00:00-04:00,53.02177923981093,53.45266509293314,52.457162959325686,52.5091667175293,1788000,0.0,0.0
2022-04-27 00:00:00-04:00,52.41258900879395,52.62802909758088,52.09313573744115,52.18971252441406,1668600,0.0,0.0
2022-04-28 00:00:00-04:00,52.18970542120366,52.54630661407986,51.89253870513744,52.05598068237305,2752900,0.0,0.0
2022-04-29 00:00:00-04:00,51.78109899173483,51.78109899173483,50.68158954223007,50.741024017333984,2919700,0.0,0.0
2022-05-02 00:00:00-04:00,50.88960709011166,51.1421951199997,50.094689366664305,50.659305572509766,2033800,0.0,0.0
2022-05-03 00:00:00-04:00,50.659313505557805,51.30564513500417,50.54787525869249,50.963905334472656,1703600,0.0,0.0
2022-05-04 00:00:00-04:00,50.963913283088935,51.76626198407633,50.741042422582815,51.565677642822266,3769800,0.0,0.0
2022-05-05 00:00:00-04:00,52.28628885052153,52.39772709172922,51.075340988291686,51.29078674316406,2102500,0.0,0.0
2022-05-06 00:00:00-04:00,51.067917679479635,51.788545320260674,51.023344643715106,51.63253402709961,2403600,0.0,0.0
2022-05-09 00:00:00-04:00,51.21649275792433,52.360580993261124,50.96389905163709,51.981693267822266,3361300,0.0,0.0
2022-05-10 00:00:00-04:00,51.91482592260033,52.278857847021825,51.0010449181569,51.23877716064453,1788100,0.0,0.0
2022-05-11 00:00:00-04:00,51.12734566560493,51.52108921270782,50.60730808791894,50.67416763305664,1416800,0.0,0.0
2022-05-12 00:00:00-04:00,50.518158059420244,50.85246713232547,49.960972492588404,50.42158126831055,2540300,0.0,0.0
2022-05-13 00:00:00-04:00,50.49586625548386,50.91189628806145,50.19126879021521,50.77817153930664,1608300,0.0,0.0
2022-05-16 00:00:00-04:00,50.68159899026253,51.63252809726264,50.68159899026253,51.379940032958984,1686100,0.0,0.0
2022-05-17 00:00:00-04:00,51.498794191721764,51.61023241652976,51.08276419828771,51.1942024230957,3056500,0.0,0.0
2022-05-18 00:00:00-04:00,51.12734693384933,51.15706417730918,50.577592099803645,50.755889892578125,4016300,0.0,0.0
2022-05-19 00:00:00-04:00,50.332428055795,50.51815657260605,49.804959748209754,49.84210205078125,4627100,0.0,0.0
2022-05-20 00:00:00-04:00,49.975824224943345,50.19126997345984,49.626659392503754,50.168983459472656,1658100,0.0,0.0
2022-05-24 00:00:00-04:00,50.46614382096604,50.941608285830284,50.302701848422046,50.741024017333984,4787700,0.0,0.0
2022-05-25 00:00:00-04:00,50.8227579180254,51.075345999426155,50.59988141374302,50.92676544189453,2268100,0.0,0.0
2022-05-26 00:00:00-04:00,51.05305484454427,51.12734511656099,50.77074387570255,50.807891845703125,3690200,0.0,0.0
2022-05-27 00:00:00-04:00,50.8153234899291,51.19421125242865,50.525587456248424,51.12734603881836,4132600,0.0,0.0
2022-05-30 00:00:00-04:00,51.18677407083201,51.36507183800462,51.02333208926386,51.30563735961914,4582600,0.0,0.0
2022-05-31 00:00:00-04:00,51.42450393117762,51.58794590516487,50.993612484844604,51.1942024230957,3114700,0.0,0.0
2022-06-01 00:00:00-04:00,51.171920372362734,51.246216315596065,50.84504202767176,50.963905334472656,4244100,0.0,0.0
2022-06-02 00:00:00-04:00,51.06790445448916,51.26849439945345,50.62958793502099,51.23877716064453,4046000,0.0,0.0
2022-06-03 00:00:00-04:00,51.08276006546006,51.23134057452751,50.85988363387578,50.94160461425781,1393200,0.0,0.0
2022-06-06 00:00:00-04:00,51.00105163502183,51.12734566560493,50.67416763305664,50.67416763305664,5752200,0.0,0.0
2022-06-07 00:00:00-04:00,50.622160237237594,51.30563976678672,50.60730445093613,51.268497467041016,3536900,0.0,0.0
2022-06-08 00:00:00-04:00,51.17934118673547,51.17934118673547,50.428996515702735,50.562721252441406,2813500,0.0,0.0
2022-06-09 00:00:00-04:00,50.518159671965364,50.88218600021288,50.21356216507519,50.26557159423828,6943100,0.0,0.0
2022-06-10 00:00:00-04:00,50.02039846057777,50.064971484577555,49.76037970727281,49.856956481933594,2954400,0.0,0.0
2022-06-13 00:00:00-04:00,49.41863500560603,49.52264817640387,48.906028218303625,49.03975296020508,8681100,0.0,0.0
2022-06-14 00:00:00-04:00,49.05482930078649,49.07743082104214,47.76649091333498,47.804161071777344,5804500,0.92,0.0
2022-06-15 00:00:00-04:00,47.97745068594469,48.18087300983695,47.623344839830466,48.0678596496582,4162600,0.0,0.0
2022-06-16 00:00:00-04:00,47.645941807822865,47.6534746894374,46.274724556033625,46.29732894897461,3098900,0.0,0.0
2022-06-17 00:00:00-04:00,46.51581832616438,46.99046745135534,46.48568105261456,46.658966064453125,7971000,0.0,0.0
2022-06-20 00:00:00-04:00,46.77951741283774,47.51786345145837,46.749380135984104,47.25416946411133,3024000,0.0,0.0
2022-06-21 00:00:00-04:00,47.05074456266904,47.36717733004159,46.79458347163228,47.14868927001953,7221400,0.0,0.0
2022-06-22 00:00:00-04:00,46.78704012949562,47.186351775924635,46.553483469747626,46.80210876464844,4393100,0.0,0.0
2022-06-23 00:00:00-04:00,46.58362451861279,47.15621833062359,46.57608876340098,46.83978271484375,3054600,0.0,0.0
2022-06-24 00:00:00-04:00,47.065814760777556,47.706216072578215,46.98293868827537,47.67607879638672,2637300,0.0,0.0
2022-06-27 00:00:00-04:00,47.77402052499451,47.992511452671685,47.52539519705564,47.86442947387695,3889500,0.0,0.0
2022-06-28 00:00:00-04:00,47.932236140209206,48.24867176732807,47.487721410385326,47.525394439697266,5895800,0.0,0.0
2022-06-29 00:00:00-04:00,47.532919376448085,47.887025099644816,47.45004332429156,47.819217681884766,1099200,0.0,0.0
2022-06-30 00:00:00-04:00,47.46511867253601,47.8192244458203,47.32950381783345,47.668540954589844,2204400,0.0,0.0
2022-07-04 00:00:00-04:00,47.84935498402481,48.097983155601376,47.69113862432061,47.74387741088867,769700,0.0,0.0
2022-07-05 00:00:00-04:00,48.150723135222286,48.22606631364942,47.04320284175477,48.02264404296875,4615600,0.0,0.0
2022-07-06 00:00:00-04:00,47.92470425711165,48.271274291231514,47.856896826605706,48.10552215576172,2859000,0.0,0.0
2022-07-07 00:00:00-04:00,48.30140658450433,48.39181839855413,47.841823255587165,48.097984313964844,2320500,0.0,0.0
2022-07-08 00:00:00-04:00,47.962374178361316,48.23360102500864,47.72881461352896,47.86442947387695,1017900,0.0,0.0
2022-07-11 00:00:00-04:00,47.81922591402466,48.135658668680435,47.72881409208132,47.76648712158203,2954900,0.0,0.0
2022-07-12 00:00:00-04:00,47.74388916075014,48.00005027600032,47.661013083162,47.83430099487305,3266100,0.0,0.0
2022-07-13 00:00:00-04:00,47.72881333407659,48.51990095624965,47.61580286951515,48.42948913574219,2024000,0.0,0.0
2022-07-14 00:00:00-04:00,48.21853485347617,48.452091542281565,48.022648320215325,48.23360061645508,3137800,0.0,0.0
2022-07-15 00:00:00-04:00,48.49730016790169,48.53496744927371,47.78908860017949,47.841827392578125,2582900,0.0,0.0
2022-07-18 00:00:00-04:00,48.037715159229435,48.135659865078125,47.525395859060154,47.69868087768555,1843600,0.0,0.0
2022-07-19 00:00:00-04:00,47.84936346059692,48.18086774809206,47.78155602670462,47.9322395324707,1669500,0.0,0.0
2022-07-20 00:00:00-04:00,48.14319351492159,48.14319351492159,47.65347288114807,47.69114303588867,1536300,0.0,0.0
2022-07-21 00:00:00-04:00,47.676076794887635,47.74388422644744,47.465121618501,47.517860412597656,2389600,0.0,0.0
2022-07-22 00:00:00-04:00,47.46511805642647,47.804155188782076,47.29183304967772,47.758949279785156,983200,0.0,0.0
2022-07-25 00:00:00-04:00,47.73635130234216,47.97744375344096,47.48772309549411,47.59320068359375,1628000,0.0,0.0
2022-07-26 00:00:00-04:00,47.56306977170514,47.8719696769627,47.41238626020291,47.774024963378906,1124100,0.0,0.0
2022-07-27 00:00:00-04:00,47.954838678056625,48.03771186681154,47.68360897217214,47.758949279785156,1160100,0.0,0.0
2022-07-28 00:00:00-04:00,47.78908523079899,48.61784008781626,47.698676289354005,48.47468948364258,2086800,0.0,0.0
2022-07-29 00:00:00-04:00,48.58017950754053,48.9493510792054,48.542506475532875,48.74592590332031,2478700,0.0,0.0
2022-08-02 00:00:00-04:00,48.74591811193899,48.82126416391124,48.21099735594542,48.278804779052734,1464900,0.0,0.0
2022-08-03 00:00:00-04:00,48.278811870128834,48.33155066539752,47.81922847645991,47.94730758666992,1097800,0.0,0.0
2022-08-04 00:00:00-04:00,48.09045574981497,48.72332126068015,47.91716786102249,48.23360061645508,1278700,0.0,0.0
2022-08-05 00:00:00-04:00,48.316480643377524,48.66305070127208,47.43498686037849,48.00758361816406,2002600,0.0,0.0
2022-08-08 00:00:00-04:00,48.00004083319213,48.324009323277274,47.72127825127531,47.954837799072266,1346000,0.0,0.0
2022-08-09 00:00:00-04:00,47.969906653594585,48.30894667564146,47.90963497953304,48.23360061645508,1204700,0.0,0.0
2022-08-10 00:00:00-04:00,48.38428317697791,48.632911357282644,48.376747422033176,48.54249954223633,2298900,0.0,0.0
2022-08-11 00:00:00-04:00,48.77605741847751,48.91167227035118,48.33908133852629,48.4370231628418,1993900,0.0,0.0
2022-08-12 00:00:00-04:00,48.58016377482084,48.595229533886254,48.14318203667856,48.572628021240234,3230900,0.0,0.0
2022-08-15 00:00:00-04:00,48.66304690174346,48.85893630981445,48.42949021203014,48.85893630981445,2090600,0.0,0.0
2022-08-16 00:00:00-04:00,48.82879719884212,49.461668436458005,48.77605840804889,49.40139389038086,2429800,0.0,0.0
2022-08-17 00:00:00-04:00,49.32605682951368,49.431534418044905,49.235645004445146,49.3787956237793,2529000,0.0,0.0
2022-08-18 00:00:00-04:00,49.43906582566885,49.43906582566885,49.14523460516034,49.28084945678711,2197900,0.0,0.0
2022-08-19 00:00:00-04:00,49.27332346554055,49.763044179462135,49.24318618719635,49.75550842285156,2374000,0.0,0.0
2022-08-22 00:00:00-04:00,49.5370028553703,49.687683454551106,49.16029560932185,49.318511962890625,2045500,0.0,0.0
2022-08-23 00:00:00-04:00,49.24317348221562,49.24317348221562,48.94180652462586,49.084957122802734,2066000,0.0,0.0
2022-08-24 00:00:00-04:00,49.197976652167185,49.42399758777859,48.836335107852655,48.94934844970703,2066500,0.0,0.0
2022-08-25 00:00:00-04:00,48.971949325546994,49.145237213861726,48.55756899355346,49.07742691040039,2514600,0.0,0.0
2022-08-26 00:00:00-04:00,49.16030338496106,49.16030338496106,48.64044546379792,48.708255767822266,1085400,0.0,0.0
2022-08-29 00:00:00-04:00,48.44456883524281,48.80620468220648,48.293882442259495,48.68566131591797,3407000,0.0,0.0
2022-08-30 00:00:00-04:00,48.760991991753095,48.896606844559706,48.09045348290291,48.18086242675781,1329300,0.0,0.0
2022-08-31 00:00:00-04:00,48.037710713983195,48.27127026045611,47.676072072832135,47.75141525268555,2375700,0.0,0.0
2022-09-01 00:00:00-04:00,47.585670129143196,47.864432750475366,47.44252237744265,47.804161071777344,2063300,0.0,0.0
2022-09-02 00:00:00-04:00,47.99250646187711,48.331543577490244,47.69113949821025,47.894561767578125,3135500,0.0,0.0
2022-09-06 00:00:00-04:00,47.89456806275903,48.015114289260495,47.23909813578536,47.29936981201172,2093100,0.0,0.0
2022-09-07 00:00:00-04:00,47.40484966259129,47.691148041959615,47.261701909931574,47.62334060668945,1678800,0.0,0.0
2022-09-08 00:00:00-04:00,47.54798474807054,47.57058626109025,47.14114026942817,47.41990280151367,2359600,0.0,0.0
2022-09-09 00:00:00-04:00,47.64594285175181,48.015114413975105,47.46512207450557,48.00004577636719,1886300,0.0,0.0
2022-09-12 00:00:00-04:00,48.18087175848125,48.58771352165013,47.969913683229876,48.4445686340332,3592300,0.0,0.0
2022-09-13 00:00:00-04:00,48.2185390625,48.2938793801656,47.07334841487976,47.088417053222656,2896900,0.0,0.0
2022-09-14 00:00:00-04:00,47.11135509699792,47.15723346511772,46.66784475859459,46.71372604370117,6569600,0.92,0.0
2022-09-15 00:00:00-04:00,46.71372717491239,47.36369601956794,46.591379995318874,47.088417053222656,3621200,0.0,0.0
2022-09-16 00:00:00-04:00,46.88195555913146,47.7001528681742,46.88195555913146,47.63133239746094,5240500,0.0,0.0
2022-09-19 00:00:00-04:00,47.49369289358667,47.89132196785585,47.378991133263796,47.83779525756836,3915600,0.0,0.0
2022-09-20 00:00:00-04:00,47.79956351728803,47.807211857695876,47.18018212566331,47.21076965332031,3931800,0.0,0.0
2022-09-21 00:00:00-04:00,47.333117491325496,47.74603745236749,47.19547653198242,47.19547653198242,2275200,0.0,0.0
2022-09-22 00:00:00-04:00,47.195465342366326,47.837788694682565,47.195465342366326,47.66191482543945,2172400,0.0,0.0
2022-09-23 00:00:00-04:00,47.31781461347009,47.554860617913775,46.90489181497336,46.98900604248047,3089400,0.0,0.0
2022-09-26 00:00:00-04:00,46.84371702520693,46.989006297867654,46.34668291348835,46.59137725830078,5548300,0.0,0.0
2022-09-27 00:00:00-04:00,46.68313638961946,46.97371201472538,46.15551476141555,46.201393127441406,1827400,0.0,0.0
2022-09-28 00:00:00-04:00,46.11728339822916,46.591378337663066,45.89552823154725,46.415504455566406,2393400,0.0,0.0
2022-09-29 00:00:00-04:00,46.27785803687746,46.339030158758135,44.824982950634876,44.88615798950195,3060300,0.0,0.0
2022-09-30 00:00:00-04:00,44.916755056349636,45.077335192028684,43.97620759425913,44.28972244262695,4305400,0.0,0.0
2022-10-03 00:00:00-04:00,44.46559253155495,46.10198700070274,44.46559253155495,45.92611312866211,3645400,0.0,0.0
2022-10-04 00:00:00-04:00,46.209046687036164,46.74431671470916,45.97199774017024,46.4996223449707,3720800,0.0,0.0
2022-10-05 00:00:00-04:00,46.27786360980082,46.33139031676216,45.50554469452419,45.780826568603516,2201800,0.0,0.0
2022-10-06 00:00:00-04:00,45.69671082056207,45.79611880889672,44.54205957262565,44.57264709472656,2842200,0.0,0.0
2022-10-07 00:00:00-04:00,44.40442159903252,44.61852843403257,44.014440875712864,44.12149429321289,4501800,0.0,0.0
2022-10-11 00:00:00-04:00,43.96855845248511,44.29736703601046,43.59386858393758,43.746803283691406,3552200,0.0,0.0
2022-10-12 00:00:00-04:00,43.74680494245326,44.10620106295407,43.0738969052004,43.09683609008789,2394400,0.0,0.0
2022-10-13 00:00:00-04:00,42.83684240550043,45.11556017979758,42.56156055463467,45.008506774902344,3190000,0.0,0.0
2022-10-14 00:00:00-04:00,45.207322445566014,45.30673043458382,44.36618600091693,44.4044189453125,6307400,0.0,0.0
2022-10-17 00:00:00-04:00,44.71793368251359,45.60495140916108,44.69499449931156,45.03909683227539,3290400,0.0,0.0
2022-10-18 00:00:00-04:00,45.68906430562599,45.68906430562599,45.19202729282873,45.61259841918945,1442600,0.0,0.0
2022-10-19 00:00:00-04:00,45.50554233861733,45.50554233861733,45.05438660545267,45.214969635009766,1202000,0.0,0.0
2022-10-20 00:00:00-04:00,45.52848455576978,45.82670559902371,44.77145943929036,44.8096923828125,2148900,0.0,0.0
2022-10-21 00:00:00-04:00,44.73323361910225,45.26850366460858,44.57265348054648,45.062042236328125,1512700,0.0,0.0
2022-10-24 00:00:00-04:00,45.26085009825446,45.62024620046422,45.03144951009392,45.4061393737793,1142000,0.0,0.0
2022-10-25 00:00:00-04:00,45.30673492856344,45.872592479499936,45.17674232132722,45.71200942993164,1440700,0.0,0.0
2022-10-26 00:00:00-04:00,45.78082610504477,46.38491655404797,45.54378009575529,46.03316879272461,1820800,0.0,0.0
2022-10-27 00:00:00-04:00,46.140222454010974,46.66784409883706,46.10198950878939,46.40785598754883,1714300,0.0,0.0
2022-10-28 00:00:00-04:00,46.47667452836426,47.35604681692709,46.41550240194387,47.317813873291016,1599500,0.0,0.0
2022-10-31 00:00:00-04:00,47.26428790814496,47.31016627443126,46.66019747149085,46.98900604248047,1848300,0.0,0.0
2022-11-01 00:00:00-04:00,47.27192857473685,47.35604279378224,46.96605921766022,47.08076095581055,1079700,0.0,0.0
2022-11-02 00:00:00-04:00,47.40958274911644,47.63898337256956,46.920193974553186,47.21076965332031,1833300,0.0,0.0
2022-11-03 00:00:00-04:00,47.02723873540911,47.6160354078258,46.75960521021363,47.386634826660156,1972700,0.0,0.0
2022-11-04 00:00:00-04:00,47.5625128522051,47.78426803070566,46.77490013494224,47.21841049194336,2407900,0.0,0.0
2022-11-07 00:00:00-05:00,47.31781993693604,47.41722501973099,46.92019085479525,47.10371017456055,1313400,0.0,0.0
2022-11-08 00:00:00-05:00,47.302520852379104,47.53956685682278,46.820777587466246,46.98900604248047,1407500,0.0,0.0
2022-11-09 00:00:00-05:00,46.97371002356675,47.38663280221608,46.80548157663854,46.88195037841797,2417700,0.0,0.0
2022-11-10 00:00:00-05:00,47.317822176300844,47.89132518243624,47.24135335862385,47.761329650878906,2757400,0.0,0.0
2022-11-11 00:00:00-05:00,47.830143614968385,47.86073113787389,47.24134692547767,47.814849853515625,1083700,0.0,0.0
2022-11-14 00:00:00-05:00,47.868379737226896,48.16660372986921,47.784268419134214,47.83014678955078,5054100,0.0,0.0
2022-11-15 00:00:00-05:00,48.01365979981925,48.151300718605036,47.35604272495079,47.3942756652832,2720400,0.0,0.0
2022-11-16 00:00:00-05:00,47.38663523605094,47.99837109677321,47.37134147490955,47.677207946777344,2569300,0.0,0.0
2022-11-17 00:00:00-05:00,47.50898569353779,47.55486406314787,47.11135662732479,47.378990173339844,3535200,0.0,0.0
2022-11-18 00:00:00-05:00,47.71544393685366,48.51834743852943,47.623681369757755,48.45717239379883,4221700,0.0,0.0
2022-11-21 00:00:00-05:00,48.54128293023046,48.87773689970132,48.36540906548525,48.46481704711914,5807200,0.0,0.0
2022-11-22 00:00:00-05:00,48.54893126873347,48.63304257336134,48.059539699067045,48.46481704711914,2165800,0.0,0.0
2022-11-23 00:00:00-05:00,48.365408009484874,48.72480406963132,48.31952673042797,48.640689849853516,4007700,0.0,0.0
2022-11-24 00:00:00-05:00,48.671280117547326,48.83950564961572,48.56422379370272,48.816566467285156,722100,0.0,0.0
2022-11-25 00:00:00-05:00,48.870089559328775,49.16831349252084,48.81656285985525,49.053611755371094,2115500,0.0,0.0
2022-11-28 00:00:00-05:00,48.96185187890336,49.275369588675645,48.75539049092446,49.00008773803711,2565200,0.0,0.0
2022-11-29 00:00:00-05:00,49.0612616467869,49.122430852426966,48.69421724308213,48.94655990600586,2214500,0.0,0.0
2022-11-30 00:00:00-05:00,48.93127463792598,49.160675242313175,48.48776427472205,48.984798431396484,2758000,0.0,0.0
2022-12-01 00:00:00-05:00,49.12243612169162,49.237137874776494,48.76304293486674,48.83186340332031,1609300,0.0,0.0
2022-12-02 00:00:00-05:00,48.6406961985602,48.778337136709766,48.37305974460858,48.67128372192383,1614900,0.0,0.0
2022-12-05 00:00:00-05:00,48.6712780617205,49.0918433326205,48.579515502301085,48.94655990600586,4557300,0.0,0.0
2022-12-06 00:00:00-05:00,48.95420462875728,49.2065473031155,48.65598650658346,48.732452392578125,2541800,0.0,0.0
2022-12-07 00:00:00-05:00,48.69422290595316,48.89303597384322,48.50305526041063,48.67128372192383,2873000,0.0,0.0
2022-12-08 00:00:00-05:00,48.55658497659524,48.67893216064419,48.37306274202833,48.44953155517578,3617300,0.0,0.0
2022-12-09 00:00:00-05:00,48.518348849598176,48.778336963291174,48.37305957263085,48.434234619140625,3785500,0.0,0.0
2022-12-12 00:00:00-05:00,48.28894601128267,48.610106239548486,48.11306921924762,48.327178955078125,5740400,0.0,0.0
2022-12-13 00:00:00-05:00,48.556582108549776,48.808924801551015,48.143659292904175,48.26600646972656,3161300,0.0,0.0
2022-12-14 00:00:00-05:00,48.26601193071019,48.553124031058275,47.84698153984617,47.909061431884766,6822200,0.92,0.0
2022-12-15 00:00:00-05:00,47.73058048445829,47.85473730128154,47.001159555638225,47.094276428222656,4399200,0.0,0.0
2022-12-16 00:00:00-05:00,46.737327706099265,46.9468428973861,46.26397889913258,46.86148452758789,6466100,0.0,0.0
2022-12-19 00:00:00-05:00,46.97788181385161,47.070998687895546,46.20190095651068,46.30277633666992,7183800,0.0,0.0
2022-12-20 00:00:00-05:00,46.256222358863525,46.551095932481495,45.89927185192886,46.263980865478516,2965300,0.0,0.0
2022-12-21 00:00:00-05:00,46.47349166870117,46.706285326845034,46.37261333145711,46.47349166870117,2240100,0.0,0.0
2022-12-22 00:00:00-05:00,46.38813246796941,46.48125229765558,46.093261887692286,46.4346923828125,1631100,0.0,0.0
2022-12-23 00:00:00-05:00,46.36484855645615,46.6131621529187,46.20965181863417,46.574363708496094,1471300,0.0,0.0
2022-12-28 00:00:00-05:00,46.37261444328455,46.55885115034402,45.82166874843717,45.837188720703125,1335700,0.0,0.0
2022-12-29 00:00:00-05:00,45.96910518333116,46.58212778281877,45.92254526837826,46.341575622558594,1796200,0.0,0.0
2022-12-30 00:00:00-05:00,46.27949272119388,46.55884627244966,45.91478081148421,46.1630973815918,1421400,0.0,0.0
2023-01-03 00:00:00-05:00,46.40365177637623,46.745085226748536,46.0389428091129,46.73732376098633,1773500,0.0,0.0
2023-01-04 00:00:00-05:00,46.7993981020945,47.156348521438524,46.535564539942065,46.97011184692383,2167500,0.0,0.0
2023-01-05 00:00:00-05:00,46.94684364711409,47.21843577341643,46.675251520811756,47.171878814697266,1766000,0.0,0.0
2023-01-06 00:00:00-05:00,47.3425882709626,47.84697698530094,47.272749879133166,47.81593704223633,1408700,0.0,0.0
2023-01-09 00:00:00-05:00,47.870258065244194,47.96337789950097,47.513307580989384,47.621944427490234,1579500,0.0,0.0
2023-01-10 00:00:00-05:00,47.645226359514936,47.74610174080632,47.443469676668,47.684024810791016,1883200,0.0,0.0
2023-01-11 00:00:00-05:00,47.72282000153386,47.91681520479213,47.16411286890784,47.47450637817383,1988100,0.0,0.0
2023-01-12 00:00:00-05:00,47.528827741825914,48.16513181111,47.4279494010471,48.14185333251953,2145000,0.0,0.0
2023-01-13 00:00:00-05:00,48.087535058652556,48.59192084385161,48.002176690045864,48.48328399658203,3973600,0.0,0.0
2023-01-16 00:00:00-05:00,48.42120097865801,49.07302494045219,48.297044174513005,48.92558670043945,774200,0.0,0.0
2023-01-17 00:00:00-05:00,48.68503846317398,49.15838428185978,48.68503846317398,48.83247375488281,1849500,0.0,0.0
2023-01-18 00:00:00-05:00,48.855745227562466,48.94886504488892,48.35911804234748,48.52983474731445,1640700,0.0,0.0
2023-01-19 00:00:00-05:00,48.45223612236105,48.529835972091526,48.04872578415736,48.234962463378906,1606300,0.0,0.0
2023-01-20 00:00:00-05:00,48.266012078626076,48.49104724775738,47.96338000434089,48.46776580810547,2842600,0.0,0.0
2023-01-23 00:00:00-05:00,48.18840607805998,48.28928441002208,47.82369711811236,47.98665237426758,1929500,0.0,0.0
2023-01-24 00:00:00-05:00,47.90129307177919,48.44448020841751,47.87025313022689,48.04096984863281,1921900,0.0,0.0
2023-01-25 00:00:00-05:00,47.91681451684866,48.33584486030214,47.885774574341326,48.26600646972656,1834500,0.0,0.0
2023-01-26 00:00:00-05:00,48.37464309444104,48.49879990378947,48.18064789482588,48.452239990234375,1931200,0.0,0.0
2023-01-27 00:00:00-05:00,48.359127044677734,48.46000538549471,48.14961185688804,48.359127044677734,1092400,0.0,0.0
2023-01-30 00:00:00-05:00,48.32033325367293,48.94887887765926,48.32033325367293,48.79368209838867,2811200,0.0,0.0
2023-01-31 00:00:00-05:00,48.855757246850686,48.96439410032641,48.45224681956069,48.809200286865234,2504700,0.0,0.0
2023-02-01 00:00:00-05:00,48.87902955902492,49.173900117641125,48.71607134911085,49.07302474975586,2377500,0.0,0.0
2023-02-02 00:00:00-05:00,48.89455464539998,48.91007461843773,47.528829579531994,47.63746643066406,4332400,0.0,0.0
2023-02-03 00:00:00-05:00,47.490026075834294,48.01769326246493,47.48226461007486,47.932334899902344,1845500,0.0,0.0
2023-02-06 00:00:00-05:00,47.784900198628854,48.07977077820675,47.65298192028556,47.940093994140625,1412800,0.0,0.0
2023-02-07 00:00:00-05:00,47.89354116904584,47.940098127660875,47.45123230141007,47.482269287109375,2808400,0.0,0.0
2023-02-08 00:00:00-05:00,47.559860818698056,47.66849764994169,47.42018404706148,47.56761932373047,1511800,0.0,0.0
2023-02-09 00:00:00-05:00,47.5676258310632,47.668504171074744,46.923563260524936,47.06324005126953,2560400,0.0,0.0
2023-02-10 00:00:00-05:00,46.993402374436194,47.38139280796318,46.85372558155591,47.19515609741211,1754900,0.0,0.0
2023-02-13 00:00:00-05:00,47.202919601285295,47.55210863842676,47.202919601285295,47.42795181274414,1426000,0.0,0.0
2023-02-14 00:00:00-05:00,47.5598621149663,47.614180532068595,47.24171011759642,47.45122528076172,2118800,0.0,0.0
2023-02-15 00:00:00-05:00,47.33483351433257,47.427950390769674,47.24947514421018,47.38139343261719,1868500,0.0,0.0
2023-02-16 00:00:00-05:00,47.34258533929695,47.48226211430641,46.90803800382906,47.32706832885742,2474600,0.0,0.0
2023-02-17 00:00:00-05:00,47.38138981800806,47.978895403150474,47.38138981800806,47.940093994140625,2600500,0.0,0.0
2023-02-21 00:00:00-05:00,47.839219261635144,48.00993303101741,47.280512117866415,47.420188903808594,3539400,0.0,0.0
2023-02-22 00:00:00-05:00,47.51330742805626,47.652984218859785,47.23395384644921,47.280513763427734,5306400,0.0,0.0
2023-02-23 00:00:00-05:00,47.42794414095747,47.490024023823054,46.90803844255103,47.210670471191406,3501600,0.0,0.0
2023-02-24 00:00:00-05:00,47.15634946526066,47.16410797012711,46.64420230025915,46.915794372558594,3027100,0.0,0.0
2023-02-27 00:00:00-05:00,46.93908439110086,47.296034882864156,46.86148452758789,46.86148452758789,3147700,0.0,0.0
2023-02-28 00:00:00-05:00,46.81492172831635,46.93131706886448,46.56660515619048,46.8459587097168,3550900,0.0,0.0
2023-03-01 00:00:00-05:00,46.76836930696289,47.086521358297375,46.65197098763935,46.72180938720703,1375600,0.0,0.0
2023-03-02 00:00:00-05:00,46.721802663784686,46.86147944282009,46.35709370530939,46.45021057128906,1785400,0.0,0.0
2023-03-03 00:00:00-05:00,46.60540789270711,47.04771671169784,46.535569502333225,46.94683837890625,1917200,0.0,0.0
2023-03-06 00:00:00-05:00,46.9856410227632,47.30379306062651,46.9856410227632,47.1020393371582,1190500,0.0,0.0
2023-03-07 00:00:00-05:00,47.140828551884674,47.29602528729166,46.86923648502107,46.97011184692383,1557100,0.0,0.0
2023-03-08 00:00:00-05:00,46.970110319902915,47.15634698836297,46.83043355859073,47.01667022705078,1480500,0.0,0.0
2023-03-09 00:00:00-05:00,47.024429194101835,47.11754900931361,46.57436192777069,46.589881896972656,3190900,0.0,0.0
2023-03-10 00:00:00-05:00,46.558848696756776,46.63644559386528,46.24069668240088,46.37261199951172,4619400,0.0,0.0
2023-03-13 00:00:00-04:00,46.30277330243303,46.752843591060895,46.03118120421406,46.61316680908203,4364100,0.0,0.0
2023-03-14 00:00:00-04:00,46.53272174822353,46.76144262803648,46.16992497869465,46.66679763793945,4981600,0.968,0.0
2023-03-15 00:00:00-04:00,46.26456407824822,47.31352342187378,46.06739154074996,47.13212203979492,5293100,0.0,0.0
2023-03-16 00:00:00-04:00,47.05325706994193,47.23465545436188,46.60370389798503,47.18733596801758,4531600,0.0,0.0
2023-03-17 00:00:00-04:00,47.43971164873111,47.45548280346009,46.998044100969054,47.337181091308594,4647900,0.0,0.0
2023-03-20 00:00:00-04:00,47.40028347657925,47.96025584836456,47.37662373150894,47.912933349609375,4841500,0.0,0.0
2023-03-21 00:00:00-04:00,47.91292523646403,48.21262832726866,47.65265605030403,47.794620513916016,2823900,0.0,0.0
2023-03-22 00:00:00-04:00,47.77885136959585,47.841945017959596,47.479148266179,47.48703384399414,2967400,0.0,0.0
2023-03-23 00:00:00-04:00,47.463376348321184,47.78673920910205,47.360845780186466,47.550132751464844,3434500,0.0,0.0
2023-03-24 00:00:00-04:00,47.4791497516773,47.999685153574745,47.47126116500114,47.94447708129883,3162800,0.0,0.0
2023-03-27 00:00:00-04:00,47.93658684274367,48.062777147685054,47.77096263162327,47.87349319458008,3538000,0.0,0.0
2023-03-28 00:00:00-04:00,47.83405470481165,47.912922509612365,47.628993598547545,47.64476776123047,2198900,0.0,0.0
2023-03-29 00:00:00-04:00,47.87349193114073,47.952359741417354,47.65265664686078,47.78673553466797,1178600,0.0,0.0
2023-03-30 00:00:00-04:00,47.68421055360972,48.094329833984375,47.68421055360972,48.094329833984375,2312800,0.0,0.0
2023-03-31 00:00:00-04:00,48.110099760570094,48.29149813633854,47.69998051633153,47.7473030090332,2398200,0.0,0.0
2023-04-03 00:00:00-04:00,47.69999105448716,48.13377013660242,47.50281847092432,48.0075798034668,2284400,0.0,0.0
2023-04-04 00:00:00-04:00,48.07066850065121,49.1748329802816,47.960252353549606,49.143287658691406,2420300,0.0,0.0
2023-04-05 00:00:00-04:00,49.22216004092191,49.86888582702714,49.182726128815915,49.837337493896484,2811000,0.0,0.0
2023-04-06 00:00:00-04:00,49.75846454685378,50.02661933362747,49.37200502732739,49.648048400878906,2263900,0.0,0.0
2023-04-10 00:00:00-04:00,49.25370068220209,49.640157172549245,48.748939465397704,49.60072326660156,2003300,0.0,0.0
2023-04-11 00:00:00-04:00,49.648047885236075,50.21590277415403,49.60861397759951,49.79001235961914,2269400,0.0,0.0
2023-04-12 00:00:00-04:00,49.924085688126475,50.073938741523754,49.78212122102072,49.876766204833984,1133400,0.0,0.0
2023-04-13 00:00:00-04:00,49.87677140399718,50.58659080490356,49.79001499743192,50.562931060791016,2174800,0.0,0.0
2023-04-14 00:00:00-04:00,50.49194394473616,50.67334533827481,50.07394211020382,50.12126159667969,1313900,0.0,0.0
2023-04-17 00:00:00-04:00,50.208020841201986,50.59448038477179,50.14492718612571,50.53927230834961,1895700,0.0,0.0
2023-04-18 00:00:00-04:00,50.5156076120968,50.665454652137726,50.26322399068747,50.32632064819336,2682400,0.0,0.0
2023-04-19 00:00:00-04:00,50.20013774629093,50.53138622121315,50.20013774629093,50.31843948364258,1246200,0.0,0.0
2023-04-20 00:00:00-04:00,49.97929153692061,50.49193830436647,49.97929153692061,50.43673324584961,1506400,0.0,0.0
2023-04-21 00:00:00-04:00,50.570823389273556,50.862634944555815,50.47617838859237,50.823204040527344,1470400,0.0,0.0
2023-04-24 00:00:00-04:00,50.67334637496697,51.13867071410928,50.67334637496697,50.8547477722168,1478900,0.0,0.0
2023-04-25 00:00:00-04:00,50.79165699555174,51.059808811774055,50.67335224600621,51.012489318847656,1618900,0.0,0.0
2023-04-26 00:00:00-04:00,50.94938250929993,51.438372568720425,50.83107778330145,50.838966369628906,1587600,0.0,0.0
2023-04-27 00:00:00-04:00,51.00459872350103,51.43838078235192,50.94939064484994,51.422603607177734,1301300,0.0,0.0
2023-04-28 00:00:00-04:00,51.304300440529964,51.58822939680619,51.304300440529964,51.3595085144043,2669500,0.0,0.0
2023-05-01 00:00:00-04:00,51.391055192230404,51.651318379423785,51.34372968955368,51.61977005004883,2032000,0.0,0.0
2023-05-02 00:00:00-04:00,51.56456876557108,51.78540710026547,51.24120887706282,51.548797607421875,1796900,0.0,0.0
2023-05-03 00:00:00-04:00,51.43048785968779,51.7223054035201,51.39893952922791,51.5645637512207,1871500,0.0,0.0
2023-05-04 00:00:00-04:00,51.2254317546563,51.35162508889787,50.43674447594922,50.823204040527344,1867900,0.0,0.0
2023-05-05 00:00:00-04:00,50.925731611676596,50.93362019937404,50.47617838859237,50.823204040527344,1241900,0.0,0.0
2023-05-08 00:00:00-04:00,50.77586760077369,50.79164477277212,50.342091646465654,50.68122863769531,1032100,0.0,0.0
2023-05-09 00:00:00-04:00,50.578698977563825,50.823197024597604,50.49194257655644,50.52349090576172,1136200,0.0,0.0
2023-05-10 00:00:00-04:00,50.52348934207742,50.752210208815455,50.24744899161024,50.586585998535156,3443200,0.0,0.0
2023-05-11 00:00:00-04:00,50.555045755482745,50.85475191297429,50.44462959763722,50.704898834228516,932900,0.0,0.0
2023-05-12 00:00:00-04:00,50.67334140620077,50.78375754422902,50.39730106113015,50.61024475097656,1399700,0.0,0.0
2023-05-15 00:00:00-04:00,50.54715302415621,50.76799133897292,50.2237931647536,50.46039962768555,1192200,0.0,0.0
2023-05-16 00:00:00-04:00,50.16858429905594,50.45251325354167,50.02661982181307,50.129150390625,1756200,0.0,0.0
2023-05-17 00:00:00-04:00,50.12915143353726,50.1685853427886,49.561293512751796,49.84522247314453,1478200,0.0,0.0
2023-05-18 00:00:00-04:00,49.648047494892126,49.86099420479249,49.57706525825867,49.8057861328125,898900,0.0,0.0
2023-05-19 00:00:00-04:00,49.82156162249912,50.27900341139661,49.82156162249912,50.0266227722168,1836300,0.0,0.0
2023-05-23 00:00:00-04:00,49.68748408647011,49.92409055182565,49.49031153057142,49.59284210205078,1671000,0.0,0.0
2023-05-24 00:00:00-04:00,49.38778074884055,49.4824257414714,49.15117428449228,49.2221565246582,1897500,0.0,0.0
2023-05-25 00:00:00-04:00,49.095958661491856,49.16694089074459,48.44134443520392,48.47289276123047,1839900,0.0,0.0
2023-05-26 00:00:00-04:00,48.488679724710906,48.82781679748972,48.27573298073714,48.796268463134766,2008300,0.0,0.0
2023-05-29 00:00:00-04:00,48.867243402730274,48.890906154264954,48.480786894830736,48.67795944213867,535500,0.0,0.0
2023-05-30 00:00:00-04:00,48.741055134096335,48.93822768966195,48.62275340592563,48.73316955566406,1346300,0.0,0.0
2023-05-31 00:00:00-04:00,48.57543692341409,48.67796750741414,48.173206184052056,48.29939651489258,2922700,0.0,0.0
2023-06-01 00:00:00-04:00,48.29150424845442,48.4176945696829,48.117991428534815,48.17320251464844,750500,0.0,0.0
2023-06-02 00:00:00-04:00,48.03911615576518,48.44134680210822,47.597448595655045,48.4098014831543,1644000,0.0,0.0
2023-06-05 00:00:00-04:00,48.46501111827705,48.78048537830985,48.31515806179332,48.34670639038086,1978700,0.0,0.0
2023-06-06 00:00:00-04:00,48.323052838480805,48.559659315968496,48.01546411688535,48.28361892700195,2341600,0.0,0.0
2023-06-07 00:00:00-04:00,48.35459419501657,48.409802264845034,47.991794439354145,48.37825393676758,1175700,0.0,0.0
2023-06-08 00:00:00-04:00,48.38614596607994,48.44135404326961,48.062783081705604,48.42558288574219,2507900,0.0,0.0
2023-06-09 00:00:00-04:00,48.46501316374433,48.520221236795486,48.2599520278849,48.40191650390625,2570500,0.0,0.0
2023-06-12 00:00:00-04:00,48.457121902393396,48.66218302693459,48.362479926474315,48.61486053466797,2894700,0.0,0.0
2023-06-13 00:00:00-04:00,48.61486802606702,48.89091142723849,48.528111614516405,48.741058349609375,1180900,0.0,0.0
2023-06-14 00:00:00-04:00,48.611255459543116,48.78752933235963,48.28274700524213,48.37088394165039,3435700,0.968,0.0
2023-06-15 00:00:00-04:00,48.22666314844803,48.451012560133435,47.83405702685583,48.07442855834961,3156800,0.0,0.0
2023-06-16 00:00:00-04:00,48.13852526783947,48.45901959773216,48.11448597714256,48.298770904541016,5925800,0.0,0.0
2023-06-19 00:00:00-04:00,48.29876927596392,48.38690620707166,48.12249847023795,48.178585052490234,641100,0.0,0.0
2023-06-20 00:00:00-04:00,48.09846078520674,48.18659771925525,47.818027864588366,47.83405303955078,1499800,0.0,0.0
2023-06-21 00:00:00-04:00,47.61771283689037,47.82603397687467,47.31324065707705,47.53759002685547,1750700,0.0,0.0
2023-06-22 00:00:00-04:00,47.43343316457573,47.51355598345502,47.17703647637448,47.41740798950195,1623200,0.0,0.0
2023-06-23 00:00:00-04:00,47.40138534829648,47.76194416550638,47.09691311859815,47.128963470458984,2211700,0.0,0.0
2023-06-26 00:00:00-04:00,47.112931950669264,47.25715545813321,46.86454939841754,47.20106887817383,1278400,0.0,0.0
2023-06-27 00:00:00-04:00,47.35329892919243,47.497522422904815,47.217089549846875,47.38534927368164,2059700,0.0,0.0
2023-06-28 00:00:00-04:00,47.569639513592364,47.68982679068386,47.09690757698292,47.66579055786133,1805100,0.0,0.0
2023-06-29 00:00:00-04:00,47.63374401396074,47.95423835098477,47.441444966554585,47.91417694091797,2450400,0.0,0.0
2023-06-30 00:00:00-04:00,47.99430394079499,48.475046985827134,47.9221921783912,48.39492416381836,2478300,0.0,0.0
2023-07-04 00:00:00-04:00,48.53914329729541,48.55516541505585,48.10647276201629,48.386905670166016,440900,0.0,0.0
2023-07-05 00:00:00-04:00,48.2747379492137,48.55517088897836,48.130514421194796,48.47504806518555,926800,0.0,0.0
2023-07-06 00:00:00-04:00,48.38690620707166,48.45901796375167,48.1545457626039,48.178585052490234,1090900,0.0,0.0
2023-07-07 00:00:00-04:00,47.874112253199534,47.978274357433584,47.641751811634904,47.70585250854492,1142200,0.0,0.0
2023-07-10 00:00:00-04:00,47.64976347312334,47.67379970498205,47.096905688458634,47.12094497680664,1014000,0.0,0.0
2023-07-11 00:00:00-04:00,47.04082799590753,47.177040467312736,46.912629640961974,46.97673034667969,1486500,0.0,0.0
2023-07-12 00:00:00-04:00,47.15299480237541,47.26517102222241,46.79243907915174,47.04883575439453,1044100,0.0,0.0
2023-07-13 00:00:00-04:00,47.06485824529014,47.47348946800758,46.904609568277486,47.34529113769531,1788900,0.0,0.0
2023-07-14 00:00:00-04:00,47.337284217271396,47.42541809366779,46.872563318959884,46.92864990234375,1546400,0.0,0.0
2023-07-17 00:00:00-04:00,46.75237893007404,46.968714217867735,46.039275420211354,46.19151306152344,4944100,0.0,0.0
2023-07-18 00:00:00-04:00,46.191503346432505,46.26361509386371,45.68672111441404,45.87100601196289,2678000,0.0,0.0
2023-07-19 00:00:00-04:00,46.151446232805654,46.44790738414654,46.09535964881999,46.28765869140625,2103900,0.0,0.0
2023-07-20 00:00:00-04:00,46.271634783744624,46.73635569977001,46.271634783744624,46.608154296875,2061400,0.0,0.0
2023-07-21 00:00:00-04:00,46.63219020012964,47.104922141245076,46.59212879288042,47.056846618652344,3503800,0.0,0.0
2023-07-24 00:00:00-04:00,47.11293609281928,47.44945865865187,46.74436623311329,46.784427642822266,1380600,0.0,0.0
2023-07-25 00:00:00-04:00,46.71231860838209,46.872567313058035,46.05530167005158,46.271636962890625,2004100,0.0,0.0
2023-07-26 00:00:00-04:00,46.14343552239791,46.43188256021294,45.93511435980351,46.08734893798828,1785800,0.0,0.0
2023-07-27 00:00:00-04:00,46.07132518711725,46.159462124339655,45.678716027623736,45.75082778930664,1582600,0.0,0.0
2023-07-28 00:00:00-04:00,45.80691402985158,46.02324931326811,45.606603921853655,45.702754974365234,1590500,0.0,0.0
2023-07-31 00:00:00-04:00,45.74281108672837,45.927095997963804,45.55852617549294,45.638648986816406,1464800,0.0,0.0
2023-08-01 00:00:00-04:00,45.65467195441558,45.814920625808874,45.286102149753454,45.51044845581055,1069300,0.0,0.0
2023-08-02 00:00:00-04:00,45.27008325779096,45.47840441996254,44.981636220561384,45.005672454833984,1680600,0.0,0.0
2023-08-03 00:00:00-04:00,45.18996337450566,45.230024786392015,44.38872291081932,44.48487091064453,2204500,0.0,0.0
2023-08-04 00:00:00-04:00,44.52492352253652,45.31013865497888,44.39672519594367,45.09380340576172,1668300,0.0,0.0
2023-08-08 00:00:00-04:00,45.18995935005093,45.24604593299492,44.74126363000946,44.9255485534668,1787100,0.0,0.0
2023-08-09 00:00:00-04:00,44.90952792984197,45.646670754860736,44.80536581246642,45.39027404785156,1380100,0.0,0.0
2023-08-10 00:00:00-04:00,45.5184676657783,45.83095092890549,45.5184676657783,45.58256530761719,1448300,0.0,0.0
2023-08-11 00:00:00-04:00,45.55852360322872,45.60659606471287,45.422311163882284,45.494422912597656,1287400,0.0,0.0
2023-08-14 00:00:00-04:00,45.47039137017457,45.55852830063525,44.99765942574049,45.08579635620117,3057100,0.0,0.0
2023-08-15 00:00:00-04:00,44.90952809450557,44.92555327081363,44.460835383839274,44.54896926879883,3621900,0.0,0.0
2023-08-16 00:00:00-04:00,44.605054409468046,44.829403814007236,44.41275841299417,44.45281982421875,3724700,0.0,0.0
2023-08-17 00:00:00-04:00,44.40473844802196,44.58101230197965,44.08424414394995,44.10026931762695,3393000,0.0,0.0
2023-08-18 00:00:00-04:00,44.06822766700197,44.244501555746766,43.980090722629576,44.18040084838867,1449500,0.0,0.0
2023-08-21 00:00:00-04:00,44.14834703918367,44.156361155221134,43.763751994607546,43.98008728027344,3530300,0.0,0.0
2023-08-22 00:00:00-04:00,44.06821893339338,44.06821893339338,43.79579709409101,43.883934020996094,1588500,0.0,0.0
2023-08-23 00:00:00-04:00,44.028150605476625,44.07622306242021,43.82784055090802,43.94802474975586,1763300,0.0,0.0
2023-08-24 00:00:00-04:00,43.915984700599886,45.11784522605866,43.84387294681278,45.02169418334961,4615600,0.0,0.0
2023-08-25 00:00:00-04:00,45.133872422381,45.406291219462815,44.91753715132529,45.125858306884766,2510900,0.0,0.0
2023-08-28 00:00:00-04:00,45.24604690500783,45.935114146253724,45.2300217300382,45.879024505615234,1931300,0.0,0.0
2023-08-29 00:00:00-04:00,45.99921092327474,46.30368312898387,45.99119986418561,46.25560760498047,1475400,0.0,0.0
2023-08-30 00:00:00-04:00,46.29566045543331,46.5520570897429,46.18348730998398,46.19951248168945,1266400,0.0,0.0
2023-08-31 00:00:00-04:00,46.30368439479774,46.439893798463316,45.822938311090084,45.86300277709961,1644400,0.0,0.0
2023-09-01 00:00:00-04:00,45.5184650841164,45.59057683740115,44.88548447822686,45.18995666503906,2883900,0.0,0.0
2023-09-05 00:00:00-04:00,45.19796949149687,45.2861064219022,44.83741071097029,44.86946105957031,1355100,0.0,0.0
2023-09-06 00:00:00-04:00,44.58902735279107,44.66915016636816,44.36467797309427,44.40473937988281,1945900,0.0,0.0
2023-09-07 00:00:00-04:00,44.4688464670274,44.75729352774379,44.244500111576805,44.30058670043945,2737800,0.0,0.0
2023-09-08 00:00:00-04:00,44.34865860963468,44.34865860963468,44.07623672869472,44.292572021484375,2762700,0.0,0.0
2023-09-11 00:00:00-04:00,44.300575665783406,44.74926826492151,44.260514263215946,44.56498336791992,1177300,0.0,0.0
2023-09-12 00:00:00-04:00,44.717223186845644,44.845421515290994,44.44480135683812,44.69318389892578,1436200,0.0,0.0
2023-09-13 00:00:00-04:00,44.7092107257996,44.925545986144925,44.61306274003147,44.78132247924805,1705300,0.0,0.0
2023-09-14 00:00:00-04:00,45.06506832924995,45.260753511809575,44.869380036330426,45.17106628417969,2860400,0.968,0.0
2023-09-15 00:00:00-04:00,44.918301272033005,45.3341346027901,44.90199365567942,44.96722412109375,5720400,0.0,0.0
2023-09-18 00:00:00-04:00,44.967230936738005,44.967230936738005,44.624777162126925,44.877540588378906,3105600,0.0,0.0
2023-09-19 00:00:00-04:00,44.64108516425401,44.812310497849616,44.43724459272774,44.47801208496094,2336600,0.0,0.0
2023-09-20 00:00:00-04:00,44.55954721138484,44.730772533574005,44.5106243577479,44.54323959350586,3137100,0.0,0.0
2023-09-21 00:00:00-04:00,44.51877744309444,44.51877744309444,43.662647705796495,43.67080307006836,4031300,0.0,0.0
2023-09-22 00:00:00-04:00,43.68710809061713,43.996943486602255,43.62187762176135,43.81756591796875,1323600,0.0,0.0
2023-09-25 00:00:00-04:00,43.70341168154502,43.72787466203322,43.263118467435845,43.29573059082031,3169000,0.0,0.0
2023-09-26 00:00:00-04:00,43.2386571659246,43.2386571659246,42.4477579342524,42.46406555175781,2683300,0.0,0.0
2023-09-27 00:00:00-04:00,42.52929240140776,42.5782152533373,41.59162462343142,41.999305725097656,2761200,0.0,0.0
2023-09-28 00:00:00-04:00,41.9259276902372,42.235766233048246,41.77100997401185,42.04008102416992,1718600,0.0,0.0
2023-09-29 00:00:00-04:00,42.23576754026496,42.553758347304424,42.20315230098901,42.27653503417969,2562400,0.0,0.0
2023-10-02 00:00:00-04:00,42.358070247562836,42.358070247562836,40.65396299095833,40.87411117553711,3104500,0.0,0.0
2023-10-03 00:00:00-04:00,40.6539613945642,41.1594851076201,40.41750560074318,40.67026901245117,3457500,0.0,0.0
2023-10-04 00:00:00-04:00,40.76810937412423,41.159482850872635,40.65395916553427,40.89856719970703,3497100,0.0,0.0
2023-10-05 00:00:00-04:00,40.98826052725929,41.81993039238826,40.88226256425537,41.7710075378418,2170700,0.0,0.0
2023-10-06 00:00:00-04:00,41.575321164975314,41.81992921007187,40.90672127985,41.59978103637695,2424500,0.0,0.0
2023-10-10 00:00:00-04:00,41.70578278328613,42.366224253979176,41.67316754488244,42.080848693847656,2553700,0.0,0.0
2023-10-11 00:00:00-04:00,42.22760676248733,42.60267260737693,42.11345655842178,42.57821273803711,2600900,0.0,0.0
2023-10-12 00:00:00-04:00,42.545598445924234,42.724979119341356,41.95038443273814,42.25206756591797,1953400,0.0,0.0
2023-10-13 00:00:00-04:00,42.43144722342585,42.643440014821515,42.04822601588625,42.12160873413086,1371700,0.0,0.0
2023-10-16 00:00:00-04:00,42.137921718785,42.9777438487417,41.950388772792735,42.83097839355469,1748100,0.0,0.0
2023-10-17 00:00:00-04:00,42.86359287830494,43.059281185241026,42.512986864882876,42.69236755371094,2663600,0.0,0.0
2023-10-18 00:00:00-04:00,42.496680054051744,42.504835418440734,41.81993099669401,41.844390869140625,1512700,0.0,0.0
2023-10-19 00:00:00-04:00,41.917770748908396,42.37437470250418,41.811772791574384,41.999305725097656,1252900,0.0,0.0
2023-10-20 00:00:00-04:00,41.92592568394492,41.99115615735641,41.28994411998371,41.32255935668945,1933900,0.0,0.0
2023-10-23 00:00:00-04:00,41.11056236954955,42.05638554749297,40.93118479300863,41.722084045410156,1300100,0.0,0.0
2023-10-24 00:00:00-04:00,41.99115389820996,42.27652942813147,41.819928580257056,42.03192138671875,1489700,0.0,0.0
2023-10-25 00:00:00-04:00,41.98300754580601,42.25207549607234,41.713936485179254,41.76285934448242,1202000,0.0,0.0
2023-10-26 00:00:00-04:00,41.583475161825625,41.95854105405369,41.501940180162194,41.86885070800781,1155300,0.0,0.0
2023-10-27 00:00:00-04:00,41.93407844449132,41.93407844449132,41.395939513701805,41.444862365722656,1388500,0.0,0.0
2023-10-30 00:00:00-04:00,41.62424028091088,42.18684219755614,41.59162504595986,42.03192138671875,1497500,0.0,0.0
2023-10-31 00:00:00-04:00,42.072696126982486,42.34991945112914,41.958545895338666,41.974853515625,2078100,0.0,0.0
2023-11-01 00:00:00-04:00,42.154229579299276,42.87174924096144,42.02377174175708,42.82282638549805,1826000,0.0,0.0
2023-11-02 00:00:00-04:00,43.17343192281136,43.90725608436988,42.447760015225214,43.776798248291016,1977700,0.0,0.0
2023-11-03 00:00:00-04:00,43.88279425758737,44.61662149682195,43.71156893855264,44.453548431396484,1774300,0.0,0.0
2023-11-06 00:00:00-05:00,44.40462739901118,44.54324059893123,44.09479198339724,44.19263458251953,1199100,0.0,0.0
2023-11-07 00:00:00-05:00,44.143711274057225,44.143711274057225,43.63003219081468,43.70341491699219,1662900,0.0,0.0
2023-11-08 00:00:00-05:00,43.62188218967058,43.85833799849358,43.320199015521396,43.47511672973633,1530000,0.0,0.0
2023-11-09 00:00:00-05:00,43.66264220482106,43.817563002866976,43.40988193072045,43.51587677001953,1359000,0.0,0.0
2023-11-10 00:00:00-05:00,43.540353453024245,43.6218884489715,43.116364631304975,43.312049865722656,1371000,0.0,0.0
2023-11-13 00:00:00-05:00,43.14081708679428,43.65449618190721,42.96959175854336,43.35280990600586,963200,0.0,0.0
2023-11-14 00:00:00-05:00,43.79310468872701,44.35570661885285,43.7441849454883,44.08663558959961,2191200,0.0,0.0
2023-11-15 00:00:00-05:00,44.233401072915356,44.33939903394482,44.02956051497566,44.06217575073242,1833300,0.0,0.0
2023-11-16 00:00:00-05:00,44.08663661909363,44.323092418135964,44.02140925646549,44.19263458251953,1450800,0.0,0.0
2023-11-17 00:00:00-05:00,44.363859448262055,44.39647468441779,44.02956105356605,44.184478759765625,1515200,0.0,0.0
2023-11-20 00:00:00-05:00,44.23340161399923,44.31493659402845,43.956178327395705,44.184478759765625,1240900,0.0,0.0
2023-11-21 00:00:00-05:00,44.135557654009695,44.38016569690966,43.874641993535064,43.97248458862305,1579300,0.0,0.0
2023-11-22 00:00:00-05:00,44.15186426295646,44.200784004202895,43.81756588621272,43.84202575683594,1657300,0.0,0.0
2023-11-23 00:00:00-05:00,43.91540847906553,44.00509881849726,43.84202575683594,43.84202575683594,361200,0.0,0.0
2023-11-24 00:00:00-05:00,43.882796604130995,44.04586967827646,43.744186512841466,43.8338737487793,778700,0.0,0.0
2023-11-27 00:00:00-05:00,43.948029949296185,44.04587255603198,43.646343653790204,43.678958892822266,3473700,0.0,0.0
2023-11-28 00:00:00-05:00,43.54849928168299,43.768647470684435,43.328351092681544,43.434349060058594,1892500,0.0,0.0
2023-11-29 00:00:00-05:00,43.53219808721309,43.58112095099787,43.24682249103701,43.312049865722656,1665100,0.0,0.0
2023-11-30 00:00:00-05:00,43.49142135223715,43.63003143798066,43.10820010988262,43.56480407714844,2392500,0.0,0.0
2023-12-01 00:00:00-05:00,43.58111384108182,44.46985883750223,43.54034634975909,44.34755325317383,3129700,0.0,0.0
2023-12-04 00:00:00-05:00,44.28231857498435,44.90199242767436,44.184472879538795,44.820457458496094,2336200,0.0,0.0
2023-12-05 00:00:00-05:00,44.79599826020871,45.1873717439435,44.73077090143289,44.84492111206055,2137700,0.0,0.0
2023-12-06 00:00:00-05:00,45.04876772384103,45.69290469660507,45.04876772384103,45.09769058227539,2151800,0.0,0.0
2023-12-07 00:00:00-05:00,45.195537110011585,45.350454842954036,44.828623415820886,45.187381744384766,3700100,0.0,0.0
2023-12-08 00:00:00-05:00,45.10583820192314,45.18737318057513,44.91015300901436,45.00799560546875,3586200,0.0,0.0
2023-12-11 00:00:00-05:00,45.032453034271306,45.081375885024784,44.55954458509393,44.71446228027344,3739800,0.0,0.0
2023-12-12 00:00:00-05:00,44.747072429782435,44.85306726216494,44.38015886672115,44.5921516418457,2528600,0.0,0.0
2023-12-13 00:00:00-05:00,44.486157318481524,45.21182909019513,44.257853815320246,45.105831146240234,2199200,0.0,0.0
2023-12-14 00:00:00-05:00,45.10418053157064,45.32824952388861,44.448574775257256,44.581356048583984,4020000,0.968,0.0
2023-12-15 00:00:00-05:00,44.74732502147813,44.86351139205768,42.87178935983404,42.97137451171875,9456300,0.0,0.0
2023-12-18 00:00:00-05:00,43.12905339539536,43.31992625098567,42.80539928523116,42.85519027709961,3475500,0.0,0.0
2023-12-19 00:00:00-05:00,42.863500146853816,43.06267048886776,42.53984280100902,42.614532470703125,2916400,0.0,0.0
2023-12-20 00:00:00-05:00,42.5315440395001,42.846900764643514,42.224487925041075,42.51494598388672,3479300,0.0,0.0
2023-12-21 00:00:00-05:00,42.656023842784876,42.9547793183275,42.44855291585645,42.69751739501953,1910900,0.0,0.0
2023-12-22 00:00:00-05:00,42.66432189941406,43.04606765066143,42.57303418373423,42.66432189941406,1467100,0.0,0.0
2023-12-27 00:00:00-05:00,42.514941356889366,42.855193545544736,42.50664391286341,42.730712890625,1985900,0.0,0.0
2023-12-28 00:00:00-05:00,42.67261558741098,43.02946580869934,42.67261558741098,42.987972259521484,1083500,0.0,0.0
2023-12-29 00:00:00-05:00,42.97967517751518,43.34482284540864,42.78050170772927,43.29502868652344,1549100,0.0,0.0
2024-01-02 00:00:00-05:00,43.31993025049762,44.6975370810474,43.303332196424115,44.66434097290039,3559100,0.0,0.0
2024-01-03 00:00:00-05:00,44.913311871400204,45.22037116701159,44.83862220027251,45.05439376831055,2382700,0.0,0.0
2024-01-04 00:00:00-05:00,45.162268260468664,45.270154025075655,44.72243092394363,45.06268310546875,2572600,0.0,0.0
2024-01-05 00:00:00-05:00,45.06268351894534,45.35314470851316,44.82201649021187,45.21206283569336,2075600,0.0,0.0
2024-01-08 00:00:00-05:00,45.22865810583026,45.43612901457261,45.2120600532403,45.328243255615234,1889400,0.0,0.0
2024-01-09 00:00:00-05:00,45.24526464233509,45.24526464233509,44.830322747044875,45.14567947387695,2060200,0.0,0.0
2024-01-10 00:00:00-05:00,44.954793478109316,45.43612748980099,44.954793478109316,45.411231994628906,1678700,0.0,0.0
2024-01-11 00:00:00-05:00,45.436135335799754,45.55231855433849,44.94650379641846,45.22866439819336,2649100,0.0,0.0
2024-01-12 00:00:00-05:00,45.19546211775871,45.85107095086445,45.19546211775871,45.49422073364258,1466500,0.0,0.0
2024-01-15 00:00:00-05:00,45.535717329534414,46.207924260256284,45.419534119083615,46.03364944458008,1149700,0.0,0.0
2024-01-16 00:00:00-05:00,45.72659621326885,46.473492901197424,45.62701104346353,46.407100677490234,2382600,0.0,0.0
2024-01-17 00:00:00-05:00,46.108338973915465,46.49008471168199,46.01705126145933,46.349002838134766,3059800,0.0,0.0
2024-01-18 00:00:00-05:00,46.47348373445649,46.4983792305584,46.13323156945941,46.490081787109375,1963100,0.0,0.0
2024-01-19 00:00:00-05:00,46.47348451634252,46.622863826976875,46.357301311572456,46.465187072753906,1806100,0.0,0.0
2024-01-22 00:00:00-05:00,46.54818194638321,46.58137805779208,45.76809232280739,45.79298782348633,2131900,0.0,0.0
2024-01-23 00:00:00-05:00,45.81787821628388,46.14153235205006,45.726590502964164,46.017051696777344,1186200,0.0,0.0
2024-01-24 00:00:00-05:00,46.13323903049804,46.266020307440755,45.56891781205269,45.67680358886719,1554000,0.0,0.0
2024-01-25 00:00:00-05:00,45.73489275215992,45.80958241430288,45.23696061595516,45.2950553894043,1783400,0.0,0.0
2024-01-26 00:00:00-05:00,45.236960239387734,45.55231693978343,45.236960239387734,45.469329833984375,1290100,0.0,0.0
2024-01-29 00:00:00-05:00,45.51081661016141,45.79297715992072,45.25355155528377,45.76808166503906,1784400,0.0,0.0
2024-01-30 00:00:00-05:00,45.66850279621002,45.79298662786538,45.295057632754634,45.3448486328125,2295800,0.0,0.0
2024-01-31 00:00:00-05:00,45.39464278712393,45.55231956352613,44.85521707109451,45.02119445800781,2390300,0.0,0.0
2024-02-01 00:00:00-05:00,45.18716304081603,45.45272554183394,45.046081181413236,45.411231994628906,1509700,0.0,0.0
2024-02-02 00:00:00-05:00,44.93820397629224,45.16226979119778,43.552296540151595,44.17470932006836,3471000,0.0,0.0
2024-02-05 00:00:00-05:00,43.983832891126,44.05022510184474,43.62698267289987,43.83445358276367,2166500,0.0,0.0
2024-02-06 00:00:00-05:00,43.83445268589041,44.382175750093985,43.66847532824438,44.365577697753906,1714000,0.0,0.0
2024-02-07 00:00:00-05:00,44.37388592462368,44.407078869247414,43.85935571101426,44.04193115234375,1846300,0.0,0.0
2024-02-08 00:00:00-05:00,43.153956336803404,43.16225378162812,41.79294745116354,42.390464782714844,6548700,0.0,0.0
2024-02-09 00:00:00-05:00,42.15809428349305,42.53154260783486,41.70995629428288,41.92572784423828,3534300,0.0,0.0
2024-02-12 00:00:00-05:00,41.92572795184444,42.61452982672693,41.81784217658984,42.41535949707031,2617600,0.0,0.0
2024-02-13 00:00:00-05:00,42.34897111442988,42.53154657128989,41.502489222291096,41.7680549621582,3218600,0.0,0.0
2024-02-14 00:00:00-05:00,41.909121607741994,42.19957960010764,41.502477252675405,41.6103630065918,3167800,0.0,0.0
2024-02-15 00:00:00-05:00,41.593770878646644,42.091703006731706,41.510783773510035,41.68505859375,3215000,0.0,0.0
2024-02-16 00:00:00-05:00,41.57717312607064,42.25767752354368,41.57717312607064,42.18299102783203,1986200,0.0,0.0
2024-02-20 00:00:00-05:00,42.265981481196825,42.79710659780338,42.24108598065446,42.51494598388672,2502200,0.0,0.0
2024-02-21 00:00:00-05:00,42.506641693076915,42.68921394390922,42.33236372008235,42.49004364013672,1670800,0.0,0.0
2024-02-22 00:00:00-05:00,42.53984351815382,42.573039630967614,42.07511060178307,42.100006103515625,2383500,0.0,0.0
2024-02-23 00:00:00-05:00,42.11660337270052,42.23278659962157,41.80124663837516,42.124900817871094,2000700,0.0,0.0
2024-02-26 00:00:00-05:00,42.116592940111225,42.124890383226465,41.535673783648406,41.759742736816406,3112300,0.0,0.0
2024-02-27 00:00:00-05:00,41.93401843942061,42.033606753481955,41.76804424749461,41.90082550048828,1726400,0.0,0.0
2024-02-28 00:00:00-05:00,41.93402682849928,42.00871649610988,41.80124554894215,41.84273910522461,1718300,0.0,0.0
2024-02-29 00:00:00-05:00,41.82614197136359,41.975521298570655,41.77634780704282,41.792945861816406,2708900,0.0,0.0
2024-03-01 00:00:00-05:00,41.82613852146348,41.942321729540346,41.57717088615019,41.61866760253906,3496000,0.0,0.0
2024-03-04 00:00:00-05:00,41.5771697048049,41.59376775773785,40.76388410561995,40.82197570800781,6618200,0.0,0.0
2024-03-05 00:00:00-05:00,40.82197613148822,40.85517223769848,40.41533491055476,40.49002456665039,3974200,0.0,0.0
2024-03-06 00:00:00-05:00,40.539816695075054,40.86347399105312,40.539816695075054,40.772186279296875,2510300,0.0,0.0
2024-03-07 00:00:00-05:00,40.98794937133789,41.11243317421959,40.780478477038145,40.98794937133789,2318200,0.0,0.0
2024-03-08 00:00:00-05:00,41.01285820285947,41.2203291646281,40.76389368188825,40.921573638916016,3158800,0.0,0.0
2024-03-11 00:00:00-04:00,41.06264430238037,41.20372617484594,40.59790829969175,40.772186279296875,3234200,0.0,0.0
2024-03-12 00:00:00-04:00,40.7472861682763,40.830276433176444,40.39043594359291,40.506622314453125,5513700,0.0,0.0
2024-03-13 00:00:00-04:00,40.46512942174031,40.55641713887668,39.851017232240466,39.992095947265625,4155800,0.0,0.0
2024-03-14 00:00:00-04:00,39.91413129025455,39.93955650287719,38.473496394640854,39.03280258178711,8308600,0.998,0.0
2024-03-15 00:00:00-04:00,38.948056660183596,39.64295211735381,38.92263468065649,39.4988899230957,9143500,0.0,0.0
2024-03-18 00:00:00-04:00,39.44803788577217,39.45651403304231,38.99042291427471,39.24465560913086,6583400,0.0,0.0
2024-03-19 00:00:00-04:00,39.244658225291154,39.52430968249107,39.10906895425718,39.28702926635742,3572800,0.0,0.0
2024-03-20 00:00:00-04:00,39.253134843233255,39.3039820369312,39.04127638521378,39.27855682373047,2877800,0.0,0.0
2024-03-21 00:00:00-04:00,39.27855541105319,39.49041386145306,39.17686426001821,39.19381332397461,2991800,0.0,0.0
2024-03-22 00:00:00-04:00,39.320926762249094,39.354821654937076,38.68535145832936,38.863311767578125,2963400,0.0,0.0
2024-03-25 00:00:00-04:00,38.75314635870342,39.007375846078965,38.60060801973742,38.93958282470703,1917000,0.0,0.0
2024-03-26 00:00:00-04:00,39.04975274055639,39.22771307038594,38.95653450130182,38.981956481933594,4959500,0.0,0.0
2024-03-27 00:00:00-04:00,39.092124361722284,39.49041607253621,39.0751752968169,39.40567398071289,2268300,0.0,0.0
2024-03-28 00:00:00-04:00,39.44804359798182,39.702273096948254,38.65145697249941,39.00737762451172,3545200,0.0,0.0
2024-04-01 00:00:00-04:00,39.00738076644435,39.02432983210111,38.48197266189981,38.88874053955078,2342700,0.0,0.0
2024-04-02 00:00:00-04:00,38.473498786914135,38.473498786914135,37.253191951659595,37.89724349975586,5188000,0.0,0.0
2024-04-03 00:00:00-04:00,37.89724077725575,38.12604829242868,37.67690617773957,37.84639358520508,2719600,0.0,0.0
2024-04-04 00:00:00-04:00,37.981984229469404,38.439599276259045,37.846394945165464,38.083675384521484,2890800,0.0,0.0
2024-04-05 00:00:00-04:00,37.9650395070905,38.168425073160385,37.82945020727855,37.92266845703125,3911100,0.0,0.0
2024-04-08 00:00:00-04:00,37.888764307207005,38.02435358548753,37.60911283506116,37.7108039855957,2544300,0.0,0.0
2024-04-09 00:00:00-04:00,37.67690598340344,38.28705935405075,37.515894725128575,38.14299392700195,3290900,0.0,0.0
2024-04-10 00:00:00-04:00,37.753175667712746,38.058252357181686,37.45657512667541,37.98198318481445,3261100,0.0,0.0
2024-04-11 00:00:00-04:00,37.96503375677099,38.295532422960136,37.761651454210025,37.998931884765625,4037700,0.0,0.0
2024-04-12 00:00:00-04:00,38.01587880018577,38.244686302162705,37.38877639854121,37.48199462890625,3160900,0.0,0.0
2024-04-15 00:00:00-04:00,37.549793046668,38.13452120808542,37.498945854617325,37.84639358520508,3743900,0.0,0.0
2024-04-16 00:00:00-04:00,37.702326532569316,37.837915794531796,37.31250457581208,37.74469757080078,2943800,0.0,0.0
2024-04-17 00:00:00-04:00,37.76165646421043,38.09215517424825,37.48200172020684,37.64301300048828,2064500,0.0,0.0
2024-04-18 00:00:00-04:00,37.6514873788511,37.77012760428862,37.42267984434859,37.575218200683594,1457700,0.0,0.0
2024-04-19 00:00:00-04:00,37.61759052779947,38.08367852903451,37.55827041306249,37.96503829956055,2397300,0.0,0.0
2024-04-22 00:00:00-04:00,37.914189031159346,38.21078956335895,37.88029090384986,38.185367584228516,2645500,0.0,0.0
2024-04-23 00:00:00-04:00,38.5158724811014,38.87179317737968,38.40570516585646,38.52434539794922,2450700,0.0,0.0
2024-04-24 00:00:00-04:00,38.558232207499316,38.727719589017916,38.159937345836035,38.380271911621094,2443800,0.0,0.0
2024-04-25 00:00:00-04:00,38.142995859765904,38.21079211891912,37.93113739896744,38.06672668457031,2317900,0.0,0.0
2024-04-26 00:00:00-04:00,38.13452278770444,38.13452278770444,37.778602126716905,37.78707504272461,2312900,0.0,0.0
2024-04-29 00:00:00-04:00,37.85486874731467,38.075203359906354,37.812497701109685,37.90571594238281,1740000,0.0,0.0
2024-04-30 00:00:00-04:00,37.854865544096505,38.354851605495945,37.71080335264916,38.329429626464844,2775800,0.0,0.0
2024-05-01 00:00:00-04:00,38.21925834384397,38.83788778585,38.117567205620965,38.778564453125,3066500,0.0,0.0
2024-05-02 00:00:00-04:00,38.86331577314856,38.888737753460525,37.651485143490845,38.2531623840332,6322500,0.0,0.0
2024-05-03 00:00:00-04:00,38.490444025867866,39.0412773230316,38.490444025867866,38.94805908203125,3005000,0.0,0.0
2024-05-06 00:00:00-04:00,38.863311767578125,39.134490305300965,38.74467156141228,38.863311767578125,2706600,0.0,0.0
2024-05-07 00:00:00-04:00,38.95652879662862,39.21075826382847,38.88873254793369,38.90568161010742,2570600,0.0,0.0
2024-05-08 00:00:00-04:00,38.83789459423035,39.337877458434626,38.83789459423035,39.11754608154297,2401600,0.0,0.0
2024-05-09 00:00:00-04:00,39.219239486779394,39.61753445047936,39.08365019336932,39.1768684387207,2059400,0.0,0.0
2024-05-10 00:00:00-04:00,39.21076307082678,39.37177433216162,38.99890461673718,39.31245422363281,1959900,0.0,0.0
2024-05-13 00:00:00-04:00,39.397199544890725,39.61753091475438,39.16839202654955,39.31245422363281,1882600,0.0,0.0
2024-05-14 00:00:00-04:00,39.49040912712766,39.61752547520954,39.30397591136473,39.52430725097656,2906800,0.0,0.0
2024-05-15 00:00:00-04:00,39.778543446853426,39.99887805645935,39.71922333642958,39.85481262207031,2709200,0.0,0.0
2024-05-16 00:00:00-04:00,39.888709384742576,39.897185533200414,39.498890605971795,39.617530822753906,2274300,0.0,0.0
2024-05-17 00:00:00-04:00,39.744646713449846,39.77854160876614,39.473468154699,39.62600326538086,1473200,0.0,0.0
2024-05-21 00:00:00-04:00,39.575160026932195,39.64295305150308,39.151443117077896,39.168392181396484,2368700,0.0,0.0
2024-05-22 00:00:00-04:00,39.109071827201014,39.73617103953602,38.92263535357001,39.617530822753906,2584800,0.0,0.0
2024-05-23 00:00:00-04:00,39.56667867854946,39.65142398900513,39.14296182438023,39.354820251464844,3236800,0.0,0.0
2024-05-24 00:00:00-04:00,39.35482853064854,39.35482853064854,38.846369491760754,38.88874053955078,3538900,0.0,0.0
2024-05-27 00:00:00-04:00,38.922632200762166,39.15143970003816,38.88026116001547,38.9989013671875,678600,0.0,0.0
2024-05-28 00:00:00-04:00,38.90568699178628,39.10059638469069,38.60061029586511,38.84636688232422,3563500,0.0,0.0
2024-05-29 00:00:00-04:00,38.7277217247167,38.73619463954356,38.44806704488359,38.583656311035156,2562500,0.0,0.0
2024-05-30 00:00:00-04:00,38.60908603581436,39.15144316384313,38.6006098872932,39.01585388183594,1876900,0.0,0.0
2024-05-31 00:00:00-04:00,39.100594534641864,39.68532591839198,39.100594534641864,39.507362365722656,4752200,0.0,0.0
2024-06-03 00:00:00-04:00,39.5582083197843,39.78701582374372,39.38024800538361,39.7022705078125,2829500,0.0,0.0
2024-06-04 00:00:00-04:00,39.7615929285788,40.03277472265081,39.45651947156676,39.922607421875,2269400,0.0,0.0
2024-06-05 00:00:00-04:00,39.998877276728365,40.15141562418858,39.72769871073321,40.0412483215332,2262300,0.0,0.0
2024-06-06 00:00:00-04:00,40.04971552723441,40.33784311661177,39.89718043422573,39.96497344970703,1975000,0.0,0.0
2024-06-07 00:00:00-04:00,39.948029766392494,40.0327750880333,39.829389548798844,39.90565872192383,1696800,0.0,0.0
2024-06-10 00:00:00-04:00,39.931075039054356,39.95650024829254,39.46498715059249,39.52430725097656,4573600,0.0,0.0
2024-06-11 00:00:00-04:00,39.41414253860772,39.744644418662155,39.202284099772,39.71921920776367,3468900,0.0,0.0
2024-06-12 00:00:00-04:00,39.82939027677838,40.176838020097456,39.75312110225939,39.871761322021484,5633600,0.0,0.0
2024-06-13 00:00:00-04:00,39.87176178943825,39.88871085427489,39.32940464548003,39.54973602294922,2795700,0.0,0.0
2024-06-14 00:00:00-04:00,39.40078810901962,39.52202077466644,38.72534708422028,39.12368392944336,6248500,0.998,0.0
2024-06-17 00:00:00-04:00,39.03709227718131,39.115024735125985,38.71668786781007,38.81194305419922,4258100,0.0,0.0
2024-06-18 00:00:00-04:00,38.75133052225149,38.915860121857605,38.439587446498514,38.595458984375,4455900,0.0,0.0
2024-06-19 00:00:00-04:00,38.621438789161,38.690716500524424,38.387634771667166,38.4569091796875,1085600,0.0,0.0
2024-06-20 00:00:00-04:00,38.3876273183987,38.88121935432739,38.2837107715298,38.846580505371094,3426300,0.0,0.0
2024-06-21 00:00:00-04:00,38.863906159828254,39.115029596661,38.560821137889036,38.664737701416016,7775300,0.0,0.0
2024-06-24 00:00:00-04:00,38.59546126579998,39.383477063492634,38.55216434790672,39.32286071777344,2738000,0.0,0.0
2024-06-25 00:00:00-04:00,39.21894616018798,39.22760422214374,38.55216307593328,38.664737701416016,2191200,0.0,0.0
2024-06-26 00:00:00-04:00,38.630096435546875,38.72535162782911,38.31835337111146,38.630096435546875,2807800,0.0,0.0
2024-06-27 00:00:00-04:00,38.57813179091985,38.6387481208525,38.32700510786046,38.42226028442383,2031500,0.0,0.0
2024-06-28 00:00:00-04:00,38.48287922654102,38.65607016810846,38.28371079990834,38.37030792236328,4106200,0.0,0.0
2024-07-02 00:00:00-04:00,38.205775456335786,38.231756245025686,36.872212789469955,37.09735870361328,5878600,0.0,0.0
2024-07-03 00:00:00-04:00,37.14931567339777,37.435077912214055,37.03674106860718,37.08869934082031,3156900,0.0,0.0
2024-07-04 00:00:00-04:00,37.09735702468813,37.461055016461785,37.04539875300232,37.26188659667969,1110400,0.0,0.0
2024-07-05 00:00:00-04:00,37.279211549903785,37.37446674378505,37.054065612555846,37.31385040283203,2266300,0.0,0.0
2024-07-08 00:00:00-04:00,37.3051879583541,37.52167580870664,37.25322968506621,37.504356384277344,1841000,0.0,0.0
2024-07-09 00:00:00-04:00,37.33117263932733,37.44374726814655,37.071387829496345,37.24457550048828,2473100,0.0,0.0
2024-07-10 00:00:00-04:00,37.36580698401205,37.513017147252405,37.14065775355393,37.47837829589844,3510600,0.0,0.0
2024-07-11 00:00:00-04:00,37.49569590311234,38.33566983932438,37.47837647827531,38.093204498291016,3431500,0.0,0.0
2024-07-12 00:00:00-04:00,38.14516139332718,38.474223875142094,37.97197043956445,38.344329833984375,2234400,0.0,0.0
2024-07-15 00:00:00-04:00,38.37031145182282,38.83792274272251,38.19712049432457,38.71669006347656,3573100,0.0,0.0
2024-07-16 00:00:00-04:00,38.94184232330193,39.0544136465763,38.78597077978339,38.993797302246094,2010800,0.0,0.0
2024-07-17 00:00:00-04:00,38.91585490497613,39.55666039738078,38.71668647846531,39.53934097290039,2356800,0.0,0.0
2024-07-18 00:00:00-04:00,39.444088798279246,39.885725897856176,39.444088798279246,39.59996032714844,2750000,0.0,0.0
2024-07-19 00:00:00-04:00,39.59995870806984,39.67789446931796,39.16698299076751,39.504703521728516,1717200,0.0,0.0
2024-07-22 00:00:00-04:00,39.61727496439756,39.651913811813394,39.07172467929624,39.27089309692383,2182900,0.0,0.0
2024-07-23 00:00:00-04:00,39.32285770459977,39.426770960249726,39.097711766801055,39.26224136352539,1899500,0.0,0.0
2024-07-24 00:00:00-04:00,39.26223968446256,39.75583175686977,39.21028140718818,39.64325714111328,1888300,0.0,0.0
2024-07-25 00:00:00-04:00,39.57397995050596,40.09354947323686,39.49604419176208,39.71253204345703,2461300,0.0,0.0
2024-07-26 00:00:00-04:00,39.61727550693316,40.05025119553352,39.530681690550026,39.96365737915039,2403900,0.0,0.0
2024-07-29 00:00:00-04:00,40.0069576922812,40.058912665195955,39.69521464142212,39.92036056518555,3885000,0.0,0.0
2024-07-30 00:00:00-04:00,39.96365792537163,40.396633619889876,39.790466986895844,40.249420166015625,2133100,0.0,0.0
2024-07-31 00:00:00-04:00,40.25808765661919,40.55251130583336,40.09355475352301,40.327362060546875,2693000,0.0,0.0
2024-08-01 00:00:00-04:00,40.526530522516474,40.95950628302059,40.11087418883368,40.760337829589844,3794000,0.0,0.0
2024-08-02 00:00:00-04:00,40.57848189109339,41.323200600844565,40.18880311234658,41.21928405761719,5024800,0.0,0.0
2024-08-06 00:00:00-04:00,40.53518908163935,41.903390672383296,40.53518908163935,41.738861083984375,5355400,0.0,0.0
2024-08-07 00:00:00-04:00,41.868752507885134,41.94668827279299,41.383821795874226,41.50505447387695,2946600,0.0,0.0
2024-08-08 00:00:00-04:00,41.565671026486754,41.816797748407375,41.496393322504765,41.63494873046875,2167100,0.0,0.0
2024-08-09 00:00:00-04:00,41.69556083252198,41.78215465035674,41.418456651439854,41.591644287109375,1299300,0.0,0.0
2024-08-12 00:00:00-04:00,41.686905000057074,41.72154385312408,41.3491844410109,41.427120208740234,1674800,0.0,0.0
2024-08-13 00:00:00-04:00,41.41845908247711,41.50505290539446,40.751676075317235,40.93352508544922,3101100,0.0,0.0
2024-08-14 00:00:00-04:00,40.91620633957234,41.0114615283686,40.48323061111125,40.6997184753418,3704300,0.0,0.0
2024-08-15 00:00:00-04:00,40.699721386227985,40.87291235066775,40.43993659123979,40.80363464355469,2771900,0.0,0.0
2024-08-16 00:00:00-04:00,40.80363182380486,40.86424816166843,40.491888770024985,40.65642166137695,2004600,0.0,0.0
2024-08-19 00:00:00-04:00,40.699720779471974,40.82095346176959,40.53519118254562,40.5611686706543,3693600,0.0,0.0
2024-08-20 00:00:00-04:00,40.52653191812846,40.786316722708555,40.33602482321933,40.72570037841797,1893200,0.0,0.0
2024-08-21 00:00:00-04:00,40.69971837723343,40.86424796444868,40.6217826141646,40.74301528930664,1596100,0.0,0.0
2024-08-22 00:00:00-04:00,40.74301980583571,40.86425249441689,40.621787117254534,40.72570037841797,1936600,0.0,0.0
2024-08-23 00:00:00-04:00,40.72569348139925,41.16733054740156,40.70837405691461,40.924861907958984,2055200,0.0,0.0
2024-08-26 00:00:00-04:00,40.95949787124864,41.18464707034435,40.95949787124864,41.03743362426758,2286200,0.0,0.0
2024-08-27 00:00:00-04:00,40.90755120901859,41.063419443355464,40.78631522155653,41.02012252807617,1489700,0.0,0.0
2024-08-28 00:00:00-04:00,40.94217760780745,41.11536853355573,40.708370353548595,40.881561279296875,3937800,0.0,0.0
2024-08-29 00:00:00-04:00,40.91620806133216,41.02878268040514,40.69972018799178,40.751678466796875,1626100,0.0,0.0
2024-08-30 00:00:00-04:00,40.855583796604385,41.011455299443625,40.57847963674399,40.881561279296875,3038900,0.0,0.0
2024-09-03 00:00:00-04:00,40.82960793495589,41.45309066772461,40.76899160403868,41.45309066772461,3721300,0.0,0.0
2024-09-04 00:00:00-04:00,41.34918663461628,42.05060858139127,41.34918663461628,41.98133087158203,3116300,0.0,0.0
2024-09-05 00:00:00-04:00,42.085241923904874,42.275752312537406,41.972670606388235,42.07658386230469,2233300,0.0,0.0
2024-09-06 00:00:00-04:00,42.1458521169015,42.27574614535527,41.86874793931966,41.99864196777344,2155200,0.0,0.0
2024-09-09 00:00:00-04:00,42.08523974375756,42.38832473754883,42.059262256959876,42.38832473754883,2084100,0.0,0.0
2024-09-10 00:00:00-04:00,42.43161819414467,42.457595678826614,41.43577277233288,41.591644287109375,4249700,0.0,0.0
2024-09-11 00:00:00-04:00,41.55701122914147,41.59164677634285,40.97682204422892,41.36650085449219,3065900,0.0,0.0
2024-09-12 00:00:00-04:00,41.36650376709923,41.678246837259614,41.323206852542036,41.47041702270508,4149100,0.0,0.0
2024-09-13 00:00:00-04:00,41.60896473017185,41.89473028204008,41.49639012155626,41.66092300415039,4816000,0.0,0.0
2024-09-16 00:00:00-04:00,41.69453114602586,41.729900399734056,41.128579233542844,41.30543899536133,4171900,0.998,0.0
2024-09-17 00:00:00-04:00,41.35849623597208,41.641470493922995,41.17279501168915,41.517669677734375,5375900,0.0,0.0
2024-09-18 00:00:00-04:00,42.446183246827815,43.44543808862637,42.35775504772475,42.9060173034668,10397000,0.0,0.0
2024-09-19 00:00:00-04:00,42.89716970309819,43.06518799324496,42.09246099901846,42.207420349121094,4360300,0.0,0.0
2024-09-20 00:00:00-04:00,42.20741935923107,42.313533863511296,41.73874387311738,42.057090759277344,4401100,0.0,0.0
2024-09-23 00:00:00-04:00,42.05709076787095,42.18973305491853,41.67684347302655,41.91560363769531,1819200,0.0,0.0
2024-09-24 00:00:00-04:00,41.88907249024764,41.89791733337753,41.58841191689764,41.77411651611328,2586700,0.0,0.0
2024-09-25 00:00:00-04:00,41.77412029120491,41.83602070543092,41.455773376145665,41.606101989746094,1729700,0.0,0.0
2024-09-26 00:00:00-04:00,41.47345833436703,41.83601933725656,41.455772020406634,41.4822998046875,1591400,0.0,0.0
2024-09-27 00:00:00-04:00,41.47345352029475,42.06592978925826,41.43808089647986,42.03940200805664,2615900,0.0,0.0
2024-09-30 00:00:00-04:00,42.02171462199312,42.09245649449552,41.48229392922149,41.579566955566406,2148200,0.0,0.0
2024-10-01 00:00:00-04:00,41.570727303912406,41.70337296973083,41.43808501141339,41.561885833740234,2030200,0.0,0.0
2024-10-02 00:00:00-04:00,41.438081591993395,41.56188240410435,40.86328825197069,41.11089324951172,2960800,0.0,0.0
2024-10-03 00:00:00-04:00,40.76601485382311,40.907501976862235,40.4918854504268,40.57147216796875,2891000,0.0,0.0
2024-10-04 00:00:00-04:00,40.54494546040226,40.72180522692975,40.32387159557276,40.46535873413086,1986300,0.0,0.0
2024-10-07 00:00:00-04:00,40.56262625867128,40.58915741270035,40.279652020033986,40.39461135864258,2122200,0.0,0.0
2024-10-08 00:00:00-04:00,40.47420120239258,40.56262939380682,40.12932653323002,40.47420120239258,2030900,0.0,0.0
2024-10-09 00:00:00-04:00,40.49188438567146,40.686427066410225,40.350397266352815,40.39461135864258,1835900,0.0,0.0
2024-10-10 00:00:00-04:00,40.26197232020423,40.38577314827352,39.79329679299346,39.934783935546875,2948800,0.0,0.0
2024-10-11 00:00:00-04:00,39.917094168415204,40.44767343708749,39.88172154250653,40.191226959228516,2976100,0.0,0.0
2024-10-15 00:00:00-04:00,39.83750741263503,41.119736427511604,39.73139290831923,40.75717544555664,2998000,0.0,0.0
2024-10-16 00:00:00-04:00,40.721800758913304,41.225848845554594,40.659900353418344,40.71295928955078,2891200,0.0,0.0
2024-10-17 00:00:00-04:00,40.58915953295436,40.96056197557211,40.57147322045078,40.88982009887695,1867600,0.0,0.0
2024-10-18 00:00:00-04:00,40.898662253007416,41.1993228239623,40.819075532068794,40.95172119140625,2462100,0.0,0.0
2024-10-21 00:00:00-04:00,40.95171906344029,40.9959331564822,40.63337219622799,40.88097381591797,4486900,0.0,0.0
2024-10-22 00:00:00-04:00,40.68643294424019,40.84560639813379,40.52726286366609,40.721805572509766,1771000,0.0,0.0
2024-10-23 00:00:00-04:00,40.74833642956305,40.766019370247804,40.27965754174973,40.63337707519531,1998600,0.0,0.0
2024-10-24 00:00:00-04:00,40.518420470388435,40.73949435046403,40.323874376459614,40.59800720214844,5187000,0.0,0.0
2024-10-25 00:00:00-04:00,40.50073176060972,40.668750058457825,40.261971579446225,40.29734420776367,2407000,0.0,0.0
2024-10-28 00:00:00-04:00,40.235445194254574,40.5714784283185,40.09395804938339,40.1381721496582,2044700,0.0,0.0
2024-10-29 00:00:00-04:00,40.01437172401273,40.12933108454492,39.64296922996672,39.970157623291016,3506300,0.0,0.0
2024-10-30 00:00:00-04:00,39.88172119746423,40.00552538707348,39.46610465325054,39.65180587768555,2541300,0.0,0.0
2024-10-31 00:00:00-04:00,39.51032079961646,39.8994095814858,39.421892604338694,39.696022033691406,2324700,0.0,0.0
2024-11-01 00:00:00-04:00,39.74907929037062,39.92593904675063,39.29808674293562,39.62527847290039,2371400,0.0,0.0
2024-11-04 00:00:00-05:00,37.67098027678343,37.874371174271445,35.424872668432606,35.78743362426758,16839600,0.0,0.0
2024-11-05 00:00:00-05:00,35.74321500975344,36.185362667211955,35.09767983466227,35.30106735229492,9070100,0.0,0.0
2024-11-06 00:00:00-05:00,35.371818225015524,35.45140495095458,34.867770085174605,35.42487716674805,6809900,0.0,0.0
2024-11-07 00:00:00-05:00,34.92967016582374,34.94735647956679,33.43521207438982,34.43446350097656,9778300,0.0,0.0
2024-11-08 00:00:00-05:00,34.549420145400326,35.20380020932026,34.54057867588158,34.92082595825195,6254600,0.0,0.0
2024-11-11 00:00:00-05:00,34.90314386183688,35.22149077607156,34.21339108988857,34.301822662353516,3986200,0.0,0.0
2024-11-12 00:00:00-05:00,34.222232069070145,34.24875985115406,33.45289602876403,34.1338005065918,5203400,0.0,0.0
2024-11-13 00:00:00-05:00,34.160332060050415,34.24876025023999,33.594383546870965,33.68281173706055,5116500,0.0,0.0
2024-11-14 00:00:00-05:00,33.77124032294619,33.97462786142068,33.302564837475366,33.37331008911133,5641800,0.0,0.0
2024-11-15 00:00:00-05:00,33.24950278544695,33.53247701885611,33.01074601682962,33.43520736694336,3710900,0.0,0.0
2024-11-18 00:00:00-05:00,33.36446176037232,34.14264258047411,33.346775449311046,33.74470901489258,4878600,0.0,0.0
2024-11-19 00:00:00-05:00,33.60322706990838,33.930415441585936,33.44405361918536,33.727027893066406,4500400,0.0,0.0
2024-11-20 00:00:00-05:00,33.72702622733335,33.82429926167316,33.276037054771514,33.37331008911133,4289400,0.0,0.0
2024-11-21 00:00:00-05:00,33.249503082916604,33.29372054810403,32.674713141988875,32.95768737792969,5796900,0.0,0.0
2024-11-22 00:00:00-05:00,32.94000343343159,33.284878097433094,32.94000343343159,33.09033203125,3078400,0.0,0.0
2024-11-25 00:00:00-05:00,33.23181984751296,33.49710776966918,33.10801566874237,33.43520736694336,4725200,0.0,0.0
2024-11-26 00:00:00-05:00,33.426358598951104,33.63859093574216,32.94883837116016,33.12569808959961,4318300,0.0,0.0
2024-11-27 00:00:00-05:00,33.04611656062633,33.89504266743017,33.04611656062633,33.53247833251953,3660800,0.0,0.0
2024-11-28 00:00:00-05:00,33.603223268568854,33.70933776594026,33.50595024042879,33.58553695678711,1441500,0.0,0.0
2024-11-29 00:00:00-05:00,33.56785659682393,33.647443327293544,33.39984166508571,33.514801025390625,2520300,0.0,0.0
2024-12-02 00:00:00-05:00,33.42636837471696,33.727028971998664,33.18760819099446,33.620914459228516,4892900,0.0,0.0
2024-12-03 00:00:00-05:00,33.69165281917696,34.12495904208746,33.64743872459079,33.992313385009766,3784800,0.0,0.0
2024-12-04 00:00:00-05:00,34.00999870183146,34.08958541908426,33.24950415326452,33.41752243041992,5140300,0.0,0.0
2024-12-05 00:00:00-05:00,33.36446555119617,33.718185065973074,33.36446555119617,33.46173858642578,3330300,0.0,0.0
2024-12-06 00:00:00-05:00,33.541325613784046,33.69165421627456,33.26719281867159,33.550167083740234,3384400,0.0,0.0
2024-12-09 00:00:00-05:00,33.42636631601028,34.04537378679775,33.40868000275129,33.71818542480469,5114500,0.0,0.0
2024-12-10 00:00:00-05:00,33.76240019733243,33.76240019733243,32.76314540476639,33.18760681152344,5634000,0.0,0.0
2024-12-11 00:00:00-05:00,33.09917798088554,33.116864294158894,32.515543136142306,32.559757232666016,6103200,0.0,0.0
2024-12-12 00:00:00-05:00,32.54207305655735,32.58628715598477,32.07339753065148,32.489017486572266,6534500,0.0,0.0
2024-12-13 00:00:00-05:00,32.53323087827593,32.542072348641256,31.763891397032765,32.117610931396484,5436400,0.0,0.0
2024-12-16 00:00:00-05:00,31.552039988357752,31.897567614674,30.870079484871475,30.96100616455078,9216100,0.998,0.0
2024-12-17 00:00:00-05:00,30.46089811224986,30.98828249077748,30.406340031103213,30.724590301513672,10729900,0.0,0.0
2024-12-18 00:00:00-05:00,30.55183289966807,30.788247845513627,30.024451849590378,30.74278450012207,6224900,0.0,0.0
2024-12-19 00:00:00-05:00,30.506364209845405,30.91554118394724,30.206303407924267,30.26995277404785,4021300,0.0,0.0
2024-12-20 00:00:00-05:00,30.23358122657652,30.57001409156553,29.96079772878461,30.2608585357666,8807600,0.0,0.0
2024-12-23 00:00:00-05:00,30.051723949054225,30.351788220112283,29.497062213071985,29.8516845703125,5459600,0.0,0.0
2024-12-24 00:00:00-05:00,29.942611694335938,30.05172439970679,29.651642167593433,29.942611694335938,2525800,0.0,0.0
2024-12-27 00:00:00-05:00,29.69710626454806,29.93351771033034,29.515249438529914,29.68801498413086,3854000,0.0,0.0
2024-12-30 00:00:00-05:00,29.578899228387872,29.651643347282803,29.087888566053852,29.433414459228516,4850600,0.0,0.0
2024-12-31 00:00:00-05:00,29.587991998218488,30.45180927484128,29.50615660425148,30.297229766845703,3176200,0.0,0.0
2025-01-02 00:00:00-05:00,30.48817720198247,30.988284303506646,30.260857053518823,30.47908592224121,2667700,0.0,0.0
2025-01-03 00:00:00-05:00,30.606383857757695,31.297435564993076,30.560920522968413,31.279253005981445,3670000,0.0,0.0
2025-01-06 00:00:00-05:00,31.370179415262033,31.506572887128247,31.006465802705517,31.20650863647461,2772800,0.0,0.0
2025-01-07 00:00:00-05:00,31.41564444314722,31.4974798369523,31.15195223326081,31.161046981811523,2614300,0.0,0.0
2025-01-08 00:00:00-05:00,31.16104966219048,31.17014094289293,30.579110575577815,30.906452178955078,2310500,0.0,0.0
2025-01-09 00:00:00-05:00,30.8427992265348,31.06102811753043,30.36997632186694,30.633665084838867,2369500,0.0,0.0
2025-01-10 00:00:00-05:00,30.460904537369398,30.469995818496468,29.96080082824321,30.097190856933594,3288300,0.0,0.0
2025-01-13 00:00:00-05:00,30.142655338423612,30.43362487282792,29.8516858040193,30.351789474487305,4385200,0.0,0.0
2025-01-14 00:00:00-05:00,29.551620545613602,29.624364661129984,28.578690546679212,29.45159912109375,6864100,0.0,0.0
2025-01-15 00:00:00-05:00,29.55161965781205,29.833497894024223,29.5425283779608,29.58799171447754,3518600,0.0,0.0
2025-01-16 00:00:00-05:00,29.642546124056185,29.988073722707405,29.415225974428054,29.860774993896484,3715000,0.0,0.0
2025-01-17 00:00:00-05:00,30.079005058770548,30.469992540525002,30.04263300091374,30.460901260375977,5438200,0.0,0.0
2025-01-20 00:00:00-05:00,30.460898444064135,30.697309861014883,30.442712416817148,30.570011138916016,1643600,0.0,0.0
2025-01-21 00:00:00-05:00,30.006256376310663,30.597290086326286,29.969884323989433,30.497268676757812,5061700,0.0,0.0
2025-01-22 00:00:00-05:00,30.433623789149216,30.49727315574433,30.060818869679103,30.31541633605957,3334000,0.0,0.0
2025-01-23 00:00:00-05:00,30.369975503966383,30.733685687656543,30.26995407614669,30.351789474487305,2686900,0.0,0.0
2025-01-24 00:00:00-05:00,30.360879933503714,30.770056914136585,30.16083708327645,30.70640754699707,5257000,0.0,0.0
2025-01-27 00:00:00-05:00,30.815518141174252,31.64296332593159,30.815518141174252,31.42473793029785,3596500,0.0,0.0
2025-01-28 00:00:00-05:00,31.797543722103626,31.943028479496327,31.25197328040833,31.288345336914062,3729500,0.0,0.0
2025-01-29 00:00:00-05:00,31.21560343930638,31.515664221856433,31.051932660231778,31.106487274169922,1919000,0.0,0.0
2025-01-30 00:00:00-05:00,31.17923576303966,31.697525480020605,30.942820840672223,31.470205307006836,2790600,0.0,0.0
2025-01-31 00:00:00-05:00,31.452019276930066,31.797546911127554,31.28834847486971,31.470205307006836,3340000,0.0,0.0
2025-02-03 00:00:00-05:00,30.424532961721834,31.897570269255333,30.424532961721834,31.81573486328125,4703000,0.0,0.0
2025-02-04 00:00:00-05:00,31.824822074585583,32.22490430338774,31.642965254719027,31.74298667907715,3076000,0.0,0.0
2025-02-05 00:00:00-05:00,31.824819333182447,32.64317321777344,31.63387124965456,32.64317321777344,8197200,0.0,0.0
2025-02-06 00:00:00-05:00,32.59770865662292,32.624989433738435,30.23358044534156,30.642757415771484,9680000,0.0,0.0
2025-02-07 00:00:00-05:00,30.369973495645926,30.460900168398005,28.60596690776162,28.751453399658203,9499700,0.0,0.0
2025-02-10 00:00:00-05:00,28.960587787164375,29.61526920227771,28.960587787164375,29.287927627563477,4911700,0.0,0.0
2025-02-11 00:00:00-05:00,29.160631255062206,29.806219708157215,29.01514648438403,29.724384307861328,3671900,0.0,0.0
2025-02-12 00:00:00-05:00,29.688014011081105,30.306325118098872,29.597083866737115,30.215394973754883,2226600,0.0,0.0
2025-02-13 00:00:00-05:00,30.31541513785697,30.797332742638236,30.24267102540611,30.47908592224121,2452800,0.0,0.0
2025-02-14 00:00:00-05:00,30.469989896944643,30.779145424644433,30.306322588049508,30.715496063232422,4411600,0.0,0.0
2025-02-18 00:00:00-05:00,30.497274695370898,30.670036775046473,30.079006417021297,30.124469757080078,4084200,0.0,0.0
2025-02-19 00:00:00-05:00,30.188118456045167,30.570014666409005,29.878962894432828,30.306325912475586,2522800,0.0,0.0
2025-02-20 00:00:00-05:00,30.197209643023122,30.42452980619306,30.07900565558866,30.379066467285156,2661000,0.0,0.0
2025-02-21 00:00:00-05:00,30.360883145409836,31.188328474390143,30.28814249039667,31.006471633911133,3873300,0.0,0.0
2025-02-24 00:00:00-05:00,30.961002468293472,31.524755445989005,30.961002468293472,31.20650863647461,2332100,0.0,0.0
2025-02-25 00:00:00-05:00,31.15195496886802,31.46111054276567,31.033750976370804,31.124677658081055,4881800,0.0,0.0
2025-02-26 00:00:00-05:00,31.088301414545093,31.124673469787012,30.242670207636017,30.515457153320312,3391800,0.0,0.0
2025-02-27 00:00:00-05:00,30.55182528570724,30.842794786056444,30.38815450818205,30.715496063232422,1888000,0.0,0.0
2025-02-28 00:00:00-05:00,30.833703989004015,30.90644809954422,30.242670231070196,30.388154983520508,2577400,0.0,0.0
2025-03-03 00:00:00-05:00,30.397248925744872,30.91553855939731,30.369971619330535,30.870075225830078,3428100,0.0,0.0
2025-03-04 00:00:00-05:00,30.56092385242933,31.306533723820408,30.551829103302584,31.06102752685547,2848400,0.0,0.0
2025-03-05 00:00:00-05:00,31.02465011349985,31.561125754589202,30.87916537025341,30.93372344970703,2273800,0.0,0.0
2025-03-06 00:00:00-05:00,31.051936725393322,31.94303137888481,30.88826592489177,31.84300994873047,4004700,0.0,0.0
2025-03-07 00:00:00-05:00,31.94303176688891,32.88868105294713,31.906659706639978,32.379486083984375,5250300,0.0,0.0
2025-03-10 00:00:00-04:00,32.50678210700168,33.27057796518414,32.50678210700168,33.05234909057617,5350200,0.0,0.0
2025-03-11 00:00:00-04:00,32.988697901244926,33.115996625800186,32.24308811288116,32.5340576171875,5689700,0.0,0.0
2025-03-12 00:00:00-04:00,32.28855222184067,32.324924277908686,31.833911926880965,31.86119270324707,5012100,0.0,0.0
2025-03-13 00:00:00-04:00,31.89756955673553,32.37039248221201,31.79754812182026,31.97031021118164,4350100,0.0,0.0
2025-03-14 00:00:00-04:00,31.743829974281425,31.781264594855138,31.416285969166186,31.537946701049805,4832100,0.998,0.0
2025-03-17 00:00:00-04:00,31.294622125854307,31.968430949340963,31.257191078964034,31.67831802368164,3377900,0.0,0.0
2025-03-18 00:00:00-04:00,31.697036832877416,32.1368846768081,31.547301928342115,31.828054428100586,3081100,0.0,0.0
2025-03-19 00:00:00-04:00,31.65024598998056,31.790624027703206,31.29462424572185,31.36949348449707,2985800,0.0,0.0
2025-03-20 00:00:00-04:00,31.341422910261233,31.35077978120359,30.62082246898437,30.87350082397461,3469900,0.0,0.0
2025-03-21 00:00:00-04:00,30.88285529565954,31.079381699841054,30.3774986249397,30.48044204711914,7142800,0.0,0.0
2025-03-24 00:00:00-04:00,30.32134976863274,30.667611080340937,30.16225441787262,30.19032859802246,3140400,0.0,0.0
2025-03-25 00:00:00-04:00,30.199688868927076,30.368141088806507,30.040593519057904,30.134180068969727,2304900,0.0,0.0
2025-03-26 00:00:00-04:00,30.13418205271524,30.265199661254883,29.96572982174653,30.265199661254883,2698700,0.0,0.0
2025-03-27 00:00:00-04:00,30.368142316287248,31.079382274556178,30.368142316287248,31.0045166015625,3335500,0.0,0.0
2025-03-28 00:00:00-04:00,31.070022565813794,31.11681405340553,30.75183545224366,30.761192321777344,2138200,0.0,0.0
2025-03-31 00:00:00-04:00,30.658250396967755,31.406928514664973,30.658250396967755,30.91092872619629,3053400,0.0,0.0
2025-04-01 00:00:00-04:00,31.07938211974611,31.07938211974611,30.36814216501995,30.53659439086914,2936200,0.0,0.0
2025-04-02 00:00:00-04:00,30.574024826405417,30.574024826405417,28.992449593300357,29.235769271850586,5719300,0.0,0.0
2025-04-03 00:00:00-04:00,29.104750939792172,29.94701024596372,28.739770538632474,29.872142791748047,4851700,0.0,0.0
2025-04-04 00:00:00-04:00,30.087389568588538,30.77055534058628,29.75048511774867,30.30263328552246,7470500,0.0,0.0
2025-04-07 00:00:00-04:00,29.366788856100072,29.98444764179396,28.842716628067006,29.4697322845459,6082100,0.0,0.0
2025-04-08 00:00:00-04:00,29.759841159952963,29.759841159952963,27.50445706010338,27.860078811645508,8005700,0.0,0.0
2025-04-09 00:00:00-04:00,27.354721165743236,28.24377372764635,26.886799140527042,27.691625595092773,6178600,0.0,0.0
2025-04-10 00:00:00-04:00,27.700986583753156,27.710345239243704,26.95231020933868,27.438949584960938,5047800,0.0,0.0
2025-04-11 00:00:00-04:00,27.317289721993244,28.18762501878049,27.21434630001339,27.710344314575195,4885700,0.0,0.0
2025-04-14 00:00:00-04:00,27.97237798903931,28.159547512400895,27.72905832266159,28.103397369384766,8292700,0.0,0.0
2025-04-15 00:00:00-04:00,28.159547413319583,28.187623377219293,27.710342700809367,27.76649284362793,3921000,0.0,0.0
2025-04-16 00:00:00-04:00,27.86943923910003,28.365435492821916,27.86943923910003,28.06596565246582,3125900,0.0,0.0
2025-04-17 00:00:00-04:00,28.075323058355668,28.646188531736144,28.075323058355668,28.515169143676758,3115500,0.0,0.0
2025-04-21 00:00:00-04:00,28.505812030398864,29.00181007385254,28.41222904312702,29.00181007385254,2744400,0.0,0.0
2025-04-22 00:00:00-04:00,28.955014882703203,29.15154127285522,28.70233656538132,28.795921325683594,2876300,0.0,0.0
2025-04-23 00:00:00-04:00,28.78656557038889,28.964376454373316,28.356076343634136,28.861433029174805,2608200,0.0,0.0
2025-04-24 00:00:00-04:00,28.908222518888664,28.973731317665493,28.449659142469976,28.524526596069336,1931200,0.0,0.0
2025-04-25 00:00:00-04:00,28.39350852411245,28.459017321794743,27.700984143643957,28.103397369384766,2320300,0.0,0.0
2025-04-28 00:00:00-04:00,28.07532248467838,28.374792305584666,27.925587574225236,28.19698143005371,1961400,0.0,0.0
2025-04-29 00:00:00-04:00,28.215697833615227,28.758487312814818,28.215697833615227,28.365432739257812,2240800,0.0,0.0
2025-04-30 00:00:00-04:00,28.356073973648183,28.683619747828324,28.056604163534068,28.67426109313965,2703900,0.0,0.0
2025-05-01 00:00:00-04:00,28.692976990610802,28.72105295329528,27.68226553871969,27.775850296020508,4198900,0.0,0.0
2025-05-02 00:00:00-04:00,27.84136312598972,28.02853266771988,27.26113897461105,27.700986862182617,3407700,0.0,0.0
2025-05-05 00:00:00-04:00,27.729058842043955,27.888152404386965,27.2330626303129,27.644834518432617,2581200,0.0,0.0
2025-05-06 00:00:00-04:00,27.626117379749875,28.262491633060947,27.588682760152324,27.803926467895508,3792200,0.0,0.0
2025-05-07 00:00:00-04:00,27.850721793809633,28.112758795350768,27.24242346039093,27.495100021362305,5708800,0.0,0.0
2025-05-08 00:00:00-04:00,27.392158580499856,29.525882090889503,27.392158580499856,28.97373390197754,8654000,0.0,0.0
2025-05-09 00:00:00-04:00,28.93629766027519,30.096744050547287,28.758486793666634,29.57267189025879,5524100,0.0,0.0
2025-05-12 00:00:00-04:00,29.71304913858369,29.853425391691054,29.26384441464776,29.53523826599121,4017600,0.0,0.0
2025-05-13 00:00:00-04:00,29.610108354419523,29.610108354419523,28.55260524961071,28.664905548095703,4326100,0.0,0.0
2025-05-14 00:00:00-04:00,28.543244352590136,28.63682911729973,27.757135184999015,27.832002639770508,5165200,0.0,0.0
2025-05-15 00:00:00-04:00,27.860079876411287,28.48709550811186,27.85072122101504,28.262493133544922,3212900,0.0,0.0
2025-05-16 00:00:00-04:00,28.150190559572707,28.468377697535097,28.140831904340757,28.178266525268555,3452300,0.0,0.0
2025-05-20 00:00:00-04:00,27.963019915888946,28.664902965619884,27.95366304600906,28.2156982421875,3492800,0.0,0.0
2025-05-21 00:00:00-04:00,28.12211351051262,28.2063396193745,27.63547595206507,27.878795623779297,4404500,0.0,0.0
2025-05-22 00:00:00-04:00,27.87879662033554,28.05660571430579,27.541892172845017,27.84136199951172,2594300,0.0,0.0
2025-05-23 00:00:00-04:00,27.682266646724294,27.85071885961204,27.495097124631048,27.635475158691406,2860700,0.0,0.0
2025-05-26 00:00:00-04:00,27.616760258123833,27.822645322398298,27.513816833496094,27.513816833496094,1499700,0.0,0.0
2025-05-27 00:00:00-04:00,27.86007760497944,28.150188758686348,27.663549427643186,27.76649284362793,4095800,0.0,0.0
2025-05-28 00:00:00-04:00,27.766493875285747,27.766493875285747,27.298571836123518,27.39215660095215,3236900,0.0,0.0
2025-05-29 00:00:00-04:00,27.401515017107304,27.90686988680786,27.32664756289311,27.803926467895508,3043700,0.0,0.0
2025-05-30 00:00:00-04:00,27.710343286662564,28.150189353838787,27.710343286662564,27.98173713684082,5134200,0.0,0.0
2025-06-02 00:00:00-04:00,28.12211426188141,28.823997331162786,27.916229204152017,28.561962127685547,3575900,0.0,0.0
2025-06-03 00:00:00-04:00,28.58067977533752,28.599395300820444,28.075323102698086,28.178266525268555,2199500,0.0,0.0
2025-06-04 00:00:00-04:00,28.159549008556958,28.346718541863122,27.9910967855776,28.150190353393555,2254200,0.0,0.0
2025-06-05 00:00:00-04:00,28.168906577832406,28.168906577832406,27.906869598301274,27.953662872314453,1702800,0.0,0.0
2025-06-06 00:00:00-04:00,27.93494776227287,28.019173877147566,27.663552106569743,27.906871795654297,2585200,0.0,0.0
2025-06-09 00:00:00-04:00,27.869436245206824,28.57131927750905,27.850718935950027,28.309282302856445,5014200,0.0,0.0
2025-06-10 00:00:00-04:00,28.421583579310937,29.30127567003138,28.356072998742523,28.814638137817383,6117600,0.0,0.0
2025-06-11 00:00:00-04:00,28.870792815281433,28.917584309487193,28.561964312572602,28.721057891845703,3423500,0.0,0.0
2025-06-12 00:00:00-04:00,28.739771952047015,29.263845942311455,28.73041508166818,29.245128631591797,5539600,0.0,0.0
2025-06-13 00:00:00-04:00,29.207690802990626,29.348068832992798,28.955014275944475,29.020523071289062,6318000,0.0,0.0
2025-06-16 00:00:00-04:00,29.04710333096388,29.12304339702238,28.714864863000184,28.866744995117188,3527600,0.438,0.0
2025-06-17 00:00:00-04:00,28.62943282875281,28.790805699766203,28.39211988964806,28.496538162231445,2838300,0.0,0.0
2025-06-18 00:00:00-04:00,28.439580034934426,28.657909301740464,28.316178110699653,28.373132705688477,2790100,0.0,0.0
2025-06-19 00:00:00-04:00,28.287702364115436,28.52501530948739,28.24973323434405,28.41110610961914,1230600,0.0,0.0
2025-06-20 00:00:00-04:00,28.600954072725237,28.667403215258567,28.230746474238135,28.316179275512695,6803400,0.0,0.0
2025-06-23 00:00:00-04:00,28.287700182695428,28.591462250212203,28.24973105585205,28.53450584411621,3163700,0.0,0.0
2025-06-24 00:00:00-04:00,28.43009081783722,28.857253021726063,28.43009081783722,28.638925552368164,3182000,0.0,0.0
2025-06-25 00:00:00-04:00,28.496539177250604,28.61044837816796,28.17379342372793,28.572479248046875,4772100,0.0,0.0
2025-06-26 00:00:00-04:00,28.581970413984006,28.78131240992198,28.25922467818099,28.316179275512695,3308800,0.0,0.0
2025-06-27 00:00:00-04:00,28.278208984225078,28.600952896197708,28.230745312939447,28.373132705688477,2909900,0.0,0.0
2025-06-30 00:00:00-04:00,28.335167578477048,28.686389742793022,28.211763826270975,28.66740608215332,4424700,0.0,0.0
2025-07-02 00:00:00-04:00,28.942687412004915,29.588178931208322,28.87624007512588,29.46477699279785,6187600,0.0,0.0
2025-07-03 00:00:00-04:00,29.23695196777417,29.559697694283376,28.52501318468986,29.246444702148438,4374100,0.0,0.0
2025-07-04 00:00:00-04:00,28.904715731455784,29.45528165917142,28.904715731455784,29.27492332458496,1202000,0.0,0.0
2025-07-07 00:00:00-04:00,29.341371703384908,30.22417612826777,29.265431635145205,30.205190658569336,5344700,0.0,0.0
2025-07-08 00:00:00-04:00,30.24316121781457,31.344293098726283,30.20519027889498,31.031038284301758,6160100,0.0,0.0
2025-07-09 00:00:00-04:00,31.021546199338342,31.09748445322796,30.584891281426305,30.94560432434082,2803400,0.0,0.0
2025-07-10 00:00:00-04:00,31.00256229659914,31.363278978842185,30.86966762974857,31.201904296875,3921300,0.0,0.0
2025-07-11 00:00:00-04:00,31.201904320224187,31.287337123421786,30.898144046878976,30.917129516601562,4196300,0.0,0.0
2025-07-14 00:00:00-04:00,30.95510220706706,31.25886249759492,30.717789253772906,31.050025939941406,2574400,0.0,0.0
2025-07-15 00:00:00-04:00,30.964591483320238,31.515159243781792,30.964591483320238,31.353784561157227,2924700,0.0,0.0
2025-07-16 00:00:00-04:00,31.277843658333445,31.96130240728699,31.277843658333445,31.723989486694336,3488200,0.0,0.0
2025-07-17 00:00:00-04:00,31.638564150647017,31.866382554239653,31.315818394633915,31.439218521118164,3494100,0.0,0.0
2025-07-18 00:00:00-04:00,31.3822635787078,31.429725441109174,30.831695835749493,30.85068130493164,2632600,0.0,0.0
2025-07-21 00:00:00-04:00,30.850681800118707,31.58160608037756,30.850681800118707,31.163936614990234,2066300,0.0,0.0
2025-07-22 00:00:00-04:00,31.19241515605412,31.856892149407667,31.19241515605412,31.46769905090332,3951600,0.0,0.0
2025-07-23 00:00:00-04:00,31.45820017438506,31.828407751132353,31.353781909947042,31.723989486694336,3146100,0.0,0.0
2025-07-24 00:00:00-04:00,31.638563198522494,31.93282892939976,31.562621318871503,31.648054122924805,1849000,0.0,0.0
2025-07-25 00:00:00-04:00,31.60058993781844,31.66703726707883,31.116469543369508,31.47718620300293,3138500,0.0,0.0
2025-07-28 00:00:00-04:00,31.420228345425826,31.534141151271832,31.059515323569883,31.08799171447754,2600700,0.0,0.0
2025-07-29 00:00:00-04:00,31.106977362864214,31.135453753937327,30.869664447634342,30.964588165283203,1566200,0.0,0.0
2025-07-30 00:00:00-04:00,30.9456061468551,31.02154802632515,30.708293205173362,30.926624298095703,2021800,0.0,0.0
2025-07-31 00:00:00-04:00,30.793726399247472,30.850682809571776,30.55641345455846,30.67981719970703,2569900,0.0,0.0
2025-08-01 00:00:00-04:00,30.632354160295034,31.069009092711926,30.404532148842556,30.87915802001953,3434100,0.0,0.0
2025-08-05 00:00:00-04:00,31.163939366128623,31.505666983735967,30.79372811011436,30.80322265625,3224700,0.0,0.0
2025-08-06 00:00:00-04:00,30.793724213197265,31.00256074845288,30.129249101571645,30.376054763793945,4997700,0.0,0.0
2025-08-07 00:00:00-04:00,30.205189965710364,31.078503446265632,29.759042301355265,31.002561569213867,4637400,0.0,0.0
2025-08-08 00:00:00-04:00,31.18291745821513,32.16064918917912,31.125964672698345,31.809423446655273,4557900,0.0,0.0
2025-08-11 00:00:00-04:00,31.894853504460553,32.4359266470087,31.799929789353293,31.875871658325195,3071100,0.0,0.0
2025-08-12 00:00:00-04:00,32.01826151282872,32.57832019751721,32.01826151282872,32.05623245239258,2789600,0.0,0.0
2025-08-13 00:00:00-04:00,32.02775427141937,32.97700598090757,32.00876880269666,32.77766036987305,5033500,0.0,0.0
2025-08-14 00:00:00-04:00,32.711211838809554,33.271270471687714,32.711211838809554,33.25228500366211,3464600,0.0,0.0
2025-08-15 00:00:00-04:00,33.20482747321928,33.65097697721816,33.17635107802216,33.575035095214844,3284300,0.0,0.0
2025-08-18 00:00:00-04:00,33.57503776344017,34.08763464437416,33.48011402450063,33.48960494995117,3259000,0.0,0.0
2025-08-19 00:00:00-04:00,33.62249783588987,33.88829080871011,33.508588631028815,33.641483306884766,2026700,0.0,0.0
2025-08-20 00:00:00-04:00,33.74589687184529,34.04965712310579,33.631987682899556,33.859806060791016,3169100,0.0,0.0
2025-08-21 00:00:00-04:00,33.63199225682503,34.00219988707748,33.61300678590076,33.90727615356445,2355700,0.0,0.0
2025-08-22 00:00:00-04:00,34.10661975038101,34.23951443191367,33.3662044554942,33.451637268066406,3213100,0.0,0.0
2025-08-25 00:00:00-04:00,33.375691962625446,33.44213929658648,33.014975277474036,33.20482635498047,1846300,0.0,0.0
2025-08-26 00:00:00-04:00,33.2902601469846,33.29975469275122,32.63527771230855,32.71121597290039,3808800,0.0,0.0
2025-08-27 00:00:00-04:00,32.69222640991211,32.97700480952926,32.59730269077824,32.69222640991211,2327400,0.0,0.0
2025-08-28 00:00:00-04:00,32.56883013117955,32.59730652604858,32.17963704316733,32.40745544433594,2321800,0.0,0.0
2025-08-29 00:00:00-04:00,32.40744954765878,32.58780967196716,32.24607851128553,32.530853271484375,2090900,0.0,0.0
2025-09-02 00:00:00-04:00,32.50237882470974,32.739691742579346,31.904349257768136,31.970796585083008,2554000,0.0,0.0
2025-09-03 00:00:00-04:00,31.95181125805682,32.170138708926956,31.818916602840893,32.122676849365234,3116900,0.0,0.0
2025-09-04 00:00:00-04:00,32.20811319096785,32.39796427122414,32.0752185211209,32.103694915771484,2757000,0.0,0.0
2025-09-05 00:00:00-04:00,32.12268177341585,32.5878167590794,32.00877256878515,32.492889404296875,1942500,0.0,0.0
2025-09-08 00:00:00-04:00,32.41694965817526,32.41694965817526,31.268352255070813,31.961305618286133,4174500,0.0,0.0
2025-09-09 00:00:00-04:00,31.970796767796294,32.0277531720093,31.695512912428434,31.847393035888672,2676700,0.0,0.0
2025-09-10 00:00:00-04:00,31.705006575154712,31.828406682522232,31.572108302354216,31.78094482421875,3529800,0.0,0.0
2025-09-11 00:00:00-04:00,31.828410031198153,31.96130469687286,31.733486304604238,31.885366439819336,3123300,0.0,0.0
2025-09-12 00:00:00-04:00,31.904352102485852,32.008770375036065,31.610082754490524,31.761962890625,3689800,0.0,0.0
2025-09-15 00:00:00-04:00,31.74080295810189,31.875460322983272,31.259881701160953,31.404159545898438,4869000,0.438,0.0
2025-09-16 00:00:00-04:00,31.317592847573586,31.423392439574368,30.76934108632037,30.99056625366211,5033600,0.0,0.0
2025-09-17 00:00:00-04:00,30.980945320506052,31.25988051958156,30.961708030658997,31.12522315979004,4870800,0.0,0.0
2025-09-18 00:00:00-04:00,31.029039594710312,31.067514177980645,30.58659289451612,30.69239616394043,4312200,0.0,0.0
2025-09-19 00:00:00-04:00,30.971330422853498,30.971330422853498,30.500025965338864,30.778961181640625,6167200,0.0,0.0
2025-09-22 00:00:00-04:00,30.730870747210762,31.19255473904012,30.634686123604034,30.69239616394043,2543900,0.0,0.0
2025-09-23 00:00:00-04:00,30.692395464828408,31.086750761521156,30.538500804390704,30.980947494506836,3195500,0.0,0.0
2025-09-24 00:00:00-04:00,30.923236846923828,30.971328236547688,30.557735681334375,30.923236846923828,2791200,0.0,0.0
2025-09-25 00:00:00-04:00,30.855911562357722,31.202171807227415,30.788579206511077,30.89438247680664,2067900,0.0,0.0
2025-09-26 00:00:00-04:00,30.894381518689496,31.05789665929475,30.807815542872152,30.980947494506836,2303100,0.0,0.0
2025-09-29 00:00:00-04:00,30.961710194479064,31.202170830665526,30.894381509877903,31.15407943725586,2221500,0.0,0.0
2025-09-30 00:00:00-04:00,31.12522293569793,31.413774943050548,30.990565576875902,31.279117584228516,3160600,0.0,0.0
2025-10-01 00:00:00-04:00,31.336831398970787,31.51958015884164,31.259882235359015,31.461868286132812,1736000,0.0,0.0
2025-10-02 00:00:00-04:00,31.481106507675086,31.481106507675086,31.009805708603707,31.192554473876953,1805900,0.0,0.0
2025-10-03 00:00:00-04:00,31.144462883543657,31.442631726629926,31.144462883543657,31.35606575012207,2580600,0.0,0.0
2025-10-06 00:00:00-04:00,31.33683132906475,31.33683132906475,30.75010496524806,31.096370697021484,3081300,0.0,0.0
2025-10-07 00:00:00-04:00,31.019421302001078,31.33683109511479,30.95209261906266,31.25026512145996,2577700,0.0,0.0
2025-10-08 00:00:00-04:00,31.173315317422833,31.2887353902093,30.80781413960473,31.20216941833496,3064100,0.0,0.0
2025-10-09 00:00:00-04:00,31.25026726259741,31.68309349138895,31.21179267852847,31.625385284423828,2704400,0.0,0.0
2025-10-10 00:00:00-04:00,31.625387411967385,32.25058293402428,31.500346839900594,32.18325424194336,4300000,0.0,0.0
2025-10-14 00:00:00-04:00,32.240962522089276,32.731500605213675,30.37498747264986,31.500343322753906,7821600,0.0,0.0
2025-10-15 00:00:00-04:00,32.192872108933,33.21242288858705,31.721567633500634,31.942790985107422,6790600,0.0,0.0
2025-10-16 00:00:00-04:00,31.933171086659577,32.34676364680861,31.875459216939518,32.01011657714844,4658000,0.0,0.0
2025-10-17 00:00:00-04:00,31.808130507145716,32.98157950639308,31.673473147062488,32.69302749633789,5722000,0.0,0.0
2025-10-20 00:00:00-04:00,32.75073402267958,32.87577456599543,32.01011491094369,32.202484130859375,3219800,0.0,0.0
2025-10-21 00:00:00-04:00,32.154393885067165,32.33714263245132,32.11591930589014,32.29867172241211,2106700,0.0,0.0
2025-10-22 00:00:00-04:00,32.135160921004996,32.78921417850145,32.12554410948518,32.35638427734375,4405100,0.0,0.0
2025-10-23 00:00:00-04:00,32.385235750849645,32.65455415032949,32.10630420976904,32.11592102050781,2569400,0.0,0.0
2025-10-24 00:00:00-04:00,32.16401187317804,32.2698151352206,32.02935451026495,32.05821228027344,2321000,0.0,0.0
2025-10-27 00:00:00-04:00,31.798513219855728,31.942787388150556,31.54843212419084,31.615760803222656,3313000,0.0,0.0
2025-10-28 00:00:00-04:00,31.461865886342984,31.81775023719484,31.288733950560403,31.58690643310547,2628500,0.0,0.0
2025-10-29 00:00:00-04:00,31.5291959723102,31.856222569038735,31.173315274709076,31.538816452026367,3105800,0.0,0.0
2025-10-30 00:00:00-04:00,31.43301419695352,31.567671564190054,31.086750298837813,31.115604400634766,2857900,0.0,0.0
2025-10-31 00:00:00-04:00,30.91361732116793,31.096369744169287,30.77895995841195,30.836671829223633,3316600,0.0,0.0
2025-11-03 00:00:00-05:00,30.74048530545799,30.759722595683236,30.240328601584395,30.663537979125977,3817200,0.0,0.0
2025-11-04 00:00:00-05:00,30.403843046376995,30.7308696542677,30.16338241319671,30.24032974243164,3355300,0.0,0.0
2025-11-05 00:00:00-05:00,30.134524467031312,30.788575804623537,30.134524467031312,30.403841018676758,6995700,0.0,0.0
2025-11-06 00:00:00-05:00,31.259884090367958,32.2217266777639,30.855911964848044,31.452253341674805,4262800,0.0,0.0
2025-11-07 00:00:00-05:00,31.37530231789526,31.548434266918203,30.990567507173886,31.28873634338379,4424700,0.0,0.0
2025-11-10 00:00:00-05:00,31.019421352311394,31.10598732610662,30.750104785551905,30.913618087768555,3102200,0.0,0.0
2025-11-11 00:00:00-05:00,30.923237839158055,31.6638533352329,30.923237839158055,31.538816452026367,3861200,0.0,0.0
2025-11-12 00:00:00-05:00,31.509958803012413,31.54843338374891,30.653921396453132,30.682775497436523,5771200,0.0,0.0
2025-11-13 00:00:00-05:00,30.692393801766322,31.250264208836214,30.57697372997659,31.173315048217773,5327900,0.0,0.0
2025-11-14 00:00:00-05:00,31.057896439157926,31.24064520052672,30.711632538342865,30.788578033447266,4817200,0.0,0.0
2025-11-17 00:00:00-05:00,30.8078136070144,31.173314778513898,30.634683500827684,31.144460678100586,4509400,0.0,0.0
2025-11-18 00:00:00-05:00,31.11560486374756,31.13484215494454,30.644304071405024,30.980947494506836,4462600,0.0,0.0
2025-11-19 00:00:00-05:00,30.85590916074739,30.942471463373725,30.211472777804822,30.846288681030273,6724100,0.0,0.0
2025-11-20 00:00:00-05:00,30.73086981428521,31.231028374201124,30.64430383912403,31.134841918945312,3090600,0.0,0.0
2025-11-21 00:00:00-05:00,31.115605111948934,31.750421049960494,31.048276426791507,31.35606575012207,4213200,0.0,0.0
2025-11-24 00:00:00-05:00,31.30797382082935,31.548434454889694,31.17331645281765,31.298357009887695,3771600,0.0,0.0
2025-11-25 00:00:00-05:00,31.32720847366977,31.740801022954443,30.99056508199052,31.23102569580078,5418400,0.0,0.0
2025-11-26 00:00:00-05:00,31.125225592193225,31.49072678957508,31.096371489736658,31.35606575012207,2251400,0.0,0.0
2025-11-27 00:00:00-05:00,31.29835541503524,31.56767013733532,31.29835541503524,31.509958267211914,981200,0.0,0.0
2025-11-28 00:00:00-05:00,31.461870441734835,31.673476987027307,31.307975773105305,31.663856506347656,2193300,0.0,0.0
2025-12-01 00:00:00-05:00,31.5869052565473,31.70232531972389,31.32720736254673,31.654233932495117,2934300,0.0,0.0
2025-12-02 00:00:00-05:00,31.558054201354018,31.56767101207211,31.086749755131173,31.404159545898438,4067000,0.0,0.0
2025-12-03 00:00:00-05:00,31.404160095156566,31.86584406959815,30.990567513422594,31.115604400634766,4895900,0.0,0.0
2025-12-04 00:00:00-05:00,31.115603177753947,31.31759288980838,31.096369556737265,31.173315048217773,2412600,0.0,0.0
2025-12-05 00:00:00-05:00,31.115601284943367,31.442627859402336,31.10598447502003,31.346445083618164,3849600,0.0,0.0
2025-12-08 00:00:00-05:00,31.211789358490243,31.33682990884442,30.79819679658926,31.144460678100586,4090900,0.0,0.0
2025-12-09 00:00:00-05:00,31.55805397857106,31.83698551708281,30.836672098252222,30.86552619934082,4023800,0.0,0.0
2025-12-10 00:00:00-05:00,30.87514400865103,31.077133730218552,30.682776601751925,30.788578033447266,4123100,0.0,0.0
2025-12-11 00:00:00-05:00,31.0867473518342,31.596522670657023,30.980944096424697,31.009801864624023,4225200,0.0,0.0
2025-12-12 00:00:00-05:00,31.1444612155184,31.596524696058484,31.067512054237902,31.375301361083984,5214300,0.0,0.0
2025-12-15 00:00:00-05:00,31.33435477158144,31.95831147070007,31.285608851789416,31.685331344604492,6825800,0.438,0.0
2025-12-16 00:00:00-05:00,31.57808752421663,31.782822615122566,31.285608291625977,31.285608291625977,4137600,0.0,0.0
2025-12-17 00:00:00-05:00,31.2758621789484,31.431851358832727,31.090622470971418,31.119871139526367,3887600,0.0,0.0
2025-12-18 00:00:00-05:00,30.98338080983357,31.13936998839793,30.67140059316716,30.70064926147461,5691300,0.0,0.0
2025-12-19 00:00:00-05:00,30.564158624130155,30.963881119176115,30.534909956369116,30.739646911621094,6045100,0.0,0.0
2025-12-22 00:00:00-05:00,30.564157055257123,30.622652528238948,30.183931832031348,30.466663360595703,4630700,0.0,0.0
2025-12-23 00:00:00-05:00,30.447166017827776,30.56415883012278,30.252180476719655,30.349672317504883,3986300,0.0,0.0
2025-12-24 00:00:00-05:00,30.252180652404533,30.729897741269543,30.252180652404533,30.65190315246582,2037300,0.0,0.0
2025-12-29 00:00:00-05:00,30.505662525718794,31.285608388056275,30.505662525718794,31.217363357543945,4053900,0.0,0.0
2025-12-30 00:00:00-05:00,31.168615197156463,31.685330486836875,31.168615197156463,31.49034309387207,3664000,0.0,0.0
2025-12-31 00:00:00-05:00,31.53909014199937,32.04605589423608,31.470845109878596,31.9193172454834,3055200,0.0,0.0
2026-01-02 00:00:00-05:00,31.929064662639913,32.172797980675334,31.656084536544334,31.685331344604492,4369100,0.0,0.0
2026-01-05 00:00:00-05:00,31.734076594871578,31.9193162928785,31.412350555771745,31.792573928833008,5834000,0.0,0.0
2026-01-06 00:00:00-05:00,31.831572446222946,32.11430026529978,31.266109369918777,31.334354400634766,3901300,0.0,0.0
2026-01-07 00:00:00-05:00,31.461094954021995,31.675581449105902,31.285606679694258,31.51959228515625,3031200,0.0,0.0
2026-01-08 00:00:00-05:00,31.60733357055026,32.163048933886934,31.490342624146546,32.085052490234375,4238700,0.0,0.0
2026-01-09 00:00:00-05:00,32.11429863242456,32.30928601844534,31.91931496547882,32.19229507446289,2518300,0.0,0.0
2026-01-12 00:00:00-05:00,32.348286346069465,32.58226824927188,32.02655658032202,32.24104309082031,2197800,0.0,0.0
2026-01-13 00:00:00-05:00,32.26054345345908,32.39703352213193,31.96806420357792,32.09480285644531,3053900,0.0,0.0
2026-01-14 00:00:00-05:00,32.23129575237782,32.981994828382625,32.17279841638999,32.77725601196289,4064300,0.0,0.0
2026-01-15 00:00:00-05:00,32.83575220094105,33.079485513763316,32.58226747292379,32.85525131225586,2329900,0.0,0.0
2026-01-16 00:00:00-05:00,32.796750827396274,32.98199050755261,32.46527340504135,32.74800491333008,3364300,0.0,0.0
2026-01-19 00:00:00-05:00,32.75775737101971,33.04048892041352,32.611519607560254,32.874752044677734,1395600,0.0,0.0
2026-01-20 00:00:00-05:00,32.757755185574204,33.04048671610549,32.182544428561485,32.894248962402344,4077000,0.0,0.0
2026-01-21 00:00:00-05:00,32.85525055186978,33.14772977667245,32.77725410841567,33.030738830566406,3177400,0.0,0.0
2026-01-22 00:00:00-05:00,33.07948399070384,33.41096142964311,33.05023718461583,33.20622634887695,2391300,0.0,0.0
2026-01-23 00:00:00-05:00,33.3134647612645,33.69369182304288,33.215972931521264,33.654693603515625,3015700,0.0,0.0
2026-01-26 00:00:00-05:00,33.65469417355695,33.7911842251393,33.381714070392256,33.61569595336914,2388300,0.0,0.0
2026-01-27 00:00:00-05:00,33.820432949090545,34.38589601666276,33.635196971304055,33.800933837890625,3381900,0.0,0.0
2026-01-28 00:00:00-05:00,33.71319120660395,33.89842717225042,33.40120916692709,33.44995880126953,3031300,0.0,0.0
2026-01-29 00:00:00-05:00,33.420709231522714,33.88867672579324,33.3622156191608,33.508453369140625,4155700,0.0,0.0
2026-01-30 00:00:00-05:00,33.625448152658755,34.33714895185754,33.52795259991402,34.317649841308594,3907700,0.0,0.0
2026-02-02 00:00:00-05:00,34.54188441977225,34.785617725743506,34.20065927904253,34.41514205932617,5611100,0.0,0.0
2026-02-03 00:00:00-05:00,34.415145565578065,34.9221113399375,34.33715283364033,34.68812942504883,4552100,0.0,0.0
2026-02-04 00:00:00-05:00,34.96110687209115,35.32183113254888,34.805117701157386,35.048851013183594,5406600,0.0,0.0
2026-02-05 00:00:00-05:00,34.25915212177919,34.34689625871847,33.293970334522015,34.15190887451172,8964900,0.0,0.0
2026-02-06 00:00:00-05:00,33.917929087612556,34.15191098787978,33.35246601032882,33.39146423339844,6109800,0.0,0.0
2026-02-09 00:00:00-05:00,33.410964936205154,33.92767839972388,33.235476643109095,33.84968566894531,3903400,0.0,0.0
2026-02-10 00:00:00-05:00,33.89843005596845,34.337150768847515,33.86918324813493,34.13241195678711,2676700,0.0,0.0
2026-02-11 00:00:00-05:00,34.07391863311232,34.22015639260834,33.869183538372724,33.927677154541016,2366700,0.0,0.0
2026-02-12 00:00:00-05:00,34.03492059006484,34.434643085327025,33.683944014893115,34.22990798950195,3895900,0.0,0.0
2026-02-13 00:00:00-05:00,34.220156099362924,34.42489491142333,33.888678640640435,34.13241195678711,3948200,0.0,0.0
2026-02-17 00:00:00-05:00,34.02517062122451,34.444392200339216,34.02517062122451,34.317649841308594,2034300,0.0,0.0
2026-02-18 00:00:00-05:00,34.33714780730923,34.444391052216204,34.02516948707527,34.327396392822266,2060200,0.0,0.0
2026-02-19 00:00:00-05:00,34.31765165726675,34.36639757668103,34.005673310125026,34.13241195678711,1878900,0.0,0.0
2026-02-20 00:00:00-05:00,34.14216308231936,34.42489461922776,34.00567302148777,34.4053955078125,5071200,0.0,0.0
2026-02-23 00:00:00-05:00,34.41514536592003,34.88311291205797,34.36639944385731,34.82461929321289,3893600,0.0,0.0
2026-02-24 00:00:00-05:00,34.96110878976816,35.1170979692582,34.40539710539268,34.79536819458008,2910900,0.0,0.0
2026-02-25 00:00:00-05:00,34.68812791968563,34.86361248869888,34.122664831605725,34.16166305541992,3589300,0.0,0.0
2026-02-26 00:00:00-05:00,34.22015704919352,34.395645339216074,34.093418399013615,34.2591552734375,3915000,0.0,0.0
2026-02-27 00:00:00-05:00,34.337149720269736,35.07809734233567,34.337149720269736,34.95135498046875,5817900,0.0,0.0
2026-03-02 00:00:00-05:00,34.94160842895508,35.22433996888961,34.493140018829784,34.94160842895508,2918400,0.0,0.0
2026-03-03 00:00:00-05:00,34.883110709481095,35.34133052990392,34.707622425875556,35.2145881652832,4057100,0.0,0.0
2026-03-04 00:00:00-05:00,35.17559480524275,35.30233345490903,34.86361273163058,35.20484161376953,3990800,0.0,0.0
2026-03-05 00:00:00-05:00,34.92211076564353,35.136597283327156,34.541887370895594,34.658878326416016,4143600,0.0,0.0
2026-03-06 00:00:00-05:00,34.571128845214844,34.72711800152931,34.181157813966095,34.571128845214844,3583600,0.0,0.0
2026-03-09 00:00:00-04:00,34.17140894089417,34.53213319437032,33.99592066210574,34.27865219116211,3567400,0.0,0.0
2026-03-10 00:00:00-04:00,34.24940614102128,35.019600582635356,34.20066022229764,34.98060607910156,3516000,0.0,0.0
2026-03-11 00:00:00-04:00,34.84411573389519,34.89286165221991,34.14216260897855,34.307899475097656,3652700,0.0,0.0
2026-03-12 00:00:00-04:00,34.268903536480785,34.41514128532959,34.09341526260221,34.15190887451172,2514000,0.0,0.0
2026-03-13 00:00:00-04:00,34.2591531748614,34.53213328969691,34.12266311744365,34.21040725708008,2956900,0.0,0.0
2026-03-16 00:00:00-04:00,34.307156569529376,35.057469703613386,34.11957922752936,34.9686164855957,3918000,0.438,0.0
2026-03-17 00:00:00-04:00,35.24505292613278,35.7880431727788,35.14632503014359,35.17594528198242,3255500,0.0,0.0
2026-03-18 00:00:00-04:00,35.11670790403196,35.20556112575991,34.7415494382824,34.92913055419922,2195400,0.0,0.0
2026-03-19 00:00:00-04:00,34.83040178877011,35.13645260397402,34.5835877085978,34.89950942993164,3566400,0.0,0.0
2026-03-20 00:00:00-04:00,34.721803977139324,35.037729473530526,34.721803977139324,34.978492736816406,6967400,0.0,0.0
2026-03-23 00:00:00-04:00,34.93899975988762,35.06734413304384,34.58358689027588,34.86989212036133,4591800,0.0,0.0
2026-03-24 00:00:00-04:00,34.76129693361221,35.33390745322514,34.66257280006446,35.087093353271484,2936800,0.0,0.0
2026-03-25 00:00:00-04:00,35.215433936403265,35.2845453491147,34.76129689682932,34.77117156982422,4911000,0.0,0.0
2026-03-26 00:00:00-04:00,34.83040154896716,35.07721562744019,34.692186267595694,34.800785064697266,2364500,0.0,0.0
2026-03-27 00:00:00-04:00,34.800786120290915,34.8896393418797,34.49473529791085,34.61320877075195,3144300,0.0,0.0
2026-03-30 00:00:00-04:00,34.60333503893535,35.096963224272756,34.57371855296204,34.69218826293945,3248600,0.0,0.0
2026-03-31 00:00:00-04:00,34.69218585809813,34.95874551163268,34.43550087659297,34.65269470214844,4129100,0.0,0.0
2026-04-01 00:00:00-04:00,34.593463663552534,34.91925630309685,34.44537370352431,34.8106575012207,2551200,0.0,0.0
2026-04-02 00:00:00-04:00,34.30715922104468,34.32690480058402,33.14219639081311,33.625953674316406,7832900,0.0,0.0
2026-04-06 00:00:00-04:00,33.556846814371504,33.76416975526067,33.31003271347937,33.33964920043945,2511100,0.0,0.0
2026-04-07 00:00:00-04:00,33.181686772460786,33.408755282716776,32.67818392121498,32.747291564941406,5052200,0.0,0.0
2026-04-08 00:00:00-04:00,33.023725720051004,33.053342205457305,32.609076093942264,32.9644889831543,3241000,0.0,0.0
2026-04-09 00:00:00-04:00,33.102705650082555,33.12245122987144,32.52022422760544,32.60907745361328,6237100,0.0,0.0
2026-04-10 00:00:00-04:00,32.58933117066127,33.08295935647978,31.858763564657007,31.88838005065918,4154200,0.0,0.0
2026-04-13 00:00:00-04:00,31.839015618609324,32.05621320937149,31.562583177203816,32.0068473815918,3832700,0.0,0.0
2026-04-14 00:00:00-04:00,32.0562159396467,32.51035297166175,31.96736271459295,32.46099090576172,3297700,0.0,0.0
2026-04-15 00:00:00-04:00,32.480733837389415,32.53009589926527,32.2141741839591,32.32277297973633,3429600,0.0,0.0
2026-04-16 00:00:00-04:00,32.34251579453024,32.7472907401982,32.34251579453024,32.717674255371094,2624800,0.0,0.0
2026-04-17 00:00:00-04:00,32.69792756130909,32.855888418471594,32.52022112624079,32.58932876586914,3138100,0.0,0.0
2026-04-20 00:00:00-04:00,32.520221936899624,32.60907515664869,32.19442930854237,32.30302810668945,3446000,0.0,0.0
2026-04-21 00:00:00-04:00,32.31290042570707,32.47086129371393,32.15493955770021,32.2635383605957,3387000,0.0,0.0
2026-04-22 00:00:00-04:00,32.33264619422239,32.609076773331395,31.98710797033613,32.04634094238281,4069400,0.0,0.0
2026-04-23 00:00:00-04:00,32.10557672689744,32.56958841326312,31.99697792659193,32.549842834472656,2949200,0.0,0.0
2026-04-24 00:00:00-04:00,32.49060675446116,32.53996881939247,32.07596088973719,32.214176177978516,2499000,0.0,0.0
2026-04-27 00:00:00-04:00,32.095702460609616,32.1549391977306,31.661311019974733,31.690927505493164,3149500,0.0,0.0
2026-04-28 00:00:00-04:00,31.700801472281697,31.977232040523727,31.64156473647953,31.71067237854004,3980700,0.0,0.0
2026-04-29 00:00:00-04:00,31.641565888538015,31.710673533114708,31.29602766565455,31.41449737548828,3396500,0.0,0.0
2026-04-30 00:00:00-04:00,31.365134196781188,31.927870006119747,31.365134196781188,31.868633270263672,3860400,0.0,0.0
2026-05-01 00:00:00-04:00,31.898255027055516,32.2043020948827,31.750165063466465,32.14506912231445,1902900,0.0,0.0
2026-05-04 00:00:00-04:00,32.085830223512964,32.22404550497928,31.91799845775643,32.20429992675781,2039200,0.0,0.0
2026-05-05 00:00:00-04:00,32.21417669417122,32.569589593106336,32.154939955653965,32.41162872314453,2154300,0.0,0.0
2026-05-06 00:00:00-04:00,32.4313697148765,32.71767496132969,32.34251649239393,32.69792938232422,4378600,0.0,0.0
2026-05-07 00:00:00-04:00,32.628819700256216,33.26066312461843,32.42149678277809,33.07308578491211,6197700,0.0,0.0
2026-05-08 00:00:00-04:00,33.0730870169448,33.22117697270801,32.50047653848333,32.668312072753906,3476900,0.0,0.0
2026-05-11 00:00:00-04:00,32.73741854481741,33.07308583528153,32.72754763895841,32.80652618408203,3904600,0.0,0.0
2026-05-12 00:00:00-04:00,32.905254844005555,33.31002978321749,32.786781374418666,33.10270309448242,2763800,0.0,0.0
2026-05-13 00:00:00-04:00,33.16194183508228,33.556845892089804,32.90525683428633,32.99410629272461,5692300,0.0,0.0
2026-05-14 00:00:00-04:00,33.10270533743788,33.40875617214861,32.767038016365674,32.776912689208984,4402300,0.0,0.0
2026-05-15 00:00:00-04:00,32.68805747024076,33.09283241219008,32.29315343444845,32.30302810668945,4919200,0.0,0.0
2026-05-19 00:00:00-04:00,32.30303026682511,33.0829599522394,32.29315559392377,32.559715270996094,4547700,0.0,0.0
2026-05-20 00:00:00-04:00,32.559713677609174,32.915126562979296,32.48073512868474,32.816402435302734,3269400,0.0,0.0
2026-05-21 00:00:00-04:00,32.826271951824005,33.31002919555938,32.58932878291437,33.171810150146484,5744300,0.0,0.0
2026-05-22 00:00:00-04:00,33.270541359427106,33.63582517211335,33.211304619768136,33.556846618652344,3416800,0.0,0.0
2026-05-25 00:00:00-04:00,33.56671547838655,33.75429282674022,33.56671547838655,33.66543960571289,1282700,0.0,0.0
2026-05-26 00:00:00-04:00,33.75429334948765,34.04059859568567,33.566715998229,33.862892150878906,2824200,0.0,0.0
2026-05-27 00:00:00-04:00,33.86289162096223,34.61320854642341,33.86289162096223,34.247920989990234,4023100,0.0,0.0
2026-05-28 00:00:00-04:00,34.25779631786201,34.34664954057506,33.803659297810476,33.912254333496094,4474900,0.0,0.0
2026-05-29 00:00:00-04:00,34.010980297971365,34.33677291870117,33.82339919062387,34.33677291870117,26140200,0.0,0.0
2026-06-01 00:00:00-04:00,34.25779413126317,34.48486262679566,34.14919533642505,34.2380485534668,3174200,0.0,0.0
2026-06-02 00:00:00-04:00,34.32690246873713,34.53422539069032,33.51735259303847,33.63582229614258,4645900,0.0,0.0
2026-06-03 00:00:00-04:00,33.66544036040387,34.03072792508503,33.4877339143655,33.64569854736328,10083300,0.0,0.0
2026-06-04 00:00:00-04:00,33.81353106237093,33.872767801044226,32.83614558772461,33.04347229003906,8316900,0.0,0.0
2026-06-05 00:00:00-04:00,33.092835020706836,33.77404058175587,33.00398179395398,33.60620880126953,4624000,0.0,0.0
2026-06-08 00:00:00-04:00,33.43837333436258,33.7049330152562,33.07308951954583,33.33964920043945,4452000,0.0,0.0
2026-06-09 00:00:00-04:00,33.31003088712519,34.02085289778358,33.31003088712519,33.81352996826172,5505700,0.0,0.0
2026-06-10 00:00:00-04:00,33.862891147735574,34.22817493297993,33.5963314884219,34.050472259521484,3694900,0.0,0.0
2026-06-11 00:00:00-04:00,34.10970469742811,34.25779465010182,33.77403740197377,33.85301971435547,3518200,0.0,0.0
2026-06-12 00:00:00-04:00,33.96161945755377,34.06034358469899,33.71480537360668,33.93199920654297,3462000,0.0,0.0
2026-06-15 00:00:00-04:00,34.060001373291016,34.18000030517578,33.61000061035156,33.709999084472656,4031200,0.438,0.0
2026-06-16 00:00:00-04:00,33.630001068115234,33.70000076293945,33.06999969482422,33.369998931884766,5206000,0.0,0.0
2026-06-17 00:00:00-04:00,33.189998626708984,33.349998474121094,32.7599983215332,32.90999984741211,4552100,0.0,0.0
2026-06-18 00:00:00-04:00,32.810001373291016,33.0099983215332,32.66999816894531,32.93000030517578,3306100,0.0,0.0
2026-06-19 00:00:00-04:00,32.81999969482422,33.189998626708984,32.70000076293945,32.72999954223633,4458600,0.0,0.0
2026-06-22 00:00:00-04:00,32.72999954223633,32.900001525878906,32.09000015258789,32.11000061035156,5430400,0.0,0.0
2026-06-23 00:00:00-04:00,32.310001373291016,32.810001373291016,32.220001220703125,32.7400016784668,3672900,0.0,0.0
2026-06-24 00:00:00-04:00,32.86000061035156,33.33000183105469,32.56999969482422,33.08000183105469,3677900,0.0,0.0
2026-06-25 00:00:00-04:00,33.0,33.08000183105469,32.560001373291016,32.97999954223633,3452200,0.0,0.0
2026-06-26 00:00:00-04:00,32.91999816894531,32.9900016784668,32.38999938964844,32.529998779296875,3530100,0.0,0.0
2026-06-29 00:00:00-04:00,32.529998779296875,32.560001373291016,31.510000228881836,31.639999389648438,5397800,0.0,0.0
2026-06-30 00:00:00-04:00,31.610000610351562,31.68000030517578,30.510000228881836,30.549999237060547,9442500,0.0,0.0
2026-07-02 00:00:00-04:00,30.940000534057617,31.209999084472656,30.030000686645508,30.3700008392334,7367400,0.0,0.0
2026-07-03 00:00:00-04:00,30.3700008392334,30.56999969482422,30.270000457763672,30.270000457763672,1589000,0.0,0.0
2026-07-06 00:00:00-04:00,30.309999465942383,30.34000015258789,29.65999984741211,29.690000534057617,6452300,0.0,0.0
2026-07-07 00:00:00-04:00,29.8700008392334,30.719999313354492,29.799999237060547,30.3799991607666,5384200,0.0,0.0
2026-07-08 00:00:00-04:00,30.329999923706055,30.850000381469727,30.280000686645508,30.420000076293945,2802600,0.0,0.0
2026-07-09 00:00:00-04:00,30.329999923706055,30.3799991607666,30.040000915527344,30.209999084472656,3009600,0.0,0.0
2026-07-10 00:00:00-04:00,30.260000228881836,30.540000915527344,30.100000381469727,30.280000686645508,2666300,0.0,0.0
2026-07-13 00:00:00-04:00,30.489999771118164,30.729999542236328,30.3700008392334,30.399999618530273,4202800,0.0,0.0
2026-07-14 00:00:00-04:00,30.239999771118164,30.25,29.729999542236328,29.809999465942383,4763100,0.0,0.0
2026-07-15 00:00:00-04:00,29.799999237060547,30.68000030517578,29.790000915527344,30.34000015258789,4413900,0.0,0.0
2026-07-16 00:00:00-04:00,30.34000015258789,31.18000030517578,30.299999237060547,31.1299991607666,4950600,0.0,0.0
2026-07-17 00:00:00-04:00,31.25,31.350000381469727,30.549999237060547,30.6200008392334,3556100,0.0,0.0
2026-07-20 00:00:00-04:00,30.559999465942383,30.770000457763672,30.43000030517578,30.56999969482422,4529800,0.0,0.0
2026-07-21 00:00:00-04:00,30.559999465942383,30.700000762939453,30.31999969482422,30.56999969482422,3252000,0.0,0.0
2026-07-22 00:00:00-04:00,30.719999313354492,30.889999389648438,30.18000030517578,30.200000762939453,4490900,0.0,0.0
2026-07-23 00:00:00-04:00,30.15999984741211,30.239999771118164,29.780000686645508,29.90999984741211,4031700,0.0,0.0
2026-07-24 00:00:00-04:00,29.899999618530273,30.18000030517578,29.790000915527344,30.079999923706055,2418400,0.0,0.0
2026-07-27 00:00:00-04:00,30.020000457763672,30.399999618530273,30.010000228881836,30.059999465942383,2762100,0.0,0.0
2026-07-28 00:00:00-04:00,30.309999465942383,30.84000015258789,30.260000228881836,30.790000915527344,4302500,0.0,0.0
2026-07-29 00:00:00-04:00,30.700000762939453,31.540000915527344,30.700000762939453,31.420000076293945,5270100,0.0,0.0
2026-07-30 00:00:00-04:00,31.079999923706055,31.1299991607666,30.290000915527344,30.40999984741211,6106500,0.0,0.0
2026-07-31 00:00:00-04:00,30.25,30.40999984741211,29.8700008392334,30.40999984741211,5577300,0.0,0.0
2026-08-04 00:00:00-04:00,30.270000457763672,30.969999313354492,30.049999237060547,30.950000762939453,9178100,0.0,0.0
2026-08-05 00:00:00-04:00,30.93000030517578,30.979999542236328,30.389999389648438,30.860000610351562,9405900,0.0,0.0
2026-08-06 00:00:00-04:00,31.059999465942383,32.279998779296875,31.010000228881836,31.8700008392334,7678400,0.0,0.0
2026-08-07 00:00:00-04:00,31.809999465942383,31.959999084472656,31.489999771118164,31.670000076293945,2815100,0.0,0.0
2026-08-10 00:00:00-04:00,31.59000015258789,31.690000534057617,31.239999771118164,31.3799991607666,4431300,0.0,0.0
