Date,Open,High,Low,Close,Volume,Dividends,Stock Splits
2016-08-15 00:00:00-04:00,24.73005565925238,25.05021578365994,24.716335084332673,25.036495208740234,103472800,0.0,0.0
2016-08-16 00:00:00-04:00,25.070801312446537,25.208014066112156,24.974753780666717,25.013629913330078,135177600,0.0,0.0
2016-08-17 00:00:00-04:00,24.949604060454995,25.011350162991647,24.77580247796874,24.977046966552734,101424000,0.0,0.0
2016-08-18 00:00:00-04:00,24.979333407599857,25.063945978389675,24.93130788748355,24.945030212402344,87938800,0.0,0.0
2016-08-19 00:00:00-04:00,24.87413637804353,25.084528493542,24.780376172592096,25.009061813354492,101472400,0.0,0.0
2016-08-22 00:00:00-04:00,24.894719727168077,24.949603794044457,24.66374673466097,24.814680099487305,103280800,0.0,0.0
2016-08-23 00:00:00-04:00,24.83297060216803,24.99991187220738,24.819250023302512,24.89242935180664,85030800,0.0,0.0
2016-08-24 00:00:00-04:00,24.82840073762846,24.869564224064508,24.62487065045384,24.704910278320312,94700400,0.0,0.0
2016-08-25 00:00:00-04:00,24.558548889937846,24.670604356571072,24.396182307137458,24.599712371826172,100344800,0.0,0.0
2016-08-26 00:00:00-04:00,24.56312522927482,24.686613938501324,24.311569631542795,24.455642700195312,111065200,0.0,0.0
2016-08-29 00:00:00-04:00,24.38246524216204,24.569987410072283,24.30699855703481,24.42820167541504,99881200,0.0,0.0
2016-08-30 00:00:00-04:00,24.19494235533743,24.355021611699517,24.12633596276337,24.240678787231445,99455600,0.0,0.0
2016-08-31 00:00:00-04:00,24.162921696200687,24.371024688063702,24.15834700708172,24.26354217529297,118649600,0.0,0.0
2016-09-01 00:00:00-04:00,24.272692142709676,24.42362549295995,24.15377638517271,24.407617568969727,106806000,0.0,0.0
2016-09-02 00:00:00-04:00,24.629437100093668,24.69804347430421,24.42819441099936,24.63629913330078,107210000,0.0,0.0
2016-09-06 00:00:00-04:00,24.67517847795828,24.766653073907662,24.58599122670915,24.629440307617188,107521600,0.0,0.0
2016-09-07 00:00:00-04:00,24.659173322599212,24.871851040543895,24.48537174525884,24.780376434326172,169457200,0.0,0.0
2016-09-08 00:00:00-04:00,24.526533968737844,24.53110691368357,24.066875361078246,24.13090705871582,212008000,0.0,0.0
2016-09-09 00:00:00-04:00,23.929658666757355,24.176639508953045,23.58434295654297,23.58434295654297,186228000,0.0,0.0
2016-09-12 00:00:00-04:00,23.474576839413547,24.1766415511706,23.44713393971841,24.11260986328125,181171200,0.0,0.0
2016-09-13 00:00:00-04:00,24.58599829073664,24.878715686091734,24.524252179218525,24.68661880493164,248704800,0.0,0.0
2016-09-14 00:00:00-04:00,24.86499303896986,25.84834034830154,24.835262785991265,25.560195922851562,443554800,0.0,0.0
2016-09-15 00:00:00-04:00,26.038145106459055,26.465787848457715,25.95353079806588,26.429197311401367,359934400,0.0,0.0
2016-09-16 00:00:00-04:00,26.326295814773857,26.557267092778357,26.079314864404765,26.28055763244629,319547600,0.0,0.0
2016-09-19 00:00:00-04:00,26.342297456755436,26.56869573487193,25.89864679007236,25.97411346435547,188092000,0.0,0.0
2016-09-20 00:00:00-04:00,25.852910795148613,26.097604345917137,25.729420347368304,25.971826553344727,138057200,0.0,0.0
2016-09-21 00:00:00-04:00,26.035861194948506,26.06787704672819,25.713415332100855,25.967256546020508,144012800,0.0,0.0
2016-09-22 00:00:00-04:00,26.15020419846396,26.28512964164971,26.070164568472283,26.211950302124023,124296000,0.0,0.0
2016-09-23 00:00:00-04:00,26.166208221954566,26.25082252945932,25.509881609176286,25.775156021118164,209924800,0.0,0.0
2016-09-26 00:00:00-04:00,25.53046569958347,25.930665585095237,25.50988482865758,25.814035415649414,119477600,0.0,0.0
2016-09-27 00:00:00-04:00,25.841477769040566,25.88264125474517,25.69054440654601,25.862058639526367,98429600,0.0,0.0
2016-09-28 00:00:00-04:00,25.999274061838467,26.216524747781484,25.93981529984219,26.058731079101562,118564400,0.0,0.0
2016-09-29 00:00:00-04:00,25.878077777106963,26.024436503217263,25.567065047939163,25.65396499633789,143548000,0.0,0.0
2016-09-30 00:00:00-04:00,25.71798746482417,25.926092239549394,25.567055846165303,25.85291290283203,145516400,0.0,0.0
2016-10-03 00:00:00-04:00,25.7751612689215,25.852915302814093,25.676826362510184,25.73171043395996,86807200,0.0,0.0
2016-10-04 00:00:00-04:00,25.855197020048127,26.141054060318368,25.75686212840585,25.841476440429688,118947200,0.0,0.0
2016-10-05 00:00:00-04:00,25.932952529752114,25.992411286064037,25.770585930933372,25.85291290283203,85812400,0.0,0.0
2016-10-06 00:00:00-04:00,26.001560683597194,26.147919376772748,25.871209917964805,26.045011520385742,115117200,0.0,0.0
2016-10-07 00:00:00-04:00,26.14105851802293,26.198229935826134,25.9581110278926,26.083887100219727,97433600,0.0,0.0
2016-10-10 00:00:00-04:00,26.303419476318798,26.699046370084726,26.234814836554424,26.53896713256836,144944000,0.0,0.0
2016-10-11 00:00:00-04:00,26.91629453874083,27.142694539929387,26.573266137254414,26.59613609313965,256164000,0.0,0.0
2016-10-12 00:00:00-04:00,26.83626218341035,26.980335267618475,26.69905113466278,26.833974838256836,150347200,0.0,0.0
2016-10-13 00:00:00-04:00,26.708191404904703,26.856837393692825,26.463497882954783,26.75164222717285,140769600,0.0,0.0
2016-10-14 00:00:00-04:00,26.957462853376438,27.023781898930597,26.785948621860403,26.900291442871094,142608800,0.0,0.0
2016-10-17 00:00:00-04:00,26.83168313390328,26.948311539203715,26.705905350070164,26.881994247436523,94499600,0.0,0.0
2016-10-18 00:00:00-04:00,27.026061695773226,27.03292198396058,26.859120456040085,26.86369514465332,98214000,0.0,0.0
2016-10-19 00:00:00-04:00,26.81339321059467,26.93002338387391,26.02442839397574,26.78366470336914,80138400,0.0,0.0
2016-10-20 00:00:00-04:00,26.724208706542928,26.843124492469915,26.603005575290435,26.76994514465332,96503200,0.0,0.0
2016-10-21 00:00:00-04:00,26.71276910594301,26.73563906577721,26.591565995646846,26.664745330810547,92770800,0.0,0.0
2016-10-24 00:00:00-04:00,26.779085569512883,26.925444225731134,26.756217356616183,26.904863357543945,94154800,0.0,0.0
2016-10-25 00:00:00-04:00,26.973479235573105,27.06724121567107,26.827120518369945,27.042085647583008,192516000,0.0,0.0
2016-10-26 00:00:00-04:00,26.141053806189035,26.458926692300718,25.912368176196,26.43377113342285,264536800,0.0,0.0
2016-10-27 00:00:00-04:00,26.388032733760703,26.495515250984237,26.093028083742734,26.179929733276367,138248000,0.0,0.0
2016-10-28 00:00:00-04:00,26.040437231807747,26.346875184613896,25.944387926768172,26.006134033203125,151446800,0.0,0.0
2016-10-31 00:00:00-04:00,25.990117560004368,26.12275562046842,25.887207998030846,25.964962005615234,105677600,0.0,0.0
2016-11-01 00:00:00-04:00,25.94667147935056,26.01756346663362,25.276622510848522,25.49616050720215,175303200,0.0,0.0
2016-11-02 00:00:00-04:00,25.47557482001662,25.692825430449595,25.43669868884147,25.519023895263672,113326800,0.0,0.0
2016-11-03 00:00:00-04:00,25.50983774029462,25.62016944650457,25.18113820298895,25.245498657226562,107730400,0.1425,0.0
2016-11-04 00:00:00-04:00,24.946684542339323,25.3420436904821,24.850143844404315,25.017940521240234,123348000,0.0,0.0
2016-11-07 00:00:00-05:00,25.302964365588775,25.401804138645407,25.160450674251727,25.37881851196289,130240000,0.0,0.0
2016-11-08 00:00:00-05:00,25.355830121282235,25.67993323177175,25.215615524307584,25.52822494506836,97016800,0.0,0.0
2016-11-09 00:00:00-05:00,25.256990967873747,25.587989598793193,24.83634892038631,25.48685073852539,236705600,0.0,0.0
2016-11-10 00:00:00-05:00,25.535118842363453,25.535118842363453,24.326057817339162,24.776582717895508,228538000,0.0,0.0
2016-11-11 00:00:00-05:00,24.62257322403577,25.02482772400998,24.491553257048928,24.923688888549805,136575600,0.0,0.0
2016-11-14 00:00:00-05:00,24.758196733598787,24.781182360897954,23.92380636217132,24.298477172851562,204702000,0.0,0.0
2016-11-15 00:00:00-05:00,24.496152932155507,24.751297389168002,24.401911348710634,24.620277404785156,129058000,0.0,0.0
2016-11-16 00:00:00-05:00,24.5260335830077,25.337439939184023,24.50304795972101,25.282272338867188,235362000,0.0,0.0
2016-11-17 00:00:00-05:00,25.240900598535497,25.365025083873647,25.01563900764434,25.273080825805664,110528000,0.0,0.0
2016-11-18 00:00:00-05:00,25.220211261151423,25.40869618010387,25.20642023776414,25.298362731933594,113715600,0.0,0.0
2016-11-21 00:00:00-05:00,25.312159426931917,25.741996090147072,25.286874711014445,25.682233810424805,117058400,0.0,0.0
2016-11-22 00:00:00-05:00,25.73279985776237,25.84083422734658,25.60637803987788,25.698322296142578,103862000,0.0,0.0
2016-11-23 00:00:00-05:00,25.597183842295777,25.631663158149788,25.360428562424204,25.567302703857422,109705600,0.0,0.0
2016-11-25 00:00:00-05:00,25.544317546906424,25.714415052269732,25.502942715019536,25.696025848388672,45903600,0.0,0.0
2016-11-28 00:00:00-05:00,25.613276084266637,25.852330472710847,25.604081482362126,25.645456314086914,108776000,0.0,0.0
2016-11-29 00:00:00-05:00,25.46386018725582,25.751184844999162,25.300659992100464,25.62016487121582,114115200,0.0,0.0
2016-11-30 00:00:00-05:00,25.652351310791705,25.79026682920152,25.346637379961116,25.404102325439453,144649200,0.0,0.0
2016-12-01 00:00:00-05:00,25.36962276149973,25.500642756715852,25.06160976609378,25.16734504699707,148347600,0.0,0.0
2016-12-02 00:00:00-05:00,25.09378685736632,25.30525739275054,25.020231812289612,25.261585235595703,106112000,0.0,0.0
2016-12-05 00:00:00-05:00,25.284573058077516,25.291468570139198,24.88231848669901,25.079998016357422,137298000,0.0,0.0
2016-12-06 00:00:00-05:00,25.16964463153597,25.367324172590333,25.09838866453644,25.273080825805664,104782000,0.0,0.0
2016-12-07 00:00:00-05:00,25.114473229295417,25.55810255429244,25.091487608279657,25.521324157714844,119994800,0.0,0.0
2016-12-08 00:00:00-05:00,25.482249724240802,25.843129429005632,25.422485703604107,25.771873474121094,108273200,0.0,0.0
2016-12-09 00:00:00-05:00,25.815548378456956,26.364913049538554,25.815548378456956,26.19251823425293,137610400,0.0,0.0
2016-12-12 00:00:00-05:00,26.040816526848793,26.433876567981944,25.85692798837771,26.043115615844727,105497600,0.0,0.0
2016-12-13 00:00:00-05:00,26.16723649352642,26.645345256448614,26.14654995511381,26.477548599243164,174935200,0.0,0.0
2016-12-14 00:00:00-05:00,26.443069281531198,26.70970571420911,26.429278255922792,26.477548599243164,136127200,0.0,0.0
2016-12-15 00:00:00-05:00,26.521215662599765,26.83152770861694,26.48673810521173,26.62235450744629,186098000,0.0,0.0
2016-12-16 00:00:00-05:00,26.771765431323193,26.77866094325025,26.583280505990434,26.656835556030273,177404400,0.0,0.0
2016-12-19 00:00:00-05:00,26.617759262011504,26.98093632752822,26.60626557324657,26.810840606689453,111117600,0.0,0.0
2016-12-20 00:00:00-05:00,26.83382690687655,27.008520809100734,26.820035882963577,26.882097244262695,85700000,0.0,0.0
2016-12-21 00:00:00-05:00,26.8476225932117,26.985538108355716,26.843024415615375,26.907384872436523,95132800,0.0,0.0
2016-12-22 00:00:00-05:00,26.74418157253058,26.780959974316932,26.58098136040775,26.730390548706055,104343600,0.0,0.0
2016-12-23 00:00:00-05:00,26.569488791365973,26.78325843811035,26.569488791365973,26.78325843811035,56998000,0.0,0.0
2016-12-27 00:00:00-05:00,26.783262095756886,27.07748410155773,26.776366582612287,26.953359603881836,73187600,0.0,0.0
2016-12-28 00:00:00-05:00,27.01312066806544,27.128050558465752,26.709705827556252,26.838428497314453,83623600,0.0,0.0
2016-12-29 00:00:00-05:00,26.76716931643538,26.91887760528146,26.755677380235163,26.831531524658203,60158000,0.0,0.0
2016-12-30 00:00:00-05:00,26.813138508882915,26.939560311250457,26.532709350856184,26.62235450744629,122345200,0.0,0.0
2017-01-03 00:00:00-05:00,26.617755399268404,26.739580766258502,26.378701087912738,26.698205947875977,115127600,0.0,0.0
2017-01-04 00:00:00-05:00,26.629245881401623,26.78095412509972,26.60626026215079,26.66832160949707,84472400,0.0,0.0
2017-01-05 00:00:00-05:00,26.64533796085043,26.86140665590674,26.620053251697435,26.80394172668457,88774400,0.0,0.0
2017-01-06 00:00:00-05:00,26.843021488191795,27.160229067489293,26.771765526438056,27.102764129638672,127007600,0.0,0.0
2017-01-09 00:00:00-05:00,27.111958815476992,27.452152042252223,27.10966148046446,27.35101318359375,134247600,0.0,0.0
2017-01-10 00:00:00-05:00,27.300438320334116,27.44065289058721,27.192405724450218,27.378591537475586,97848400,0.0,0.0
2017-01-11 00:00:00-05:00,27.293546496671386,27.567080163085443,27.261366271645112,27.525705337524414,110354400,0.0,0.0
2017-01-12 00:00:00-05:00,27.330321770252056,27.42226601138382,27.171717998142032,27.4107723236084,108344800,0.0,0.0
2017-01-13 00:00:00-05:00,27.378595071522714,27.49582403552166,27.309636444772575,27.362504959106445,104447600,0.0,0.0
2017-01-17 00:00:00-05:00,27.201605673159065,27.63833960830125,27.17402362176945,27.583173751831055,137759200,0.0,0.0
2017-01-18 00:00:00-05:00,27.583176393143425,27.69810629478152,27.516516839750395,27.58087730407715,94852000,0.0,0.0
2017-01-19 00:00:00-05:00,27.445258132300303,27.603860188276872,27.438362619478404,27.532604217529297,102389200,0.0,0.0
2017-01-20 00:00:00-05:00,27.68660995192404,27.68660995192404,27.521112382513458,27.583173751831055,130391600,0.0,0.0
2017-01-23 00:00:00-05:00,27.58317139083835,27.76935723654545,27.53030287404862,27.601560592651367,88200800,0.0,0.0
2017-01-24 00:00:00-05:00,27.479739898382356,27.606161736659523,27.468246206861203,27.57628059387207,92844000,0.0,0.0
2017-01-25 00:00:00-05:00,27.67970766994714,28.06587207818311,27.64752744873502,28.015302658081055,129510400,0.0,0.0
2017-01-26 00:00:00-05:00,27.967035396098858,28.144028385883903,27.950945283726647,28.029098510742188,105350400,0.0,0.0
2017-01-27 00:00:00-05:00,28.075065050208156,28.123335379228262,27.950940595431984,28.031391143798828,82251600,0.0,0.0
2017-01-30 00:00:00-05:00,27.79694074324554,27.957841873168945,27.73487937990102,27.957841873168945,121510000,0.0,0.0
2017-01-31 00:00:00-05:00,27.847512860807765,27.90267871729734,27.72568745728493,27.893484115600586,196804000,0.0,0.0
2017-02-01 00:00:00-05:00,29.19908896851109,29.994405388574847,29.194492544315402,29.59444808959961,447940000,0.0,0.0
2017-02-02 00:00:00-05:00,29.417449126148693,29.741550434731863,29.371476127763817,29.54387092590332,134841600,0.0,0.0
2017-02-03 00:00:00-05:00,29.493310317018416,29.695588062970586,29.458832750041203,29.670303344726562,98029200,0.0,0.0
2017-02-06 00:00:00-05:00,29.68179631960283,29.99670311499956,29.62892604167124,29.94843101501465,107383600,0.0,0.0
2017-02-07 00:00:00-05:00,30.00588754108574,30.362170823232386,29.98520100720538,30.233449935913086,152735200,0.0,0.0
2017-02-08 00:00:00-05:00,30.19207532386738,30.39205215591123,30.162192438203466,30.350675582885742,92016400,0.0,0.0
2017-02-09 00:00:00-05:00,30.392239305912927,30.57692510402699,30.26988571321244,30.56999969482422,113399600,0.1425,0.0
2017-02-10 00:00:00-05:00,30.57923580025104,30.6900458696423,30.484583844738975,30.500741958618164,80262000,0.0,0.0
2017-02-13 00:00:00-05:00,30.722363737255407,30.893198705813756,30.646180718408644,30.770841598510742,92141600,0.0,0.0
2017-02-14 00:00:00-05:00,30.812385786223388,31.186371806048466,30.76159712642158,31.17021369934082,132904800,0.0,0.0
2017-02-15 00:00:00-05:00,31.28564554942213,31.45878776770964,31.077872773924653,31.283334732055664,142492400,0.0,0.0
2017-02-16 00:00:00-05:00,31.320271103680184,31.3733670617876,31.128659968454752,31.24639892578125,90338400,0.0,0.0
2017-02-17 00:00:00-05:00,31.18868594813342,31.357210052212658,31.18868594813342,31.331815719604492,88792800,0.0,0.0
2017-02-21 00:00:00-05:00,31.449564538343612,31.569610845617106,31.39185044173371,31.558067321777344,98028800,0.0,0.0
2017-02-22 00:00:00-05:00,31.495727730547916,31.655019163477846,31.421855535944346,31.652711868286133,83347600,0.0,0.0
2017-02-23 00:00:00-05:00,31.715056808733124,31.73814033769035,31.465731446904428,31.518827438354492,83152800,0.0,0.0
2017-02-24 00:00:00-05:00,31.37568587079479,31.548828125,31.230245250034194,31.548828125,87106400,0.0,0.0
2017-02-27 00:00:00-05:00,31.659645485318602,31.728903107496215,31.461108847123583,31.611164093017578,81029600,0.0,0.0
2017-02-28 00:00:00-05:00,31.645787669375324,31.72889609309764,31.558061132505042,31.625011444091797,93931600,0.0,0.0
2017-03-01 00:00:00-05:00,31.832767367381678,32.35450121106947,31.765820606511205,32.271392822265625,145658400,0.0,0.0
2017-03-02 00:00:00-05:00,32.31988870396161,32.38452819956247,32.03362556445187,32.07979965209961,104844000,0.0,0.0
2017-03-03 00:00:00-05:00,32.038240052746666,32.28063989511755,31.99437678799724,32.26909637451172,84432400,0.0,0.0
2017-03-06 00:00:00-05:00,32.17444402347953,32.266788664550965,31.996687194269274,32.167518615722656,87000000,0.0,0.0
2017-03-07 00:00:00-05:00,32.102888070961534,32.31527552070743,32.040555861198314,32.209083557128906,69785200,0.0,0.0
2017-03-08 00:00:00-05:00,32.07748388465437,32.27371315911442,32.04747495941965,32.089027404785156,74828800,0.0,0.0
2017-03-09 00:00:00-05:00,32.02900249902331,32.0405424952935,31.638854810714165,32.0151481628418,88623600,0.0,0.0
2017-03-10 00:00:00-05:00,32.14673985398543,32.17213418795133,32.00591736973592,32.12134552001953,78451200,0.0,0.0
2017-03-13 00:00:00-04:00,32.054402898367606,32.18829647017765,32.04747749025978,32.13520050048828,69686800,0.0,0.0
2017-03-14 00:00:00-04:00,32.15828822800166,32.23908583184447,32.052092763771405,32.08672332763672,61236400,0.0,0.0
2017-03-15 00:00:00-04:00,32.18367896678893,32.493025576232185,32.09595244191277,32.42607879638672,102767200,0.0,0.0
2017-03-16 00:00:00-04:00,32.486104790790534,32.55536239804194,32.379909323326615,32.47917938232422,76928000,0.0,0.0
2017-03-17 00:00:00-04:00,32.55075250275632,32.55075250275632,32.29450175704382,32.317588806152344,175540000,0.0,0.0
2017-03-20 00:00:00-04:00,32.412229772933976,32.66617316416422,32.37298461657809,32.65694046020508,86168000,0.0,0.0
2017-03-21 00:00:00-04:00,32.80700013593877,32.966291600943265,32.25756082710326,32.282955169677734,158119600,0.0,0.0
2017-03-22 00:00:00-04:00,32.2852662073475,32.68926487303964,32.26448645594441,32.647708892822266,103440800,0.0,0.0
2017-03-23 00:00:00-04:00,32.61076264260119,32.684638356177594,32.460707442957485,32.53227233886719,81385200,0.0,0.0
2017-03-24 00:00:00-04:00,32.666172705320164,32.72157949606167,32.40068931851718,32.46763610839844,89582400,0.0,0.0
2017-03-27 00:00:00-04:00,32.17906357298683,32.60153107795881,32.00130321325164,32.523040771484375,94300400,0.0,0.0
2017-03-28 00:00:00-04:00,32.529961373650984,33.252539181636585,32.46301107545243,33.19713592529297,133499200,0.0,0.0
2017-03-29 00:00:00-04:00,33.16943400921991,33.35643058537808,33.05631666809547,33.27101135253906,116760000,0.0,0.0
2017-03-30 00:00:00-04:00,33.28717868536346,33.358743592432035,33.12788723539098,33.22715377807617,84829200,0.0,0.0
2017-03-31 00:00:00-04:00,33.178676257404064,33.30564795960182,33.014766692278144,33.164825439453125,78646800,0.0,0.0
2017-04-03 00:00:00-04:00,33.176371639770544,33.27102007760433,33.02400558483501,33.1740608215332,79942800,0.0,0.0
2017-04-04 00:00:00-04:00,33.07017128430263,33.44877554763126,33.05170235406852,33.42107391357422,79565600,0.0,0.0
2017-04-05 00:00:00-04:00,33.294106819448956,33.58036999374285,33.199454859893464,33.2479362487793,110871600,0.0,0.0
2017-04-06 00:00:00-04:00,33.310262550526474,33.3633620494564,33.11634405403635,33.164825439453125,84596000,0.0,0.0
2017-04-07 00:00:00-04:00,33.18097237706021,33.28485699929098,33.07478046014424,33.090938568115234,66688800,0.0,0.0
2017-04-10 00:00:00-04:00,33.15096299412437,33.21560247028275,32.98936078114117,33.051692962646484,75733600,0.0,0.0
2017-04-11 00:00:00-04:00,32.99860347139208,33.09325540952474,32.33373613194622,32.69618225097656,121517600,0.0,0.0
2017-04-12 00:00:00-04:00,32.68925729558643,32.816225457301364,32.55304938555892,32.73542785644531,81400000,0.0,0.0
2017-04-13 00:00:00-04:00,32.760834477511864,32.86933727363853,32.56229782104492,32.56229782104492,71291600,0.0,0.0
2017-04-17 00:00:00-04:00,32.66155421809713,32.75389886827551,32.52073170883979,32.74235534667969,66328400,0.0,0.0
2017-04-18 00:00:00-04:00,32.64538994184889,32.79082701421264,32.57613234793934,32.59690856933594,58790000,0.0,0.0
2017-04-19 00:00:00-04:00,32.753890402732615,32.78159202933228,32.42376408787492,32.47686004638672,69313600,0.0,0.0
2017-04-20 00:00:00-04:00,32.60152990307541,32.99398494389246,32.58767908744237,32.883174896240234,93278400,0.0,0.0
2017-04-21 00:00:00-04:00,32.88316298428602,32.93856622674831,32.746958649784055,32.84391784667969,69283600,0.0,0.0
2017-04-24 00:00:00-04:00,33.12788990407592,33.23177456859535,33.05401417302912,33.16020965576172,68537200,0.0,0.0
2017-04-25 00:00:00-04:00,33.222539435282336,33.45108497600299,33.21330320828219,33.36566925048828,75486000,0.0,0.0
2017-04-26 00:00:00-04:00,33.35180821927697,33.38182066395403,33.10017571070166,33.169429779052734,80164800,0.0,0.0
2017-04-27 00:00:00-04:00,33.22484048167015,33.28024726548445,33.084017988406494,33.194828033447266,56985200,0.0,0.0
2017-04-28 00:00:00-04:00,33.264098744710395,33.312580139981925,33.07479832325456,33.16252136230469,83441600,0.0,0.0
2017-05-01 00:00:00-04:00,33.49724288951823,33.982038895256416,33.46492315580235,33.83890914916992,134411600,0.0,0.0
2017-05-02 00:00:00-04:00,34.06055242449911,34.187524151695136,33.89895364560833,34.053627014160156,181408800,0.0,0.0
2017-05-03 00:00:00-04:00,33.61038217628582,34.04901144652066,33.3056535623377,33.94974136352539,182788000,0.0,0.0
2017-05-04 00:00:00-04:00,33.82507765307137,33.96820748088925,33.66116807396638,33.82738494873047,93487600,0.0,0.0
2017-05-05 00:00:00-04:00,33.88046482967014,34.39296602955505,33.88046482967014,34.38835144042969,109310800,0.0,0.0
2017-05-08 00:00:00-04:00,34.404530041708924,35.48262903932177,34.404530041708924,35.32333755493164,195009600,0.0,0.0
2017-05-09 00:00:00-04:00,35.52186302080197,35.755030172831056,35.42490378313578,35.54956817626953,156521600,0.0,0.0
2017-05-10 00:00:00-04:00,35.466465548143574,35.53803045983033,35.11556287647219,35.381046295166016,103222800,0.0,0.0
2017-05-11 00:00:00-04:00,35.33930560937639,35.714838852492385,35.30685246857645,35.68701934814453,109020400,0.1575,0.0
2017-05-12 00:00:00-04:00,35.86088973721014,36.259601924283665,35.853935742783264,36.1854248046875,130108000,0.0,0.0
2017-05-15 00:00:00-04:00,36.16456508497208,36.31292288508898,35.942030153361216,36.09270477294922,104038800,0.0,0.0
2017-05-16 00:00:00-04:00,36.148325908210545,36.17614187932493,35.865518411455746,36.03937530517578,80194000,0.0,0.0
2017-05-17 00:00:00-04:00,35.60589263781273,35.830747832802935,34.70415503934131,34.82933044433594,203070800,0.0,0.0
2017-05-18 00:00:00-04:00,35.065784713156496,35.54562800048504,35.03333156105277,35.36017990112305,134272800,0.0,0.0
2017-05-19 00:00:00-04:00,35.55489352681086,35.69397691396822,35.38103664001859,35.480712890625,107843200,0.0,0.0
2017-05-22 00:00:00-04:00,35.698624955149626,35.83307474631924,35.44595371833895,35.69630813598633,91865600,0.0,0.0
2017-05-23 00:00:00-04:00,35.907232486209516,35.907232486209516,35.538656821868216,35.652244567871094,79675600,0.0,0.0
2017-05-24 00:00:00-04:00,35.66153221262889,35.73802968538322,35.390315829478965,35.54562759399414,76712000,0.0,0.0
2017-05-25 00:00:00-04:00,35.63603058464801,35.779754707038926,35.47376483723376,35.66848373413086,76942400,0.0,0.0
2017-05-26 00:00:00-04:00,35.69862461302962,35.75426010657202,35.53867566408264,35.608219146728516,87710400,0.0,0.0
2017-05-30 00:00:00-04:00,35.5641637941556,35.79828979142458,35.543301816969986,35.62211608886719,80507600,0.0,0.0
2017-05-31 00:00:00-04:00,35.69166548354051,35.738026619591665,35.323089676811115,35.41117477416992,97804800,0.0,0.0
2017-06-01 00:00:00-04:00,35.50621665902392,35.54330698193968,35.28599861454439,35.5085334777832,65616400,0.0,0.0
2017-06-02 00:00:00-04:00,35.60126213247194,36.03474426269531,35.44131319709185,36.03474426269531,111082800,0.0,0.0
2017-06-05 00:00:00-04:00,35.77743857588445,35.80293773471264,35.57344884238732,35.682395935058594,101326800,0.0,0.0
2017-06-06 00:00:00-04:00,35.675448366244765,36.11820495967747,35.647632383287004,35.80294418334961,106499600,0.0,0.0
2017-06-07 00:00:00-04:00,35.935062294156516,36.15759713991396,35.809883348431306,36.01619338989258,84278400,0.0,0.0
2017-06-08 00:00:00-04:00,35.98837351124916,36.055596613968014,35.79133430261688,35.928104400634766,85003200,0.0,0.0
2017-06-09 00:00:00-04:00,35.9744757167898,35.9744757167898,33.84878545799699,34.53493881225586,259530800,0.0,0.0
2017-06-12 00:00:00-04:00,33.78387837463687,33.86500948267044,33.035132016753906,33.70969772338867,289229200,0.0,0.0
2017-06-13 00:00:00-04:00,34.11304803197316,34.18027115410295,33.647109203669395,33.98091506958008,136661600,0.0,0.0
2017-06-14 00:00:00-04:00,34.1918620809851,34.1918620809851,33.34343943399701,33.64942932128906,126124800,0.0,0.0
2017-06-15 00:00:00-04:00,33.22288703989679,33.491782949202175,32.96557875767976,33.44773864746094,128661600,0.0,0.0
2017-06-16 00:00:00-04:00,33.329518911817985,33.49642178082408,32.96326003467278,32.979488372802734,201444400,0.0,0.0
2017-06-19 00:00:00-04:00,33.30171888912925,34.01569182899518,33.30171888912925,33.92296600341797,130165600,0.0,0.0
2017-06-20 00:00:00-04:00,34.04582370587389,34.04582370587389,33.59843354738136,33.61465835571289,99600400,0.0,0.0
2017-06-21 00:00:00-04:00,33.732868096767504,33.86036383517491,33.521920923868606,33.81399917602539,85063200,0.0,0.0
2017-06-22 00:00:00-04:00,33.79082640541002,34.00640725294083,33.640148310575654,33.75837326049805,76425200,0.0,0.0
2017-06-23 00:00:00-04:00,33.64246703404675,34.11303938100419,33.637829860105015,33.9090461730957,141757600,0.0,0.0
2017-06-26 00:00:00-04:00,34.115365739113535,34.37267413935767,33.70042875204585,33.802425384521484,102769600,0.0,0.0
2017-06-27 00:00:00-04:00,33.61465529080629,33.881238028549696,33.29244060142321,33.31793975830078,99047600,0.0,0.0
2017-06-28 00:00:00-04:00,33.494124941439914,33.869654852137906,33.18581816721256,33.80474853515625,88329600,0.0,0.0
2017-06-29 00:00:00-04:00,33.545102116943376,33.642461531030456,32.981804068928476,33.30633544921875,125997600,0.0,0.0
2017-06-30 00:00:00-04:00,33.48484243891286,33.6030674095259,33.32953067985804,33.38516616821289,92096400,0.0,0.0
2017-07-03 00:00:00-04:00,33.58453113140493,33.681890608935916,33.171910877384974,33.26463317871094,57111200,0.0,0.0
2017-07-05 00:00:00-04:00,33.308660193167995,33.56364815781455,33.08380501536581,33.40138244628906,86278400,0.0,0.0
2017-07-06 00:00:00-04:00,33.153358710388744,33.264626155915046,33.01195493158579,33.08613204956055,96515200,0.0,0.0
2017-07-07 00:00:00-04:00,33.12554468906654,33.55439327181347,33.12554468906654,33.42226028442383,76806800,0.0,0.0
2017-07-10 00:00:00-04:00,33.40603691736588,33.83256516197805,33.23449676943033,33.62625503540039,84362400,0.0,0.0
2017-07-11 00:00:00-04:00,33.54974707837599,33.80937580737774,33.4686159744794,33.73519515991211,79127200,0.0,0.0
2017-07-12 00:00:00-04:00,33.81401875715488,33.885879068472086,33.570621841307265,33.78388595581055,99538000,0.0,0.0
2017-07-13 00:00:00-04:00,33.72824755234141,34.42135851767679,33.7143395625903,34.25445556640625,100797600,0.0,0.0
2017-07-14 00:00:00-04:00,34.300813153683656,34.616073858148916,34.152455383178136,34.54884719848633,80528400,0.0,0.0
2017-07-17 00:00:00-04:00,34.49784745539633,34.980007487299616,34.4398951543656,34.66938400268555,95174000,0.0,0.0
2017-07-18 00:00:00-04:00,34.58593139686089,34.80151578882803,34.46307280573411,34.78992462158203,71475200,0.0,0.0
2017-07-19 00:00:00-04:00,34.88264500399043,35.100546202803784,34.7597864194897,35.0078239440918,83692000,0.0,0.0
2017-07-20 00:00:00-04:00,35.11908869077476,35.174724164046715,34.81541924889388,34.850189208984375,68974800,0.0,0.0
2017-07-21 00:00:00-04:00,34.76907805420585,34.8733915314015,34.51176959065433,34.833984375,105010400,0.0,0.0
2017-07-24 00:00:00-04:00,34.90583254315868,35.33699783101642,34.74820043528581,35.255863189697266,85972800,0.0,0.0
2017-07-25 00:00:00-04:00,35.18864248543714,35.661531767224204,35.18864248543714,35.40654373168945,75415600,0.0,0.0
2017-07-26 00:00:00-04:00,35.54796045868676,35.682406750938945,35.48073377543117,35.57345962524414,63124000,0.0,0.0
2017-07-27 00:00:00-04:00,35.64068308444224,35.69631859481873,34.14551367222813,34.90121078491211,129905200,0.0,0.0
2017-07-28 00:00:00-04:00,34.74588488818327,34.82469917644037,34.58361913673393,34.655479431152344,68854800,0.0,0.0
2017-07-31 00:00:00-04:00,34.74820230717305,34.847882115795706,34.3379025150929,34.476985931396484,79383600,0.0,0.0
2017-08-01 00:00:00-04:00,34.56275998166212,34.82238520521248,34.402811036036134,34.78297805786133,141474400,0.0,0.0
2017-08-02 00:00:00-04:00,36.9225738380496,37.031524459021355,36.19933017298446,36.4265022277832,279747200,0.0,0.0
2017-08-03 00:00:00-04:00,36.405641531663086,36.44273185865014,35.93506906154069,36.062564849853516,108389200,0.0,0.0
2017-08-04 00:00:00-04:00,36.17845505382272,36.486758104817916,36.09036644660874,36.25263214111328,82239600,0.0,0.0
2017-08-07 00:00:00-04:00,36.407947842229994,36.83911304190429,36.317542406997994,36.81361389160156,87481200,0.0,0.0
2017-08-08 00:00:00-04:00,36.7649403439506,37.51368306566703,36.68844288389249,37.10801696777344,144823600,0.0,0.0
2017-08-09 00:00:00-04:00,36.91794386102579,37.383882767511636,36.88317388462931,37.335201263427734,104526000,0.0,0.0
2017-08-10 00:00:00-04:00,37.21184440030399,37.23511776931683,35.98541526550975,36.145992279052734,163217200,0.1575,0.0
2017-08-11 00:00:00-04:00,36.44388701378679,36.902344862484895,36.320545922616134,36.648677825927734,105028400,0.0,0.0
2017-08-14 00:00:00-04:00,37.07687333211494,37.283993550032726,36.94422150945071,37.20021438598633,88490800,0.0,0.0
2017-08-15 00:00:00-04:00,37.388718367124,37.747104860028465,37.267703224278414,37.60747528076172,117862000,0.0,0.0
2017-08-16 00:00:00-04:00,37.68660472435571,37.819253022132784,37.270034738751946,37.45621109008789,110686400,0.0,0.0
2017-08-17 00:00:00-04:00,37.35614114509254,37.400358425370186,36.73245093820814,36.73710632324219,111762400,0.0,0.0
2017-08-18 00:00:00-04:00,36.73709947239785,37.11875930059524,36.47179939122427,36.6533203125,109712400,0.0,0.0
2017-08-21 00:00:00-04:00,36.653321596363746,36.744082060180695,36.09712212814853,36.58583450317383,105474000,0.0,0.0
2017-08-22 00:00:00-04:00,36.82320587499691,37.23512038858057,36.77433676805687,37.183921813964844,86418400,0.0,0.0
2017-08-23 00:00:00-04:00,37.018689094259635,37.34449494326663,36.97447182524781,37.23046112060547,77596400,0.0,0.0
2017-08-24 00:00:00-04:00,37.33519473960121,37.40734078109702,36.897684411571745,37.065242767333984,79275600,0.0,0.0
2017-08-25 00:00:00-04:00,37.153664881637,37.36544046820543,37.06523389078698,37.202537536621094,101920400,0.0,0.0
2017-08-28 00:00:00-04:00,37.26770353118173,37.7005619774075,37.21883086987419,37.57722091674805,103864000,0.0,0.0
2017-08-29 00:00:00-04:00,37.25840071577374,37.961211187597634,37.23512734077837,37.9123420715332,118067600,0.0,0.0
2017-08-30 00:00:00-04:00,38.11945542733169,38.1403993304265,37.84251864968543,38.014732360839844,109078400,0.0,0.0
2017-08-31 00:00:00-04:00,38.08222500529962,38.28701933479134,38.04498902702507,38.1660041809082,107140400,0.0,0.0
2017-09-01 00:00:00-04:00,38.35218631660367,38.38476691476252,38.07990484248632,38.17764663696289,66364400,0.0,0.0
2017-09-05 00:00:00-04:00,38.10781838765025,38.22417813845223,37.36544260937073,37.71917724609375,117874000,0.0,0.0
2017-09-06 00:00:00-04:00,37.865798997669195,37.93096018664937,37.35614262234544,37.679622650146484,86606800,0.0,0.0
2017-09-07 00:00:00-04:00,37.721512304037944,37.75642236834919,37.3189084629825,37.52835464477539,87714000,0.0,0.0
2017-09-08 00:00:00-04:00,37.43525757001091,37.502744660143726,36.89302072832762,36.91629409790039,114446000,0.0,0.0
2017-09-11 00:00:00-04:00,37.35147850579891,37.712194428986784,37.20951947348694,37.584197998046875,126323200,0.0,0.0
2017-09-12 00:00:00-04:00,37.84251606174984,38.15668879075786,36.948874080640124,37.43525695800781,286856000,0.0,0.0
2017-09-13 00:00:00-04:00,37.20487366489882,37.22582112336586,36.74874533126742,37.1536750793457,179629600,0.0,0.0
2017-09-14 00:00:00-04:00,37.000086587029514,37.095498914209934,36.790636838468636,36.83485412597656,95042800,0.0,0.0
2017-09-15 00:00:00-04:00,36.879059930455085,37.46085868804917,36.76968147994597,37.20719528198242,196458400,0.0,0.0
2017-09-18 00:00:00-04:00,37.26071860122323,37.35147906251199,36.76968032322053,36.925601959228516,113077600,0.0,0.0
2017-09-19 00:00:00-04:00,37.12108466981991,37.18159401003139,36.87207666138976,36.9395637512207,83242400,0.0,0.0
2017-09-20 00:00:00-04:00,36.74641502768066,36.83019420658848,35.79924831851858,36.32054138183594,211805600,0.0,0.0
2017-09-21 00:00:00-04:00,36.25770863694524,36.25770863694524,35.54791325936947,35.69685363769531,150046800,0.0,0.0
2017-09-22 00:00:00-04:00,35.266306014014894,35.436193779476454,35.03824193356741,35.34775924682617,186581600,0.0,0.0
2017-09-25 00:00:00-04:00,34.905600646477254,35.33380369340839,34.712443026705316,35.03592300415039,177549200,0.0,0.0
2017-09-26 00:00:00-04:00,35.32216936298457,35.82018900645393,35.30122545789439,35.638668060302734,146640000,0.0,0.0
2017-09-27 00:00:00-04:00,35.792266285759226,36.006367838372455,35.73175693216047,35.892333984375,102016800,0.0,0.0
2017-09-28 00:00:00-04:00,35.8132199350834,35.903980439154,35.536283036477926,35.671260833740234,88022000,0.0,0.0
2017-09-29 00:00:00-04:00,35.65497284974704,35.86907446385912,35.37338056046845,35.86674499511719,105199200,0.0,0.0
2017-10-02 00:00:00-04:00,35.89931689948328,35.94353418263258,35.540930350989605,35.794593811035156,74795200,0.0,0.0
2017-10-03 00:00:00-04:00,35.8411334693977,36.09247098744628,35.81786364705247,35.95051193237305,64921200,0.0,0.0
2017-10-04 00:00:00-04:00,35.75269493428581,35.80621942052902,35.48041356815631,35.7177848815918,80655200,0.0,0.0
2017-10-05 00:00:00-04:00,35.88070024890902,36.17392916873495,35.85044912063934,36.16229248046875,85135200,0.0,0.0
2017-10-06 00:00:00-04:00,36.064532875596505,36.18554798195189,35.96911705037366,36.14133071899414,69630400,0.0,0.0
2017-10-09 00:00:00-04:00,36.26003224743813,36.47413380572226,36.185563838522064,36.26701354980469,65051600,0.0,0.0
2017-10-10 00:00:00-04:00,36.31820750231765,36.769683936536744,36.0947987530455,36.28097152709961,62468000,0.0,0.0
2017-10-11 00:00:00-04:00,36.29726179228331,36.53230721599602,36.24606321665989,36.4322395324707,67622400,0.0,0.0
2017-10-12 00:00:00-04:00,36.3856944239882,36.623065751896675,36.241405922553476,36.30424118041992,64500400,0.0,0.0
2017-10-13 00:00:00-04:00,36.4741319138063,36.602128368918095,36.39966350875292,36.53464126586914,65576800,0.0,0.0
2017-10-16 00:00:00-04:00,36.74640810923509,37.23512048602124,36.688228233475684,37.20719528198242,96486000,0.0,0.0
2017-10-17 00:00:00-04:00,37.18392825739434,37.43759170675343,37.055931798675125,37.344505310058594,75989200,0.0,0.0
2017-10-18 00:00:00-04:00,37.33285978269676,37.40035042268511,37.142031649352866,37.179264068603516,65496800,0.0,0.0
2017-10-19 00:00:00-04:00,36.47878992922829,36.555587807833106,36.07618609686236,36.29959487915039,170336800,0.0,0.0
2017-10-20 00:00:00-04:00,36.44621740156226,36.71151760864258,36.29495107905008,36.3624382019043,95896400,0.0,0.0
2017-10-23 00:00:00-04:00,36.51135789533137,36.69753418351876,36.187877970624996,36.34379959106445,87937200,0.0,0.0
2017-10-24 00:00:00-04:00,36.37173209112569,36.6347062841316,36.350788186643285,36.560237884521484,71028800,0.0,0.0
2017-10-25 00:00:00-04:00,36.51602560804627,36.66496597867976,36.1343656863593,36.39966583251953,84828400,0.0,0.0
2017-10-26 00:00:00-04:00,36.59048626766541,36.73011938912939,36.48576320207633,36.63237762451172,68002000,0.0,0.0
2017-10-27 00:00:00-04:00,37.069888165313095,38.07291220866558,36.9325845104359,37.944915771484375,177816800,0.0,0.0
2017-10-30 00:00:00-04:00,38.140414349342386,39.113184104676954,38.10085244424537,38.79901123046875,178803200,0.0,0.0
2017-10-31 00:00:00-04:00,39.073612806807134,39.480872037882925,38.85020401718745,39.33891296386719,144187200,0.0,0.0
2017-11-01 00:00:00-04:00,39.53208074437138,39.54837282227368,38.54069644075355,38.83857727050781,134551200,0.0,0.0
2017-11-02 00:00:00-04:00,38.771077070181164,39.21324277903293,38.4638855706281,39.12248229980469,165573600,0.0,0.0
2017-11-03 00:00:00-04:00,40.493206256368886,40.553712067810444,39.82297274062707,40.144126892089844,237594400,0.0,0.0
2017-11-06 00:00:00-05:00,40.11386250903352,40.72359006586679,39.962596241505004,40.55137634277344,140105200,0.0,0.0
2017-11-07 00:00:00-05:00,40.47225549744198,40.784098824511965,40.40011300919636,40.68170166015625,97446000,0.0,0.0
2017-11-08 00:00:00-05:00,40.64679852481168,41.014495849609375,40.57000064516862,41.014495849609375,97638000,0.0,0.0
2017-11-09 00:00:00-05:00,40.751511018265454,40.981904597285485,40.293053327832816,40.93070602416992,117930400,0.0,0.0
2017-11-10 00:00:00-05:00,40.89801520924075,40.96107636396165,40.70182890986884,40.795249938964844,100582000,0.1575,0.0
2017-11-13 00:00:00-05:00,40.521995587695365,40.755551758229636,40.4986385451282,40.63176727294922,67928400,0.0,0.0
2017-11-14 00:00:00-05:00,40.414558051019085,40.51732333592868,39.98014343267312,40.017513275146484,99130000,0.0,0.0
2017-11-15 00:00:00-05:00,39.697530772448054,39.77927683331214,39.32617742716253,39.48966598510742,116632400,0.0,0.0
2017-11-16 00:00:00-05:00,39.98013383709953,40.14128812577622,39.7746068803929,39.96145248413086,94550000,0.0,0.0
2017-11-17 00:00:00-05:00,39.94743924729169,40.02918531900126,39.620462088020936,39.73957443237305,87598000,0.0,0.0
2017-11-20 00:00:00-05:00,39.77227671695763,39.8353378776979,39.60178171888046,39.69987487792969,65049600,0.0,0.0
2017-11-21 00:00:00-05:00,39.886715563706446,40.568699035095165,39.886715563706446,40.43790817260742,100525200,0.0,0.0
2017-11-22 00:00:00-05:00,40.48929245518663,40.87232438112121,40.41689062220264,40.86298370361328,102355600,0.0,0.0
2017-11-24 00:00:00-05:00,40.89567791956575,40.989098941782885,40.79057481484202,40.86531448364258,56106800,0.0,0.0
2017-11-27 00:00:00-05:00,40.88399400801354,40.89100040556646,40.484611528581425,40.6597785949707,82867200,0.0,0.0
2017-11-28 00:00:00-05:00,40.70882756081835,40.84195268013187,40.138950125958594,40.42155456542969,105715200,0.0,0.0
2017-11-29 00:00:00-05:00,40.31879568028869,40.38652538961808,39.04124336985359,39.583091735839844,166665600,0.0,0.0
2017-11-30 00:00:00-05:00,39.80497431661484,40.204356915053424,39.34019984279144,40.136627197265625,166108800,0.0,0.0
2017-12-01 00:00:00-05:00,39.692862534061966,40.094579352171586,39.35420686724889,39.94977569580078,159037200,0.0,0.0
2017-12-04 00:00:00-05:00,40.28375409121187,40.31645180181726,39.618121361648676,39.6578254699707,130169600,0.0,0.0
2017-12-05 00:00:00-05:00,39.48500893640505,40.059558732237136,39.33086099559832,39.6204719543457,109400800,0.0,0.0
2017-12-06 00:00:00-05:00,39.12064019429339,39.751240845862775,38.87774345906185,39.47330856323242,114240000,0.0,0.0
2017-12-07 00:00:00-05:00,39.47800492525257,39.8073200286033,39.44997932114948,39.545738220214844,102693200,0.0,0.0
2017-12-08 00:00:00-05:00,39.81898503312158,39.9380973739062,39.428946732036295,39.55739974975586,93420800,0.0,0.0
2017-12-11 00:00:00-05:00,39.517696389805344,40.379519077673,39.42193752142367,40.3281364440918,141095200,0.0,0.0
2017-12-12 00:00:00-05:00,40.206681105510164,40.262735852355064,40.04553039042469,40.10158157348633,77636800,0.0,0.0
2017-12-13 00:00:00-05:00,40.28843523854579,40.53133206264366,40.171657165390585,40.234718322753906,95273600,0.0,0.0
2017-12-14 00:00:00-05:00,40.265079931953295,40.435578492024916,40.08991281467893,40.22304153442383,81906000,0.0,0.0
2017-12-15 00:00:00-05:00,40.55235903027581,40.678477794299205,40.27909873840484,40.63176727294922,160677200,0.0,0.0
2017-12-18 00:00:00-05:00,40.84429699209072,41.38614535836451,40.83962487164989,41.20397186279297,117684400,0.0,0.0
2017-12-19 00:00:00-05:00,40.879332559638705,40.963412916005446,40.659789208915306,40.764888763427734,109745600,0.0,0.0
2017-12-20 00:00:00-05:00,40.84195901091509,40.97041559422269,40.46359922352152,40.72051239013672,93902400,0.0,0.0
2017-12-21 00:00:00-05:00,40.67847418142717,41.11055448405394,40.6621271041095,40.87466049194336,83799600,0.0,0.0
2017-12-22 00:00:00-05:00,40.79758653485828,40.970419368665794,40.755548138512246,40.87466049194336,65397600,0.0,0.0
2017-12-26 00:00:00-05:00,39.89138246282705,40.047864621663386,39.62979720830644,39.83766555786133,132742000,0.0,0.0
2017-12-27 00:00:00-05:00,39.72789130008167,39.88670772653053,39.63680456990471,39.844669342041016,85992800,0.0,0.0
2017-12-28 00:00:00-05:00,39.93809837655512,40.136622513297105,39.81664819065001,39.956783294677734,65920800,0.0,0.0
2017-12-29 00:00:00-05:00,39.82599339127674,39.8423404676631,39.52236970108952,39.52470397949219,103999600,0.0,0.0
2018-01-02 00:00:00-05:00,39.74191415126249,40.2417241547698,39.531711484275874,40.23237991333008,102223600,0.0,0.0
2018-01-03 00:00:00-05:00,40.295443689367616,40.7672281267938,40.16231853236063,40.22537612915039,118071600,0.0,0.0
2018-01-04 00:00:00-05:00,40.29777620574446,40.51498527654076,40.19034237338912,40.4122200012207,89738400,0.0,0.0
2018-01-05 00:00:00-05:00,40.50797131518301,40.958732886034994,40.4168845770232,40.872318267822266,94640000,0.0,0.0
2018-01-08 00:00:00-05:00,40.72051239013672,41.0147918288002,40.622415680131866,40.72051239013672,82271200,0.0,0.0
2018-01-09 00:00:00-05:00,40.767222018194126,40.886334358066584,40.500968180291736,40.71583938598633,86336000,0.0,0.0
2018-01-10 00:00:00-05:00,40.442592553157525,40.70884647930299,40.40522270575137,40.70650863647461,95839600,0.0,0.0
2018-01-11 00:00:00-05:00,40.776563140765795,40.98676579221811,40.7532096664602,40.93771743774414,74670800,0.0,0.0
2018-01-12 00:00:00-05:00,41.14791003371474,41.42350807179687,41.024125591694585,41.36044692993164,101672400,0.0,0.0
2018-01-16 00:00:00-05:00,41.54962456138467,41.89762439814346,41.13856714992863,41.150245666503906,118263600,0.0,0.0
2018-01-17 00:00:00-05:00,41.14090924173439,41.86493464152241,40.88867176747151,41.82990264892578,137547200,0.0,0.0
2018-01-18 00:00:00-05:00,41.892962740708185,42.06346128496343,41.63138101025512,41.867271423339844,124773600,0.0,0.0
2018-01-19 00:00:00-05:00,41.71545954443522,41.942009270329734,41.43519290775877,41.68042755126953,129700400,0.0,0.0
2018-01-22 00:00:00-05:00,41.40950313011101,41.52160907619025,41.246014549623844,41.33943557739258,108434400,0.0,0.0
2018-01-23 00:00:00-05:00,41.40950464867814,41.90931464951579,41.297398698487754,41.348777770996094,130756400,0.0,0.0
2018-01-24 00:00:00-05:00,41.39781827541702,41.40949679304685,40.45191536793294,40.69014358520508,204420400,0.0,0.0
2018-01-25 00:00:00-05:00,40.75788422729664,40.86064950797437,39.828331707702596,39.96379470825195,166116000,0.0,0.0
2018-01-26 00:00:00-05:00,40.17166427388989,40.17166427388989,39.718564699664896,40.057220458984375,156572000,0.0,0.0
2018-01-29 00:00:00-05:00,39.74191114188095,39.74191114188095,39.0202235699117,39.22808837890625,202561600,0.0,0.0
2018-01-30 00:00:00-05:00,38.66054672904738,39.09028916200144,38.4666947094055,38.99686813354492,184192800,0.0,0.0
2018-01-31 00:00:00-05:00,38.97351058898067,39.34019542667271,38.887095960590166,39.10430145263672,129915600,0.0,0.0
2018-02-01 00:00:00-05:00,39.04356961903732,39.38222522360861,38.947810770553936,39.186038970947266,188923200,0.0,0.0
2018-02-02 00:00:00-05:00,38.77033031618112,38.95717599431729,37.39235012202358,37.48577117919922,346375200,0.0,0.0
2018-02-05 00:00:00-05:00,37.15877588220961,38.275173723461506,36.43475056721955,36.5491943359375,290954000,0.0,0.0
2018-02-06 00:00:00-05:00,36.161500373275416,38.23781447548652,35.96764833446802,38.07666015625,272975200,0.0,0.0
2018-02-07 00:00:00-05:00,38.09066824510716,38.163070074933216,37.151775171913954,37.26154327392578,206434400,0.0,0.0
2018-02-08 00:00:00-05:00,37.43671114354451,37.60253756671725,36.208207161904596,36.23623275756836,217562000,0.0,0.0
2018-02-09 00:00:00-05:00,36.83422735479435,37.026522336386975,35.232534933914586,36.67945098876953,282690400,0.1575,0.0
2018-02-12 00:00:00-05:00,37.16957849038807,38.43357852431035,36.93741390436866,38.1568603515625,243278000,0.0,0.0
2018-02-13 00:00:00-05:00,37.97862208504854,38.63524610322422,37.90826887268811,38.53909683227539,130196800,0.0,0.0
2018-02-14 00:00:00-05:00,38.234238930394085,39.28952648112908,38.19672031477499,39.24966049194336,162579600,0.0,0.0
2018-02-15 00:00:00-05:00,39.81716693279276,40.59104512106228,39.63190693047491,40.567596435546875,204588800,0.0,0.0
2018-02-16 00:00:00-05:00,40.41986557057159,40.99675777482494,40.28150648157054,40.436279296875,160704400,0.0,0.0
2018-02-20 00:00:00-05:00,40.347167225893934,40.865428738385795,40.19942580241765,40.30026626586914,135722000,0.0,0.0
2018-02-21 00:00:00-05:00,40.530077297539975,40.832591485159895,40.103270396242934,40.11734390258789,149886400,0.0,0.0
2018-02-22 00:00:00-05:00,40.28853879540828,40.79273036100625,40.267433900844,40.452693939208984,123967600,0.0,0.0
2018-02-23 00:00:00-05:00,40.72707628005614,41.191401942979354,40.69658904083861,41.156227111816406,135249600,0.0,0.0
2018-02-26 00:00:00-05:00,41.35554477448778,42.06844851198474,41.32271375193818,41.96995544433594,152648800,0.0,0.0
2018-02-27 00:00:00-05:00,42.00044490832769,42.32406398260265,41.780006497336466,41.83394241333008,155712400,0.0,0.0
2018-02-28 00:00:00-05:00,42.03797696075021,42.35690854658368,41.75422378396798,41.77063751220703,151128400,0.0,0.0
2018-03-01 00:00:00-05:00,41.869113560517185,42.15990516330248,40.490207082637184,41.03895568847656,195208000,0.0,0.0
2018-03-02 00:00:00-05:00,40.52304520982578,41.34382446752006,40.44096585273092,41.32271957397461,153816000,0.0,0.0
2018-03-05 00:00:00-05:00,41.08821589148542,41.68152182188647,40.92640453259168,41.46577453613281,113605600,0.0,0.0
2018-03-06 00:00:00-05:00,41.72138323820596,41.80111522190971,41.30395864315268,41.43059158325195,95154000,0.0,0.0
2018-03-07 00:00:00-05:00,41.024892726201514,41.23829619080357,40.86777255571941,41.045997619628906,126814000,0.0,0.0
2018-03-08 00:00:00-05:00,41.15152794699737,41.53612153235945,41.05538223439218,41.49391174316406,95096400,0.0,0.0
2018-03-09 00:00:00-05:00,41.733109499405906,42.21150498140383,41.59943801604093,42.20681381225586,128740800,0.0,0.0
2018-03-12 00:00:00-04:00,42.27950414137444,42.771973052888505,42.26074662437796,42.61485290527344,128828400,0.0,0.0
2018-03-13 00:00:00-04:00,42.81888624202116,43.03228973656736,42.033285279377445,42.20447540283203,126774000,0.0,0.0
2018-03-14 00:00:00-04:00,42.28655332708337,42.33345428800608,41.697934995814336,41.84567642211914,117473600,0.0,0.0
2018-03-15 00:00:00-04:00,41.859741712209576,42.267787541462646,41.75890483631969,41.89491653442383,90975200,0.0,0.0
2018-03-16 00:00:00-04:00,41.894914950049724,42.005134159904195,41.653371637810366,41.74717712402344,157618800,0.0,0.0
2018-03-19 00:00:00-04:00,41.5830218279429,41.61819664868472,40.72472041870842,41.10931396484375,133787200,0.0,0.0
2018-03-20 00:00:00-04:00,41.095252990722656,41.46108551940185,41.024899755596465,41.095252990722656,78597600,0.0,0.0
2018-03-21 00:00:00-04:00,41.04833949755598,41.06006563057241,40.16189823187742,40.16424560546875,148219600,0.0,0.0
2018-03-22 00:00:00-04:00,39.86641624239975,40.49489685145433,39.538106010552305,39.59673309326172,165963200,0.0,0.0
2018-03-23 00:00:00-04:00,39.48887048770465,39.84766806393242,38.67981719970703,38.67981719970703,164115200,0.0,0.0
2018-03-26 00:00:00-04:00,39.413821710118775,40.59339847247877,39.031571938963225,40.51601028442383,150164800,0.0,0.0
2018-03-27 00:00:00-04:00,40.7293966252805,41.07412408545164,39.14412193006783,39.47712326049805,163690400,0.0,0.0
2018-03-28 00:00:00-04:00,39.22151938195304,39.8711084776805,38.73843278003279,39.04094696044922,166674000,0.0,0.0
2018-03-29 00:00:00-04:00,39.35283726986736,40.27680054485282,39.13943385796713,39.345802307128906,153594000,0.0,0.0
2018-04-02 00:00:00-04:00,39.078473717905176,39.61784367192837,38.569590996327946,39.087852478027344,150347200,0.0,0.0
2018-04-03 00:00:00-04:00,39.31298361843127,39.57328805633437,38.66574179530286,39.48886489868164,121112000,0.0,0.0
2018-04-04 00:00:00-04:00,38.665740123117175,40.337782321799516,38.63994405999684,40.243980407714844,138422000,0.0,0.0
2018-04-05 00:00:00-04:00,40.47146389117717,40.85840135608462,40.3542096801974,40.52305603027344,107732800,0.0,0.0
2018-04-06 00:00:00-04:00,40.09389852773458,40.4480048978712,39.44430930489733,39.48652267456055,140021200,0.0,0.0
2018-04-09 00:00:00-04:00,39.83827351188267,40.59104319567461,39.83123854873043,39.87813949584961,116070800,0.0,0.0
2018-04-10 00:00:00-04:00,40.5699434707003,40.80445181446158,40.22521591910616,40.628570556640625,113634400,0.0,0.0
2018-04-11 00:00:00-04:00,40.38938081183268,40.78570058116523,40.26509164584622,40.438629150390625,89726400,0.0,0.0
2018-04-12 00:00:00-04:00,40.666086396470234,41.038953745995926,40.57931588958314,40.837276458740234,91557200,0.0,0.0
2018-04-13 00:00:00-04:00,40.98738073853551,41.235959087428064,40.76928962884035,40.97565460205078,100497200,0.0,0.0
2018-04-16 00:00:00-04:00,41.04599859592581,41.318029156505595,40.99909763886708,41.23126220703125,86313600,0.0,0.0
2018-04-17 00:00:00-04:00,41.38838883364353,41.96293369838951,41.36962773223247,41.79877853393555,106421600,0.0,0.0
2018-04-18 00:00:00-04:00,41.69793253397193,41.93478827686572,41.479841468316096,41.7049674987793,83018000,0.0,0.0
2018-04-19 00:00:00-04:00,40.748182111498465,41.13043198435319,40.49022499433168,40.52305603027344,139235200,0.0,0.0
2018-04-20 00:00:00-04:00,40.00713798588537,40.15253206159745,38.794726302460546,38.862735748291016,261964400,0.0,0.0
2018-04-23 00:00:00-04:00,39.12302377564878,39.14412866582664,38.48046968538976,38.75015640258789,146062000,0.0,0.0
2018-04-24 00:00:00-04:00,38.85099548025622,39.0057718403514,37.80743410382036,38.21078872680664,134768000,0.0,0.0
2018-04-25 00:00:00-04:00,38.135749302540106,38.792373442463585,38.08650454957621,38.37729263305664,113528400,0.0,0.0
2018-04-26 00:00:00-04:00,38.487503547700406,38.865062078325884,38.31162231129064,38.510955810546875,111852000,0.0,0.0
2018-04-27 00:00:00-04:00,38.45937535604153,38.53676355292393,37.66908323921262,38.06540298461914,142623200,0.0,0.0
2018-04-30 00:00:00-04:00,38.020843523315335,39.22386903924131,37.9528340915333,38.754852294921875,169709600,0.0,0.0
2018-05-01 00:00:00-04:00,39.024544439194806,39.678821313082864,38.757205001282635,39.655372619628906,214277600,0.0,0.0
2018-05-02 00:00:00-04:00,41.0928987187872,41.6838607850088,40.75755348322687,41.407142639160156,266157600,0.0,0.0
2018-05-03 00:00:00-04:00,41.24531802695329,41.6252203009783,40.907625526347765,41.48217010498047,136272800,0.0,0.0
2018-05-04 00:00:00-04:00,41.801108061327,43.20815798204488,41.78234696631987,43.10966491699219,224805200,0.0,0.0
2018-05-07 00:00:00-04:00,43.42625360003483,44.010180667150244,43.32541672929725,43.421566009521484,169805600,0.0,0.0
2018-05-08 00:00:00-04:00,43.38170126079182,43.67014553139931,43.07214851901718,43.630279541015625,113611200,0.0,0.0
2018-05-09 00:00:00-04:00,43.74753734783236,43.946867316294885,43.43564078484701,43.9374885559082,92844800,0.0,0.0
2018-05-10 00:00:00-04:00,44.02658611550856,44.64334046342072,44.00547765062809,44.56595230102539,111957200,0.0,0.0
2018-05-11 00:00:00-04:00,44.60835031424025,44.74253367480774,44.12810643235804,44.39647674560547,104848800,0.1825,0.0
2018-05-14 00:00:00-04:00,44.4953436639537,44.61775924769171,44.224620553416436,44.29288864135742,83115200,0.0,0.0
2018-05-15 00:00:00-04:00,43.97037070032419,44.03864237453886,43.57487920653091,43.89033126831055,94780800,0.0,0.0
2018-05-16 00:00:00-04:00,43.8032210995597,44.36585702997145,43.78674049451517,44.2999382019043,76732400,0.0,0.0
2018-05-17 00:00:00-04:00,44.2575790253715,44.47180540297354,43.87150241585593,44.019813537597656,69176000,0.0,0.0
2018-05-18 00:00:00-04:00,44.066886380624,44.21284104716232,43.81734959249926,43.85972213745117,73190800,0.0,0.0
2018-05-21 00:00:00-04:00,44.25756888940936,44.55654389780449,44.00097001699767,44.170467376708984,73603200,0.0,0.0
2018-05-22 00:00:00-04:00,44.34703725408873,44.46474358200202,43.970375567921366,44.05983352661133,60962800,0.0,0.0
2018-05-23 00:00:00-04:00,43.86914143424903,44.37527711033402,43.73024526395209,44.34231948852539,80233600,0.0,0.0
2018-05-24 00:00:00-04:00,44.43884692692997,44.455323944524565,43.836191117930454,44.29288864135742,92936000,0.0,0.0
2018-05-25 00:00:00-04:00,44.311719588330504,44.64600510130118,44.17517982802782,44.39411544799805,69844000,0.0,0.0
2018-05-29 00:00:00-04:00,44.16341457064285,44.43413768126005,43.991560749846364,44.23403549194336,90056400,0.0,0.0
2018-05-30 00:00:00-04:00,44.19166075774655,44.25757600911459,43.97037230296309,44.139869689941406,74762000,0.0,0.0
2018-05-31 00:00:00-04:00,44.073953934274336,44.31171940312337,43.819707856715965,43.99155807495117,109931200,0.0,0.0
2018-06-01 00:00:00-04:00,44.25522977936332,44.78961396182632,44.198729444569345,44.784908294677734,93770000,0.0,0.0
2018-06-04 00:00:00-04:00,45.1144812257264,45.53351546579196,45.0462131360557,45.159210205078125,105064800,0.0,0.0
2018-06-05 00:00:00-04:00,45.451121214441805,45.65592906665708,45.28397665552099,45.50761795043945,86264000,0.0,0.0
2018-06-06 00:00:00-04:00,45.58295196713627,45.6888869398152,45.18039476042203,45.66534423828125,83734400,0.0,0.0
2018-06-07 00:00:00-04:00,45.703005644811824,45.71712982719416,45.27926221278443,45.54292678833008,85388800,0.0,0.0
2018-06-08 00:00:00-04:00,45.003832665969014,45.19922558261393,44.674256416273806,45.12860107421875,106627200,0.0,0.0
2018-06-11 00:00:00-04:00,45.046211555074656,45.19216624711074,44.777841280495316,45.01795959472656,73234000,0.0,0.0
2018-06-12 00:00:00-04:00,45.055619637889805,45.34282331171318,44.999119317886205,45.26513671875,67644400,0.0,0.0
2018-06-13 00:00:00-04:00,45.298106191637146,45.406397601947454,44.83199010402392,44.89319610595703,86553600,0.0,0.0
2018-06-14 00:00:00-04:00,45.09328078041541,45.097990037844376,44.780181615441705,44.91672134399414,86440400,0.0,0.0
2018-06-15 00:00:00-04:00,44.73546772189716,44.766072517330024,44.31878630576844,44.455326080322266,246876800,0.0,0.0
2018-06-18 00:00:00-04:00,44.22933055748837,44.54478265155956,44.06924808496244,44.431785583496094,73939600,0.0,0.0
2018-06-19 00:00:00-04:00,43.58429795860175,43.86443958736214,43.18645000462183,43.713775634765625,134314000,0.0,0.0
2018-06-20 00:00:00-04:00,43.869146633345196,44.06924522085797,43.72318835479916,43.904457092285156,82514800,0.0,0.0
2018-06-21 00:00:00-04:00,44.08102842165333,44.33998383053485,43.537225655114895,43.65964126586914,102847600,0.0,0.0
2018-06-22 00:00:00-04:00,43.81500332493383,43.82206541739633,43.48071777729794,43.532508850097656,108801600,0.0,0.0
2018-06-25 00:00:00-04:00,43.17467309411117,43.53250128249265,42.546121829430355,42.88511657714844,126652400,0.0,0.0
2018-06-26 00:00:00-04:00,43.07816499818118,43.911524254395744,42.972226424905315,43.41715621948242,98276800,0.0,0.0
2018-06-27 00:00:00-04:00,43.60548540849269,44.0880820733022,43.32299093878607,43.35359573364258,101141200,0.0,0.0
2018-06-28 00:00:00-04:00,43.33946445126731,43.83618521939736,43.26883994737882,43.66904067993164,69460800,0.0,0.0
2018-06-29 00:00:00-04:00,43.855025219825926,44.06689878053816,43.05933282868056,43.577239990234375,90950800,0.0,0.0
2018-07-02 00:00:00-04:00,43.2735465192526,44.09278137401381,43.179379322543035,44.06452941894531,70925200,0.0,0.0
2018-07-03 00:00:00-04:00,44.208138207593315,44.24580509220455,43.20763448482043,43.29709243774414,55819200,0.0,0.0
2018-07-05 00:00:00-04:00,43.61254255857638,43.88326923845472,43.38183918687277,43.64550018310547,66416800,0.0,0.0
2018-07-06 00:00:00-04:00,43.65021954934719,44.35881043686303,43.598428471363974,44.25052261352539,69940800,0.0,0.0
2018-07-09 00:00:00-04:00,44.61069456513132,44.88847975166625,44.56361275630815,44.86494064331055,79026400,0.0,0.0
2018-07-10 00:00:00-04:00,44.89554734134358,45.02973068179138,44.770775334103476,44.81079864501953,63756400,0.0,0.0
2018-07-11 00:00:00-04:00,44.375286670796754,44.67661458999871,44.16576954584989,44.229331970214844,75326000,0.0,0.0
2018-07-12 00:00:00-04:00,44.617759623255736,45.06033655826407,44.5659685524734,44.97087860107422,72164400,0.0,0.0
2018-07-13 00:00:00-04:00,44.98264312282081,45.161555417926046,44.94026698401791,45.04149627685547,50055600,0.0,0.0
2018-07-16 00:00:00-04:00,45.086224977091796,45.352238789090364,44.8272696640545,44.942623138427734,60172400,0.0,0.0
2018-07-17 00:00:00-04:00,44.66955094745963,45.16862462279862,44.54007326976923,45.06975173950195,62138000,0.0,0.0
2018-07-18 00:00:00-04:00,45.14743759156633,45.152146850343286,44.71192275355339,44.822566986083984,65573600,0.0,0.0
2018-07-19 00:00:00-04:00,44.655428060581336,45.328708412023275,44.655428060581336,45.170982360839844,81147200,0.0,0.0
2018-07-20 00:00:00-04:00,45.147441331264595,45.30045812912671,44.76842679084426,45.06740188598633,82704800,0.0,0.0
2018-07-23 00:00:00-04:00,44.888478631479195,45.189810103073654,44.62481763495967,45.10741424560547,63957600,0.0,0.0
2018-07-24 00:00:00-04:00,45.305165112002,45.59001600744331,45.211001486066,45.43464279174805,74791600,0.0,0.0
2018-07-25 00:00:00-04:00,45.448769545919404,45.870160237270106,45.30045841417882,45.86309814453125,66839600,0.0,0.0
2018-07-26 00:00:00-04:00,45.813657492271,46.131466017243845,45.578244834398404,45.7194938659668,76304000,0.0,0.0
2018-07-27 00:00:00-04:00,45.903121250990715,45.95020307009098,44.75195335224335,44.95911407470703,96096000,0.0,0.0
2018-07-30 00:00:00-04:00,45.17569090930291,45.24631543024671,44.50947619991051,44.70722198486328,84118000,0.0,0.0
2018-07-31 00:00:00-04:00,44.799029246561446,45.2321876723777,44.57303151581136,44.79667282104492,157492000,0.0,0.0
2018-08-01 00:00:00-04:00,46.87772303025375,47.49685586882303,46.44927027493961,47.43564987182617,271742800,0.0,0.0
2018-08-02 00:00:00-04:00,47.21906796740019,49.05528728580015,47.16492406575627,48.822227478027344,249616000,0.0,0.0
2018-08-03 00:00:00-04:00,48.737484162224085,49.14004140332828,48.372593809947276,48.96348190307617,133789600,0.0,0.0
2018-08-06 00:00:00-04:00,48.965830589860516,49.26009639869382,48.74689855230227,49.21772384643555,101701600,0.0,0.0
2018-08-07 00:00:00-04:00,49.27658070828396,49.318953263723905,48.67392126916684,48.756317138671875,102349600,0.0,0.0
2018-08-08 00:00:00-04:00,48.50677405071217,48.921098994216976,48.14659300734389,48.789268493652344,90102000,0.0,0.0
2018-08-09 00:00:00-04:00,49.32601330988609,49.384866473630254,48.77750139273708,49.172996520996094,93970400,0.0,0.0
2018-08-10 00:00:00-04:00,48.98635970869857,49.397415528202615,48.82335475260716,49.026519775390625,98444800,0.1825,0.0
2018-08-13 00:00:00-04:00,49.447024012639176,49.83445457088549,49.06668031301187,49.34307861328125,103563600,0.0,0.0
2018-08-14 00:00:00-04:00,49.6478419970933,49.74233587521669,49.19898706423124,49.55098342895508,82992000,0.0,0.0
2018-08-15 00:00:00-04:00,49.42577255117373,49.78485574116098,49.21552062904969,49.6667366027832,115230400,0.0,0.0
2018-08-16 00:00:00-04:00,50.02346370011316,50.510114057112624,49.95731725963036,50.39435958862305,114001600,0.0,0.0
2018-08-17 00:00:00-04:00,50.42269622366473,51.48812950883822,50.35654979736229,51.40072250366211,141708000,0.0,0.0
2018-08-20 00:00:00-04:00,51.523575131826234,51.77870932595863,50.817221310825,50.899906158447266,121150800,0.0,0.0
2018-08-21 00:00:00-04:00,51.216452242034755,51.30858501340553,50.56207129400101,50.8006706237793,104639200,0.0,0.0
2018-08-22 00:00:00-04:00,50.578610122385655,51.11250726288701,50.5171858711542,50.803035736083984,76072400,0.0,0.0
2018-08-23 00:00:00-04:00,50.708547149487345,51.27552120432041,50.696738118838695,50.90699005126953,75532800,0.0,0.0
2018-08-24 00:00:00-04:00,51.16920342685341,51.24007201397918,50.817207157054575,51.06525802612305,73905600,0.0,0.0
2018-08-27 00:00:00-04:00,51.29913331813298,51.67475486622444,51.10541983221715,51.48576354980469,82100400,0.0,0.0
2018-08-28 00:00:00-04:00,51.73854910291171,52.09999341575368,51.717288520911694,51.901554107666016,91107200,0.0,0.0
2018-08-29 00:00:00-04:00,52.00785967623927,52.79689832830849,51.83304564336104,52.676414489746094,109019200,0.0,0.0
2018-08-30 00:00:00-04:00,52.74019031767683,53.923742675038724,52.53938635946585,53.16069412231445,195175200,0.0,0.0
2018-08-31 00:00:00-04:00,53.510332089543624,54.06785458062129,53.389851863123376,53.77492141723633,173360400,0.0,0.0
2018-09-04 00:00:00-04:00,53.95918125564201,54.141082118508926,53.538677445708245,53.94736862182617,109560400,0.0,0.0
2018-09-05 00:00:00-04:00,54.096191092667794,54.2568313514051,53.17722456450172,53.59536361694336,133332000,0.0,0.0
2018-09-06 00:00:00-04:00,53.444173262804355,53.70876252912746,52.27952053007773,52.704750061035156,137160000,0.0,0.0
2018-09-07 00:00:00-04:00,52.40945751605054,53.241013565604675,52.140146053637395,52.27952575683594,150479200,0.0,0.0
2018-09-10 00:00:00-04:00,52.19684688336243,52.40946349671516,51.13850040561501,51.577903747558594,158066000,0.0,0.0
2018-09-11 00:00:00-04:00,51.50229724795152,52.988237791666194,51.159752521935985,52.88193130493164,142996000,0.0,0.0
2018-09-12 00:00:00-04:00,53.13943004010964,53.15360375769151,51.93461357971818,52.225189208984375,197114800,0.0,0.0
2018-09-13 00:00:00-04:00,52.80398111284486,53.94501243257914,52.579555468815734,53.48670959472656,166825600,0.0,0.0
2018-09-14 00:00:00-04:00,53.330759007689245,53.58825770986115,52.56771084050762,52.87954330444336,127997200,0.0,0.0
2018-09-17 00:00:00-04:00,52.48033836730671,52.66932973352161,51.32749788234575,51.47160339355469,148780400,0.0,0.0
2018-09-18 00:00:00-04:00,51.45033432804287,52.40946478981779,51.292055110199634,51.556644439697266,126286800,0.0,0.0
2018-09-19 00:00:00-04:00,51.61804961513779,51.88263526057347,50.862088053386515,51.587337493896484,108495200,0.0,0.0
2018-09-20 00:00:00-04:00,52.02912288853213,52.51104741962864,51.77162040987671,51.97951126098633,106435200,0.0,0.0
2018-09-21 00:00:00-04:00,52.156690470038114,52.293709113672655,51.33221752297712,51.41962814331055,384986800,0.0,0.0
2018-09-24 00:00:00-04:00,51.22117980915976,52.27007462582272,51.17629396428062,52.15904235839844,110773600,0.0,0.0
2018-09-25 00:00:00-04:00,51.91335848542905,52.63861168577063,51.901545851293584,52.48978042602539,98217600,0.0,0.0
2018-09-26 00:00:00-04:00,52.20865864637607,52.85831390102555,51.91572188840217,52.07164001464844,95938800,0.0,0.0
2018-09-27 00:00:00-04:00,52.87484932822745,53.49379241878552,52.808699298788234,53.14179611206055,120724800,0.0,0.0
2018-09-28 00:00:00-04:00,53.103997129259895,53.35204802436929,52.922096263594824,53.328426361083984,91717600,0.0,0.0
2018-10-01 00:00:00-04:00,53.850520264056215,54.19779085665743,53.472541143372936,53.68751525878906,94403200,0.0,0.0
2018-10-02 00:00:00-04:00,53.685143811325815,54.33479901696342,53.53867724574372,54.16470718383789,99152800,0.0,0.0
2018-10-03 00:00:00-04:00,54.34660831900594,55.15454267446678,54.2828229843168,54.82381057739258,114619200,0.0,0.0
2018-10-04 00:00:00-04:00,54.51906562598968,54.88996142629786,53.56229994728196,53.859962463378906,128168000,0.0,0.0
2018-10-05 00:00:00-04:00,53.85287558101716,53.95918207755952,52.10943606076721,52.985877990722656,134322000,0.0,0.0
2018-10-08 00:00:00-04:00,52.4944984197217,53.10635456732336,52.01965727271119,52.86302947998047,118655600,0.0,0.0
2018-10-09 00:00:00-04:00,52.83231517852289,53.689861067414554,52.50394419814244,53.59536361694336,107564000,0.0,0.0
2018-10-10 00:00:00-04:00,53.26228031441347,53.47253222410703,51.03927739644141,51.112510681152344,167962400,0.0,0.0
2018-10-11 00:00:00-04:00,50.677831437884706,51.854296937675905,50.15810799817568,50.661293029785156,212497600,0.0,0.0
2018-10-12 00:00:00-04:00,52.071635376118714,52.652783065490866,51.225901996474846,52.47087860107422,161351600,0.0,0.0
2018-10-15 00:00:00-04:00,52.246453343402386,52.404732541694706,51.32748667559729,51.34874725341797,123164000,0.0,0.0
2018-10-16 00:00:00-04:00,51.71964012658048,52.67877048262682,51.20700353895954,52.48032760620117,116736000,0.0,0.0
2018-10-17 00:00:00-04:00,52.51576081165162,52.59608094710994,51.816494043984775,52.253536224365234,91541600,0.0,0.0
2018-10-18 00:00:00-04:00,51.46687747742795,51.91100664611243,50.31875916634545,51.03219985961914,130325200,0.0,0.0
2018-10-19 00:00:00-04:00,51.51411986825671,52.27008165957751,51.36528859514771,51.809417724609375,132314800,0.0,0.0
2018-10-22 00:00:00-04:00,51.9228076917488,52.76618004452115,51.72200732540533,52.125972747802734,115168400,0.0,0.0
2018-10-23 00:00:00-04:00,50.98730513181056,52.74019262431789,50.72035473904034,52.617347717285156,155071200,0.0,0.0
2018-10-24 00:00:00-04:00,52.58663237228469,52.971698242809865,50.68254917676802,50.81248092651367,163702000,0.0,0.0
2018-10-25 00:00:00-04:00,51.43143001575748,52.29842394420903,51.20463971399698,51.925167083740234,119423200,0.0,0.0
2018-10-26 00:00:00-04:00,51.003841608951056,52.01730581697299,50.240792997824286,51.09833908081055,189033600,0.0,0.0
2018-10-29 00:00:00-04:00,51.78106493819332,51.89918406854014,48.68634228122267,50.13920974731445,183742000,0.0,0.0
2018-10-30 00:00:00-04:00,49.88172241620848,50.83376260686601,49.43759680275067,50.3896369934082,146640000,0.0,0.0
2018-10-31 00:00:00-04:00,51.235362739607034,52.07873158104837,51.17393847569283,51.7031135559082,153435600,0.0,0.0
2018-11-01 00:00:00-04:00,51.74798197670541,52.52992989553094,51.21880707475124,52.496856689453125,233292800,0.0,0.0
2018-11-02 00:00:00-04:00,49.503735922442594,50.4723107785911,48.53043168631862,49.01472091674805,365314800,0.0,0.0
2018-11-05 00:00:00-05:00,48.263490837282575,48.28475142154244,46.815348741958346,47.62328338623047,264654800,0.0,0.0
2018-11-06 00:00:00-05:00,47.701232888220325,48.36270079071048,47.64689909334055,48.138275146484375,127531600,0.0,0.0
2018-11-07 00:00:00-05:00,48.65798609657618,49.62419954399411,48.22330864016884,49.59821319580078,133697600,0.0,0.0
2018-11-08 00:00:00-05:00,49.778395614446815,49.81158422834098,49.01268455420354,49.425174713134766,101450400,0.1825,0.0
2018-11-09 00:00:00-05:00,48.72820356356081,48.83725030122931,47.9458964943367,48.47217559814453,137463200,0.0,0.0
2018-11-12 00:00:00-05:00,47.17544226481076,47.37694685707779,45.9403449234574,46.03042984008789,204542000,0.0,0.0
2018-11-13 00:00:00-05:00,45.42828698201078,46.74398093275625,45.38561385200852,45.57052230834961,187531600,0.0,0.0
2018-11-14 00:00:00-05:00,45.966425098721565,46.1039218061146,44.07703636390938,44.28328323364258,243204000,0.0,0.0
2018-11-15 00:00:00-05:00,44.66021072748847,45.5088950350297,44.30698624887807,45.37614059448242,185915200,0.0,0.0
2018-11-16 00:00:00-05:00,45.16043129003431,46.22010154197097,44.913887744939835,45.87873077392578,147713200,0.0,0.0
2018-11-19 00:00:00-05:00,45.04188265017564,45.20782570490304,43.854200625676015,44.06044387817383,167701200,0.0,0.0
2018-11-20 00:00:00-05:00,42.28485054583868,43.019745978740524,41.60685143343039,41.9553337097168,271300800,0.0,0.0
2018-11-21 00:00:00-05:00,42.60724693877204,42.7352627289544,41.85338983967159,41.90791320800781,124496800,0.0,0.0
2018-11-23 00:00:00-05:00,41.47172379819083,41.8652485061949,40.79846701261189,40.843505859375,94496000,0.0,0.0
2018-11-26 00:00:00-05:00,41.30578126736825,41.47409365729359,40.36226968529681,41.3958625793457,179994000,0.0,0.0
2018-11-27 00:00:00-05:00,40.658587651286105,41.43141370833802,40.509240737589266,41.30577087402344,165549600,0.0,0.0
2018-11-28 00:00:00-05:00,41.89606521990837,42.97706991484424,41.46935188841063,42.894100189208984,184250000,0.0,0.0
2018-11-29 00:00:00-05:00,43.30183975998431,43.335028367317676,42.126008096640945,42.5645751953125,167080000,0.0,0.0
2018-11-30 00:00:00-05:00,42.74000397877434,42.749488506107106,41.967181396370556,42.33462905883789,158126000,0.0,0.0
2018-12-03 00:00:00-05:00,43.72854972102165,43.84233870656651,42.95809660695572,43.81389236450195,163210000,0.0,0.0
2018-12-04 00:00:00-05:00,42.89645483472648,43.23782538311807,41.78700416974015,41.88656997680664,165377200,0.0,0.0
2018-12-06 00:00:00-05:00,40.71785665095758,41.43378646572274,40.400193746066954,41.41956329345703,172393600,0.0,0.0
2018-12-07 00:00:00-05:00,41.127973766354074,41.36503626254481,39.89761883235829,39.94266128540039,169126400,0.0,0.0
2018-12-10 00:00:00-05:00,39.115325064377515,40.32197270882044,38.719430996285325,40.205814361572266,248104000,0.0,0.0
2018-12-11 00:00:00-05:00,40.69415986213853,40.72497553514085,39.58944746589914,39.975860595703125,189126800,0.0,0.0
2018-12-12 00:00:00-05:00,40.395447175002914,40.7557831755504,40.068303395918306,40.0872688293457,142510800,0.0,0.0
2018-12-13 00:00:00-05:00,40.416797820265124,40.90988838723615,40.193958431440095,40.52584457397461,127594400,0.0,0.0
2018-12-14 00:00:00-05:00,40.06357192696252,40.08253736549948,39.181698930074774,39.22911071777344,162814800,0.0,0.0
2018-12-17 00:00:00-05:00,39.22199972246695,39.909483314980214,38.57718927162782,38.864036560058594,177151600,0.0,0.0
2018-12-18 00:00:00-05:00,39.20541046417102,39.7150935619969,38.97071720878755,39.36898422241211,135366000,0.0,0.0
2018-12-19 00:00:00-05:00,39.35238878434899,39.696128806296855,37.714285467405595,38.14099884033203,196189200,0.0,0.0
2018-12-20 00:00:00-05:00,38.02482772479942,38.43020623587975,36.815811012529885,37.17851638793945,259092000,0.0,0.0
2018-12-21 00:00:00-05:00,37.185627752379936,37.4938097578085,35.47166671241152,35.7324333190918,382978400,0.0,0.0
2018-12-24 00:00:00-05:00,35.1208086565069,35.92682334359603,34.7509917276026,34.80788803100586,148676800,0.0,0.0
2018-12-26 00:00:00-05:00,35.156370059261675,37.27333648323871,34.78181086894606,37.25911331176758,234330000,0.0,0.0
2018-12-27 00:00:00-05:00,36.94382229366778,37.16429231852565,35.575974156047664,37.017311096191406,212468400,0.0,0.0
2018-12-28 00:00:00-05:00,37.337352040383294,37.57915685691389,36.6380182335606,37.03628158569336,169165600,0.0,0.0
2018-12-31 00:00:00-05:00,37.5815191228161,37.778281438629776,37.095540257713566,37.39424133300781,140014000,0.0,0.0
2019-01-02 00:00:00-05:00,36.718624618520415,37.65739407159221,36.56216244012711,37.43692398071289,148158800,0.0,0.0
2019-01-03 00:00:00-05:00,34.13225652812852,34.544746565740525,33.66287380759525,33.707916259765625,365248800,0.0,0.0
2019-01-04 00:00:00-05:00,34.262646525522236,35.215638890994725,34.089591894725444,35.146888732910156,234428400,0.0,0.0
2019-01-07 00:00:00-05:00,35.25120374411971,35.28202303602157,34.58742781885169,35.06866455078125,219111200,0.0,0.0
2019-01-08 00:00:00-05:00,35.45507757862409,35.990841304732,35.20853409612209,35.7371826171875,164101200,0.0,0.0
2019-01-09 00:00:00-05:00,35.86519915512934,36.63328328119753,35.47167798834808,36.34406661987305,180396400,0.0,0.0
2019-01-10 00:00:00-05:00,36.15203830332984,36.50052053570231,35.76325587216913,36.46022033691406,143122800,0.0,0.0
2019-01-11 00:00:00-05:00,36.2421149502893,36.43650431282502,35.91733687635287,36.10224533081055,108092800,0.0,0.0
2019-01-14 00:00:00-05:00,35.76088417549152,35.860450004234444,35.37447109321598,35.55937957763672,129756800,0.0,0.0
2019-01-15 00:00:00-05:00,35.623390725952945,36.363024731160756,35.5712366750947,36.287166595458984,114843600,0.0,0.0
2019-01-16 00:00:00-05:00,36.28952099552369,36.95329659206723,36.270555565075476,36.7304573059082,122278800,0.0,0.0
2019-01-17 00:00:00-05:00,36.555041764917604,37.37527971845507,36.33220240574262,36.94856643676758,119284800,0.0,0.0
2019-01-18 00:00:00-05:00,37.337336750327616,37.42742164097103,36.97700080503993,37.1761360168457,135004000,0.0,0.0
2019-01-22 00:00:00-05:00,37.07896253146266,37.154820683285635,36.180493242153865,36.341697692871094,121576000,0.0,0.0
2019-01-23 00:00:00-05:00,36.54319754779106,36.77789081890716,35.96239491388877,36.48867416381836,92522400,0.0,0.0
2019-01-24 00:00:00-05:00,36.53371821727361,36.621430223629844,35.9718810007093,36.199459075927734,101766000,0.0,0.0
2019-01-25 00:00:00-05:00,36.85849200758815,37.486710067491146,36.583502140932886,37.39899444580078,134142000,0.0,0.0
2019-01-28 00:00:00-05:00,36.93197891350897,37.05999473643503,36.42703806191046,37.05288314819336,104768400,0.0,0.0
2019-01-29 00:00:00-05:00,37.041032344974525,37.48671120368152,36.53371851066929,36.66884231567383,166348800,0.0,0.0
2019-01-30 00:00:00-05:00,38.70046967637701,39.387949773483115,37.9845396073485,39.17459487915039,244439200,0.0,0.0
2019-01-31 00:00:00-05:00,39.3784492442909,40.06355967631272,39.01100167173134,39.45668029785156,162958400,0.0,0.0
2019-02-01 00:00:00-05:00,39.5799703464604,40.058834158429015,39.33579255869984,39.47566223144531,130672400,0.0,0.0
2019-02-04 00:00:00-05:00,39.68663891563872,40.69415466560486,39.655819629284345,40.59695816040039,125982000,0.0,0.0
2019-02-05 00:00:00-05:00,40.978640381799345,41.504919632922416,40.8577397603801,41.291561126708984,144406400,0.0,0.0
2019-02-06 00:00:00-05:00,41.402963748878,41.621064429829325,40.976254147130874,41.30577087402344,112958400,0.0,0.0
2019-02-07 00:00:00-05:00,40.86958496796045,41.23466334560738,40.381236660330636,40.523475646972656,126966800,0.0,0.0
2019-02-08 00:00:00-05:00,40.23302234180851,40.63061433812733,40.09731539663526,40.57109451293945,95280000,0.1825,0.0
2019-02-11 00:00:00-05:00,40.723467140742116,40.76156070262494,40.29492365156536,40.33777618408203,83973600,0.0,0.0
2019-02-12 00:00:00-05:00,40.4972827563848,40.71155263291125,40.40204887463883,40.68536376953125,89134000,0.0,0.0
2019-02-13 00:00:00-05:00,40.80439672497733,41.0639021987999,40.45441998648978,40.516319274902344,89960800,0.0,0.0
2019-02-14 00:00:00-05:00,40.40443489478929,40.77345486056133,40.325868299005165,40.6639404296875,87342800,0.0,0.0
2019-02-15 00:00:00-05:00,40.77107731063168,40.87821226167595,40.41395838528309,40.57347106933594,98507200,0.0,0.0
2019-02-19 00:00:00-05:00,40.40442054299657,40.81629652053351,40.35204283107856,40.69487380981445,75891200,0.0,0.0
2019-02-20 00:00:00-05:00,40.756786158494805,41.26389610818391,40.70917103649229,40.95677185058594,104457600,0.0,0.0
2019-02-21 00:00:00-05:00,40.902021499244135,41.03772480134233,40.544902575152015,40.7258415222168,68998800,0.0,0.0
2019-02-22 00:00:00-05:00,40.84963867860566,41.18771078203653,40.80202355455081,41.18056869506836,75652800,0.0,0.0
2019-02-25 00:00:00-05:00,41.463889012500914,41.8710025541568,41.413890764380966,41.480552673339844,87493600,0.0,0.0
2019-02-26 00:00:00-05:00,41.35675221185204,41.735297384970416,41.22818736975056,41.50436019897461,68280800,0.0,0.0
2019-02-27 00:00:00-05:00,41.237710498215094,41.663870778026364,41.12342983703562,41.63291931152344,111341600,0.0,0.0
2019-02-28 00:00:00-05:00,41.5019750987165,41.64244097925039,41.16866198112314,41.223419189453125,112861600,0.0,0.0
2019-03-01 00:00:00-05:00,41.49244397341607,41.69957172134979,41.1615140204551,41.65671920776367,103544800,0.0,0.0
2019-03-04 00:00:00-05:00,41.8281478996669,42.318590618981844,41.41865126099976,41.866241455078125,109744800,0.0,0.0
2019-03-05 00:00:00-05:00,41.88765622385319,41.901940395012524,41.55434315466717,41.790042877197266,78949600,0.0,0.0
2019-03-06 00:00:00-05:00,41.58529768028724,41.78052438799391,41.41150086370007,41.54958724975586,83241600,0.0,0.0
2019-03-07 00:00:00-05:00,41.39483960253065,41.53054652391406,40.95439515303267,41.06867218017578,99185600,0.0,0.0
2019-03-08 00:00:00-05:00,40.549662045743496,41.2043800226722,40.35443530524196,41.16628646850586,95997600,0.0,0.0
2019-03-11 00:00:00-04:00,41.78052547900183,42.64475061563465,41.74719453203529,42.59237289428711,128044000,0.0,0.0
2019-03-12 00:00:00-04:00,42.85426604222394,43.48993721924746,42.704274948579794,43.070919036865234,129870400,0.0,0.0
2019-03-13 00:00:00-04:00,43.38994808203721,43.63993204857632,43.07330220879454,43.26138687133789,124130000,0.0,0.0
2019-03-14 00:00:00-04:00,43.78277879788824,43.8303975608462,43.463753429758704,43.742305755615234,94318000,0.0,0.0
2019-03-15 00:00:00-04:00,44.00894798730422,44.599383472174495,43.74467989147585,44.31130599975586,156171600,0.0,0.0
2019-03-18 00:00:00-04:00,44.235135528082104,44.85176005521902,44.23275241004252,44.763671875,104879200,0.0,0.0
2019-03-19 00:00:00-04:00,44.84223009997764,44.99460068115345,44.263695608787415,44.4089241027832,126585600,0.0,0.0
2019-03-20 00:00:00-04:00,44.337505957977974,45.11364678234836,43.980387016546715,44.797000885009766,124140800,0.0,0.0
2019-03-21 00:00:00-04:00,45.239809276874894,46.74208840365049,45.18981104790637,46.446868896484375,204136800,0.0,0.0
2019-03-22 00:00:00-04:00,46.50639708117386,47.06588473880765,45.420756346429926,45.48503875732422,169630800,0.0,0.0
2019-03-25 00:00:00-04:00,45.59455842593482,45.70645597035694,44.42559200356954,44.935081481933594,175381200,0.0,0.0
2019-03-26 00:00:00-04:00,45.63026588091643,45.92072283078621,43.944664504439636,44.47081756591797,199202000,0.0,0.0
2019-03-27 00:00:00-04:00,44.937458102492236,45.17791683539124,44.413684482957166,44.87079620361328,119393600,0.0,0.0
2019-03-28 00:00:00-04:00,44.98507795541089,45.13030645740991,44.647005823321656,44.930320739746094,83121600,0.0,0.0
2019-03-29 00:00:00-04:00,45.19458762583912,45.2541074425039,44.887463337480106,45.2231559753418,94256000,0.0,0.0
2019-04-01 00:00:00-04:00,45.6255113221176,45.63503289451936,44.849374206925575,45.53028106689453,111448000,0.0,0.0
2019-04-02 00:00:00-04:00,45.49456831370297,46.29689795003126,45.485046741025556,46.192142486572266,91062800,0.0,0.0
2019-04-03 00:00:00-04:00,46.00881357119078,46.78257110861055,45.98500419384211,46.50878143310547,93087200,0.0,0.0
2019-04-04 00:00:00-04:00,46.37545580304311,46.751621456363765,45.98262649117338,46.58972930908203,76457200,0.0,0.0
2019-04-05 00:00:00-04:00,46.77066701663857,46.92542070577744,46.646864791887666,46.901611328125,74106400,0.0,0.0
2019-04-08 00:00:00-04:00,46.76353008781775,47.67061153128953,46.744483310155175,47.63966369628906,103526800,0.0,0.0
2019-04-09 00:00:00-04:00,47.692037644042145,48.294377862741904,47.432528497673395,47.49681091308594,143072800,0.0,0.0
2019-04-10 00:00:00-04:00,47.30158770081168,47.792034049404215,47.182548065607946,47.76346206665039,86781200,0.0,0.0
2019-04-11 00:00:00-04:00,47.81822423539419,47.853934673821236,47.24445230598995,47.36587142944336,83603200,0.0,0.0
2019-04-12 00:00:00-04:00,47.42538742230085,47.64918250585792,46.713532766545136,47.34682083129883,111042800,0.0,0.0
2019-04-15 00:00:00-04:00,47.27777558297322,47.58013723283315,47.142068673382234,47.432525634765625,70146400,0.0,0.0
2019-04-16 00:00:00-04:00,47.48729225090989,47.94202089049343,47.27301873067345,47.437294006347656,102785600,0.0,0.0
2019-04-17 00:00:00-04:00,47.50634594648933,48.42057329683712,47.28493392248464,48.361053466796875,115627200,0.0,0.0
2019-04-18 00:00:00-04:00,48.35865206262389,48.603873379039385,48.21580670422305,48.53483200073242,96783200,0.0,0.0
2019-04-22 00:00:00-04:00,48.28961339420896,48.791960743297345,48.17295325708763,48.6943473815918,77758000,0.0,0.0
2019-04-23 00:00:00-04:00,48.67054028599068,49.46096515519979,48.544358571646036,49.39668273925781,93292000,0.0,0.0
2019-04-24 00:00:00-04:00,49.36811072630537,49.634758309231124,49.29430674408848,49.32049560546875,70162400,0.0,0.0
2019-04-25 00:00:00-04:00,49.241936964004154,49.463348946368356,48.834819804661606,48.8729133605957,74172800,0.0,0.0
2019-04-26 00:00:00-04:00,48.78243276062449,48.80624213673832,48.12057279202839,48.63958740234375,74596400,0.0,0.0
2019-04-29 00:00:00-04:00,48.66339211468231,49.03717824150613,48.53483093167325,48.7133903503418,88818800,0.0,0.0
2019-04-30 00:00:00-04:00,48.34437705945112,48.4253231411779,47.403964648609836,47.775367736816406,186139600,0.0,0.0
2019-05-01 00:00:00-04:00,49.96807087208278,51.260839370967766,49.81331719006175,50.12044143676758,259309200,0.0,0.0
2019-05-02 00:00:00-04:00,49.9585639483262,50.62756626044784,49.55145034295779,49.794288635253906,127985200,0.0,0.0
2019-05-03 00:00:00-04:00,50.208532189593264,50.4347067473906,50.05139901490421,50.41328048706055,83569600,0.0,0.0
2019-05-06 00:00:00-04:00,48.63721289375776,49.720474308259035,48.44913186725117,49.634765625,129772400,0.0,0.0
2019-05-07 00:00:00-04:00,49.01576483871082,49.38240534277165,47.81346371111648,48.2967643737793,155054800,0.0,0.0
2019-05-08 00:00:00-04:00,48.06819518356875,48.88718831771538,48.03248475211498,48.3062744140625,105358000,0.0,0.0
2019-05-09 00:00:00-04:00,47.711082484966774,48.01582364863785,46.82066837319086,47.787269592285156,139634400,0.0,0.0
2019-05-10 00:00:00-04:00,47.18260833059418,47.524374640553994,46.07127795478432,47.125247955322266,164834800,0.1925,0.0
2019-05-13 00:00:00-04:00,44.86195219842517,45.284972600550695,43.70043119652004,44.386348724365234,229722400,0.0,0.0
2019-05-14 00:00:00-04:00,44.55127083697869,45.33756652424248,44.31227469963762,45.089012145996094,146118800,0.0,0.0
2019-05-15 00:00:00-04:00,44.51780099992997,45.82749850185416,44.458051979718945,45.62913131713867,106178800,0.0,0.0
2019-05-16 00:00:00-04:00,45.38775778208372,45.99958731645048,45.13203016205216,45.42838668823242,132125600,0.0,0.0
2019-05-17 00:00:00-04:00,44.67554149512822,45.624356352136516,44.63491259367641,45.170265197753906,131516400,0.0,0.0
2019-05-20 00:00:00-04:00,43.860567465632776,44.05893467607337,43.08621875043243,43.75779724121094,154449200,0.0,0.0
2019-05-21 00:00:00-04:00,44.266863858384575,44.93127281356524,44.14258484864967,44.5966796875,113459200,0.0,0.0
2019-05-22 00:00:00-04:00,44.13302589344985,44.38397255733177,43.62874391724978,43.683712005615234,118994400,0.0,0.0
2019-05-23 00:00:00-04:00,42.97149717862801,43.148351949089296,42.495893652579475,42.93803787231445,146118800,0.0,0.0
2019-05-24 00:00:00-04:00,43.067096506223606,43.53074952387793,42.68948223047205,42.77313232421875,94858800,0.0,0.0
2019-05-28 00:00:00-04:00,42.76119088661212,43.16031402104863,42.51980608701884,42.596282958984375,111792800,0.0,0.0
2019-05-29 00:00:00-04:00,42.163693385388605,42.86395388562777,42.0633154565731,42.393131256103516,113924800,0.0,0.0
2019-05-30 00:00:00-04:00,42.5293526884522,42.835267386171125,42.223437990733274,42.61300277709961,84873600,0.0,0.0
2019-05-31 00:00:00-04:00,42.118278060238815,42.53891349401557,41.821925255667836,41.84104537963867,108174400,0.0,0.0
2019-06-03 00:00:00-04:00,41.96771387923834,42.522182898713545,40.69386431177502,41.41802215576172,161584400,0.0,0.0
2019-06-04 00:00:00-04:00,41.92947891959907,42.978671716588416,41.70960293183085,42.93326187133789,123872000,0.0,0.0
2019-06-05 00:00:00-04:00,44.04220496698027,44.211893817789964,43.29175729153441,43.62635040283203,119093600,0.0,0.0
2019-06-06 00:00:00-04:00,43.75540564817583,44.326606171155184,43.5331373827937,44.2668571472168,90105200,0.0,0.0
2019-06-07 00:00:00-04:00,44.57516834017903,45.86813832067342,44.39831353218565,45.44511413574219,122737600,0.0,0.0
2019-06-10 00:00:00-04:00,45.84185085004158,46.69267655873653,45.79644099815194,46.02587890625,104883600,0.0,0.0
2019-06-11 00:00:00-04:00,46.570780795743644,46.843236207404864,46.2696470186837,46.55883026123047,107731600,0.0,0.0
2019-06-12 00:00:00-04:00,46.353295595119384,46.83606876664861,46.219458354725056,46.4106559753418,73012800,0.0,0.0
2019-06-13 00:00:00-04:00,46.532533465970424,47.03203437023856,46.26963998062483,46.401084899902344,86698400,0.0,0.0
2019-06-14 00:00:00-04:00,45.7797114409662,46.26726196298543,45.48096626534882,46.064117431640625,75046000,0.0,0.0
2019-06-17 00:00:00-04:00,46.10234367212921,46.59467867410405,45.92787754991537,46.338951110839844,58676400,0.0,0.0
2019-06-18 00:00:00-04:00,46.85517906323825,47.868520040364245,46.65442324476505,47.428768157958984,106204000,0.0,0.0
2019-06-19 00:00:00-04:00,47.72275122603328,47.77055337521415,47.156331496801336,47.29016876220703,84496800,0.0,0.0
2019-06-20 00:00:00-04:00,47.88764204137815,47.94500241181626,47.32839210507154,47.67015838623047,86056000,0.0,0.0
2019-06-21 00:00:00-04:00,47.5124294115218,48.002372187149874,47.357079745361425,47.50764846801758,191202400,0.0,0.0
2019-06-24 00:00:00-04:00,47.45029223813148,47.837468466439844,47.36186483291884,47.45985412597656,72881600,0.0,0.0
2019-06-25 00:00:00-04:00,47.424007869941825,47.62237512701429,46.67356004822765,46.740482330322266,84281200,0.0,0.0
2019-06-26 00:00:00-04:00,47.266261076876305,48.03582883274254,47.16588314960564,47.75142288208008,104270000,0.0,0.0
2019-06-27 00:00:00-04:00,47.86854367648164,48.17446214441575,47.696469780532674,47.737098693847656,83598800,0.0,0.0
2019-06-28 00:00:00-04:00,47.48375598002621,47.67973458441733,47.094194713616226,47.302120208740234,124442400,0.0,0.0
2019-07-01 00:00:00-04:00,48.556827282142194,48.872303820169,47.954556212048495,48.169654846191406,109012000,0.0,0.0
2019-07-02 00:00:00-04:00,48.136202478362335,48.547276037358415,48.12425194472356,48.45167541503906,67740800,0.0,0.0
2019-07-03 00:00:00-04:00,48.583136009304106,48.86037241242283,48.44212915914246,48.85320281982422,45448000,0.0,0.0
2019-07-05 00:00:00-04:00,48.599855145843684,49.013317350110974,48.492303990598344,48.8101692199707,69062000,0.0,0.0
2019-07-08 00:00:00-04:00,47.99280616855415,48.133812992062914,47.41921698833378,47.80400085449219,101354400,0.0,0.0
2019-07-09 00:00:00-04:00,47.60802314605108,48.160103562324515,47.51481481144376,48.095577239990234,82312000,0.0,0.0
2019-07-10 00:00:00-04:00,48.241362495353016,48.690672667251185,48.17205158666198,48.57117462158203,71588400,0.0,0.0
2019-07-11 00:00:00-04:00,48.59030547775813,48.84842175102384,48.207913835239545,48.217472076416016,80767200,0.0,0.0
2019-07-12 00:00:00-04:00,48.384769144576126,48.7552139011244,48.32502010793259,48.58791732788086,70380800,0.0,0.0
2019-07-15 00:00:00-04:00,48.77671731224816,49.20213011459918,48.7552085366531,49.044395446777344,67789600,0.0,0.0
2019-07-16 00:00:00-04:00,48.89620741100897,49.259482475783514,48.63570255755212,48.874698638916016,67467200,0.0,0.0
2019-07-17 00:00:00-04:00,48.76715003947481,49.0157043539387,48.58073339192921,48.599853515625,56430000,0.0,0.0
2019-07-18 00:00:00-04:00,48.75520876999739,49.20452264524316,48.68350920421264,49.15194320678711,74162400,0.0,0.0
2019-07-19 00:00:00-04:00,49.18300345934316,49.35269228680589,48.36324862605585,48.418216705322266,83717200,0.0,0.0
2019-07-22 00:00:00-04:00,48.67155480779176,49.52716129222279,48.661996568281346,49.52477264404297,89111600,0.0,0.0
2019-07-23 00:00:00-04:00,49.821125495815984,49.928673004733994,49.541496867121964,49.91194152832031,73420800,0.0,0.0
2019-07-24 00:00:00-04:00,49.632311313188424,49.9860244606776,49.512813283259206,49.871307373046875,59966400,0.0,0.0
2019-07-25 00:00:00-04:00,49.92389603495717,50.00754613010088,49.40766357491906,49.47697448730469,55638400,0.0,0.0
2019-07-26 00:00:00-04:00,49.58691034563834,50.12465157648066,49.50565254598537,49.649051666259766,70475600,0.0,0.0
2019-07-29 00:00:00-04:00,49.8211257312173,50.34213544864626,49.816344788392115,50.11269760131836,86693600,0.0,0.0
2019-07-30 00:00:00-04:00,49.89283258151694,50.227429363633455,49.5462889099037,49.897613525390625,135742800,0.0,0.0
2019-07-31 00:00:00-04:00,51.72352978870497,52.906559623159254,50.499871059371,50.91572189331055,277125600,0.0,0.0
2019-08-01 00:00:00-04:00,51.1212623066255,52.10831732750633,49.41005306995918,49.8139533996582,216071600,0.0,0.0
2019-08-02 00:00:00-04:00,49.12086968695259,49.335964725004594,48.18878632633897,48.759986877441406,163448400,0.0,0.0
2019-08-05 00:00:00-04:00,47.318834399217735,47.4765690378139,46.02586475285165,46.20750045776367,209572000,0.0,0.0
2019-08-06 00:00:00-04:00,46.91732172907666,47.337957180388806,46.37479958500888,47.08222961425781,143299200,0.0,0.0
2019-08-07 00:00:00-04:00,46.70222514662527,47.6940574258256,46.3222222523882,47.56977844238281,133457600,0.0,0.0
2019-08-08 00:00:00-04:00,47.84701267554443,48.642870029434654,47.653426441558544,48.61896896362305,108038000,0.0,0.0
2019-08-09 00:00:00-04:00,48.292707715938555,48.64296573649967,47.810498015760096,48.21833801269531,98478800,0.1925,0.0
2019-08-12 00:00:00-04:00,47.889667686680966,48.47263670436005,47.776912437595854,48.095985412597656,89927600,0.0,0.0
2019-08-13 00:00:00-04:00,48.22552593805543,50.893258509725875,48.09597566675704,50.13276290893555,188874000,0.0,0.0
2019-08-14 00:00:00-04:00,48.7389293623607,49.525814703624334,48.60218223590696,48.640567779541016,146189600,0.0,0.0
2019-08-15 00:00:00-04:00,48.81090512777732,49.21394238525781,47.90166625323127,48.39826965332031,108909600,0.0,0.0
2019-08-16 00:00:00-04:00,49.00761940403555,49.69854452652455,48.90206099247231,49.54020690917969,110481600,0.0,0.0
2019-08-19 00:00:00-04:00,50.528608151230536,51.03480602660316,50.38706558899019,50.463836669921875,97654400,0.0,0.0
2019-08-20 00:00:00-04:00,50.590975822565724,51.18353921949726,50.45663011746554,50.466224670410156,107537200,0.0,0.0
2019-08-21 00:00:00-04:00,51.0971858421528,51.25551979787076,50.76371922258588,51.01321792602539,86141600,0.0,0.0
2019-08-22 00:00:00-04:00,51.14517603483993,51.44505627927644,50.55980921199625,50.97004699707031,89014800,0.0,0.0
2019-08-23 00:00:00-04:00,50.24312924415703,50.87168066728109,48.22073882087,48.61418151855469,187272000,0.0,0.0
2019-08-26 00:00:00-04:00,49.38666668414398,49.70573963141325,49.19474263893695,49.53780746459961,104174400,0.0,0.0
2019-08-27 00:00:00-04:00,49.86647686959799,50.03201131914729,48.82769145865033,48.97883224487305,103493200,0.0,0.0
2019-08-28 00:00:00-04:00,48.964449124006386,49.35309276008955,48.77732413917764,49.30751037597656,63755200,0.0,0.0
2019-08-29 00:00:00-04:00,50.02001470468099,50.21673786254846,49.57859195226925,50.142364501953125,83962000,0.0,0.0
2019-08-30 00:00:00-04:00,50.418258218749706,50.4878288131881,49.70814030749895,50.07759475708008,84573600,0.0,0.0
2019-09-03 00:00:00-04:00,49.52341086109975,49.65535887288814,48.99322475097742,49.34828186035156,80092000,0.0,0.0
2019-09-04 00:00:00-04:00,49.99362663387558,50.255121283851096,49.73693109197349,50.185550689697266,76752400,0.0,0.0
2019-09-05 00:00:00-04:00,50.859678663980254,51.332290121775586,50.74212431527314,51.16675567626953,95654800,0.0,0.0
2019-09-06 00:00:00-04:00,51.351479283319904,51.440242639191425,50.982024876577526,51.16195297241211,77449200,0.0,0.0
2019-09-09 00:00:00-04:00,51.5410034279187,51.92485150775339,50.636567475633186,51.38026809692383,109237600,0.0,0.0
2019-09-10 00:00:00-04:00,51.30590901786626,52.006428796977275,50.79011648570887,51.98723602294922,127111600,0.0,0.0
2019-09-11 00:00:00-04:00,52.315906424379826,53.668965856636916,52.23433622087792,53.640174865722656,177158400,0.0,0.0
2019-09-12 00:00:00-04:00,53.930455617643666,54.31909918340094,53.46504096397798,53.52021789550781,128906800,0.0,0.0
2019-09-13 00:00:00-04:00,52.77890694754464,52.968429593626404,52.06399368750889,52.479026794433594,159053200,0.0,0.0
2019-09-16 00:00:00-04:00,52.23433694894849,52.81010918684441,52.193553676952725,52.75492858886719,84632400,0.0,0.0
2019-09-17 00:00:00-04:00,52.76932688112736,52.97564462953808,52.56780458081761,52.94685363769531,73274800,0.0,0.0
2019-09-18 00:00:00-04:00,53.03321320207144,53.462643699876494,52.64456963297275,53.443450927734375,101360000,0.0,0.0
2019-09-19 00:00:00-04:00,53.26112037335412,53.68095264649306,52.86767770380978,53.00922393798828,88242400,0.0,0.0
2019-09-20 00:00:00-04:00,53.109973804680834,53.393058901429434,52.17194784257662,52.23432159423828,221652400,0.0,0.0
2019-09-23 00:00:00-04:00,52.52701683843027,52.74053140147138,52.21514068797828,52.471839904785156,76662000,0.0,0.0
2019-09-24 00:00:00-04:00,53.026016216053826,53.376277900497726,52.10478511979031,52.22233581542969,124763200,0.0,0.0
2019-09-25 00:00:00-04:00,52.43105871494141,53.1387753063045,52.092792946174384,53.02602005004883,87613600,0.0,0.0
2019-09-26 00:00:00-04:00,52.77891875008804,53.00442926136015,52.49823130328569,52.75252914428711,75334000,0.0,0.0
2019-09-27 00:00:00-04:00,52.90846232712596,53.00922529663117,52.1263760760949,52.49583053588867,101408000,0.0,0.0
2019-09-30 00:00:00-04:00,52.99482716237936,53.877676369428805,52.96843755851151,53.7313346862793,103909600,0.0,0.0
2019-10-01 00:00:00-04:00,53.995230177972914,54.75092680553321,53.78651107289727,53.88007354736328,139223200,0.0,0.0
2019-10-02 00:00:00-04:00,53.5130199648798,53.63777114984615,52.28231048438784,52.529415130615234,138449200,0.0,0.0
2019-10-03 00:00:00-04:00,52.40225355586011,53.00921432850663,51.610572912831074,52.97562789916992,114426000,0.0,0.0
2019-10-04 00:00:00-04:00,54.13198002178577,54.57580422718632,53.712147699084255,54.46064758300781,138478800,0.0,0.0
2019-10-07 00:00:00-04:00,54.28312210645755,55.161168659930105,54.17996140120154,54.4726448059082,122306000,0.0,0.0
2019-10-08 00:00:00-04:00,54.17516269518079,54.712545705751026,53.817704155676886,53.834495544433594,111820000,0.0,0.0
2019-10-09 00:00:00-04:00,54.4654426574707,54.64776850627761,54.13197601227896,54.4654426574707,74770400,0.0,0.0
2019-10-10 00:00:00-04:00,54.68134161767458,55.2835032719904,54.530204518768,55.19953536987305,113013600,0.0,0.0
2019-10-11 00:00:00-04:00,55.88567285866777,57.01082394508319,55.73213434401569,56.667762756347656,166795600,0.0,0.0
2019-10-14 00:00:00-04:00,56.353485756513194,57.12837882948465,56.29830882465834,56.5861930847168,96427600,0.0,0.0
2019-10-15 00:00:00-04:00,56.71095355493265,57.01323152837121,56.34869953163861,56.45425796508789,87360000,0.0,0.0
2019-10-16 00:00:00-04:00,55.986429471773434,56.43505271476371,55.94564620616464,56.22633361816406,73903200,0.0,0.0
2019-10-17 00:00:00-04:00,56.39905493311874,56.653352697665795,56.022407393359266,56.444637298583984,67585200,0.0,0.0
2019-10-18 00:00:00-04:00,56.279116685052266,56.99643144981467,56.20714470406706,56.71574401855469,97433600,0.0,0.0
2019-10-21 00:00:00-04:00,56.98203358379018,57.81450126035305,56.93405348688718,57.699344635009766,87247200,0.0,0.0
2019-10-22 00:00:00-04:00,57.85528613606384,58.10478484329185,57.48583169226944,57.56740188598633,82293600,0.0,0.0
2019-10-23 00:00:00-04:00,58.08079626535233,58.35428685033186,57.869679441632414,58.33988952636719,75828800,0.0,0.0
2019-10-24 00:00:00-04:00,58.65896497767729,58.72853923419843,58.01122447632799,58.435855865478516,69275200,0.0,0.0
2019-10-25 00:00:00-04:00,58.33509539573167,59.19155132829628,58.26792252496766,59.15556716918945,73477200,0.0,0.0
2019-10-28 00:00:00-04:00,59.35708964228901,59.796114715182654,59.18915745445604,59.74813461303711,96572800,0.0,0.0
2019-10-29 00:00:00-04:00,59.728937090643406,59.91606203658459,58.19355198019087,58.36627960205078,142839600,0.0,0.0
2019-10-30 00:00:00-04:00,58.71893364927705,58.84848392967806,57.86727691472334,58.35907745361328,124522000,0.0,0.0
2019-10-31 00:00:00-04:00,59.313902865640614,59.77691611414118,56.91965683308477,59.67855453491211,139162000,0.0,0.0
2019-11-01 00:00:00-04:00,59.865671280600196,61.39865842989971,59.77451020608761,61.37227249145508,151125200,0.0,0.0
2019-11-04 00:00:00-05:00,61.73453121919917,61.859286061859265,61.266722523104576,61.77531814575195,103272000,0.0,0.0
2019-11-05 00:00:00-05:00,61.667353710049895,61.94084793256841,61.492228380714764,61.68655014038086,79897600,0.0,0.0
2019-11-06 00:00:00-05:00,61.600188782243734,61.772920071009715,61.26432442111376,61.71294403076172,75864400,0.0,0.0
2019-11-07 00:00:00-05:00,62.259147125120414,62.64655617920519,62.107552597142586,62.42517852783203,94940400,0.1925,0.0
2019-11-08 00:00:00-05:00,62.24713427287051,62.66822702461764,61.804386203655085,62.59604263305664,69986400,0.0,0.0
2019-11-11 00:00:00-05:00,62.15327203106168,63.156678888188175,62.148462187224695,63.091712951660156,81821200,0.0,0.0
2019-11-12 00:00:00-05:00,62.93531298752282,63.23369225641029,62.78372577398594,63.03396987915039,87388800,0.0,0.0
2019-11-13 00:00:00-05:00,62.83425855316897,63.71253625362745,62.819821674837314,63.637943267822266,102734400,0.0,0.0
2019-11-14 00:00:00-05:00,63.464683238676635,63.736589975912096,63.067654461478035,63.197593688964844,89182800,0.0,0.0
2019-11-15 00:00:00-05:00,63.44787258089292,63.95318554879333,63.28665826241697,63.9483757019043,100206400,0.0,0.0
2019-11-18 00:00:00-05:00,63.95797391868933,64.3501929351306,63.580199124620194,64.27079010009766,86703200,0.0,0.0
2019-11-19 00:00:00-05:00,64.46326841713567,64.48733232322434,63.85930623096703,64.07586669921875,76167200,0.0,0.0
2019-11-20 00:00:00-05:00,63.895401946077534,64.02533382823812,62.65858906891337,63.329933166503906,106234400,0.0,0.0
2019-11-21 00:00:00-05:00,63.45025634251373,63.52725792226711,62.84628667519004,63.0460090637207,121395200,0.0,0.0
2019-11-22 00:00:00-05:00,63.185570644191614,63.327538182207164,62.764477875352654,62.990665435791016,65325200,0.0,0.0
2019-11-25 00:00:00-05:00,63.21445211320928,64.11198402499917,63.16873287669626,64.09513854980469,84020400,0.0,0.0
2019-11-26 00:00:00-05:00,64.2322767453233,64.28521440608328,63.16390384145732,63.59462356567383,105207600,0.0,0.0
2019-11-27 00:00:00-05:00,63.905031361017265,64.48253585383468,63.8400654100489,64.44884490966797,65235600,0.0,0.0
2019-11-29 00:00:00-05:00,64.15047272971776,64.48734545373158,63.98203269607354,64.30687713623047,46617600,0.0,0.0
2019-12-02 00:00:00-05:00,64.31169299395302,64.54750759444755,63.39251319176383,63.5633544921875,94487200,0.0,0.0
2019-12-03 00:00:00-05:00,62.15570396819638,62.44926610451152,61.669645200283924,62.43001937866211,114430400,0.0,0.0
2019-12-04 00:00:00-05:00,62.81981146620402,63.3588077517284,62.72596442902417,62.98102569580078,67181600,0.0,0.0
2019-12-05 00:00:00-05:00,63.47431687853907,63.9796296217953,63.21925558453559,63.905029296875,74424400,0.0,0.0
2019-12-06 00:00:00-05:00,64.36222263596946,65.2092179525118,64.31890465939279,65.13943481445312,106075600,0.0,0.0
2019-12-09 00:00:00-05:00,64.96859034566656,65.161086935307,63.7438129866393,64.22747039794922,128042400,0.0,0.0
2019-12-10 00:00:00-05:00,64.63172562536087,64.98544384355337,63.97240967069265,64.60285186767578,90420400,0.0,0.0
2019-12-11 00:00:00-05:00,64.68222511329466,65.23325688130663,64.60763215897137,65.15384674072266,78756800,0.0,0.0
2019-12-12 00:00:00-05:00,64.4344044431603,65.58458883328302,64.323719270287,65.31990051269531,137310400,0.0,0.0
2019-12-13 00:00:00-05:00,65.31988214622592,66.24387874288264,65.19235153806613,66.2077865600586,133587600,0.0,0.0
2019-12-16 00:00:00-05:00,66.6529433881776,67.56491170942448,66.64813354486837,67.34112548828125,128186000,0.0,0.0
2019-12-17 00:00:00-05:00,67.2713566357459,67.80072584183416,67.08607117183297,67.47348022460938,114158400,0.0,0.0
2019-12-18 00:00:00-05:00,67.32670799551974,67.83202073279126,67.16308515663923,67.31227111816406,116028400,0.0,0.0
2019-12-19 00:00:00-05:00,67.25453186379887,67.6587791659251,67.12219135736983,67.37965393066406,98369200,0.0,0.0
2019-12-20 00:00:00-05:00,67.91143361344899,68.01249175897426,67.02833874913236,67.2400894165039,275978000,0.0,0.0
2019-12-23 00:00:00-05:00,67.50237420380351,68.39749741890061,67.46387341201411,68.33734130859375,98572000,0.0,0.0
2019-12-24 00:00:00-05:00,68.50337109692963,68.55149892131642,68.07746848987897,68.40230560302734,48478800,0.0,0.0
2019-12-26 00:00:00-05:00,68.53463746360407,69.77626014178544,68.50576371301644,69.75941467285156,93121200,0.0,0.0
2019-12-27 00:00:00-05:00,70.05057427415741,70.73635528399755,69.32870107290967,69.73294830322266,146266000,0.0,0.0
2019-12-30 00:00:00-05:00,69.6511344086115,70.4283538378636,68.6308893370176,70.14682006835938,144114400,0.0,0.0
2019-12-31 00:00:00-05:00,69.76422454918179,70.66656597182994,69.66556767244613,70.65934753417969,100805600,0.0,0.0
2020-01-02 00:00:00-05:00,71.28256770874596,72.3316938789073,71.02991503384398,72.27153778076172,135480400,0.0,0.0
2020-01-03 00:00:00-05:00,71.50151129105507,72.32685090092578,71.34510696030222,71.56888580322266,146322800,0.0,0.0
2020-01-06 00:00:00-05:00,70.69305052995288,72.17769909168206,70.442799076604,72.13919830322266,118387200,0.0,0.0
2020-01-07 00:00:00-05:00,72.14881244029856,72.40387369288733,71.58094243439095,71.79991149902344,108872000,0.0,0.0
2020-01-08 00:00:00-05:00,71.50397539334378,73.25572141287309,71.50397539334378,72.95494079589844,132079200,0.0,0.0
2020-01-09 00:00:00-05:00,73.9294436077337,74.69703608624071,73.67919950094557,74.5045394897461,170108400,0.0,0.0
2020-01-10 00:00:00-05:00,74.73794692643483,75.23604124225797,74.17247806619659,74.6729736328125,140644800,0.0,0.0
2020-01-13 00:00:00-05:00,74.98820177445941,76.2947906823847,74.87029080894176,76.26831817626953,121532000,0.0,0.0
2020-01-14 00:00:00-05:00,76.2057563300334,76.4150983993522,75.11572800719021,75.23844146728516,161954400,0.0,0.0
2020-01-15 00:00:00-05:00,75.03873644474652,75.91701422144251,74.48529580198468,74.916015625,121923600,0.0,0.0
2020-01-16 00:00:00-05:00,75.45740996278018,75.96513130059404,75.09647333767747,75.85443878173828,108829200,0.0,0.0
2020-01-17 00:00:00-05:00,76.10227258526983,76.69661511764261,75.7966822559434,76.6942138671875,137816400,0.0,0.0
2020-01-21 00:00:00-05:00,76.32366259336249,76.76400206376488,76.03731893774885,76.17447662353516,110843200,0.0,0.0
2020-01-22 00:00:00-05:00,76.65810863389025,76.99738987709428,76.35251832728817,76.44636535644531,101832400,0.0,0.0
2020-01-23 00:00:00-05:00,76.49932724037184,76.89394751401544,75.95310504727735,76.81454467773438,104472000,0.0,0.0
2020-01-24 00:00:00-05:00,77.05995149554447,77.80107129528129,76.4030443474141,76.5931396484375,146537600,0.0,0.0
2020-01-27 00:00:00-05:00,74.60800142643146,75.01946709734743,73.36156878763045,74.34091186523438,161940000,0.0,0.0
2020-01-28 00:00:00-05:00,75.21920736994338,76.61482629516499,75.12055046053683,76.44398498535156,162234000,0.0,0.0
2020-01-29 00:00:00-05:00,78.07057802839189,78.88869939934182,77.33185946671645,78.04410552978516,216229200,0.0,0.0
2020-01-30 00:00:00-05:00,77.12974662934549,77.98396030536023,76.69902690059489,77.93102264404297,126743200,0.0,0.0
2020-01-31 00:00:00-05:00,77.22358092411761,77.64467359137022,74.18209256314945,74.47565460205078,199588400,0.0,0.0
2020-02-03 00:00:00-05:00,73.22200714636392,75.4333461257712,72.7215115901091,74.27113342285156,173788400,0.0,0.0
2020-02-04 00:00:00-05:00,75.87127115182567,76.91317880860565,75.467023963902,76.72308349609375,136616400,0.0,0.0
2020-02-05 00:00:00-05:00,77.8468267012188,78.14520604055271,76.7471784427611,77.34873962402344,118826800,0.0,0.0
2020-02-06 00:00:00-05:00,77.61821910965085,78.2558723391088,77.06237729988993,78.25346374511719,105425600,0.0,0.0
2020-02-07 00:00:00-05:00,77.75419304088338,78.00262411427845,76.7001698716179,77.1897964477539,117684000,0.1925,0.0
2020-02-10 00:00:00-05:00,75.77880204777287,77.55641174316406,75.69921076977592,77.55641174316406,109348800,0.0,0.0
2020-02-11 00:00:00-05:00,78.05086843646208,78.1232241451145,76.87141886050789,77.08849334716797,94323200,0.0,0.0
2020-02-12 00:00:00-05:00,77.53710627398911,78.92398019498478,77.53710627398911,78.91915893554688,113730400,0.0,0.0
2020-02-13 00:00:00-05:00,78.1931665675849,78.68279311833038,77.99056323907321,78.357177734375,94747600,0.0,0.0
2020-02-14 00:00:00-05:00,78.32581612373606,78.62490351773702,77.86996050397198,78.37647247314453,80113600,0.0,0.0
2020-02-18 00:00:00-05:00,76.06341290877705,77.12226473649841,75.88251627530599,76.94136810302734,152531200,0.0,0.0
2020-02-19 00:00:00-05:00,77.18255286966328,78.28481796940162,77.18255286966328,78.05567932128906,93984000,0.0,0.0
2020-02-20 00:00:00-05:00,77.81690294978998,78.30411519495496,76.75081563386378,77.25491333007812,100566000,0.0,0.0
2020-02-21 00:00:00-05:00,76.84970917824121,77.29110106607291,74.891202892234,75.5062484741211,129554000,0.0,0.0
2020-02-24 00:00:00-05:00,71.69778197998241,73.3668508412422,69.76098226638659,71.919677734375,222195200,0.0,0.0
2020-02-25 00:00:00-05:00,72.58778111739974,72.96886672904328,69.01326241271661,69.48358917236328,230673600,0.0,0.0
2020-02-26 00:00:00-05:00,69.10973846221914,71.84730854807512,69.10250289246999,70.58585357666016,198054800,0.0,0.0
2020-02-27 00:00:00-05:00,67.80006808151072,68.98192476086734,65.83673284364053,65.9718017578125,320605600,0.0,0.0
2020-02-28 00:00:00-05:00,62.04996261815576,67.15124645876003,61.835295069493725,65.9332046508789,426510000,0.0,0.0
2020-03-02 00:00:00-05:00,68.08466354649526,72.70597008087806,66.98481268602946,72.07162475585938,341397200,0.0,0.0
2020-03-03 00:00:00-05:00,73.24384124809224,73.32343252495296,68.93367144924383,69.78268432617188,319475600,0.0,0.0
2020-03-04 00:00:00-05:00,71.49997996726277,73.1786982425022,70.70162361460446,73.0195083618164,219178400,0.0,0.0
2020-03-05 00:00:00-05:00,71.27808809920204,72.25010562325896,70.28677817477744,70.65098571777344,187572800,0.0,0.0
2020-03-06 00:00:00-05:00,68.01712645055636,70.14447238483373,67.83140857783133,69.71273040771484,226176800,0.0,0.0
2020-03-09 00:00:00-04:00,63.61530881776465,67.07405117029745,63.43441220501271,64.19900512695312,286744800,0.0,0.0
2020-03-10 00:00:00-04:00,66.84490987612755,69.08802459436366,64.97081653756358,68.82270812988281,285290000,0.0,0.0
2020-03-11 00:00:00-04:00,66.9052206904251,67.82899618098686,65.57140256073914,66.4324722290039,255598800,0.0,0.0
2020-03-12 00:00:00-04:00,61.73156686549944,65.12277445766078,59.816474316666195,59.8719482421875,418474000,0.0,0.0
2020-03-13 00:00:00-04:00,63.89027874713733,67.51544677339488,61.01040024313374,67.04511260986328,370732000,0.0,0.0
2020-03-16 00:00:00-04:00,58.3572544616731,62.48893115530333,57.88692394072501,58.41996765136719,322423600,0.0,0.0
2020-03-17 00:00:00-04:00,59.69828839419459,62.1343603897057,57.50099755431687,60.988685607910156,324056000,0.0,0.0
2020-03-18 00:00:00-04:00,57.83144573834236,60.298874658885616,57.19227545874743,59.49569320678711,300233600,0.0,0.0
2020-03-19 00:00:00-04:00,59.66934960367585,60.98386423258545,58.51643550459872,59.03982925415039,271857200,0.0,0.0
2020-03-20 00:00:00-04:00,59.6187005747609,60.74026183260014,54.99257275597992,55.291656494140625,401693200,0.0,0.0
2020-03-23 00:00:00-04:00,55.01185635438383,55.1131579974636,51.280562606035616,54.11701965332031,336752800,0.0,0.0
2020-03-24 00:00:00-04:00,57.00896347667582,59.74170869121859,56.512101379550025,59.54634094238281,287531200,0.0,0.0
2020-03-25 00:00:00-04:00,60.479778138969706,62.288744583804295,58.92406773248229,59.218326568603516,303602000,0.0,0.0
2020-03-26 00:00:00-04:00,59.45951071644022,62.39244495401999,59.42091855638433,62.33456039428711,252087200,0.0,0.0
2020-03-27 00:00:00-04:00,60.96215693824958,61.71468565033882,59.58734345256695,59.75376892089844,204216800,0.0,0.0
2020-03-30 00:00:00-04:00,60.4773625403671,61.630276765400616,60.154157765040964,61.45902633666992,167976400,0.0,0.0
2020-03-31 00:00:00-04:00,61.649564437343955,63.31139742053906,60.78125926146835,61.333595275878906,197002000,0.0,0.0
2020-04-01 00:00:00-04:00,59.45468518637688,59.990139440698485,57.6770756954336,58.10640335083008,176218400,0.0,0.0
2020-04-02 00:00:00-04:00,57.968928946530895,59.1290787799157,57.139215789585435,59.07601547241211,165934000,0.0,0.0
2020-04-03 00:00:00-04:00,58.56226659383969,59.26173205327884,57.638487411525155,58.22700500488281,129880000,0.0,0.0
2020-04-06 00:00:00-04:00,60.51592781380544,63.460921753532446,60.14931343490237,63.30656051635742,201820400,0.0,0.0
2020-04-07 00:00:00-04:00,65.31572084333918,65.5328026233651,62.46961765507172,62.57332992553711,202887200,0.0,0.0
2020-04-08 00:00:00-04:00,63.371680870128074,64.48841681732436,63.00748079939509,64.17486572265625,168895200,0.0,0.0
2020-04-09 00:00:00-04:00,64.80923169926753,65.13966834587349,63.84444973045493,64.63797760009766,161834800,0.0,0.0
2020-04-13 00:00:00-04:00,64.71514079715692,66.01518760885351,64.11697352191898,65.90664672851562,131022800,0.0,0.0
2020-04-14 00:00:00-04:00,67.53473560751405,69.5245983530926,67.06440146882377,69.23516082763672,194994800,0.0,0.0
2020-04-15 00:00:00-04:00,68.11359162380347,69.06148794812431,67.68667833959124,68.60321807861328,131154400,0.0,0.0
2020-04-16 00:00:00-04:00,69.31475615357093,69.51253820784274,68.10154321976958,69.14833068847656,157125200,0.0,0.0
2020-04-17 00:00:00-04:00,68.66593834588957,69.21104245877268,66.7773737102237,68.21007537841797,215250000,0.0,0.0
2020-04-20 00:00:00-04:00,67.0403128319312,67.93996761336628,66.77499622801686,66.7942886352539,130015200,0.0,0.0
2020-04-21 00:00:00-04:00,66.63750234716127,66.87146231135321,64.02052931116778,64.72964477539062,180991600,0.0,0.0
2020-04-22 00:00:00-04:00,65.99349627232849,67.02822701343717,65.65341709963987,66.59407806396484,116862400,0.0,0.0
2020-04-23 00:00:00-04:00,66.5386095259871,67.95684041674475,66.29741399655765,66.33600616455078,124814400,0.0,0.0
2020-04-24 00:00:00-04:00,66.85937319528729,68.26071799300543,66.81113116713207,68.25106811523438,126161200,0.0,0.0
2020-04-27 00:00:00-04:00,67.96887246841614,68.62975298338314,67.52266679021487,68.29931640625,117087600,0.0,0.0
2020-04-28 00:00:00-04:00,68.75998515151,68.94088171139727,67.10056689179865,67.19221496582031,112004800,0.0,0.0
2020-04-29 00:00:00-04:00,68.67560621679193,69.86711272922732,68.47300285396169,69.3991928100586,137280800,0.0,0.0
2020-04-30 00:00:00-04:00,69.93702304111527,71.03928789471824,69.54870194183862,70.86321258544922,183064000,0.0,0.0
2020-05-01 00:00:00-04:00,69.04221610297073,72.11745891629081,68.94573936920324,69.7223892211914,240616800,0.0,0.0
2020-05-04 00:00:00-04:00,69.74650982081866,70.83671089109956,69.05910113576175,70.70887756347656,133568000,0.0,0.0
2020-05-05 00:00:00-04:00,71.16713007829493,72.59983166411055,71.02241133373455,71.7701187133789,147751200,0.0,0.0
2020-05-06 00:00:00-04:00,72.4695983843977,73.14012158473827,72.0860984199546,72.51060485839844,142333600,0.0,0.0
2020-05-07 00:00:00-04:00,73.1352926720061,73.6056267954184,72.83379832640894,73.26071166992188,115215200,0.0,0.0
2020-05-08 00:00:00-04:00,73.91855094713767,75.05765488198482,73.59205412028582,75.00444793701172,133838400,0.205,0.0
2020-05-11 00:00:00-04:00,74.5134886448119,76.67802725492889,74.3054951964832,76.18466186523438,145946400,0.0,0.0
2020-05-12 00:00:00-04:00,76.86664205773681,77.31648373434159,75.19305595235625,75.31398010253906,162301200,0.0,0.0
2020-05-13 00:00:00-04:00,75.49295772589451,76.4119858446997,73.33083297953847,74.4046401977539,200622400,0.0,0.0
2020-05-14 00:00:00-04:00,73.64526572674791,74.92222510630167,72.92455476842612,74.86176300048828,158929200,0.0,0.0
2020-05-15 00:00:00-04:00,72.63916594421597,74.46511834982786,72.60530362666714,74.4191665649414,166348400,0.0,0.0
2020-05-18 00:00:00-04:00,75.73965837102512,76.54501020724649,75.05038903047435,76.17256164550781,135178400,0.0,0.0
2020-05-19 00:00:00-04:00,76.18950390013767,77.03355248472863,75.70097277157296,75.73241424560547,101729600,0.0,0.0
2020-05-20 00:00:00-04:00,76.58855856818843,77.2754072194724,76.54986193395195,77.20527648925781,111504800,0.0,0.0
2020-05-21 00:00:00-04:00,77.06742188839526,77.60674654641333,76.39266269950214,76.62967681884766,102688800,0.0,0.0
2020-05-22 00:00:00-04:00,76.368473598234,77.20527445284804,76.26690139409212,77.123046875,81803200,0.0,0.0
2020-05-26 00:00:00-04:00,78.23798137351547,78.41694688255292,76.54504205476862,76.60066986083984,125522000,0.0,0.0
2020-05-27 00:00:00-04:00,76.45796813210207,77.07951300360745,75.72032597361274,76.93440246582031,112945200,0.0,0.0
2020-05-28 00:00:00-04:00,76.61033098448729,78.22346339630693,76.33462758892847,76.96826934814453,133560800,0.0,0.0
2020-05-29 00:00:00-04:00,77.21009317848531,77.66960361164463,76.53775499591495,76.89327239990234,153532400,0.0,0.0
2020-06-01 00:00:00-04:00,76.84734052965656,77.95984481124701,76.71674030765645,77.83892059326172,80791200,0.0,0.0
2020-06-02 00:00:00-04:00,77.57287045767401,78.22344321190015,77.13270462012565,78.19925689697266,87642800,0.0,0.0
2020-06-03 00:00:00-04:00,78.51851253045199,78.89096118094021,77.94774639510123,78.6297607421875,104491200,0.0,0.0
2020-06-04 00:00:00-04:00,78.4531959492946,78.75066471951315,77.58011949942701,77.95256805419922,87560400,0.0,0.0
2020-06-05 00:00:00-04:00,78.2016892052146,80.23321448623865,78.17266857529869,80.1727523803711,137250400,0.0,0.0
2020-06-08 00:00:00-04:00,79.87043535299438,80.68062898183005,79.16182130122834,80.64676666259766,95654400,0.0,0.0
2020-06-09 00:00:00-04:00,80.3275377952439,83.5852289286094,80.2960963197302,83.19343566894531,147712400,0.0,0.0
2020-06-10 00:00:00-04:00,84.13906188270568,85.80055930851739,83.70131684314876,85.33379364013672,166651600,0.0,0.0
2020-06-11 00:00:00-04:00,84.4800733592576,84.90330810607846,81.1353128647156,81.23688507080078,201662400,0.0,0.0
2020-06-12 00:00:00-04:00,83.36997815286581,84.11486795424553,80.83057003176687,81.938232421875,200146000,0.0,0.0
2020-06-15 00:00:00-04:00,80.59596788300412,83.60214129780755,80.4339262304824,82.95156860351562,138808800,0.0,0.0
2020-06-16 00:00:00-04:00,85.0000109676245,85.42083207556223,83.36995560493102,85.14995574951172,165428800,0.0,0.0
2020-06-17 00:00:00-04:00,85.89245089695726,85.95291299210936,84.9105470621372,85.0314712524414,114406400,0.0,0.0
2020-06-18 00:00:00-04:00,84.98793725501275,85.48131000026396,84.45828873010188,85.0653305053711,96820400,0.0,0.0
2020-06-19 00:00:00-04:00,85.76912875753186,86.23347359915019,83.47398219153365,84.57923126220703,264476000,0.0,0.0
2020-06-22 00:00:00-04:00,84.97101892587712,86.93482682128399,84.92506713782858,86.7921371459961,135445200,0.0,0.0
2020-06-23 00:00:00-04:00,88.03280774958151,90.05949829570565,87.61440740737248,88.64468383789062,212155600,0.0,0.0
2020-06-24 00:00:00-04:00,88.2746571031473,89.19126451334176,86.7074769720713,87.07992553710938,192623200,0.0,0.0
2020-06-25 00:00:00-04:00,87.23470591777716,88.27465090772732,86.47771937429839,88.23595428466797,137522400,0.0,0.0
2020-06-26 00:00:00-04:00,88.13195861184417,88.35204149727454,85.37730234693228,85.52483367919922,205256800,0.0,0.0
2020-06-29 00:00:00-04:00,85.43295161300391,87.59024269738883,84.9565099457261,87.49591827392578,130646000,0.0,0.0
2020-06-30 00:00:00-04:00,87.08477070075071,88.51168219927229,87.06542607576557,88.2262954711914,140223200,0.0,0.0
2020-07-01 00:00:00-04:00,88.30367167024684,88.84540963268662,88.01103722238888,88.05940246582031,110737200,0.0,0.0
2020-07-02 00:00:00-04:00,88.96392034743998,89.59756186721356,87.94574082247463,88.05940246582031,114041600,0.0,0.0
2020-07-06 00:00:00-04:00,89.48390600830983,90.8817894339713,89.45246453610925,90.41502380371094,118655600,0.0,0.0
2020-07-07 00:00:00-04:00,90.79231129924504,91.5686426186408,90.02323513682953,90.13448333740234,112424400,0.0,0.0
2020-07-08 00:00:00-04:00,91.10913287644715,92.26516797551552,91.02206361133545,92.23372650146484,117092000,0.0,0.0
2020-07-09 00:00:00-04:00,93.1237365851939,93.17694353591374,91.58558408723032,92.63037109375,125642800,0.0,0.0
2020-07-10 00:00:00-04:00,92.22645698371295,92.85042991453263,91.61700174534108,92.7923812866211,90257200,0.0,0.0
2020-07-13 00:00:00-04:00,94.09354111984942,96.695832354325,92.15149869689814,92.36432647705078,191649200,0.0,0.0
2020-07-14 00:00:00-04:00,91.74760549870197,94.08386192882043,90.8164950630273,93.89280700683594,170989200,0.0,0.0
2020-07-15 00:00:00-04:00,95.76227290297543,96.01137641424255,93.34378934479908,94.53852081298828,153198000,0.0,0.0
2020-07-16 00:00:00-04:00,93.41394840131093,94.22897636244912,92.77788590184623,93.37525177001953,110577600,0.0,0.0
2020-07-17 00:00:00-04:00,93.82509068603153,93.97986982567868,92.71500002379474,93.18660736083984,92186800,0.0,0.0
2020-07-20 00:00:00-04:00,93.27369739909777,95.28829179282457,92.93026934363664,95.15043640136719,90318000,0.0,0.0
2020-07-21 00:00:00-04:00,95.93882871957942,96.01380112244911,93.58806231123043,93.83716583251953,103433200,0.0,0.0
2020-07-22 00:00:00-04:00,93.53970187859424,94.78038533647508,93.45263999834938,94.10079193115234,89001600,0.0,0.0
2020-07-23 00:00:00-04:00,93.83476371071059,93.91215697447913,89.00989228366163,89.81766510009766,197004400,0.0,0.0
2020-07-24 00:00:00-04:00,88.0207257853986,89.93858177491317,86.23829692519554,89.59515380859375,185438800,0.0,0.0
2020-07-27 00:00:00-04:00,90.6544431599045,91.81047808647506,90.43194679011566,91.71857452392578,121214000,0.0,0.0
2020-07-28 00:00:00-04:00,91.29051773530753,91.46706972799262,90.20703422382543,90.21187591552734,103625600,0.0,0.0
2020-07-29 00:00:00-04:00,90.69316227563066,92.12490824489846,90.65688648684609,91.94110107421875,90329200,0.0,0.0
2020-07-30 00:00:00-04:00,91.11638837269675,93.15758954142316,90.71008481567014,93.05359649658203,158130000,0.0,0.0
2020-07-31 00:00:00-04:00,99.5302890268665,102.94518713128302,97.53745326363413,102.79524230957031,374336800,0.0,0.0
2020-08-03 00:00:00-04:00,104.67198130172932,107.9973966979683,104.37451250261263,105.38543701171875,308151200,0.0,0.0
2020-08-04 00:00:00-04:00,105.5740570988802,107.17751279727722,104.85334637818364,106.08919525146484,173071600,0.0,0.0
2020-08-05 00:00:00-04:00,105.81109264863613,106.79299653251695,105.34674048719083,106.4737548828125,121776800,0.0,0.0
2020-08-06 00:00:00-04:00,106.8050811008857,110.6819103626939,106.2173913049504,110.18853759765625,202428800,0.0,0.0
2020-08-07 00:00:00-04:00,109.71123083778318,110.16672672210422,106.88861887505509,107.68331146240234,198045600,0.205,0.0
2020-08-10 00:00:00-04:00,109.12491431547922,110.26365418298434,106.60515752548201,109.24848175048828,212403600,0.0,0.0
2020-08-11 00:00:00-04:00,108.51435673757749,109.01103688460056,105.74019692749955,105.99944305419922,187902400,0.0,0.0
2020-08-12 00:00:00-04:00,107.0872920051885,109.77907584610773,106.89346742029055,109.52225494384766,165598000,0.0,0.0
2020-08-13 00:00:00-04:00,110.89843907131024,112.46117673591529,110.41144495933911,111.46054077148438,210082000,0.0,0.0
2020-08-14 00:00:00-04:00,111.286113713097,111.45086539174018,109.556198905536,111.36122131347656,165565200,0.0,0.0
2020-08-17 00:00:00-04:00,112.48054699080019,112.50477691266525,110.44535925101356,111.07044982910156,119561600,0.0,0.0
2020-08-18 00:00:00-04:00,110.82332353901295,112.41997706741819,110.48896983798126,111.99597930908203,105633600,0.0,0.0
2020-08-19 00:00:00-04:00,112.40302713967982,113.54661008039473,112.04202566230961,112.13651275634766,145538000,0.0,0.0
2020-08-20 00:00:00-04:00,112.17769677241944,114.73864510178977,112.16073508691606,114.62477111816406,126907200,0.0,0.0
2020-08-21 00:00:00-04:00,115.58179273436723,121.0138133012155,115.56968146956478,120.53166961669922,338054800,0.0,0.0
2020-08-24 00:00:00-04:00,124.72559897540391,124.81040740037858,120.11250865643729,121.97325134277344,345937600,0.0,0.0
2020-08-25 00:00:00-04:00,120.84906568793242,121.31667291273054,119.25482982936344,120.97262573242188,211495600,0.0,0.0
2020-08-26 00:00:00-04:00,122.28580830184438,123.07323276693351,121.22217601375844,122.61773681640625,163022400,0.0,0.0
2020-08-27 00:00:00-04:00,123.218587014397,123.55051548073467,120.01073632402604,121.15190124511719,155552400,0.0,0.0
2020-08-28 00:00:00-04:00,122.12347098857094,122.54020052783069,120.73276064666275,120.9556655883789,187630000,0.0,0.0
2020-08-31 00:00:00-04:00,123.64259283625631,126.95704208405934,122.11135345489677,125.05752563476562,225702700,0.0,4.0
2020-09-01 00:00:00-04:00,128.66273593650766,130.6397854362347,126.50156266667052,130.03890991210938,151948100,0.0,0.0
2020-09-02 00:00:00-04:00,133.343693114531,133.72165634087213,123.0805253018372,127.3447265625,200119000,0.0,0.0
2020-09-03 00:00:00-04:00,122.99327511596653,124.86370387094604,116.78109860380435,117.14936828613281,257599600,0.0,0.0
2020-09-04 00:00:00-04:00,116.36436621062012,119.88233348649146,107.46768160963626,117.22689819335938,332607200,0.0,0.0
2020-09-08 00:00:00-04:00,110.4332424909772,115.3176975867679,109.20244081478072,109.33811950683594,231366600,0.0,0.0
2020-09-09 00:00:00-04:00,113.6411109896637,115.46308756005234,111.70283521072183,113.69925689697266,176940500,0.0,0.0
2020-09-10 00:00:00-04:00,116.64542916296256,116.78110786689479,109.02800526992252,109.9874496459961,182274400,0.0,0.0
2020-09-11 00:00:00-04:00,111.0341102013086,111.67374465663826,106.60515104021346,108.54342651367188,180860300,0.0,0.0
2020-09-14 00:00:00-04:00,111.17950360312706,112.35215960156188,109.3187605672934,111.79975128173828,140150100,0.0,0.0
2020-09-15 00:00:00-04:00,114.67806966043925,115.16263852668574,110.10373838004288,111.97417449951172,184642000,0.0,0.0
2020-09-16 00:00:00-04:00,111.6737592561301,112.41999215763813,108.5822071057358,108.66942596435547,154679000,0.0,0.0
2020-09-17 00:00:00-04:00,106.33379357166754,108.73725101622504,105.3549623880546,106.93465423583984,178011000,0.0,0.0
2020-09-18 00:00:00-04:00,106.99281442322203,107.45799642585531,102.81582548420052,103.54267883300781,287104900,0.0,0.0
2020-09-21 00:00:00-04:00,101.31367629258035,106.78930687065947,99.91811535962182,106.68270111083984,195713800,0.0,0.0
2020-09-22 00:00:00-04:00,109.20245128230411,109.37689638794417,105.79108936459673,108.35929870605469,183055400,0.0,0.0
2020-09-23 00:00:00-04:00,108.17516907584385,108.65004455027305,103.47484460570544,103.81404876708984,150718700,0.0,0.0
2020-09-24 00:00:00-04:00,101.92423053085801,106.84745280660479,101.75947886343313,104.8801040649414,167743300,0.0,0.0
2020-09-25 00:00:00-04:00,105.08360984198643,108.96985441233768,104.34706305845842,108.81478881835938,149981400,0.0,0.0
2020-09-28 00:00:00-04:00,111.46053107152444,111.76096139819123,109.29935070600561,111.41207122802734,137672400,0.0,0.0
2020-09-29 00:00:00-04:00,111.0147338283158,111.75127320535319,110.06497556622581,110.56892395019531,99382200,0.0,0.0
2020-09-30 00:00:00-04:00,110.27819234917513,113.64110173479544,110.11344069592683,112.23584747314453,142675200,0.0,0.0
2020-10-01 00:00:00-04:00,114.00936590090853,114.08689869652889,112.25522891512048,113.18560028076172,116120400,0.0,0.0
2020-10-02 00:00:00-04:00,109.40595903034216,111.80942388224,108.75663851817679,109.53194427490234,144712000,0.0,0.0
2020-10-05 00:00:00-04:00,110.39450032404892,113.0499360657336,110.04561009300302,112.9045639038086,106243800,0.0,0.0
2020-10-06 00:00:00-04:00,112.12925207481908,112.53629561221867,108.78572927732188,109.66764831542969,161498200,0.0,0.0
2020-10-07 00:00:00-04:00,111.08257884073628,111.98387730301256,110.6076959885073,111.52838134765625,96849000,0.0,0.0
2020-10-08 00:00:00-04:00,112.66227875286972,112.80765091391855,111.05350632008391,111.42178344726562,83477200,0.0,0.0
2020-10-09 00:00:00-04:00,111.72221622412157,113.38913459955495,111.37332598768504,113.36006164550781,100506900,0.0,0.0
2020-10-12 00:00:00-04:00,116.35469065538149,121.31667922649164,115.59876429754219,120.56075286865234,240226800,0.0,0.0
2020-10-13 00:00:00-04:00,121.40388985664498,121.5201890553274,115.957340112208,117.36258697509766,262330500,0.0,0.0
2020-10-14 00:00:00-04:00,117.26568290980406,119.23303161360833,115.9282753037238,117.44982147216797,150712000,0.0,0.0
2020-10-15 00:00:00-04:00,115.0560520589753,117.459509897586,114.50364375467132,116.98463439941406,112559200,0.0,0.0
2020-10-16 00:00:00-04:00,117.53703239008934,117.79870373934006,115.14326081684207,115.3467788696289,115393800,0.0,0.0
2020-10-19 00:00:00-04:00,116.25775273302293,116.7035551690698,112.09046523401071,112.40058898925781,120639300,0.0,0.0
2020-10-20 00:00:00-04:00,112.61380161708941,115.30801072573557,112.06139340503645,113.88337707519531,124423700,0.0,0.0
2020-10-21 00:00:00-04:00,113.06929820388042,115.04634007817563,112.85608671832885,113.26313018798828,89946000,0.0,0.0
2020-10-22 00:00:00-04:00,113.825219728469,114.39701481541562,111.05348531931205,112.17768859863281,101988000,0.0,0.0
2020-10-23 00:00:00-04:00,112.79794326147403,112.95300885211658,110.75306199696499,111.48960876464844,82572600,0.0,0.0
2020-10-26 00:00:00-04:00,110.491393975544,112.9530046815979,109.39626361538546,111.49929809570312,111850700,0.0,0.0
2020-10-27 00:00:00-04:00,111.92572886201872,113.66048651064561,111.0050508568626,113.00147247314453,92276800,0.0,0.0
2020-10-28 00:00:00-04:00,111.49932202380221,111.86759177611111,107.67122275639692,107.76813507080078,143937800,0.0,0.0
2020-10-29 00:00:00-04:00,108.90202494425338,113.32129125851726,108.73726588721904,111.76097869873047,146129200,0.0,0.0
2020-10-30 00:00:00-04:00,107.63245134560678,108.53374987611883,104.39553435267372,105.50035095214844,190272600,0.0,0.0
2020-11-02 00:00:00-05:00,105.74262715568275,107.26417322328109,104.00786958662283,105.41311645507812,122866900,0.0,0.0
2020-11-03 00:00:00-05:00,106.27563663269524,108.04915288584829,105.37433833613765,107.03156280517578,107624400,0.0,0.0
2020-11-04 00:00:00-05:00,110.6173826820644,112.02262946819745,108.88262521463015,111.40238189697266,138235500,0.0,0.0
2020-11-05 00:00:00-05:00,114.3097976289083,115.92826333290571,113.26313445106743,115.3564682006836,126387100,0.0,0.0
2020-11-06 00:00:00-05:00,114.86623100789144,115.72054108275734,112.74015488389513,115.22543334960938,114457900,0.205,0.0
2020-11-09 00:00:00-05:00,116.98259196742552,118.42909663240218,112.66249091138815,112.92460632324219,154515300,0.0,0.0
2020-11-10 00:00:00-05:00,112.17708523408758,114.15753088265224,110.79852956756876,112.58482360839844,138023400,0.0,0.0
2020-11-11 00:00:00-05:00,113.7691943770842,116.13796507649292,113.04108708119541,116.0020523071289,112295000,0.0,0.0
2020-11-12 00:00:00-05:00,116.12827545684921,117.011708557713,115.10892216454586,115.73023986816406,103162300,0.0,0.0
2020-11-13 00:00:00-05:00,115.95352413531403,116.17680624012897,114.42935305539847,115.77877807617188,81581900,0.0,0.0
2020-11-16 00:00:00-05:00,115.44869936969526,117.45827535475047,114.70117908437909,116.78842163085938,91183000,0.0,0.0
2020-11-17 00:00:00-05:00,116.06031664652185,117.14761890185565,115.48753500270898,115.90498352050781,74271000,0.0,0.0
2020-11-18 00:00:00-05:00,115.14774244040137,116.32242132257835,114.55554791373581,114.58467102050781,76322100,0.0,0.0
2020-11-19 00:00:00-05:00,114.15752657877456,115.58461824175113,113.40029608169101,115.1768798828125,74113000,0.0,0.0
2020-11-20 00:00:00-05:00,115.17688122037637,115.30308383579212,113.8662893904585,113.91482543945312,73604300,0.0,0.0
2020-11-23 00:00:00-05:00,113.75949369240169,114.1866523784184,110.42961575192224,110.52669525146484,127959300,0.0,0.0
2020-11-24 00:00:00-05:00,110.58495899509562,112.46832515996194,109.30348281979012,111.80817413330078,113874200,0.0,0.0
2020-11-25 00:00:00-05:00,112.17705902961947,113.3420276574267,111.80814661901826,112.6430435180664,76499200,0.0,0.0
2020-11-27 00:00:00-05:00,113.1673088628538,114.060452186272,112.82752688184597,113.18672180175781,46691300,0.0,0.0
2020-11-30 00:00:00-05:00,113.5556343004744,117.43887387012144,113.40030116247651,115.57492065429688,169410200,0.0,0.0
2020-12-01 00:00:00-05:00,117.47770289816154,119.86589425816237,116.50689304092421,119.13778686523438,127728200,0.0,0.0
2020-12-02 00:00:00-05:00,118.45821829004096,119.76881755329892,117.36120579212971,119.4872817993164,89004200,0.0,0.0
2020-12-03 00:00:00-05:00,119.91443587941438,120.16684852789926,118.64267727747634,119.35137176513672,78967600,0.0,0.0
2020-12-04 00:00:00-05:00,119.0212852595791,119.27369789260959,117.97280885162905,118.68150329589844,78260400,0.0,0.0
2020-12-07 00:00:00-05:00,118.73973457388429,120.93376661663584,118.68148836078066,120.13770294189453,86712000,0.0,0.0
2020-12-08 00:00:00-05:00,120.73962584742733,121.33182045894168,119.4969829958177,120.74932861328125,82225500,0.0,0.0
2020-12-09 00:00:00-05:00,120.89495455654684,122.27350282433629,117.46799682595132,118.22522735595703,115089200,0.0,0.0
2020-12-10 00:00:00-05:00,116.98258416090866,120.25421594451468,116.64280220277539,119.6426010131836,81312200,0.0,0.0
2020-12-11 00:00:00-05:00,118.85623544540636,119.17660443365664,117.03111582087004,118.83682250976562,86939800,0.0,0.0
2020-12-14 00:00:00-05:00,119.02129117041069,119.74939858875337,117.99223505596105,118.22522735595703,79184500,0.0,0.0
2020-12-15 00:00:00-05:00,120.71048814758292,124.16657610565406,120.50661897640848,124.14715576171875,157243700,0.0,0.0
2020-12-16 00:00:00-05:00,123.69089034743503,124.62285953660047,122.86569602420569,124.07920837402344,98208600,0.0,0.0
2020-12-17 00:00:00-05:00,125.13737340779682,125.79753175425047,124.30247641319399,124.9432144165039,94359800,0.0,0.0
2020-12-18 00:00:00-05:00,125.19564174778804,125.33155453096758,122.43853798895042,122.96277618408203,192541500,0.0,0.0
2020-12-21 00:00:00-05:00,121.3706398580424,124.56460503939759,119.84646874418631,124.4869384765625,121251600,0.0,0.0
2020-12-22 00:00:00-05:00,127.76830318074434,130.48657411125797,125.86550908536934,128.03042602539062,168904800,0.0,0.0
2020-12-23 00:00:00-05:00,128.30221385873838,128.5643218128226,126.96249172878603,127.13724517822266,88223700,0.0,0.0
2020-12-24 00:00:00-05:00,127.48674690488681,129.56427923315684,127.27316756907929,128.11776733398438,54930100,0.0,0.0
2020-12-28 00:00:00-05:00,130.07881339134244,133.33101740723168,129.61281401111586,132.6999969482422,124486200,0.0,0.0
2020-12-29 00:00:00-05:00,134.02028815847115,134.7386778886634,130.41857748936,130.93310546875,121047300,0.0,0.0
2020-12-30 00:00:00-05:00,131.62243404818764,132.02046974111198,129.5060603447114,129.8167266845703,96452100,0.0,0.0
2020-12-31 00:00:00-05:00,130.1661668388547,130.80690479845464,127.8750553457784,128.81674194335938,99116600,0.0,0.0
2021-01-04 00:00:00-05:00,129.62251281946894,129.70988213559124,123.05983729876496,125.63248443603516,143301900,0.0,0.0
2021-01-05 00:00:00-05:00,125.12767140195429,127.89448518815179,124.68109238722828,127.18578338623047,97664900,0.0,0.0
2021-01-06 00:00:00-05:00,123.99183545726343,127.2246340413711,122.6909464043688,122.90452575683594,155088000,0.0,0.0
2021-01-07 00:00:00-05:00,124.61319331470374,127.78774670054425,124.12778823242667,127.09846496582031,109578200,0.0,0.0
2021-01-08 00:00:00-05:00,128.56436281946557,128.75853667263522,126.42858375506596,128.19546508789062,105158200,0.0,0.0
2021-01-11 00:00:00-05:00,125.41891104549275,126.37030043054156,124.74904996348562,125.21503448486328,100384500,0.0,0.0
2021-01-12 00:00:00-05:00,124.74908302143444,125.9043492732531,123.15695523922157,125.04032897949219,91951100,0.0,0.0
2021-01-13 00:00:00-05:00,125.00148312714683,127.61296424812167,124.73937510775554,127.0693130493164,88636800,0.0,0.0
2021-01-14 00:00:00-05:00,126.98194013638121,127.17609915715049,125.00147960973679,125.14710998535156,90221800,0.0,0.0
2021-01-15 00:00:00-05:00,125.02089964036091,126.41886828778621,123.29285917712234,123.42877197265625,111598500,0.0,0.0
2021-01-19 00:00:00-05:00,124.05007410140924,124.95293491139884,123.23459743091543,124.09861755371094,90757300,0.0,0.0
2021-01-20 00:00:00-05:00,124.90441575262822,128.62261975871334,124.79762606214696,128.17604064941406,104319500,0.0,0.0
2021-01-21 00:00:00-05:00,129.8943322047019,135.59298002533745,129.6904556633409,132.8747100830078,120150900,0.0,0.0
2021-01-22 00:00:00-05:00,132.30196087543968,135.76775903778582,131.07874583699044,135.01052856445312,114459400,0.0,0.0
2021-01-25 00:00:00-05:00,138.89376878953092,140.8547939706266,132.55436700322258,138.74813842773438,157611700,0.0,0.0
2021-01-26 00:00:00-05:00,139.40829883611298,140.08786276088446,137.2433822290361,138.98114013671875,98390600,0.0,0.0
2021-01-27 00:00:00-05:00,139.2432124060488,140.08782682258447,136.31137810940206,137.9132080078125,140843800,0.0,0.0
2021-01-28 00:00:00-05:00,135.44740902267984,137.8453107957744,132.70971784009862,133.0883331298828,142621100,0.0,0.0
2021-01-29 00:00:00-05:00,131.86510749004256,132.7485480341253,126.40916071663973,128.1080780029297,177523800,0.0,0.0
2021-02-01 00:00:00-05:00,129.84581103922318,131.42823575703017,127.1081202867018,130.22442626953125,106239800,0.0,0.0
2021-02-02 00:00:00-05:00,131.76799601841705,132.33106742025004,130.6806938981219,131.0496063232422,83305400,0.0,0.0
2021-02-03 00:00:00-05:00,131.79709325987585,131.80681083550172,129.7098587464062,130.0302276611328,89880900,0.0,0.0
2021-02-04 00:00:00-05:00,132.32139835278772,133.38928040334213,130.66130683037125,133.37957763671875,84183100,0.0,0.0
2021-02-05 00:00:00-05:00,133.53998407473009,133.60803459447885,132.09131060559002,132.96633911132812,75693800,0.205,0.0
2021-02-08 00:00:00-05:00,132.25657350766537,133.16078334273837,131.17736393158722,133.11216735839844,71297200,0.0,0.0
2021-02-09 00:00:00-05:00,132.83018564701385,134.05524301099237,132.081555964042,132.2371063232422,76774200,0.0,0.0
2021-02-10 00:00:00-05:00,132.6941448267895,133.19000731082727,130.67184065877828,131.63438415527344,73046600,0.0,0.0
2021-02-11 00:00:00-05:00,132.13022184665593,132.60663492557896,130.05931666495545,131.381591796875,64280000,0.0,0.0
2021-02-12 00:00:00-05:00,130.623158225199,131.77041809115235,129.98146296008306,131.61485290527344,60145100,0.0,0.0
2021-02-16 00:00:00-05:00,131.731578673249,132.23714344471992,129.10646349095452,129.49537658691406,80576300,0.0,0.0
2021-02-17 00:00:00-05:00,127.6092016891494,128.55229564276027,125.87857903593999,127.2105712890625,97918500,0.0,0.0
2021-02-18 00:00:00-05:00,125.61604564080127,126.393856958418,123.87570598415513,126.11190795898438,96856700,0.0,0.0
2021-02-19 00:00:00-05:00,126.62720249840024,127.08416608284661,125.2271451192894,126.2674560546875,87668800,0.0,0.0
2021-02-22 00:00:00-05:00,124.45905227095189,126.12162413344431,122.11590849249929,122.50481414794922,103916400,0.0,0.0
2021-02-23 00:00:00-05:00,120.32696020598745,123.1951256816812,115.10591870921408,122.36870574951172,158273000,0.0,0.0
2021-02-24 00:00:00-05:00,121.4742179705755,122.07701467726875,118.83939315022482,121.87284088134766,111039900,0.0,0.0
2021-02-25 00:00:00-05:00,121.2214246130711,122.95204690459941,117.19626722871075,117.63378143310547,148199500,0.0,0.0
2021-02-26 00:00:00-05:00,119.18940199791072,121.3867126364465,117.83796059992733,117.89630126953125,164560400,0.0,0.0
2021-03-01 00:00:00-05:00,120.31723727022785,124.38128647028813,119.38386807729292,124.24517059326172,116307900,0.0,0.0
2021-03-02 00:00:00-05:00,124.84797657824923,125.14937496490815,121.54228933610958,121.64923858642578,102260900,0.0,0.0
2021-03-03 00:00:00-05:00,121.34783450228308,122.22287046374831,118.46021953832745,118.67411804199219,112966300,0.0,0.0
2021-03-04 00:00:00-05:00,118.37271017337518,120.17139052818686,115.32953762534804,116.79764556884766,178155000,0.0,0.0
2021-03-05 00:00:00-05:00,117.62409026429847,118.5574595470923,114.30867806869652,118.0518798828125,153766600,0.0,0.0
2021-03-08 00:00:00-05:00,117.57546286579684,117.6435208042625,112.98639210708664,113.13223266601562,154376600,0.0,0.0
2021-03-09 00:00:00-05:00,115.72817884872909,118.67412730069942,115.49483838005335,117.73103332519531,129525800,0.0,0.0
2021-03-10 00:00:00-05:00,118.31438961434448,118.78107052799325,116.13652062478559,116.65182495117188,111943300,0.0,0.0
2021-03-11 00:00:00-05:00,119.14080190524842,119.79221465640565,117.89630965893046,118.57688903808594,103026500,0.0,0.0
2021-03-12 00:00:00-05:00,117.06015469929451,117.80879195023273,115.85455386939371,117.67267608642578,88105100,0.0,0.0
2021-03-15 00:00:00-04:00,118.04217125866843,120.56032282818381,117.07962785659153,120.55059814453125,92403800,0.0,0.0
2021-03-16 00:00:00-04:00,122.21314504308985,123.69098519524891,121.26033388239702,122.08675384521484,115227900,0.0,0.0
2021-03-17 00:00:00-04:00,120.60891318675553,122.36870224795845,118.9463412703685,121.2992172241211,111932600,0.0,0.0
2021-03-18 00:00:00-04:00,119.47137236768086,119.7630534964986,116.98238776140393,117.18656158447266,121229700,0.0,0.0
2021-03-19 00:00:00-04:00,116.57402966087285,118.06158696536845,116.36013117462356,116.66152954101562,185549500,0.0,0.0
2021-03-22 00:00:00-04:00,116.99212420499393,120.43392774935558,116.92406625712914,119.96723937988281,111912300,0.0,0.0
2021-03-23 00:00:00-04:00,119.90888714776963,120.79364033005854,118.75189479932533,119.14080047607422,95467100,0.0,0.0
2021-03-24 00:00:00-04:00,119.41305635178395,119.49083898640141,116.73933948333126,116.75878143310547,88530500,0.0,0.0
2021-03-25 00:00:00-04:00,116.2240494991001,118.28524493384911,115.699027810501,117.24491882324219,98844700,0.0,0.0
2021-03-26 00:00:00-04:00,117.0115497729694,118.11020888610055,115.62121696029041,117.84769439697266,94071200,0.0,0.0
2021-03-29 00:00:00-04:00,118.27548724702227,119.1796897776827,117.3810093980004,118.02269744873047,80819200,0.0,0.0
2021-03-30 00:00:00-04:00,116.77817888874151,117.06013525057031,115.56285357969853,116.57400512695312,85671900,0.0,0.0
2021-03-31 00:00:00-04:00,118.27549692418452,120.0936193981419,117.78936665110342,118.76162719726562,118323800,0.0,0.0
2021-04-01 00:00:00-04:00,120.22973104227312,120.73530321344647,119.09218067605553,119.5880355834961,75089100,0.0,0.0
2021-04-05 00:00:00-04:00,120.433912742921,122.6603902138714,119.65610136330406,122.40760040283203,88651200,0.0,0.0
2021-04-06 00:00:00-04:00,122.99094842847227,123.6034698490668,122.16452851942161,122.70899200439453,80171300,0.0,0.0
2021-04-07 00:00:00-04:00,122.33954050731289,124.37156139198876,121.66867838856395,124.35211944580078,83466700,0.0,0.0
2021-04-08 00:00:00-04:00,125.3729903400282,126.77304785417073,124.95492543996741,126.74388122558594,88844600,0.0,0.0
2021-04-09 00:00:00-04:00,126.19942288071834,129.34953758105655,125.87857511762488,129.31065368652344,106686700,0.0,0.0
2021-04-12 00:00:00-04:00,128.84397969384253,129.1648274741665,127.00640774145585,127.5994873046875,91420000,0.0,0.0
2021-04-13 00:00:00-04:00,128.76621465236119,130.9246346798754,128.27035218071617,130.7010040283203,91266500,0.0,0.0
2021-04-14 00:00:00-04:00,131.19683535032675,131.25516860713591,128.00782207026887,128.3675537109375,87222800,0.0,0.0
2021-04-15 00:00:00-04:00,130.10792810253133,131.2551885555225,129.93291346998677,130.76905822753906,89347100,0.0,0.0
2021-04-16 00:00:00-04:00,130.57460771830137,130.93433940993674,129.5828977054859,130.43849182128906,84922400,0.0,0.0
2021-04-19 00:00:00-04:00,129.80650105955348,131.71213827061115,129.6412185458448,131.099609375,94264200,0.0,0.0
2021-04-20 00:00:00-04:00,131.27457731881103,131.7704246836556,128.1536155263412,129.4175567626953,94812300,0.0,0.0
2021-04-21 00:00:00-04:00,128.6883918850069,130.03983329744375,127.65779819666872,129.79676818847656,68847100,0.0,0.0
2021-04-22 00:00:00-04:00,129.3495375220918,130.42874732999832,127.7647629078915,128.28005981445312,84566500,0.0,0.0
2021-04-23 00:00:00-04:00,128.49395363729542,131.37183646308597,128.49395363729542,130.5940399169922,78657500,0.0,0.0
2021-04-26 00:00:00-04:00,131.08988992627178,131.3135056957382,129.85511489088012,130.98294067382812,66905100,0.0,0.0
2021-04-27 00:00:00-04:00,131.26490623623846,131.65381940116677,130.38987757731036,130.662109375,66015800,0.0,0.0
2021-04-28 00:00:00-04:00,130.58433418027712,131.27464581514576,129.38845765548453,129.8745880126953,107760100,0.0,0.0
2021-04-29 00:00:00-04:00,132.6843927517533,133.26775499092827,128.77590135452442,129.77732849121094,151101000,0.0,0.0
2021-04-30 00:00:00-04:00,128.12447774341382,129.8551001147441,127.43418114888645,127.81336212158203,109839500,0.0,0.0
2021-05-03 00:00:00-04:00,128.3772426558717,130.35094470080776,128.17307630207762,128.86337280273438,75135100,0.0,0.0
2021-05-04 00:00:00-04:00,127.55084325291588,127.84252433773976,123.18538875024454,124.3034896850586,137564700,0.0,0.0
2021-05-05 00:00:00-04:00,125.6160551149203,126.83138075425876,124.4201788397563,124.54657745361328,84000900,0.0,0.0
2021-05-06 00:00:00-04:00,124.34240242288911,126.15080765787947,123.60348232032891,126.1410903930664,78128300,0.0,0.0
2021-05-07 00:00:00-04:00,127.43642888049409,127.83572162458631,126.1021589401048,126.81312561035156,78973300,0.22,0.0
2021-05-10 00:00:00-04:00,126.03396862881701,126.16056709673003,123.50179122048604,123.5407485961914,88071200,0.0,0.0
2021-05-11 00:00:00-04:00,120.2781429577982,122.97587617421408,119.5671838636692,122.62527465820312,126142800,0.0,0.0
2021-05-12 00:00:00-04:00,120.18073848547931,121.38838724678817,119.06073823482639,119.56716918945312,112172300,0.0,0.0
2021-05-13 00:00:00-04:00,121.32995276517451,122.85899423262195,121.01830123774441,121.70977783203125,105861300,0.0,0.0
2021-05-14 00:00:00-04:00,122.95638491442686,124.55359993393608,122.56681864446786,124.12507629394531,81918000,0.0,0.0
2021-05-17 00:00:00-04:00,123.51151514879045,123.61864605940792,121.9045589198871,122.97586059570312,74244600,0.0,0.0
2021-05-18 00:00:00-04:00,123.25829164809352,123.67707407576847,121.5247295992301,121.59290313720703,63342900,0.0,0.0
2021-05-19 00:00:00-04:00,119.94701139751646,121.66109125212728,119.65483481097455,121.43709564208984,92612000,0.0,0.0
2021-05-20 00:00:00-04:00,121.96300011967811,124.38803886132331,121.83638680726905,123.98873138427734,76857100,0.0,0.0
2021-05-21 00:00:00-04:00,124.48541706436308,124.66072150118845,121.94350644557427,122.15776824951172,79295400,0.0,0.0
2021-05-24 00:00:00-04:00,122.72264972174192,124.60230012567476,122.65447618088876,123.78421020507812,63092900,0.0,0.0
2021-05-25 00:00:00-04:00,124.48541363170318,124.97237699199731,123.02454584189425,123.58941650390625,72009500,0.0,0.0
2021-05-26 00:00:00-04:00,123.64787952179124,124.06666202267431,123.12196609530832,123.5407485961914,56575900,0.0,0.0
2021-05-27 00:00:00-04:00,123.14140656389391,124.31009771563129,121.81688596240109,122.01166534423828,94625600,0.0,0.0
2021-05-28 00:00:00-04:00,122.29411590101695,122.51811890538758,121.30072904118603,121.35916137695312,71311100,0.0,0.0
2021-06-01 00:00:00-04:00,121.81690564628397,122.07985859728936,120.70664664362424,121.03777313232422,67637100,0.0,0.0
2021-06-02 00:00:00-04:00,121.03778177713107,121.97273640244447,120.81378617886122,121.79743194580078,59278900,0.0,0.0
2021-06-03 00:00:00-04:00,121.42735201359653,121.59291527515944,119.91778539724056,120.31709289550781,76229200,0.0,0.0
2021-06-04 00:00:00-04:00,120.83325448650514,122.86873431142617,120.61899267015994,122.60577392578125,75169300,0.0,0.0
2021-06-07 00:00:00-04:00,122.87846962118002,123.0245579005518,121.57343116760482,122.61551666259766,71057600,0.0,0.0
2021-06-08 00:00:00-04:00,123.29726191856811,125.10874632513031,122.91743682004416,123.43360900878906,74403800,0.0,0.0
2021-06-09 00:00:00-04:00,123.89133789579034,124.41725123885395,123.21933627459374,123.81342315673828,56877900,0.0,0.0
2021-06-10 00:00:00-04:00,123.70629386140669,124.84577650141729,122.65447459192099,122.82003784179688,71186400,0.0,0.0
2021-06-11 00:00:00-04:00,123.22909472039107,124.11535828283353,122.8103122273261,124.02770233154297,53522400,0.0,0.0
2021-06-14 00:00:00-04:00,124.48542499652146,127.13445925571631,123.75499103493249,127.0760269165039,96906500,0.0,0.0
2021-06-15 00:00:00-04:00,126.5501187512876,127.19290419262148,126.01446421684268,126.25794219970703,62746300,0.0,0.0
2021-06-16 00:00:00-04:00,126.96890813933193,127.47534656209021,125.10874743356234,126.75464630126953,91815000,0.0,0.0
2021-06-17 00:00:00-04:00,126.41374704429569,129.09200433395995,126.26765136661298,128.35182189941406,96721700,0.0,0.0
2021-06-18 00:00:00-04:00,127.30004232774398,128.07916002857564,126.84230250511071,127.05656433105469,108953300,0.0,0.0
2021-06-21 00:00:00-04:00,126.90074760795298,128.955702701089,125.83918700220758,128.84857177734375,79663300,0.0,0.0
2021-06-22 00:00:00-04:00,128.68298261560656,130.5821078265205,128.18627804148716,130.48471069335938,74783600,0.0,0.0
2021-06-23 00:00:00-04:00,130.28018657486302,130.81584104082094,129.75426587711715,130.21200561523438,60214200,0.0,0.0
2021-06-24 00:00:00-04:00,130.94247320751583,131.12751887622477,129.46212271856308,129.9296112060547,68711000,0.0,0.0
2021-06-25 00:00:00-04:00,129.978280483212,130.3970554405537,129.34522887186355,129.6374053955078,70783700,0.0,0.0
2021-06-28 00:00:00-04:00,129.929615432019,131.72161011019884,129.87118308436172,131.2638702392578,62111300,0.0,0.0
2021-06-29 00:00:00-04:00,131.28330792306184,132.92922117145156,130.84505060419642,132.7733917236328,64556100,0.0,0.0
2021-06-30 00:00:00-04:00,132.61759460995344,133.82525083392224,132.3254180392348,133.38699340820312,63261400,0.0,0.0
2021-07-01 00:00:00-04:00,133.03638455477136,133.74733615062,132.218287184251,133.68890380859375,52485800,0.0,0.0
2021-07-02 00:00:00-04:00,134.30244482687868,136.3476657575281,134.15636398642496,136.3087158203125,78852600,0.0,0.0
2021-07-06 00:00:00-04:00,136.4158617440288,139.41549764354806,136.4158617440288,138.3149871826172,108181800,0.0,0.0
2021-07-07 00:00:00-04:00,139.79533405407227,141.11012131228122,138.93830152510142,140.79847717285156,104911600,0.0,0.0
2021-07-08 00:00:00-04:00,137.886415856141,140.30171263383818,137.00015267093528,139.50311279296875,105575500,0.0,0.0
2021-07-09 00:00:00-04:00,139.0259083953203,141.8502466496084,138.9285112717733,141.3243408203125,99890800,0.0,0.0
2021-07-12 00:00:00-04:00,142.39568172270836,142.50281263838897,140.24332963884083,140.73028564453125,76299700,0.0,0.0
2021-07-13 00:00:00-04:00,140.27256180158014,143.61308810901411,139.88300289690474,141.84056091308594,100827100,0.0,0.0
2021-07-14 00:00:00-04:00,144.23637643322533,145.66802829472786,143.82732030646622,145.25897216796875,127050800,0.0,0.0
2021-07-15 00:00:00-04:00,145.3466125845258,146.08678025462487,143.25269315111336,144.60643005371094,106820300,0.0,0.0
2021-07-16 00:00:00-04:00,144.58697348148013,145.85304711779946,142.0742788872529,142.5709686279297,93251400,0.0,0.0
2021-07-19 00:00:00-04:00,139.99983785193092,140.31149679803218,137.97409928442224,138.73374938964844,121434600,0.0,0.0
2021-07-20 00:00:00-04:00,139.71742366986297,143.26246279631377,139.23046766424767,142.3372344970703,96350000,0.0,0.0
2021-07-21 00:00:00-04:00,141.73342485019364,142.31777804675525,140.85690991607032,141.6068115234375,74993500,0.0,0.0
2021-07-22 00:00:00-04:00,142.13272618480354,144.33376205602218,142.00611286355945,142.9702911376953,77338200,0.0,0.0
2021-07-23 00:00:00-04:00,143.70069581628857,144.84017089255983,143.0871265980212,144.68434143066406,71447400,0.0,0.0
2021-07-26 00:00:00-04:00,144.40194679352788,145.92124724515625,143.84680978043045,145.10316467285156,72434100,0.0,0.0
2021-07-27 00:00:00-04:00,145.22975487472473,145.31741825019225,141.7528967098648,142.94107055664062,104818600,0.0,0.0
2021-07-28 00:00:00-04:00,141.03217541296894,143.13582861718922,138.82139130869905,141.19773864746094,118931200,0.0,0.0
2021-07-29 00:00:00-04:00,140.91534736894218,142.72682451105,140.8082164410485,141.84056091308594,56699500,0.0,0.0
2021-07-30 00:00:00-04:00,140.61334840425712,142.512472874387,140.35038813586675,142.0547332763672,70440600,0.0,0.0
2021-08-02 00:00:00-04:00,142.5417457565108,143.11635020883497,141.4607029570404,141.72366333007812,62880000,0.0,0.0
2021-08-03 00:00:00-04:00,142.00607403013316,144.1778931349551,141.3925048543154,143.51564025878906,64786600,0.0,0.0
2021-08-04 00:00:00-04:00,143.42802249439222,143.9344460279435,142.4638442773508,143.11636352539062,56368300,0.0,0.0
2021-08-05 00:00:00-04:00,143.14559599106772,143.98316098970645,142.35672956946877,143.2235107421875,46397700,0.0,0.0
2021-08-06 00:00:00-04:00,142.74556017853746,143.48683682415765,142.04329182669468,142.5407257080078,54126800,0.22,0.0
2021-08-09 00:00:00-04:00,142.59928057367807,143.08696622193483,141.93603523588163,142.4919891357422,48908700,0.0,0.0
2021-08-10 00:00:00-04:00,142.83333089104445,144.072056221946,141.72140855204836,142.01402282714844,69023100,0.0,0.0
2021-08-11 00:00:00-04:00,142.45291622735687,143.10641291368987,141.94571921595733,142.26759338378906,48493500,0.0,0.0
2021-08-12 00:00:00-04:00,142.5895380873464,145.3791007055084,142.24815216632183,145.22303771972656,72282600,0.0,0.0
2021-08-13 00:00:00-04:00,145.30103817728678,145.75946379823836,144.6182813640554,145.42784118652344,59375000,0.0,0.0
2021-08-16 00:00:00-04:00,144.88159714502063,147.46633914191412,142.86258697892168,147.39805603027344,103296000,0.0,0.0
2021-08-17 00:00:00-04:00,146.5300361381551,147.9443216421731,145.41811337630122,146.49102783203125,92229700,0.0,0.0
2021-08-18 00:00:00-04:00,146.11062014748856,147.00795993561067,142.5505060596621,142.75534057617188,86326000,0.0,0.0
2021-08-19 00:00:00-04:00,141.45804637705135,144.35489926234624,140.94110096897992,143.0869140625,86960300,0.0,0.0
2021-08-20 00:00:00-04:00,143.8087395067066,144.84263065061194,143.16499090967656,144.54026794433594,60549600,0.0,0.0
2021-08-23 00:00:00-04:00,144.65731367112883,146.49101645929602,144.24765951519495,146.02284240722656,60131800,0.0,0.0
2021-08-24 00:00:00-04:00,145.7692167650667,147.14449367144724,145.4766024407117,145.93502807617188,48606400,0.0,0.0
2021-08-25 00:00:00-04:00,146.12032437546637,146.61777310120064,144.15983406027962,144.70603942871094,58991300,0.0,0.0
2021-08-26 00:00:00-04:00,144.6962824320372,145.44730732727103,143.87695954535974,143.90621948242188,48597200,0.0,0.0
2021-08-27 00:00:00-04:00,143.84774439339665,145.08647001894514,143.2137590490284,144.94017028808594,55802400,0.0,0.0
2021-08-30 00:00:00-04:00,145.33030665463397,149.70972863585897,144.94991248756867,149.3488311767578,90956700,0.0,0.0
2021-08-31 00:00:00-04:00,148.90016654739884,149.03671791602926,147.5638979226051,148.09060668945312,86453100,0.0,0.0
2021-09-01 00:00:00-04:00,149.06597111930256,151.1630130890743,148.58803390921838,148.75384521484375,80313700,0.0,0.0
2021-09-02 00:00:00-04:00,150.08033599159282,150.9094073223183,148.6465393833382,149.86575317382812,71115500,0.0,0.0
2021-09-03 00:00:00-04:00,149.9730471583683,150.82163009154993,149.31955034140017,150.499755859375,57808700,0.0,0.0
2021-09-07 00:00:00-04:00,151.1532776856572,153.3868712092461,150.58756059759483,152.83091735839844,82278300,0.0,0.0
2021-09-08 00:00:00-04:00,153.11374935418493,153.17226923823645,150.18763608775444,151.28981018066406,74420200,0.0,0.0
2021-09-09 00:00:00-04:00,151.66046161317462,152.26518694823613,150.15838174591684,150.2754364013672,57305700,0.0,0.0
2021-09-10 00:00:00-04:00,151.18251158621138,151.65068551937273,145.03767104191758,145.301025390625,140893200,0.0,0.0
2021-09-13 00:00:00-04:00,146.92019363279192,147.69073046346875,145.0864907020359,145.86679077148438,102404300,0.0,0.0
2021-09-14 00:00:00-04:00,146.6470734676716,147.34934195867896,143.29179398463287,144.47198486328125,109296300,0.0,0.0
2021-09-15 00:00:00-04:00,144.9011172737186,145.7594485393446,142.76505234502355,145.3595428466797,83281300,0.0,0.0
2021-09-16 00:00:00-04:00,144.78410203525485,145.30104757606733,143.59414799108714,145.12547302246094,68034100,0.0,0.0
2021-09-17 00:00:00-04:00,145.15474141357228,145.15474141357228,142.17009319848557,142.46270751953125,129868800,0.0,0.0
2021-09-20 00:00:00-04:00,140.2583908056045,141.27277037212733,137.79070269716544,139.41957092285156,123478900,0.0,0.0
2021-09-21 00:00:00-04:00,140.38514645685206,141.03865814980705,139.2634757155347,139.8974609375,75834000,0.0,0.0
2021-09-22 00:00:00-04:00,140.89237536058963,142.82360628582634,140.16084691647131,142.25790405273438,76404300,0.0,0.0
2021-09-23 00:00:00-04:00,143.03815533417017,143.45757261545157,142.05303595354863,143.21372985839844,64838200,0.0,0.0
2021-09-24 00:00:00-04:00,142.07258175581498,143.83800136075783,141.97503867631073,143.30154418945312,53477900,0.0,0.0
2021-09-27 00:00:00-04:00,141.88726170941032,142.36519899589,140.27790504587242,141.7897186279297,74150700,0.0,0.0
2021-09-28 00:00:00-04:00,139.7219107001194,141.18496735666514,138.2003341585889,138.4149169921875,108972300,0.0,0.0
2021-09-29 00:00:00-04:00,138.96112166840754,140.89235227723765,138.53195600356045,139.312255859375,74602000,0.0,0.0
2021-09-30 00:00:00-04:00,140.12180436567434,140.8240726910163,137.80041657451724,138.01499938964844,89056700,0.0,0.0
2021-10-01 00:00:00-04:00,138.4051902289527,139.40007318481307,135.68391067917057,139.13671875,94639600,0.0,0.0
2021-10-04 00:00:00-04:00,138.2686644790599,138.70759357948737,134.86462732153362,135.71319580078125,98322000,0.0,0.0
2021-10-05 00:00:00-04:00,136.0545166576062,138.73678711480215,135.9277136552574,137.63461303710938,80861100,0.0,0.0
2021-10-06 00:00:00-04:00,136.03499804431914,138.6489852474294,134.96208396365105,138.502685546875,83221100,0.0,0.0
2021-10-07 00:00:00-04:00,139.5366245646865,140.66805891569803,139.20500187376496,139.76095581054688,61732700,0.0,0.0
2021-10-08 00:00:00-04:00,140.48269778280476,140.62899749402928,139.04890108087716,139.38052368164062,58773200,0.0,0.0
2021-10-11 00:00:00-04:00,138.76604603984862,141.24348200456123,138.31736879996546,139.29273986816406,64452200,0.0,0.0
2021-10-12 00:00:00-04:00,139.70235823759293,139.72186982120658,137.56629376271482,138.02471923828125,73035900,0.0,0.0
2021-10-13 00:00:00-04:00,137.76143421982243,137.9174823014052,135.77166862906188,137.43955993652344,78762700,0.0,0.0
2021-10-14 00:00:00-04:00,138.6099736345154,140.33638447460456,138.02474508035556,140.21932983398438,69907100,0.0,0.0
2021-10-15 00:00:00-04:00,140.22911148485912,141.3312707409973,139.97550546602724,141.2727508544922,67940300,0.0,0.0
2021-10-18 00:00:00-04:00,139.91697189226727,143.22347910319027,139.63412084083484,142.9406280517578,85589200,0.0,0.0
2021-10-19 00:00:00-04:00,143.38927699692093,145.49608180607396,142.9406146975332,145.09617614746094,76378900,0.0,0.0
2021-10-20 00:00:00-04:00,145.03767215675973,146.06181473584434,144.4719551618084,145.58387756347656,58418800,0.0,0.0
2021-10-21 00:00:00-04:00,145.14501066086328,145.9545706809791,144.228159195118,145.7985076904297,61421000,0.0,0.0
2021-10-22 00:00:00-04:00,146.00329463249273,146.48121692115393,144.97915205496275,145.02792358398438,58883400,0.0,0.0
2021-10-25 00:00:00-04:00,145.0181647887637,145.69117321411855,143.98427382696465,144.97915649414062,50720600,0.0,0.0
2021-10-26 00:00:00-04:00,145.6521586308098,147.12496353769075,145.34003275537546,145.6424102783203,60893400,0.0,0.0
2021-10-27 00:00:00-04:00,145.68143968000115,146.04232225315448,144.83287151805337,145.1840057373047,56094900,0.0,0.0
2021-10-28 00:00:00-04:00,146.13013733509126,149.39762230558532,146.03259425054543,148.81240844726562,100077900,0.0,0.0
2021-10-29 00:00:00-04:00,143.59413644564216,146.2471470636249,142.804088225394,146.110595703125,124953200,0.0,0.0
2021-11-01 00:00:00-04:00,145.32053496464482,146.0130400607468,144.15984105888933,145.29127502441406,74588300,0.0,0.0
2021-11-02 00:00:00-04:00,144.9986747309846,147.8370082711022,144.98891149464504,146.32518005371094,69122000,0.0,0.0
2021-11-03 00:00:00-04:00,146.68608830895576,148.2271767394299,146.1301344105293,147.75900268554688,54511500,0.0,0.0
2021-11-04 00:00:00-04:00,147.84676026074618,148.6758168059769,146.92990900121129,147.24203491210938,60394600,0.0,0.0
2021-11-05 00:00:00-04:00,148.36530013348636,148.66810401133364,146.57776460119138,147.7694549560547,65463900,0.22,0.0
2021-11-08 00:00:00-05:00,147.8964818732159,148.0527725947036,146.67548855791236,146.94898986816406,55020900,0.0,0.0
2021-11-09 00:00:00-05:00,146.71454897260128,147.91600218212633,146.57779832196186,147.31039428710938,56787900,0.0,0.0
2021-11-10 00:00:00-05:00,146.5387319232798,146.64617992683026,144.4190894029692,144.48745727539062,65187100,0.0,0.0
2021-11-11 00:00:00-05:00,145.50333134171993,145.96241109507744,144.25302053135974,144.43861389160156,41000000,0.0,0.0
2021-11-12 00:00:00-05:00,144.9856178095641,146.90990439693277,144.05766590459464,146.50942993164062,63804000,0.0,0.0
2021-11-15 00:00:00-05:00,146.88058950641502,148.35555879375588,145.96240025846288,146.51918029785156,59222800,0.0,0.0
2021-11-16 00:00:00-05:00,146.46058703081326,147.97462166575806,145.87450429964008,147.49598693847656,59256200,0.0,0.0
2021-11-17 00:00:00-05:00,147.49599850722544,151.40317727562876,147.48623592599793,149.92822265625,88807000,0.0,0.0
2021-11-18 00:00:00-05:00,150.14314860254595,154.98804289425877,149.49846040015208,154.20660400390625,137827700,0.0,0.0
2021-11-19 00:00:00-05:00,153.99168810581827,157.2834965855034,152.897682743032,156.82440185546875,117305600,0.0,0.0
2021-11-22 00:00:00-05:00,157.92816624213555,161.85488526610547,157.26395297389544,157.2834930419922,117467900,0.0,0.0
2021-11-23 00:00:00-05:00,157.38116514595987,158.04539332554327,155.36897034832776,157.66444396972656,96041900,0.0,0.0
2021-11-24 00:00:00-05:00,157.01972573471906,158.37746957878764,155.93548317544833,158.18211364746094,69463600,0.0,0.0
2021-11-26 00:00:00-05:00,155.86710492688786,156.72667394842426,152.73158803573577,153.171142578125,76959800,0.0,0.0
2021-11-29 00:00:00-05:00,155.67173929364688,157.4495124904144,155.1051966783485,156.5215606689453,88748200,0.0,0.0
2021-11-30 00:00:00-05:00,156.2773947152438,161.67906839694083,156.2090119296681,161.46417236328125,174048100,0.0,0.0
2021-12-01 00:00:00-05:00,163.59356203535145,166.34813007275002,160.71202083002768,160.9464569091797,152052500,0.0,0.0
2021-12-02 00:00:00-05:00,155.0563862894109,160.38967666927002,154.13819694441963,159.9598846435547,136739200,0.0,0.0
2021-12-03 00:00:00-05:00,160.21386222018816,161.13205157338396,156.01364225594332,158.08444213867188,118023100,0.0,0.0
2021-12-06 00:00:00-05:00,160.47759138079394,163.98429560873123,160.4678287996897,161.48370361328125,107497000,0.0,0.0
2021-12-07 00:00:00-05:00,165.15644279486372,167.598429443289,164.4336093812365,167.20770263671875,120405400,0.0,0.0
2021-12-08 00:00:00-05:00,168.13568563195315,171.8768113251432,166.73886138447926,171.01722717285156,116998900,0.0,0.0
2021-12-09 00:00:00-05:00,170.85114615502485,172.64844463234323,169.8841141404718,170.50926208496094,108923700,0.0,0.0
2021-12-10 00:00:00-05:00,171.14419733842757,175.46162790674452,170.63625994665398,175.28579711914062,115402700,0.0,0.0
2021-12-13 00:00:00-05:00,176.91700933892764,177.90358129097453,171.45673183795216,171.661865234375,153237000,0.0,0.0
2021-12-14 00:00:00-05:00,171.18331754762474,173.6155423751947,168.21386741328683,170.28466796875,139380400,0.0,0.0
2021-12-15 00:00:00-05:00,171.04652519555987,175.33465344975855,168.31149697974806,175.13929748535156,131063300,0.0,0.0
2021-12-16 00:00:00-05:00,175.11973661793166,176.9365751900634,166.78767978084602,168.26263427734375,150185800,0.0,0.0
2021-12-17 00:00:00-05:00,165.98671202152144,169.44457351876034,165.75229083845704,167.16864013671875,195432700,0.0,0.0
2021-12-20 00:00:00-05:00,164.37502357405398,166.6216545378973,163.5740596088574,165.8109130859375,107499100,0.0,0.0
2021-12-21 00:00:00-05:00,167.57888393978646,169.1808265329912,165.1955026634982,168.9757080078125,91185900,0.0,0.0
2021-12-22 00:00:00-05:00,169.02452194022183,171.7790897184107,168.15517538914062,171.56419372558594,92135300,0.0,0.0
2021-12-23 00:00:00-05:00,171.76933180091095,172.74612637491737,171.20278915942293,172.18934631347656,68356600,0.0,0.0
2021-12-27 00:00:00-05:00,172.9805506410723,176.23327841950962,172.96102548062714,176.14537048339844,74919600,0.0,0.0
2021-12-28 00:00:00-05:00,175.97936879820426,177.12221701690328,174.38718837755263,175.12954711914062,79144300,0.0,0.0
2021-12-29 00:00:00-05:00,175.16859502828655,176.4384311169709,174.00620695259946,175.21743774414062,62348900,0.0,0.0
2021-12-30 00:00:00-05:00,175.30529135640796,176.37977115336017,173.95731032108603,174.06475830078125,59773000,0.0,0.0
2021-12-31 00:00:00-05:00,173.9573548573712,175.0709001571645,173.14661351296067,173.44943237304688,64062300,0.0,0.0
2022-01-03 00:00:00-05:00,173.70341256103026,178.6362290402615,173.58620196027948,177.78640747070312,104487900,0.0,0.0
2022-01-04 00:00:00-05:00,178.392045920856,178.69484993569185,174.9634865026278,175.530029296875,99310400,0.0,0.0
2022-01-05 00:00:00-05:00,175.4420540347499,175.98905654908802,170.58738436294814,170.8608856201172,94537600,0.0,0.0
2022-01-06 00:00:00-05:00,168.69243553501073,171.23210762394186,167.65703557565845,168.00868225097656,96904000,0.0,0.0
2022-01-07 00:00:00-05:00,168.878037036841,170.0990304259398,167.06119827767387,168.17474365234375,86709100,0.0,0.0
2022-01-10 00:00:00-05:00,165.15642793014217,168.4970635759533,164.26754129298973,168.1942596435547,106765600,0.0,0.0
2022-01-11 00:00:00-05:00,168.3212790198075,171.1148977053451,166.85608689005863,171.01722717285156,76138300,0.0,0.0
2022-01-12 00:00:00-05:00,172.0330618342014,173.06846173538992,170.7632407657719,171.45675659179688,74805200,0.0,0.0
2022-01-13 00:00:00-05:00,171.70094857794888,172.52145244084235,167.80353287215138,168.1942596435547,84505800,0.0,0.0
2022-01-14 00:00:00-05:00,167.36399798657283,169.74737940608347,167.11979931497876,169.05386352539062,80440800,0.0,0.0
2022-01-18 00:00:00-05:00,167.5300055455102,168.53610260535586,165.47874620710155,165.8596954345703,90956700,0.0,0.0
2022-01-19 00:00:00-05:00,166.05509393247632,167.1100339648471,162.08930995625335,162.37257385253906,94815000,0.0,0.0
2022-01-20 00:00:00-05:00,163.10512724510775,165.74246918469564,160.37009990213886,160.69244384765625,91420500,0.0,0.0
2022-01-21 00:00:00-05:00,160.60458738914824,162.4702688967568,158.53378733529433,158.6412353515625,122848900,0.0,0.0
2022-01-24 00:00:00-05:00,156.30670516297684,158.53379607319022,151.11014976934194,157.86956787109375,162294600,0.0,0.0
2022-01-25 00:00:00-05:00,155.29081165334586,158.98309429431202,153.37630245676536,156.07225036621094,115798400,0.0,0.0
2022-01-26 00:00:00-05:00,159.70589857439398,160.57524507136318,154.15771304423117,155.98431396484375,108275300,0.0,0.0
2022-01-27 00:00:00-05:00,158.68028043462846,160.03802433796415,154.60704872462142,155.52523803710938,121954600,0.0,0.0
2022-01-28 00:00:00-05:00,161.86465470605705,166.39698147337538,159.0221785798324,166.37744140625,179935700,0.0,0.0
2022-01-31 00:00:00-05:00,166.21138037947398,170.93906288440527,165.576454917367,170.7241668701172,115541600,0.0,0.0
2022-02-01 00:00:00-05:00,169.97202274767105,170.78276405312576,168.31147491088436,170.55810546875,86213900,0.0,0.0
2022-02-02 00:00:00-05:00,170.69487983616585,171.79866265554188,169.30783310188434,171.75958251953125,84914300,0.0,0.0
2022-02-03 00:00:00-05:00,170.43112418107953,172.15029228212393,168.12588824034546,168.88778686523438,89418100,0.0,0.0
2022-02-04 00:00:00-05:00,167.90975737649003,170.27662529840396,166.93171820745542,168.6041717529297,82465400,0.22,0.0
2022-02-07 00:00:00-05:00,169.0638570704662,170.1299162190593,167.19579861278513,167.8902130126953,77251200,0.0,0.0
2022-02-08 00:00:00-05:00,167.95865801143464,171.49916986063508,167.66524328351184,170.99058532714844,74829200,0.0,0.0
2022-02-09 00:00:00-05:00,172.1838075995271,172.77062217708496,171.05905354274313,172.40875244140625,71285000,0.0,0.0
2022-02-10 00:00:00-05:00,170.31576195955012,171.62633103104866,167.78264377127414,168.34011840820312,90865900,0.0,0.0
2022-02-11 00:00:00-05:00,168.54552151303656,169.2790510191681,164.3497243806945,164.93655395507812,98670700,0.0,0.0
2022-02-14 00:00:00-05:00,163.69438566255786,165.85585845870224,162.90217644579033,165.17123413085938,86185500,0.0,0.0
2022-02-15 00:00:00-05:00,167.21533801275692,169.15185115822308,166.5111487010071,168.995361328125,62527400,0.0,0.0
2022-02-16 00:00:00-05:00,168.07604144255788,169.5333102903167,166.31556790878483,168.7606658935547,61177400,0.0,0.0
2022-02-17 00:00:00-05:00,167.27401205002488,168.13469116142224,164.77023455180458,165.17123413085938,69589300,0.0,0.0
2022-02-18 00:00:00-05:00,166.0905932914819,166.7947676550334,162.54030687860808,163.6259307861328,82772700,0.0,0.0
2022-02-22 00:00:00-05:00,161.35688974047144,163.02934320107533,158.58903724171788,160.71139526367188,91162800,0.0,0.0
2022-02-23 00:00:00-05:00,161.90460945584556,162.50121399005073,156.24176881453315,156.55474853515625,90009200,0.0,0.0
2022-02-24 00:00:00-05:00,149.22923948055748,159.27370735740539,148.66197489078866,159.16612243652344,141147500,0.0,0.0
2022-02-25 00:00:00-05:00,160.24195287546036,161.4938419663862,157.33717500506495,161.2297821044922,91974200,0.0,0.0
2022-02-28 00:00:00-05:00,159.47907699118204,161.7872502076219,158.8629074909049,161.49383544921875,95056600,0.0,0.0
2022-03-01 00:00:00-05:00,161.08304074169718,162.94132403155473,158.41299811175085,159.61598205566406,83474400,0.0,0.0
2022-03-02 00:00:00-05:00,160.77983303222933,163.6846100998314,159.3714544632476,162.9021759033203,79724800,0.0,0.0
2022-03-03 00:00:00-05:00,164.77023477279693,165.2005743290728,161.9143626273284,162.5794219970703,76678400,0.0,0.0
2022-03-04 00:00:00-05:00,160.87765818976635,161.91437725608384,158.54014531943216,159.58663940429688,83737200,0.0,0.0
2022-03-07 00:00:00-05:00,159.7724565579089,161.39600492959968,155.54732078440395,155.80162048339844,96418800,0.0,0.0
2022-03-08 00:00:00-05:00,155.33215089914594,159.302986589477,152.37846913530916,153.98245239257812,131148300,0.0,0.0
2022-03-09 00:00:00-05:00,157.9337716080875,159.82139509337992,155.90923815043413,159.37149047851562,91454900,0.0,0.0
2022-03-10 00:00:00-05:00,156.68185579600046,156.86768560681452,152.55452973284972,155.03875732421875,105342000,0.0,0.0
2022-03-11 00:00:00-05:00,155.43973102802846,155.78205064733166,151.10702542359093,151.33197021484375,96970100,0.0,0.0
2022-03-14 00:00:00-04:00,148.1240148231261,150.73537736075448,146.80367102699051,147.31224060058594,108732100,0.0,0.0
2022-03-15 00:00:00-04:00,147.58608092484786,152.15353624322603,147.07751138372214,151.68406677246094,92964300,0.0,0.0
2022-03-16 00:00:00-04:00,153.60103819497576,156.48625045296393,151.06792059745445,156.0852508544922,102300200,0.0,0.0
2022-03-17 00:00:00-04:00,155.1268130175759,157.46432633327734,154.16833868809496,157.09266662597656,75615400,0.0,0.0
2022-03-18 00:00:00-04:00,156.98506332691767,160.86788006337628,156.25153394230247,160.3788604736328,123511700,0.0,0.0
2022-03-21 00:00:00-04:00,159.9191797677464,162.69682236043158,159.4301601813594,161.7481231689453,95811400,0.0,0.0
2022-03-22 00:00:00-04:00,161.87525716684658,165.6993938917205,161.28844262082922,165.11257934570312,81532000,0.0,0.0
2022-03-23 00:00:00-04:00,164.3008129085659,168.8486892835288,163.9682682338466,166.47206115722656,98062700,0.0,0.0
2022-03-24 00:00:00-04:00,167.30336151454603,170.31572365157868,166.47203725633872,170.2472686767578,90131400,0.0,0.0
2022-03-25 00:00:00-04:00,170.061446329407,171.43069512284325,168.95625735233114,170.88299560546875,80546200,0.0,0.0
2022-03-28 00:00:00-04:00,168.38898581373743,171.87080253422522,168.22272096176943,171.74366760253906,90371900,0.0,0.0
2022-03-29 00:00:00-04:00,172.80972386459516,175.0787667230212,172.467404224187,175.02987670898438,100589400,0.0,0.0
2022-03-30 00:00:00-04:00,174.6288971925018,175.66561632731086,172.81951875433577,173.86602783203125,92633200,0.0,0.0
2022-03-31 00:00:00-04:00,173.93448350287292,174.1203133341303,170.5700263491638,170.77542114257812,103049300,0.0,0.0
2022-04-01 00:00:00-04:00,170.208175340956,171.0395147015426,168.1640768197994,170.48202514648438,78751300,0.0,0.0
2022-04-04 00:00:00-04:00,170.73632454310336,174.57023673592576,170.60917466091976,174.52133178710938,76468400,0.0,0.0
2022-04-05 00:00:00-04:00,173.60194829792937,174.38438259894033,170.58958593943765,171.2155303955078,73401800,0.0,0.0
2022-04-06 00:00:00-04:00,168.57481703992445,169.81693085468368,166.39379406221198,168.05645751953125,89058800,0.0,0.0
2022-04-07 00:00:00-04:00,167.4011755212215,169.55285855113002,166.11994669119974,168.35964965820312,77594700,0.0,0.0
2022-04-08 00:00:00-04:00,168.0075484323814,168.0075484323814,165.48420586824818,166.3546600341797,76575500,0.0,0.0
2022-04-11 00:00:00-04:00,165.00498773482366,165.31795249524248,161.8654755697351,162.1099853515625,72246700,0.0,0.0
2022-04-12 00:00:00-04:00,164.33013728303388,166.13950070260202,162.9804385205217,163.97804260253906,79265200,0.0,0.0
2022-04-13 00:00:00-04:00,163.71395993382896,167.28379658301122,163.10758048377514,166.65785217285156,70618900,0.0,0.0
2022-04-14 00:00:00-04:00,166.8730302686766,167.5087646523774,161.41557017548345,161.6600799560547,75329400,0.0,0.0
2022-04-18 00:00:00-04:00,160.32011643403175,162.94126814775743,159.9778118122395,161.4448699951172,69023900,0.0,0.0
2022-04-19 00:00:00-04:00,161.3960167105301,164.13452917950872,160.31039271090148,163.72373962402344,67723800,0.0,0.0
2022-04-20 00:00:00-04:00,165.0538631380032,165.1712379709988,162.45229063171516,163.55746459960938,67929800,0.0,0.0
2022-04-21 00:00:00-04:00,165.20059691129774,167.7630547165198,162.266479452362,162.76527404785156,87227800,0.0,0.0
2022-04-22 00:00:00-04:00,162.80440987833427,164.18343379206294,157.95332893712188,158.23695373535156,84882400,0.0,0.0
2022-04-25 00:00:00-04:00,157.58165071304833,159.58663379803306,154.9800781201004,159.30300903320312,96046400,0.0,0.0
2022-04-26 00:00:00-04:00,158.68684707978605,158.77486701882205,153.2782919448604,153.35653686523438,95623200,0.0,0.0
2022-04-27 00:00:00-04:00,152.48609759207858,156.2808795981602,151.967738002025,153.13160705566406,88063200,0.0,0.0
2022-04-28 00:00:00-04:00,155.7527492675287,160.90702025080918,155.4397695467575,160.0463409423828,130216800,0.0,0.0
2022-04-29 00:00:00-04:00,158.2858683064252,162.55012002443183,153.7966717400247,154.18788146972656,131747600,0.0,0.0
2022-05-02 00:00:00-04:00,153.26850950984627,154.75511815394006,149.9040527150275,154.49105834960938,123055300,0.0,0.0
2022-05-03 00:00:00-04:00,154.67688255687574,157.18067526746918,152.88708408047324,155.97767639160156,88966500,0.0,0.0
2022-05-04 00:00:00-04:00,156.1635144371754,162.82395888042848,155.76251479077115,162.3740692138672,108256500,0.0,0.0
2022-05-05 00:00:00-04:00,160.25171284753384,160.47665766238154,151.5471558846843,153.3271942138672,130525300,0.0,0.0
2022-05-06 00:00:00-04:00,152.80803283291047,156.16764300878287,151.01559010660912,154.05197143554688,116124600,0.23,0.0
2022-05-09 00:00:00-04:00,151.75022430191655,152.63176175523802,148.38083908771665,148.9391326904297,131577900,0.0,0.0
2022-05-10 00:00:00-04:00,152.32811702969943,153.52307898712107,149.7912627423493,151.33883666992188,115366700,0.0,0.0
2022-05-11 00:00:00-04:00,150.34962062380012,152.25959652859348,142.8174450559726,143.4932861328125,142689800,0.0,0.0
2022-05-12 00:00:00-04:00,139.83980605277625,143.19940187956024,135.95128476595931,139.6341094970703,182602000,0.0,0.0
2022-05-13 00:00:00-04:00,141.6224448185645,145.06041547307086,140.17282438448345,144.09072875976562,113990900,0.0,0.0
2022-05-16 00:00:00-04:00,142.56276758428663,144.4923369438145,141.22087499257742,142.55296325683594,86643800,0.0,0.0
2022-05-17 00:00:00-04:00,145.80481151470883,146.69613834453236,143.66954586445135,146.17701721191406,78336300,0.0,0.0
2022-05-18 00:00:00-04:00,143.83604831537036,144.3355756662519,137.02867854993576,137.9298095703125,109742900,0.0,0.0
2022-05-19 00:00:00-04:00,137.0091561140078,138.7526228149115,133.79647489353653,134.5310821533203,136095600,0.0,0.0
2022-05-20 00:00:00-04:00,136.2353274341848,137.81228455615957,129.88832647827988,134.76611328125,137426100,0.0,0.0
2022-05-23 00:00:00-04:00,134.96201586760006,140.31975175202894,134.82488980062982,140.17283630371094,117726300,0.0,0.0
2022-05-24 00:00:00-04:00,137.91999393750385,139.05618952602399,134.51142211755896,137.47923278808594,104132700,0.0,0.0
2022-05-25 00:00:00-04:00,135.58891500747296,138.8799564095269,135.50076571573808,137.6360321044922,92482700,0.0,0.0
2022-05-26 00:00:00-04:00,134.57023400738558,141.37759058232152,134.3253649583187,140.82908630371094,90601500,0.0,0.0
2022-05-27 00:00:00-04:00,142.40601366145458,146.60795908464218,142.27867700009156,146.56878662109375,90978500,0.0,0.0
2022-05-31 00:00:00-04:00,146.01049226377089,147.5678554930359,143.8262500562877,145.7852020263672,103718400,0.0,0.0
2022-06-01 00:00:00-04:00,146.82346195823692,148.62570934761555,144.649023812494,145.65789794921875,74286600,0.0,0.0
2022-06-02 00:00:00-04:00,144.79591891769732,148.16531828462544,143.8458261329897,148.10655212402344,72348100,0.0,0.0
2022-06-03 00:00:00-04:00,143.88503314588232,144.93307974702813,141.49512401563555,142.396240234375,88570300,0.0,0.0
2022-06-06 00:00:00-04:00,144.01235806018857,145.52075950090375,141.92606935448035,143.140625,71598400,0.0,0.0
2022-06-07 00:00:00-04:00,141.3873815394989,145.94193944320352,141.1425125135875,145.65789794921875,67808200,0.0,0.0
2022-06-08 00:00:00-04:00,145.53057980516448,146.7940975636926,144.43357121198528,144.92330932617188,53950200,0.0,0.0
2022-06-09 00:00:00-04:00,144.0613237048235,144.91346299390733,139.60470516840178,139.7124481201172,69473000,0.0,0.0
2022-06-10 00:00:00-04:00,137.40092646925825,137.87107088214006,134.24701176433422,134.31558227539062,91437900,0.0,0.0
2022-06-13 00:00:00-04:00,130.1429810735186,132.4251621177248,128.74233746263164,129.17330932617188,122207100,0.0,0.0
2022-06-14 00:00:00-04:00,130.39764883857168,131.14204524198857,128.7815044194442,130.0352325439453,84784300,0.0,0.0
2022-06-15 00:00:00-04:00,131.53386454500733,134.5212702217429,129.4475902081577,132.6504669189453,91533000,0.0,0.0
2022-06-16 00:00:00-04:00,129.36922461121898,129.67285985675707,126.39160844816745,127.39067840576172,108123900,0.0,0.0
2022-06-17 00:00:00-04:00,127.40048374314352,130.34870189215334,127.14581035148301,128.85989379882812,134520300,0.0,0.0
2022-06-21 00:00:00-04:00,130.68169231513036,134.2469845261448,130.58375367786297,133.08140563964844,81000500,0.0,0.0
2022-06-22 00:00:00-04:00,132.0235786011109,134.93262385029735,131.16164978530637,132.5720977783203,73409200,0.0,0.0
2022-06-23 00:00:00-04:00,134.0119372202921,135.74559928638683,132.84635818263115,135.4321746826172,72433800,0.0,0.0
2022-06-24 00:00:00-04:00,137.02872148660157,138.99747831559026,136.90139973704072,138.7526092529297,89116800,0.0,0.0
2022-06-27 00:00:00-04:00,139.77125797752416,140.5450525850796,138.0767682486871,138.7526092529297,70207900,0.0,0.0
2022-06-28 00:00:00-04:00,139.21291554088708,140.47643288572067,134.50163881625397,134.61917114257812,67083400,0.0,0.0
2022-06-29 00:00:00-04:00,134.63878986432783,137.78289974267364,133.8649953839291,136.37245178222656,66242400,0.0,0.0
2022-06-30 00:00:00-04:00,134.43306143850023,135.53006961627574,131.02448963925815,133.9139404296875,98964500,0.0,0.0
2022-07-01 00:00:00-04:00,133.24795771047167,136.1863867964731,132.87576685593524,136.07864379882812,71051600,0.0,0.0
2022-07-05 00:00:00-04:00,134.94243962271915,138.70362462604172,134.11966825992553,138.65464782714844,73353800,0.0,0.0
2022-07-06 00:00:00-04:00,138.44894003031942,141.16207781793045,138.18447732277275,139.98670959472656,74064300,0.0,0.0
2022-07-07 00:00:00-04:00,140.34911940865916,143.54222096010838,140.33933002838788,143.34632873535156,66253700,0.0,0.0
2022-07-08 00:00:00-04:00,142.2786895406023,144.52169812610057,142.02403114104803,144.02215576171875,64547800,0.0,0.0
2022-07-11 00:00:00-04:00,142.6802818681296,143.63037488194183,140.82907263468897,141.89669799804688,63141600,0.0,0.0
2022-07-12 00:00:00-04:00,142.76840995155382,145.4032026642234,142.0729903924104,142.86636352539062,77588800,0.0,0.0
2022-07-13 00:00:00-04:00,140.05530730128564,143.44428658574307,139.20315284375937,142.50399780273438,71185600,0.0,0.0
2022-07-14 00:00:00-04:00,141.1229362743088,145.89298070687983,140.30996921418316,145.42283630371094,78140700,0.0,0.0
2022-07-15 00:00:00-04:00,146.7059412883577,147.76377735798872,145.1583671279135,147.0879364013672,76259900,0.0,0.0
2022-07-18 00:00:00-04:00,147.64621935829007,148.4591862413332,143.6891279021673,144.05154418945312,81420900,0.0,0.0
2022-07-19 00:00:00-04:00,144.88412086859606,148.1261847699647,143.89485526545627,147.90090942382812,82982400,0.0,0.0
2022-07-20 00:00:00-04:00,148.0184099284549,150.5650535340759,147.2838029205586,149.8990020751953,64823400,0.0,0.0
2022-07-21 00:00:00-04:00,151.3290452388946,152.3770917552224,148.82158901652633,152.16160583496094,65086600,0.0,0.0
2022-07-22 00:00:00-04:00,152.20076617293066,153.07249916430717,150.26140799071646,150.9274444580078,66675400,0.0,0.0
2022-07-25 00:00:00-04:00,150.84909422530328,151.85795331530994,149.15460492057616,149.81085205078125,53623900,0.0,0.0
2022-07-26 00:00:00-04:00,149.13502930916428,149.94799628582763,147.70500253719806,148.48858642578125,55138700,0.0,0.0
2022-07-27 00:00:00-04:00,149.4484808165071,154.10099277980115,149.0371026048061,153.5720672607422,78620700,0.0,0.0
2022-07-28 00:00:00-04:00,153.75814339733685,154.4046011657363,151.24089776552904,154.1205596923828,81378700,0.0,0.0
2022-07-29 00:00:00-04:00,157.93071310150503,160.27166010634335,156.2264195082653,159.1746368408203,101786900,0.0,0.0
2022-08-01 00:00:00-04:00,157.70543713439505,160.23248719622674,157.58790478823227,158.19517517089844,67829400,0.0,0.0
2022-08-02 00:00:00-04:00,156.81413161603723,159.07671904499605,156.35377664743476,156.72596740722656,59907000,0.0,0.0
2022-08-03 00:00:00-04:00,157.53893055181024,163.1709180629882,157.45078129075776,162.72036743164062,82507500,0.0,0.0
2022-08-04 00:00:00-04:00,162.60282888470158,163.75861850349844,161.05525478751719,162.4069366455078,55474100,0.0,0.0
2022-08-05 00:00:00-04:00,160.08239093817213,162.6717996569105,159.8764086118074,162.18138122558594,56697000,0.23,0.0
2022-08-08 00:00:00-04:00,163.18178041324063,164.59418751238474,161.0533667864172,161.7105255126953,60276900,0.0,0.0
2022-08-09 00:00:00-04:00,160.87685067478762,162.64235984823435,160.12160217379457,161.7595977783203,63135500,0.0,0.0
2022-08-10 00:00:00-04:00,164.46669306704544,166.09488560468589,163.70164162721542,165.99681091308594,70170500,0.0,0.0
2022-08-11 00:00:00-04:00,166.80107516257124,167.713261012407,164.9669154508603,165.26116943359375,57149200,0.0,0.0
2022-08-12 00:00:00-04:00,166.56571053244468,168.87066800455992,166.15374591104305,168.80201721191406,68039400,0.0,0.0
2022-08-15 00:00:00-04:00,168.2331286414766,170.06728863023804,168.0663881848966,169.87112426757812,54091700,0.0,0.0
2022-08-16 00:00:00-04:00,169.46897842594916,170.3811644180383,168.37044601656845,169.7141876220703,56377100,0.0,0.0
2022-08-17 00:00:00-04:00,169.45915949271176,172.7743773350279,169.26299514755854,171.20504760742188,79542000,0.0,0.0
2022-08-18 00:00:00-04:00,170.42035446304044,171.5483105348056,169.8024226331564,170.81268310546875,62290100,0.0,0.0
2022-08-19 00:00:00-04:00,169.7141510996703,170.41055165199725,168.02711099609633,168.23309326171875,70346300,0.0,0.0
2022-08-22 00:00:00-04:00,166.43817940694694,166.6049198473659,163.9370428679026,164.3588104248047,69026800,0.0,0.0
2022-08-23 00:00:00-04:00,163.87821006023856,165.47697879172844,163.45644246473458,164.02532958984375,54147100,0.0,0.0
2022-08-24 00:00:00-04:00,164.11359750144874,164.88845187937156,163.06409508904346,164.31956481933594,53841500,0.0,0.0
2022-08-25 00:00:00-04:00,165.54560642521002,166.8795448504242,165.12385385508654,166.7716522216797,51218200,0.0,0.0
2022-08-26 00:00:00-04:00,167.3013400580589,167.77213753118554,160.42566451575846,160.48451232910156,78961000,0.0,0.0
2022-08-29 00:00:00-04:00,158.06179612101135,159.7782599974509,156.75729674532928,158.2873992919922,73314000,0.0,0.0
2022-08-30 00:00:00-04:00,159.02304111055471,159.44479366035216,154.69754815714236,155.86474609375,77906200,0.0,0.0
2022-08-31 00:00:00-04:00,157.23791969354875,157.50274977749038,154.12866933419335,154.20713806152344,87991100,0.0,0.0
2022-09-01 00:00:00-04:00,153.63825654168207,155.38414463005734,151.70600708998924,154.93296813964844,74229900,0.0,0.0
2022-09-02 00:00:00-04:00,156.68870348669358,157.28701462761424,152.00030404133517,152.82420349121094,76957800,0.0,0.0
2022-09-06 00:00:00-04:00,153.47150522336744,154.07961913097643,150.74478065092995,151.5686798095703,73714800,0.0,0.0
2022-09-07 00:00:00-04:00,151.85312983190147,153.6676685648947,150.66631095885003,152.97128295898438,87449600,0.0,0.0
2022-09-08 00:00:00-04:00,151.67658920142858,153.36362955067995,149.75414265238146,151.5000457763672,84923800,0.0,0.0
2022-09-09 00:00:00-04:00,152.49066452851048,154.79563648166842,151.7844609924952,154.354248046875,68028800,0.0,0.0
2022-09-12 00:00:00-04:00,156.53170218353472,161.11220709833708,156.24726616785827,160.29811096191406,104956000,0.0,0.0
2022-09-13 00:00:00-04:00,156.83574272665854,157.46347745743722,150.4308818908401,150.89187622070312,122656600,0.0,0.0
2022-09-14 00:00:00-04:00,151.82370097735972,154.08944624806267,150.66632089509483,152.333740234375,87965400,0.0,0.0
2022-09-15 00:00:00-04:00,151.6863795720259,152.26508456095567,148.47905455230304,149.4500732421875,90481100,0.0,0.0
2022-09-16 00:00:00-04:00,148.31232430924803,148.44964084888636,145.52673670084437,147.8120880126953,162278800,0.0,0.0
2022-09-19 00:00:00-04:00,146.44872924023372,151.5981220543988,146.24276190884032,151.5196533203125,81474200,0.0,0.0
2022-09-20 00:00:00-04:00,150.46032156880005,155.05064442927653,150.1464616536784,153.89324951171875,107689800,0.0,0.0
2022-09-21 00:00:00-04:00,154.3248240736869,155.69800426701255,150.65650483896582,150.77420043945312,101696800,0.0,0.0
2022-09-22 00:00:00-04:00,149.45988650515864,151.50983141556574,148.0180554999838,149.81298828125,86652500,0.0,0.0
2022-09-23 00:00:00-04:00,148.29268659863374,148.5673196468233,145.71308157487604,147.5472412109375,96029900,0.0,0.0
2022-09-26 00:00:00-04:00,146.79202323434507,150.82326264584486,146.77240230987616,147.88075256347656,93339400,0.0,0.0
2022-09-27 00:00:00-04:00,149.81299153282302,151.75504386028683,147.0764489671257,148.8517608642578,84442700,0.0,0.0
2022-09-28 00:00:00-04:00,144.81074419198137,147.7532545846386,142.0643981655583,146.9685821533203,146691400,0.0,0.0
2022-09-29 00:00:00-04:00,143.30025780798485,143.9083718149734,137.98410935439225,139.74961853027344,128138200,0.0,0.0
2022-09-30 00:00:00-04:00,138.5726147256006,140.35774479295515,135.35547138562947,135.5516357421875,124925300,0.0,0.0
2022-10-03 00:00:00-04:00,135.5614315097669,140.32829792951577,135.05139229305564,139.7201690673828,114311700,0.0,0.0
2022-10-04 00:00:00-04:00,142.25075989142124,143.41795807791704,141.4955113649154,143.30026245117188,87830100,0.0,0.0
2022-10-05 00:00:00-04:00,141.30911612057122,144.55568241187106,140.26941690015158,143.59445190429688,79471000,0.0,0.0
2022-10-06 00:00:00-04:00,143.0158044200555,144.7126478104947,142.43711432828448,142.64308166503906,68402200,0.0,0.0
2022-10-07 00:00:00-04:00,139.80848875807743,140.3577700080511,136.77770625059352,137.4054412841797,85925600,0.0,0.0
2022-10-10 00:00:00-04:00,137.7290802001953,139.17091126885134,135.91454138275128,137.7290802001953,74899000,0.0,0.0
2022-10-11 00:00:00-04:00,137.21901816017072,138.64124303543636,135.57122005048993,136.316650390625,77033700,0.0,0.0
2022-10-12 00:00:00-04:00,136.4638036366148,137.67022848780448,135.51239091855444,135.68893432617188,70433700,0.0,0.0
2022-10-13 00:00:00-04:00,132.4030960635573,140.8382791706334,131.7949673871348,140.24978637695312,113224000,0.0,0.0
2022-10-14 00:00:00-04:00,141.54456588685852,141.75054821414383,135.5418490498613,135.72821044921875,88598000,0.0,0.0
2022-10-17 00:00:00-04:00,138.36663643162046,140.16155437004147,137.5819641011487,139.6809539794922,85250900,0.0,0.0
2022-10-18 00:00:00-04:00,142.7019309504816,143.88873492707052,137.91544326382163,140.99526977539062,99136600,0.0,0.0
2022-10-19 00:00:00-04:00,138.97476591255997,142.1722884311379,138.78840452952474,141.10317993164062,61758300,0.0,0.0
2022-10-20 00:00:00-04:00,140.27927658716155,143.0942732786787,139.91635681145763,140.64218139648438,64522000,0.0,0.0
2022-10-21 00:00:00-04:00,140.13215438788754,145.01673262152644,139.91636908601356,144.44784545898438,86548600,0.0,0.0
2022-10-24 00:00:00-04:00,144.36934369172494,147.35108041478094,143.20214572577777,146.58602905273438,75981900,0.0,0.0
2022-10-25 00:00:00-04:00,147.21377179556336,149.56778877679034,146.4977652190575,149.420654296875,74732300,0.0,0.0
2022-10-26 00:00:00-04:00,148.06709300971718,149.07735346461445,145.20303709712394,146.48794555664062,88194300,0.0,0.0
2022-10-27 00:00:00-04:00,145.23253325315713,146.1937492661754,141.3680333052635,142.0251922607422,109180200,0.0,0.0
2022-10-28 00:00:00-04:00,145.36000606754794,154.48179100593666,144.98729827273644,152.75552368164062,164762400,0.0,0.0
2022-10-31 00:00:00-04:00,150.22494584357278,151.28425122815005,149.00870300208484,150.4014892578125,97943200,0.0,0.0
2022-11-01 00:00:00-04:00,152.10816072803473,152.47106552613408,146.27218522217615,147.76304626464844,80379300,0.0,0.0
2022-11-02 00:00:00-04:00,146.0956258102425,149.25392123210702,142.2213237765035,142.25074768066406,93604600,0.0,0.0
2022-11-03 00:00:00-04:00,139.33766635298934,140.0634909361085,136.09109910411752,136.21861267089844,97918500,0.0,0.0
2022-11-04 00:00:00-04:00,139.59827074317496,140.16810151754257,132.0234836201314,135.95333862304688,140814800,0.23,0.0
2022-11-07 00:00:00-05:00,134.70561435237354,136.70983394000362,133.29086405936027,136.48387145996094,83374600,0.0,0.0
2022-11-08 00:00:00-05:00,137.94772594743225,138.94982808586678,135.07893386231837,137.05368041992188,89908500,0.0,0.0
2022-11-09 00:00:00-05:00,136.07121539704306,136.12034157773797,132.22977893126608,132.50486755371094,74917800,0.0,0.0
2022-11-10 00:00:00-05:00,138.7631733571785,144.29443359375,137.05368118428237,144.29443359375,118854000,0.0,0.0
2022-11-11 00:00:00-05:00,143.26289458275522,147.37940577392345,141.83830991998155,147.07484436035156,93979700,0.0,0.0
2022-11-14 00:00:00-05:00,146.35763570725214,147.64466090619808,144.8446330372058,145.6797332763672,73374100,0.0,0.0
2022-11-15 00:00:00-05:00,149.55062261259357,150.89659305740093,145.95480194485347,147.40884399414062,89868300,0.0,0.0
2022-11-16 00:00:00-05:00,146.51481993344615,147.24183349471545,144.70707528826344,146.18077087402344,64218300,0.0,0.0
2022-11-17 00:00:00-05:00,143.8621718356149,148.8236171893066,143.5870831617381,148.0769500732422,80389400,0.0,0.0
2022-11-18 00:00:00-05:00,149.63904958366277,150.02220984195606,147.34008803390304,148.63693237304688,74829600,0.0,0.0
2022-11-21 00:00:00-05:00,147.5267343973142,147.7330433535175,145.12952086958856,145.4144287109375,58724100,0.0,0.0
2022-11-22 00:00:00-05:00,145.5323481888436,147.7821833963105,144.353379792247,147.54638671875,51804100,0.0,0.0
2022-11-23 00:00:00-05:00,146.82919031011303,149.1674586072914,146.72111870836432,148.42079162597656,58301400,0.0,0.0
2022-11-25 00:00:00-05:00,145.70921560778717,146.26922721502757,144.54008119228595,145.51272583007812,35195900,0.0,0.0
2022-11-28 00:00:00-05:00,142.59481349853306,144.0685093862778,140.86568238708142,141.69094848632812,69246000,0.0,0.0
2022-11-29 00:00:00-05:00,141.75971007267643,142.27059550015326,137.88881488460692,138.69442749023438,83763800,0.0,0.0
2022-11-30 00:00:00-05:00,138.92040202331182,146.11204561728894,138.0853166275374,145.43414306640625,111380900,0.0,0.0
2022-12-01 00:00:00-05:00,145.61096061666942,146.51482547786148,144.03901260255705,145.70919799804688,71250400,0.0,0.0
2022-12-02 00:00:00-05:00,143.40040769964443,145.4046270438478,143.09583136119605,145.21795654296875,65447400,0.0,0.0
2022-12-05 00:00:00-05:00,145.1787089175549,148.27346450913342,143.21378092513402,144.05870056152344,68826400,0.0,0.0
2022-12-06 00:00:00-05:00,144.49095300364328,144.71691547188212,139.43125562304482,140.40390014648438,64727200,0.0,0.0
2022-12-07 00:00:00-05:00,139.69653991914743,140.85584008868295,137.5449416476374,138.4684600830078,69721100,0.0,0.0
2022-12-08 00:00:00-05:00,139.86357531316506,141.00323714839539,138.62567607289063,140.1484832763672,62128300,0.0,0.0
2022-12-09 00:00:00-05:00,139.84387422747133,143.0172426533997,138.42912415381502,139.6670379638672,76097000,0.0,0.0
2022-12-12 00:00:00-05:00,140.19757351667832,141.96601125722427,138.58633357333804,141.95619201660156,70462700,0.0,0.0
2022-12-13 00:00:00-05:00,146.87836551906,147.34012479055724,141.7106103631851,142.91903686523438,93886200,0.0,0.0
2022-12-14 00:00:00-05:00,142.8011107216781,144.0881358235322,138.68458524913544,140.69863891601562,82291200,0.0,0.0
2022-12-15 00:00:00-05:00,138.63546667684503,139.3133690938159,133.64454880056923,134.10630798339844,98931900,0.0,0.0
2022-12-16 00:00:00-05:00,134.2929782040358,135.23613504981998,131.38487878191776,132.1511993408203,160156900,0.0,0.0
2022-12-19 00:00:00-05:00,132.74061507688143,132.82903317467066,129.0170858217126,130.0486602783203,79592600,0.0,0.0
2022-12-20 00:00:00-05:00,129.08590439011405,130.91328746393052,127.61220884643005,129.97994995117188,77432800,0.0,0.0
2022-12-21 00:00:00-05:00,130.64803543949063,134.41087369361549,130.42207295695286,133.07472229003906,85928000,0.0,0.0
2022-12-22 00:00:00-05:00,131.99401195090732,132.20032094511618,128.0150307307424,129.9111785888672,77852100,0.0,0.0
2022-12-23 00:00:00-05:00,128.62415014924704,130.0978457490201,127.3665977700706,129.54766845703125,63814900,0.0,0.0
2022-12-27 00:00:00-05:00,129.076118707575,129.10559142681458,126.46276099945749,127.74978637695312,69007800,0.0,0.0
2022-12-28 00:00:00-05:00,127.39607559848972,128.73222692892008,123.66271775984323,123.8297348022461,85438400,0.0,0.0
2022-12-29 00:00:00-05:00,125.74553370652504,128.19186635387044,125.49009852746012,127.33712768554688,75703700,0.0,0.0
2022-12-30 00:00:00-05:00,126.15814782874402,127.67113509692011,125.19533025339358,127.65148162841797,77034200,0.0,0.0
2023-01-03 00:00:00-05:00,127.99539057563403,128.60451337209517,121.99253578697103,122.87675476074219,112117500,0.0,0.0
2023-01-04 00:00:00-05:00,124.66482384759799,126.40378887161263,122.88656686996354,124.14411926269531,89113600,0.0,0.0
2023-01-05 00:00:00-05:00,124.90062844390272,125.5294047177782,122.57219388132161,122.82762908935547,80962700,0.0,0.0
2023-01-06 00:00:00-05:00,123.80025946812165,128.0051956310965,122.69989736764362,127.3469467163086,87754700,0.0,0.0
2023-01-09 00:00:00-05:00,128.18203319703136,131.07047871721036,127.61220248294386,127.86763763427734,70790800,0.0,0.0
2023-01-10 00:00:00-05:00,127.97575597684494,128.95821998247737,125.87328360443998,128.43751525878906,63896200,0.0,0.0
2023-01-11 00:00:00-05:00,128.94836939344688,131.1687321095965,128.17222961380043,131.1490936279297,69458900,0.0,0.0
2023-01-12 00:00:00-05:00,131.53223946571177,131.90556546211644,129.1350257391296,131.0704803466797,71379600,0.0,0.0
2023-01-13 00:00:00-05:00,129.71468306570503,132.55400260182785,129.35117628841525,132.3968048095703,57809700,0.0,0.0
2023-01-17 00:00:00-05:00,132.4655864864573,134.88243886666353,131.77786487384603,133.55612182617188,63646600,0.0,0.0
2023-01-18 00:00:00-05:00,134.4206645548957,136.17926764063154,132.66204647795638,132.83889770507812,69672800,0.0,0.0
2023-01-19 00:00:00-05:00,131.7287538123279,133.86069855178562,131.42419241972087,132.89788818359375,58280400,0.0,0.0
2023-01-20 00:00:00-05:00,132.90769302903612,135.59964906296133,131.86628386729487,135.4522705078125,80223600,0.0,0.0
2023-01-23 00:00:00-05:00,135.6978953680963,140.80671912517695,135.4817521326256,138.63546752929688,81760300,0.0,0.0
2023-01-24 00:00:00-05:00,137.84950755371702,140.64953566811175,137.8396883115422,140.03057861328125,66435100,0.0,0.0
2023-01-25 00:00:00-05:00,138.41933852785135,139.93232634052288,136.37581181311944,139.37232971191406,65799300,0.0,0.0
2023-01-26 00:00:00-05:00,140.6593159193217,141.72037843724186,139.4115829133593,141.4354705810547,54105100,0.0,0.0
2023-01-27 00:00:00-05:00,140.6495420845882,144.64816254873466,140.57094316997566,143.37095642089844,70555800,0.0,0.0
2023-01-30 00:00:00-05:00,142.41796049282078,142.99761054282715,140.34496125408572,140.49232482910156,64015300,0.0,0.0
2023-01-31 00:00:00-05:00,140.19757555057984,141.80881551729502,139.78494257033407,141.7596893310547,65874500,0.0,0.0
2023-02-01 00:00:00-05:00,141.44528077834974,144.03898399261212,138.84175832526216,142.87966918945312,77663600,0.0,0.0
2023-02-02 00:00:00-05:00,146.28885767804982,148.52887400177488,145.57166328269082,148.17520141601562,118339000,0.0,0.0
2023-02-03 00:00:00-05:00,145.43409313083382,154.6201342687517,145.23760339877686,151.79063415527344,154357300,0.0,0.0
2023-02-06 00:00:00-05:00,149.89452545981646,150.41523013113607,148.13590667152536,149.06924438476562,69858300,0.0,0.0
2023-02-07 00:00:00-05:00,147.99834440627268,152.50784959474223,147.99834440627268,151.93801879882812,83322600,0.0,0.0
2023-02-08 00:00:00-05:00,151.18155633442086,151.86927809622603,148.51907245296283,149.25592041015625,64120100,0.0,0.0
2023-02-09 00:00:00-05:00,151.08329292122983,151.62365104865805,147.78221371418798,148.2243194580078,56007100,0.0,0.0
2023-02-10 00:00:00-05:00,147.06320160940942,148.9130429093008,146.82704494780745,148.5883331298828,57450700,0.23,0.0
2023-02-13 00:00:00-05:00,148.52935383999073,151.78627208132363,148.49983612289876,151.3828582763672,62199000,0.0,0.0
2023-02-14 00:00:00-05:00,149.68057287811524,151.30412220458746,148.44078385852455,150.74325561523438,61707600,0.0,0.0
2023-02-15 00:00:00-05:00,150.6546952720313,153.00636811059493,150.42838780610393,152.83909606933594,65573800,0.0,0.0
2023-02-16 00:00:00-05:00,151.04826665403036,153.82305157694913,150.8908438680814,151.2450714111328,68167900,0.0,0.0
2023-02-17 00:00:00-05:00,149.90689371085574,150.54646418705764,148.43094798353164,150.1036834716797,59144100,0.0,0.0
2023-02-21 00:00:00-05:00,147.79135689260553,148.87372305726493,146.03006833094608,146.09893798828125,58867200,0.0,0.0
2023-02-22 00:00:00-05:00,146.4826667367167,147.5453493019233,144.80009726904348,146.52203369140625,51011300,0.0,0.0
2023-02-23 00:00:00-05:00,147.68313363952294,147.92912460701393,144.87884561858363,147.0041961669922,48394200,0.0,0.0
2023-02-24 00:00:00-05:00,144.75092512234477,144.8296440334222,143.38321594733068,144.3573455810547,55469600,0.0,0.0
2023-02-27 00:00:00-05:00,145.3413038601465,146.7778826433076,145.08546365545737,145.5479278564453,44998500,0.0,0.0
2023-02-28 00:00:00-05:00,144.6919149235558,146.6893607214016,144.47544163386908,145.046142578125,50547000,0.0,0.0
2023-03-01 00:00:00-05:00,144.47544217070876,144.86902178209266,142.6846204064825,142.9798126220703,55479000,0.0,0.0
2023-03-02 00:00:00-05:00,142.0646965175798,144.3573339453376,141.59238308918532,143.57015991210938,52238100,0.0,0.0
2023-03-03 00:00:00-05:00,145.66599039801153,148.6867663889097,144.96738452683869,148.60804748535156,70732300,0.0,0.0
2023-03-06 00:00:00-05:00,151.32379221822697,153.79355106354063,150.99909736370918,151.3631591796875,87558000,0.0,0.0
2023-03-07 00:00:00-05:00,151.23522972088062,151.55993956940895,148.7064506179963,149.16891479492188,56182000,0.0,0.0
2023-03-08 00:00:00-05:00,150.3594826497808,151.0089022608483,149.39520247867964,150.41851806640625,47204800,0.0,0.0
2023-03-09 00:00:00-05:00,151.09748364556307,152.06176399701366,147.82088228318355,148.17510986328125,53833600,0.0,0.0
2023-03-10 00:00:00-05:00,147.8011910673905,148.51948035027368,145.24287949222287,146.1186065673828,68572400,0.0,0.0
2023-03-13 00:00:00-04:00,145.43970497520198,150.68423448355665,145.33146834316847,148.0570526123047,84457100,0.0,0.0
2023-03-14 00:00:00-04:00,148.85403055723415,150.94002884188114,147.6929605728649,150.1430206298828,73695900,0.0,0.0
2023-03-15 00:00:00-04:00,148.76548332238644,150.7924462663543,147.51584514285557,150.53662109375,77167900,0.0,0.0
2023-03-16 00:00:00-04:00,149.71994010489203,153.9509875803486,149.20827470890512,153.35076904296875,76161100,0.0,0.0
2023-03-17 00:00:00-04:00,153.5770563789343,154.22647602550626,151.80591871287191,152.51437377929688,98944600,0.0,0.0
2023-03-20 00:00:00-04:00,152.5832927983786,155.28919358755078,151.6780327765039,154.87591552734375,73641400,0.0,0.0
2023-03-21 00:00:00-04:00,154.79717806171172,156.8438093660786,154.0296725549558,156.72573852539062,73938300,0.0,0.0
2023-03-22 00:00:00-04:00,156.7454546452784,159.5399085601911,155.27934300701256,155.2990264892578,75701800,0.0,0.0
2023-03-23 00:00:00-04:00,156.28297554136526,158.9593583364734,155.15140813839363,156.38136291503906,67622100,0.0,0.0
2023-03-24 00:00:00-04:00,156.31248202721346,157.76874417421377,155.3186840441415,157.68019104003906,59196500,0.0,0.0
2023-03-27 00:00:00-04:00,157.3752051384263,158.19189706310823,155.3383924442017,155.7418212890625,52390300,0.0,0.0
2023-03-28 00:00:00-04:00,155.43676283008696,155.94842821050446,153.47866946121147,155.12188720703125,45992200,0.0,0.0
2023-03-29 00:00:00-04:00,156.81433593979492,158.46740324672123,156.79466747018907,158.19189453125,51305700,0.0,0.0
2023-03-30 00:00:00-04:00,158.93967116064357,159.86459953343115,158.68384597812414,159.75636291503906,49501700,0.0,0.0
2023-03-31 00:00:00-04:00,159.835057803043,162.35400234628182,159.3135582693612,162.25559997558594,68749800,0.0,0.0
2023-04-03 00:00:00-04:00,161.63573905142377,163.62333513475417,161.58653785817188,163.50526428222656,56976200,0.0,0.0
2023-04-04 00:00:00-04:00,163.92838412805693,164.16452584406122,162.4622725801105,162.97393798828125,46278300,0.0,0.0
2023-04-05 00:00:00-04:00,162.0982064947886,162.40323287933546,159.20535043705326,161.1339111328125,51511700,0.0,0.0
2023-04-06 00:00:00-04:00,159.82525040692016,162.31469290771022,159.40215313314846,162.01950073242188,45390100,0.0,0.0
2023-04-10 00:00:00-04:00,158.8314221542027,159.431640625,157.5129143705151,159.431640625,47716900,0.0,0.0
2023-04-11 00:00:00-04:00,159.7465367378167,159.75637097122245,157.93603184667685,158.2213897705078,47644200,0.0,0.0
2023-04-12 00:00:00-04:00,158.6346426672523,159.4611686435216,157.21773241416443,157.53260803222656,50133100,0.0,0.0
2023-04-13 00:00:00-04:00,159.03805912639,163.14118599216286,158.8314201412513,162.905029296875,68445600,0.0,0.0
2023-04-14 00:00:00-04:00,161.9506011686896,163.65286938363687,161.19295983913122,162.5606689453125,49386500,0.0,0.0
2023-04-17 00:00:00-04:00,162.44258319038994,162.7377753387549,161.39958394505072,162.58033752441406,41516200,0.0,0.0
2023-04-18 00:00:00-04:00,163.43642945073645,164.72541991249665,162.9936336312071,163.8004913330078,49923000,0.0,0.0
2023-04-19 00:00:00-04:00,163.14119328481948,165.46334834295578,162.8853530999642,164.9418487548828,47720200,0.0,0.0
2023-04-20 00:00:00-04:00,163.42655222639002,165.17800667808302,162.90505258707114,163.97756958007812,52456400,0.0,0.0
2023-04-21 00:00:00-04:00,162.40322071444277,163.78076396537094,161.85220341407148,162.3737030029297,58337300,0.0,0.0
2023-04-24 00:00:00-04:00,162.35406204687058,162.94444645995347,161.26186139253676,162.67877197265625,41949600,0.0,0.0
2023-04-25 00:00:00-04:00,162.54097982284455,163.64301445601814,161.1043860925183,161.1437530517578,48714100,0.0,0.0
2023-04-26 00:00:00-04:00,160.44513945575562,162.6295403559192,160.1893142654478,161.1339111328125,45498800,0.0,0.0
2023-04-27 00:00:00-04:00,162.5409858833323,165.85693915334915,162.5409858833323,165.7093505859375,64902300,0.0,0.0
2023-04-28 00:00:00-04:00,165.78806481489534,167.12625617335198,165.1878463008649,166.95896911621094,55275900,0.0,0.0
2023-05-01 00:00:00-04:00,166.56539597816914,167.71663185783257,165.9356597273935,166.87042236328125,52472900,0.0,0.0
2023-05-02 00:00:00-04:00,167.36244282313584,167.61828308693612,164.85333147539478,165.83729553222656,48425700,0.0,0.0
2023-05-03 00:00:00-04:00,166.78186884038578,168.17909567440717,164.47939708632646,164.76473999023438,65136000,0.0,0.0
2023-05-04 00:00:00-04:00,162.24578626436005,164.36130237503923,161.67508547315035,163.13134765625,81235400,0.0,0.0
2023-05-05 00:00:00-04:00,168.23812815446027,171.504895212846,168.02165491497223,170.78660583496094,113453200,0.0,0.0
2023-05-08 00:00:00-04:00,169.71404999386525,171.06209043449635,169.34998823962542,170.7176971435547,55962800,0.0,0.0
2023-05-09 00:00:00-04:00,170.27499103927954,170.75712384075996,168.84824609264655,169.01551818847656,45326900,0.0,0.0
2023-05-10 00:00:00-04:00,170.24543004162442,171.23922812803062,169.14338031673282,170.77676391601562,53724500,0.0,0.0
2023-05-11 00:00:00-04:00,171.06208645260807,171.79020994413887,169.4090197142991,170.96368408203125,49514700,0.0,0.0
2023-05-12 00:00:00-04:00,171.07210045600348,171.50564580777203,168.49055408757272,170.0375213623047,45533100,0.24,0.0
2023-05-15 00:00:00-04:00,170.61886136031444,170.66813061172948,168.95365989259247,169.54486083984375,37266700,0.0,0.0
2023-05-16 00:00:00-04:00,169.4660330445526,170.5991506527755,169.2788189100942,169.54486083984375,42110300,0.0,0.0
2023-05-17 00:00:00-04:00,169.19011716888295,170.39219951568867,167.91903983890595,170.15573120117188,57951600,0.0,0.0
2023-05-18 00:00:00-04:00,170.46119076780954,172.6683237371227,170.04735615510018,172.48110961914062,65496700,0.0,0.0
2023-05-19 00:00:00-04:00,173.80145343851697,173.80145343851697,172.37273538217633,172.58950805664062,55809500,0.0,0.0
2023-05-22 00:00:00-04:00,171.42681253611994,172.14611049896482,170.90459157041087,171.64358520507812,43570900,0.0,0.0
2023-05-23 00:00:00-04:00,170.58931050155752,170.83564173486545,168.7664533611328,169.04234313964844,50747300,0.0,0.0
2023-05-24 00:00:00-04:00,168.57924358561866,169.8897275849513,168.01761617725649,169.3182373046875,45143500,0.0,0.0
2023-05-25 00:00:00-04:00,169.8798495430277,171.3479738482291,169.17041449607095,170.4513397216797,56058300,0.0,0.0
2023-05-26 00:00:00-04:00,170.77652387763237,173.19056694623742,170.5695990272421,172.8555450439453,54835000,0.0,0.0
2023-05-30 00:00:00-04:00,174.36311323589106,176.36332172139132,173.9788370991414,174.6981201171875,55964400,0.0,0.0
2023-05-31 00:00:00-04:00,174.72763149140792,176.7179916024166,174.16598919362923,174.6488037109375,99625300,0.0,0.0
2023-06-01 00:00:00-04:00,175.0922027756249,177.47668683522244,174.33349851829678,177.44712829589844,68901800,0.0,0.0
2023-06-02 00:00:00-04:00,178.37335293714096,179.11234656032465,176.62932377666553,178.29452514648438,61996900,0.0,0.0
2023-06-05 00:00:00-04:00,179.9498539235026,182.23579939859383,175.4272021453367,176.94461059570312,121946500,0.0,0.0
2023-06-06 00:00:00-04:00,177.3289349437502,177.47672767437876,174.82620111609043,176.58009338378906,64848400,0.0,0.0
2023-06-07 00:00:00-04:00,175.82137635899298,178.55073052308683,174.71781728969785,175.21047973632812,61944600,0.0,0.0
2023-06-08 00:00:00-04:00,175.28927455408018,178.18613184931536,174.85574427470908,177.92010498046875,50214900,0.0,0.0
2023-06-09 00:00:00-04:00,178.83648170922714,179.555764726174,177.97925379814166,178.30441284179688,48900000,0.0,0.0
2023-06-12 00:00:00-04:00,178.60982685528654,181.19137296447727,178.31422641468646,181.09283447265625,54274900,0.0,0.0
2023-06-13 00:00:00-04:00,180.11737806569877,181.4475575367352,179.76266053311636,180.61988830566406,54929100,0.0,0.0
2023-06-14 00:00:00-04:00,180.67899811094975,181.68403358526143,179.34881869349235,181.25048828125,57462900,0.0,0.0
2023-06-15 00:00:00-04:00,181.26036948430115,183.78279874291368,181.08300318978328,183.2802734375,65433200,0.0,0.0
2023-06-16 00:00:00-04:00,183.98968846409701,184.245882524342,181.56579797087073,182.2062530517578,101256200,0.0,0.0
2023-06-20 00:00:00-04:00,181.7037512704965,183.36895259993452,181.7037512704965,182.29493713378906,49799100,0.0,0.0
2023-06-21 00:00:00-04:00,182.18656875714527,182.68909408055805,179.91047063421516,181.2603759765625,49515700,0.0,0.0
2023-06-22 00:00:00-04:00,181.0435838743865,184.3050065515812,180.97460392176268,184.2557373046875,51245300,0.0,0.0
2023-06-23 00:00:00-04:00,182.8270228675936,184.8075203379306,182.29493904669715,183.9404296875,53117000,0.0,0.0
2023-06-26 00:00:00-04:00,184.0882365039062,185.29033397781694,182.51171079012911,182.55113220214844,48088700,0.0,0.0
2023-06-27 00:00:00-04:00,183.16204815111053,185.6253604426876,182.94527546666254,185.30020141601562,50730800,0.0,0.0
2023-06-28 00:00:00-04:00,185.1720661878379,187.11315707618536,184.84692226306757,186.4727020263672,51216800,0.0,0.0
2023-06-29 00:00:00-04:00,186.30522898461155,187.2807060224463,186.16728410364277,186.8077392578125,46347300,0.0,0.0
2023-06-30 00:00:00-04:00,188.81778728912292,191.62595381515632,188.45320690668942,191.12344360351562,85213200,0.0,0.0
2023-07-03 00:00:00-04:00,190.9362564156046,191.03479491877454,188.94589592351636,189.63563537597656,31458200,0.0,0.0
2023-07-05 00:00:00-04:00,188.75868490984942,190.1479814937267,187.82261429340878,188.52220153808594,46920300,0.0,0.0
2023-07-06 00:00:00-04:00,187.05407174607458,189.20208780415717,186.42346442381324,188.9951629638672,45094300,0.0,0.0
2023-07-07 00:00:00-04:00,188.60102706839623,189.84253092683244,187.4481988352347,187.88172912597656,46815000,0.0,0.0
2023-07-10 00:00:00-04:00,186.48257243692333,187.20187038994513,184.29515010539157,185.8421173095703,59922200,0.0,0.0
2023-07-11 00:00:00-04:00,186.3840531601648,186.52199803845542,183.86162393721375,185.3199005126953,46638100,0.0,0.0
2023-07-12 00:00:00-04:00,186.89638625272656,188.88674640306317,185.7041517573503,186.98507690429688,60750200,0.0,0.0
2023-07-13 00:00:00-04:00,187.70438329432415,188.38425984411805,186.99494820191867,187.74378967285156,41342300,0.0,0.0
2023-07-14 00:00:00-04:00,187.4383607296714,188.37441642370476,186.847174781534,187.89161682128906,41616200,0.0,0.0
2023-07-17 00:00:00-04:00,189.08383285312058,191.46833222271863,188.99515722491665,191.14317321777344,50520200,0.0,0.0
2023-07-18 00:00:00-04:00,190.51254970289233,191.4781637647375,189.5961898515042,190.886962890625,48288200,0.0,0.0
2023-07-19 00:00:00-04:00,190.26622781119138,195.32093388898534,189.82281961650222,192.23687744140625,80507300,0.0,0.0
2023-07-20 00:00:00-04:00,192.22701989757815,193.58677299126168,189.67503216410122,190.29579162597656,59581200,0.0,0.0
2023-07-21 00:00:00-04:00,191.25155042374644,192.10877819186132,188.4236580132484,189.1232452392578,71951700,0.0,0.0
2023-07-24 00:00:00-04:00,190.57168949200457,192.04967681854123,189.42870901778204,189.92137145996094,45377800,0.0,0.0
2023-07-25 00:00:00-04:00,190.49284214012596,191.58655325087184,190.08885537064708,190.77857971191406,37283200,0.0,0.0
2023-07-26 00:00:00-04:00,190.82785426220883,192.7689453418544,190.48299959942145,191.6456756591797,47471900,0.0,0.0
2023-07-27 00:00:00-04:00,193.14338839624878,194.30606454519102,189.72430983845956,190.3844757080078,47460200,0.0,0.0
2023-07-28 00:00:00-04:00,191.8131810983056,193.74442436278966,191.29096014596897,192.95616149902344,48291400,0.0,0.0
2023-07-31 00:00:00-04:00,193.18277106210203,193.6064685292723,192.394508242959,193.56704711914062,38824100,0.0,0.0
2023-08-01 00:00:00-04:00,193.36016991822595,193.8429695122176,192.41425136889904,192.73941040039062,35175100,0.0,0.0
2023-08-02 00:00:00-04:00,192.17775117305615,192.31569604997566,189.03457754647138,189.7538604736328,50389300,0.0,0.0
2023-08-03 00:00:00-04:00,188.75864081398947,189.54688846599797,187.89155035494787,188.364501953125,61235200,0.0,0.0
2023-08-04 00:00:00-04:00,182.79745486603875,184.6301595328746,179.25027969317492,179.3192596435547,115956800,0.0,0.0
2023-08-07 00:00:00-04:00,179.4572213905704,180.44254624962392,174.74736976708382,176.22535705566406,97576100,0.0,0.0
2023-08-08 00:00:00-04:00,177.05302113799038,177.62451134366992,174.97398514494694,177.16140747070312,67823000,0.0,0.0
2023-08-09 00:00:00-04:00,178.21570618554995,178.2748232727554,174.41235154839882,175.57504272460938,60378500,0.0,0.0
2023-08-10 00:00:00-04:00,176.8460654118823,178.09743193733033,174.99366527850802,175.3582305908203,54686900,0.0,0.0
2023-08-11 00:00:00-04:00,174.95375100085724,176.23639103718068,174.19402209160106,175.41746520996094,52036700,0.24,0.0
2023-08-14 00:00:00-04:00,175.59504844195268,177.2920967961584,174.9438523177461,177.06517028808594,43675600,0.0,0.0
2023-08-15 00:00:00-04:00,176.4929258073929,177.08491002448199,174.68734458769583,175.08200073242188,43622600,0.0,0.0
2023-08-16 00:00:00-04:00,174.76626971305478,176.15744233651847,174.14467201512105,174.2137451171875,46964900,0.0,0.0
2023-08-17 00:00:00-04:00,174.7761679719839,175.14122571711877,171.1650049538571,171.67807006835938,66062900,0.0,0.0
2023-08-18 00:00:00-04:00,170.0007364455324,172.76337470680727,169.6652772069575,172.16151428222656,61172200,0.0,0.0
2023-08-21 00:00:00-04:00,172.7337706675176,173.77962299820936,171.42151715942626,173.4934844970703,46311900,0.0,0.0
2023-08-22 00:00:00-04:00,174.69721483499137,175.30893640777694,173.89802631437342,174.8649444580078,42038900,0.0,0.0
2023-08-23 00:00:00-04:00,176.13773826499084,179.1273031269572,175.95027131734813,178.70303344726562,52722800,0.0,0.0
2023-08-24 00:00:00-04:00,178.25905172631101,178.68332143034684,173.6612333709249,174.02630615234375,54945800,0.0,0.0
2023-08-25 00:00:00-04:00,175.01294998434398,176.7593193055493,173.47376987845638,176.22653198242188,51449600,0.0,0.0
2023-08-28 00:00:00-04:00,177.6867593505913,178.1800870283186,176.1673167274641,177.78543090820312,43820700,0.0,0.0
2023-08-29 00:00:00-04:00,177.3019791564373,182.43258442181371,177.10465107991652,181.66299438476562,53003900,0.0,0.0
2023-08-30 00:00:00-04:00,182.47204640358012,185.34321714142652,182.27471834075723,185.1458740234375,60813900,0.0,0.0
2023-08-31 00:00:00-04:00,185.33334709899387,186.59626480914432,184.97815055206615,185.36294555664062,60794500,0.0,0.0
2023-09-01 00:00:00-04:00,186.961330634287,187.38558521498553,185.76747101772168,186.93173217773438,45766500,0.0,0.0
2023-09-05 00:00:00-04:00,185.7674844117445,187.44479564304942,185.1064270757959,187.1685333251953,45280000,0.0,0.0
2023-09-06 00:00:00-04:00,185.88587535630464,186.32988234003622,179.04836051297525,180.46914672851562,81755800,0.0,0.0
2023-09-07 00:00:00-04:00,172.84229174782251,175.8318715643951,171.22417743783686,175.19053649902344,112488800,0.0,0.0
2023-09-08 00:00:00-04:00,175.96997548136457,177.83475336123297,175.4174358773743,175.80223083496094,65551300,0.0,0.0
2023-09-11 00:00:00-04:00,177.66702357259294,177.89395007164453,174.9734438173143,176.96649169921875,58953100,0.0,0.0
2023-09-12 00:00:00-04:00,177.0948059767589,177.726264911888,172.48712647188145,173.94737243652344,90370200,0.0,0.0
2023-09-13 00:00:00-04:00,174.15453395453247,174.93400012779577,171.65829707262085,171.88523864746094,84267900,0.0,0.0
2023-09-14 00:00:00-04:00,171.67802028548886,173.75000241444866,171.2636268707299,173.39480590820312,60895800,0.0,0.0
2023-09-15 00:00:00-04:00,174.12494522635322,174.14468255030425,171.5004532372104,172.674560546875,109259500,0.0,0.0
2023-09-18 00:00:00-04:00,174.12492516303394,176.9862345995646,173.81906442528665,175.5950469970703,67257600,0.0,0.0
2023-09-19 00:00:00-04:00,175.1510856525732,177.23292932503867,174.76629061620125,176.68040466308594,51826900,0.0,0.0
2023-09-20 00:00:00-04:00,176.86782730089922,177.30195805066697,173.0593371622532,173.1481475830078,58436200,0.0,0.0
2023-09-21 00:00:00-04:00,172.22069958579337,173.94734650075085,171.53990496478352,171.6089630126953,63149100,0.0,0.0
2023-09-22 00:00:00-04:00,172.33909518451154,174.7169382879251,171.7273736602944,172.45748901367188,56725400,0.0,0.0
2023-09-25 00:00:00-04:00,171.87536866413782,174.60840835340898,171.82603288281885,173.73028564453125,46172700,0.0,0.0
2023-09-26 00:00:00-04:00,172.4871029695211,172.8620217812148,169.3692683155077,169.66526794433594,64588900,0.0,0.0
2023-09-27 00:00:00-04:00,170.3164478696235,170.73084132501634,166.7940959712009,168.15567016601562,66921800,0.0,0.0
2023-09-28 00:00:00-04:00,167.08022534636603,169.7343308371659,165.38317681816312,168.41221618652344,56294400,0.0,0.0
2023-09-29 00:00:00-04:00,169.72448150635748,170.76047278128746,168.0668924554359,168.92529296875,51861100,0.0,0.0
2023-10-02 00:00:00-04:00,168.93514418826848,171.97404472395215,168.64900568223578,171.43138122558594,52164500,0.0,0.0
2023-10-03 00:00:00-04:00,169.96124934298015,171.31297744317223,168.54047825044546,170.09938049316406,49594600,0.0,0.0
2023-10-04 00:00:00-04:00,168.80687858022958,171.88525384459265,168.68848474300435,171.34259033203125,53020300,0.0,0.0
2023-10-05 00:00:00-04:00,171.47083294671847,173.10868450108188,170.3756448658088,172.57589721679688,48527900,0.0,0.0
2023-10-06 00:00:00-04:00,171.48071432556827,175.61480292776608,170.8689777300858,175.12147521972656,57266700,0.0,0.0
2023-10-09 00:00:00-04:00,174.45055415802327,176.66066786762835,173.45403753652568,176.60147094726562,42390800,0.0,0.0
2023-10-10 00:00:00-04:00,175.72329129863817,177.3216678518341,175.5752839904618,176.00941467285156,43698000,0.0,0.0
2023-10-11 00:00:00-04:00,175.82199530812358,177.44998580714199,175.23001108089,177.40065002441406,47551100,0.0,0.0
2023-10-12 00:00:00-04:00,177.6670336186698,179.906730392158,176.6507647716162,178.29849243164062,56743100,0.0,0.0
2023-10-13 00:00:00-04:00,178.99902980590412,179.5022186651883,175.76280113660414,176.4633331298828,51427100,0.0,0.0
2023-10-16 00:00:00-04:00,174.39134016768617,176.69024903281087,174.15453745424634,176.33505249023438,52517000,0.0,0.0
2023-10-17 00:00:00-04:00,174.29266779074965,176.03905203817294,172.467364361049,174.78599548339844,57549400,0.0,0.0
2023-10-18 00:00:00-04:00,173.23695950912395,175.21027033840411,172.77323025982977,173.4934844970703,54764400,0.0,0.0
2023-10-19 00:00:00-04:00,173.69083828526382,175.46682130559762,172.8521900917514,173.11859130859375,59302900,0.0,0.0
2023-10-20 00:00:00-04:00,172.97051713050814,173.07904980247298,170.33614960754002,170.5729522705078,64244000,0.0,0.0
2023-10-23 00:00:00-04:00,168.62928473640696,171.68790756499885,167.6623515662161,170.69139099121094,55980100,0.0,0.0
2023-10-24 00:00:00-04:00,170.74070856198063,171.35243005141567,169.1620540054936,171.12550354003906,43816600,0.0,0.0
2023-10-25 00:00:00-04:00,169.58634726553433,170.7505934954682,168.37275019582236,168.81675720214844,57157000,0.0,0.0
2023-10-26 00:00:00-04:00,168.0964746462511,169.0930062294273,163.459197305812,164.6629180908203,70625300,0.0,0.0
2023-10-27 00:00:00-04:00,164.68264263448572,166.70528904611524,164.60370840247674,165.97515869140625,58499100,0.0,0.0
2023-10-30 00:00:00-04:00,166.76449089816728,168.8857938712959,166.61648356307745,168.0175323486328,51131000,0.0,0.0
2023-10-31 00:00:00-04:00,167.09008588386948,168.61938959873203,165.6594236135805,168.4911346435547,44846000,0.0,0.0
2023-11-01 00:00:00-04:00,168.71805482147735,171.9049471971035,167.84979334743332,171.64842224121094,56934900,0.0,0.0
2023-11-02 00:00:00-04:00,173.17774724497193,175.40758286457637,173.11855033416663,175.2003936767578,77334800,0.0,0.0
2023-11-03 00:00:00-04:00,171.91486569633807,174.46043878115682,171.03674287311975,174.29269409179688,79829200,0.0,0.0
2023-11-06 00:00:00-05:00,174.02628274488598,177.0355696443862,173.85855313497558,176.83824157714844,63841300,0.0,0.0
2023-11-07 00:00:00-05:00,176.78892234542403,180.00542885763969,176.5817331247381,179.39370727539062,70530000,0.0,0.0
2023-11-08 00:00:00-05:00,179.91659936077735,181.00191115396063,179.1667317000403,180.4493865966797,49340300,0.0,0.0
2023-11-09 00:00:00-05:00,180.51846299464347,181.66297171772456,179.38380034968415,179.97579956054688,53763500,0.0,0.0
2023-11-10 00:00:00-05:00,181.75413731292954,184.3228271167955,181.31943456996746,184.1548614501953,66133400,0.24,0.0
2023-11-13 00:00:00-05:00,183.58183039704093,183.7892925333636,181.9912220269046,182.57411193847656,43627500,0.0,0.0
2023-11-14 00:00:00-05:00,185.43922075842696,185.84428607992842,184.05608926427885,185.18235778808594,60108400,0.0,0.0
2023-11-15 00:00:00-05:00,185.5874067506803,187.21752694473682,185.51824264456812,185.74546813964844,53790500,0.0,0.0
2023-11-16 00:00:00-05:00,187.28662892525898,188.65988571608764,186.37769709644047,187.42494201660156,54412900,0.0,0.0
2023-11-17 00:00:00-05:00,187.9584954748911,188.08693448765234,186.29873780998344,187.40524291992188,50922700,0.0,0.0
2023-11-20 00:00:00-05:00,187.60281994734135,189.598493753426,187.59294582194016,189.14402770996094,46505100,0.0,0.0
2023-11-21 00:00:00-05:00,189.10449492939836,189.21317059662826,187.4546116723618,188.34376525878906,38134500,0.0,0.0
2023-11-22 00:00:00-05:00,189.18354656200316,190.60618938615343,188.53149251239262,189.00570678710938,39617700,0.0,0.0
2023-11-24 00:00:00-05:00,188.5710385777235,188.6006760331266,186.9705556859451,187.681884765625,24048300,0.0,0.0
2023-11-27 00:00:00-05:00,187.63243679384846,188.3734031425855,186.6247183385664,187.50399780273438,40552600,0.0,0.0
2023-11-28 00:00:00-05:00,187.4941619704054,188.77850691885152,187.11873411970524,188.106689453125,38415400,0.0,0.0
2023-11-29 00:00:00-05:00,188.60063575450744,189.77630481775705,186.69388951411068,187.0890655517578,43014200,0.0,0.0
2023-11-30 00:00:00-05:00,187.55341843722022,188.02764780463457,185.92329832735996,187.66209411621094,48794400,0.0,0.0
2023-12-01 00:00:00-05:00,188.0375263099119,189.25270705783993,186.95076949469112,188.9365692138672,45704800,0.0,0.0
2023-12-04 00:00:00-05:00,187.69170901814908,187.76087311237956,185.19218377665425,187.14833068847656,43389500,0.0,0.0
2023-12-05 00:00:00-05:00,187.91895861640964,192.0584780958342,187.88930609245244,191.0902862548828,66628400,0.0,0.0
2023-12-06 00:00:00-05:00,192.1079050949125,192.41416882595195,189.79609331061306,190.00357055664062,41089700,0.0,0.0
2023-12-07 00:00:00-05:00,191.29774780118257,192.65124144270368,191.2582211558107,191.93003845214844,47477700,0.0,0.0
2023-12-08 00:00:00-05:00,191.86091528323507,193.629363703371,191.33730018286,193.3527374267578,53406400,0.0,0.0
2023-12-11 00:00:00-05:00,190.78403090604945,191.15945870925907,189.11438419177532,190.85317993164062,60943700,0.0,0.0
2023-12-12 00:00:00-05:00,190.75441983366463,192.37466599656702,189.41079996137955,192.3647918701172,52696900,0.0,0.0
2023-12-13 00:00:00-05:00,192.74018081786602,195.61513413450965,192.50308121236986,195.57562255859375,70404200,0.0,0.0
2023-12-14 00:00:00-05:00,195.6349188149913,197.21563829918102,193.79732129680679,195.7238311767578,66831600,0.0,0.0
2023-12-15 00:00:00-05:00,195.1507962246044,196.01031245444227,194.62718115642724,195.19032287597656,128538400,0.0,0.0
2023-12-18 00:00:00-05:00,193.72813612536964,194.26164038796966,192.0486152607036,193.53054809570312,55751900,0.0,0.0
2023-12-19 00:00:00-05:00,193.79731295132126,194.5777909959987,193.53056080250687,194.5679168701172,40714100,0.0,0.0
2023-12-20 00:00:00-05:00,194.5283816611859,195.2989855460905,192.4833221435547,192.4833221435547,52242800,0.0,0.0
2023-12-21 00:00:00-05:00,193.73805393325773,194.7062459740887,191.1693639432951,192.33514404296875,46482500,0.0,0.0
2023-12-22 00:00:00-05:00,192.82909873139974,193.0563392932213,190.64572606781581,191.2681427001953,37149600,0.0,0.0
2023-12-26 00:00:00-05:00,191.2779991818499,191.55462542072405,190.50739536284337,190.72474670410156,28919300,0.0,0.0
2023-12-27 00:00:00-05:00,190.17150836602553,191.16933772508392,188.78836199381533,190.82354736328125,48087700,0.0,0.0
2023-12-28 00:00:00-05:00,191.80163510638113,192.31537606668746,190.84331729052167,191.24838256835938,34049900,0.0,0.0
2023-12-29 00:00:00-05:00,191.56452296375952,192.0585006042798,189.4206618129017,190.21102905273438,42672100,0.0,0.0
2024-01-02 00:00:00-05:00,184.89581391743906,186.17028459685415,181.6750853181039,183.4040069580078,82488700,0.0,0.0
2024-01-03 00:00:00-05:00,182.0011090098209,183.64111826756874,181.22061595613366,182.03074645996094,58414500,0.0,0.0
2024-01-04 00:00:00-05:00,179.95604798314233,180.88472835710988,178.70135563320858,179.7189483642578,71983600,0.0,0.0
2024-01-05 00:00:00-05:00,179.79798286255345,180.55869755734878,177.99989705667167,178.9977264404297,62379700,0.0,0.0
2024-01-08 00:00:00-05:00,179.89676064456035,183.36449308108033,179.3138706884217,183.32496643066406,59144500,0.0,0.0
2024-01-09 00:00:00-05:00,181.7047275700206,182.9199083051763,180.52905841182087,182.9100341796875,42841800,0.0,0.0
2024-01-10 00:00:00-05:00,182.12956878813148,184.15486512874935,181.7047401626592,183.94740295410156,46792900,0.0,0.0
2024-01-11 00:00:00-05:00,184.29316874581366,184.7970355796361,181.4083411771675,183.3546142578125,49128400,0.0,0.0
2024-01-12 00:00:00-05:00,183.81896194364214,184.49077939116623,182.95944565085554,183.68064880371094,40477800,0.0,0.0
2024-01-16 00:00:00-05:00,179.9659175831278,182.04061439740983,178.75072186869164,181.418212890625,65603000,0.0,0.0
2024-01-17 00:00:00-05:00,179.08665457169852,180.72664884969066,178.12833676151584,180.4796600341797,47317400,0.0,0.0
2024-01-18 00:00:00-05:00,183.84860201119264,186.86186875433015,183.59173905481111,186.35801696777344,78005800,0.0,0.0
2024-01-19 00:00:00-05:00,187.04957995238564,189.63801803091337,186.5457281731689,189.25271606445312,68903000,0.0,0.0
2024-01-22 00:00:00-05:00,189.98378136946042,192.97728431537942,189.94425472083472,191.55462646484375,60133900,0.0,0.0
2024-01-23 00:00:00-05:00,192.67105542323813,193.392258603415,191.49538615178406,192.82911682128906,42355600,0.0,0.0
2024-01-24 00:00:00-05:00,193.06620457832125,194.0146482092326,191.999211146671,192.15728759765625,53631300,0.0,0.0
2024-01-25 00:00:00-05:00,192.86860899256396,193.9059649333701,190.78402298627717,191.8312530517578,54822100,0.0,0.0
2024-01-26 00:00:00-05:00,191.93007928184088,192.41416772814074,189.6281416366758,190.10235595703125,44594000,0.0,0.0
2024-01-29 00:00:00-05:00,189.69728055859,189.88499446653958,187.29655655692048,189.420654296875,47145600,0.0,0.0
2024-01-30 00:00:00-05:00,188.6401800108733,189.4898221386195,185.21197404804863,185.7751007080078,55859400,0.0,0.0
2024-01-31 00:00:00-05:00,184.78712556686926,184.84641553917146,182.129538862794,182.17892456054688,55467800,0.0,0.0
2024-02-01 00:00:00-05:00,181.77387226838383,184.69821105096443,181.60592170299904,184.6092987060547,64885400,0.0,0.0
2024-02-02 00:00:00-05:00,177.6936383802958,185.07366557426653,177.0909850527091,183.6114959716797,102551700,0.0,0.0
2024-02-05 00:00:00-05:00,185.8837890630235,186.97054595458332,183.6016146657499,185.41944885253906,69668800,0.0,0.0
2024-02-06 00:00:00-05:00,184.60929974417922,187.02978684421677,184.5203873987695,187.01991271972656,43490800,0.0,0.0
2024-02-07 00:00:00-05:00,188.3437971267345,188.74886241631054,186.33824908078662,187.1286163330078,53439000,0.0,0.0
2024-02-08 00:00:00-05:00,187.1088468471974,187.25703410679802,185.09342474162452,186.05174255371094,40962000,0.0,0.0
2024-02-09 00:00:00-05:00,186.61557552858977,187.94113632063826,185.97259122428568,186.8134307861328,45155200,0.24,0.0
2024-02-12 00:00:00-05:00,186.38808349311134,186.6353875018477,184.77565652599384,185.13177490234375,41781900,0.0,0.0
2024-02-13 00:00:00-05:00,183.76664838776776,184.2019058140478,181.53101071537256,183.0445098876953,56529500,0.0,0.0
2024-02-14 00:00:00-05:00,183.3215042025078,183.5292310959524,180.472557481369,182.1641082763672,54630500,0.0,0.0
2024-02-15 00:00:00-05:00,181.57057328309747,182.50043860227981,179.3943014199978,181.87722778320312,65434500,0.0,0.0
2024-02-16 00:00:00-05:00,181.4420246724119,182.8566116178717,179.71089640751978,180.343994140625,49752500,0.0,0.0
2024-02-20 00:00:00-05:00,179.82956623009554,180.46266385305907,178.0588762686663,179.60205078125,53665600,0.0,0.0
2024-02-21 00:00:00-05:00,179.9779444437335,180.91769653606136,178.71174929095213,180.35385131835938,41371400,0.0,0.0
2024-02-22 00:00:00-05:00,181.50134277124772,182.96539328132977,180.49235334512917,182.38174438476562,52292200,0.0,0.0
2024-02-23 00:00:00-05:00,183.0148347964746,183.04451006700117,180.2648157032703,180.55169677734375,45119700,0.0,0.0
2024-02-26 00:00:00-05:00,180.27473021897956,180.78911167382452,178.70186529911302,179.2063751220703,40867400,0.0,0.0
2024-02-27 00:00:00-05:00,179.1470080612827,181.93658908973126,177.62360710096542,180.66050720214844,54318900,0.0,0.0
2024-02-28 00:00:00-05:00,180.54180381169616,181.145226165725,178.18748003378263,179.46356201171875,48953900,0.0,0.0
2024-02-29 00:00:00-05:00,179.31516246277232,180.6011460945577,177.59392143922238,178.80076599121094,136682600,0.0,0.0
2024-03-01 00:00:00-05:00,177.61373507516265,178.58316252471684,175.46713817545924,177.72254943847656,73563100,0.0,0.0
2024-03-04 00:00:00-05:00,174.25039570154502,174.99230771576262,171.91584529303745,173.21173095703125,81510100,0.0,0.0
2024-03-05 00:00:00-05:00,168.91849794898403,170.1846930657021,167.7907924514621,168.285400390625,95132400,0.0,0.0
2024-03-06 00:00:00-05:00,169.21525418377138,169.39332087872134,166.8609157238647,167.29617309570312,68587700,0.0,0.0
2024-03-07 00:00:00-05:00,167.32585131213037,168.88881413208614,166.67298033709926,167.17747497558594,71765100,0.0,0.0
2024-03-08 00:00:00-05:00,167.1774852017091,171.82679686006907,167.11813466346086,168.88882446289062,76267000,0.0,0.0
2024-03-11 00:00:00-04:00,171.07499261235472,172.49946586057737,170.1945911039721,170.8870391845703,60139500,0.0,0.0
2024-03-12 00:00:00-04:00,171.28273835287425,172.1532532324886,169.16581679091567,171.36187744140625,59825400,0.0,0.0
2024-03-13 00:00:00-04:00,170.90682879160028,171.32229764254458,168.91849524765144,169.28451538085938,52488700,0.0,0.0
2024-03-14 00:00:00-04:00,171.04531257693264,172.43020869953008,170.1945863604126,171.13433837890625,72913500,0.0,0.0
2024-03-15 00:00:00-04:00,169.3240932528417,170.75845336914062,168.45357838204507,170.75845336914062,121752700,0.0,0.0
2024-03-18 00:00:00-04:00,173.67664359575858,175.79356502758816,171.64874797271588,171.84658813476562,75604200,0.0,0.0
2024-03-19 00:00:00-04:00,172.45989598897214,174.70542030322298,171.16402557801365,174.18113708496094,55215200,0.0,0.0
2024-03-20 00:00:00-04:00,173.82501083363408,176.74319458007812,173.20180001631465,176.74319458007812,53423100,0.0,0.0
2024-03-21 00:00:00-04:00,175.1406653733646,175.57592275278003,168.9976284397713,169.52191162109375,106181300,0.0,0.0
2024-03-22 00:00:00-04:00,169.90773784358905,171.18383495977668,168.22607363158104,170.42213439941406,71160100,0.0,0.0
2024-03-25 00:00:00-04:00,168.7305586050563,170.08577952012527,167.6226265638577,169.00753784179688,54288300,0.0,0.0
2024-03-26 00:00:00-04:00,168.16671829054096,169.57140318495337,167.75124938607289,167.87985229492188,57388400,0.0,0.0
2024-03-27 00:00:00-04:00,168.5722893771007,171.72789059246503,168.27552158079686,171.44100952148438,60273300,0.0,0.0
2024-03-28 00:00:00-04:00,169.89781453968297,170.37263389978352,168.67118150733492,169.63072204589844,65672700,0.0,0.0
2024-04-01 00:00:00-04:00,169.3438900607447,169.40324060587884,167.6523240532299,168.19639587402344,46240500,0.0,0.0
2024-04-02 00:00:00-04:00,167.25662806803024,167.51381877100314,166.41578850586058,167.0192108154297,49329500,0.0,0.0
2024-04-03 00:00:00-04:00,166.969723660667,168.83934086761522,166.76199680113655,167.82044982910156,47691700,0.0,0.0
2024-04-04 00:00:00-04:00,168.4535689105981,170.06599565718972,166.9994354248047,166.9994354248047,53704400,0.0,0.0
2024-04-05 00:00:00-04:00,167.76110742740823,168.55248310289795,167.12800990586356,167.751220703125,42104800,0.0,0.0
2024-04-08 00:00:00-04:00,167.2071852220754,167.37535013675048,166.4257111957336,166.63343811035156,37425500,0.0,0.0
2024-04-09 00:00:00-04:00,166.88073030235694,168.24585316442327,166.53451377109624,167.84027099609375,42373800,0.0,0.0
2024-04-10 00:00:00-04:00,166.97966188332379,167.26652787853376,165.30788444762385,165.9706573486328,49709300,0.0,0.0
2024-04-11 00:00:00-04:00,166.5246002673459,173.5678277091418,166.34654865134516,173.15234375,91070300,0.0,0.0
2024-04-12 00:00:00-04:00,172.38078961681583,176.43658160486194,172.3313408879349,174.64610290527344,101670900,0.0,0.0
2024-04-15 00:00:00-04:00,173.46890241983837,174.72521085075485,170.63974431610336,170.82769775390625,73531800,0.0,0.0
2024-04-16 00:00:00-04:00,169.89784277952464,171.88616144450353,166.45537543168857,167.55340576171875,73711200,0.0,0.0
2024-04-17 00:00:00-04:00,167.7808856580398,168.8096634069807,166.18824768066406,166.18824768066406,50901200,0.0,0.0
2024-04-18 00:00:00-04:00,166.21796146542746,166.8213838226369,164.7539260277304,165.23863220214844,43122900,0.0,0.0
2024-04-19 00:00:00-04:00,164.41756936525925,164.60550769336635,162.31053482208006,163.22061157226562,68149400,0.0,0.0
2024-04-22 00:00:00-04:00,163.734987753996,165.45621342076493,162.99307597508283,164.05152893066406,48116400,0.0,0.0
2024-04-23 00:00:00-04:00,163.5668404824781,165.24850434331734,163.1414698344962,165.10011291503906,49537800,0.0,0.0
2024-04-24 00:00:00-04:00,164.74402954196006,167.47427542099652,164.4176015378687,167.19729614257812,48251800,0.0,0.0
2024-04-25 00:00:00-04:00,167.7017887376114,168.7701438382538,166.33666581552853,168.0579071044922,50558300,0.0,0.0
2024-04-26 00:00:00-04:00,168.04800546826704,169.49225225997063,167.35554224826544,167.47425842285156,44838400,0.0,0.0
2024-04-29 00:00:00-04:00,171.50034913417457,174.1316669492416,171.2332717193323,171.6289520263672,68169400,0.0,0.0
2024-04-30 00:00:00-04:00,171.46078102452523,173.10288291918897,168.16669051085722,168.49313354492188,65934800,0.0,0.0
2024-05-01 00:00:00-04:00,167.75123767315736,170.84748833564953,167.28630498280754,167.47425842285156,50383100,0.0,0.0
2024-05-02 00:00:00-04:00,170.64963546996492,171.54982559320527,169.04711048582428,171.16403198242188,94214900,0.0,0.0
2024-05-03 00:00:00-04:00,184.6371141692426,184.98334572031666,180.6901529770176,181.4023895263672,163224100,0.0,0.0
2024-05-06 00:00:00-04:00,180.38350950373416,182.21354970089277,178.474315136007,179.7504119873047,78569700,0.0,0.0
2024-05-07 00:00:00-04:00,181.47164781905605,182.9060078076493,179.36462828599997,180.43296813964844,77305800,0.0,0.0
2024-05-08 00:00:00-04:00,180.87814724687024,181.09577596912635,179.49323582394607,180.7693328857422,45057100,0.0,0.0
2024-05-09 00:00:00-04:00,180.5912561815798,182.66861565405213,180.14611203583203,182.57958984375,48983000,0.0,0.0
2024-05-10 00:00:00-04:00,183.15410154420678,183.34230991411323,180.4102677646858,181.3215789794922,50759500,0.25,0.0
2024-05-13 00:00:00-04:00,183.68900761377958,185.3333368917867,182.87674310968822,184.5210723876953,72044800,0.0,0.0
2024-05-14 00:00:00-04:00,185.73944844741243,186.52199740854093,184.53096697721375,185.6602020263672,52393600,0.0,0.0
2024-05-15 00:00:00-04:00,186.13571225801192,188.8498308462509,185.60080260352015,187.92861938476562,70400000,0.0,0.0
2024-05-16 00:00:00-04:00,188.6714956614686,189.2955517477419,187.86914647323638,188.0474395751953,52845200,0.0,0.0
2024-05-17 00:00:00-04:00,187.72056236134898,189.0082902438942,187.3936765447615,188.07716369628906,41282900,0.0,0.0
2024-05-20 00:00:00-04:00,187.54228461702792,190.10782534306233,187.22529890901677,189.2361297607422,44361300,0.0,0.0
2024-05-21 00:00:00-04:00,189.28565540299905,190.91016932460286,189.11726241831752,190.5337677001953,42309400,0.0,0.0
2024-05-22 00:00:00-04:00,190.45451683728567,190.99932654838926,188.47340160760692,189.09744262695312,34648500,0.0,0.0
2024-05-23 00:00:00-04:00,189.1766947549615,189.19651013997458,184.86777806929078,185.11541748046875,51005900,0.0,0.0
2024-05-24 00:00:00-04:00,187.0370913918068,188.7804673088457,186.26444256610336,188.18612670898438,36327000,0.0,0.0
2024-05-28 00:00:00-04:00,189.70169698060212,191.17763337385156,187.31446444482384,188.19606018066406,52280100,0.0,0.0
2024-05-29 00:00:00-04:00,187.81962268312432,190.4346940804733,187.72056087959155,188.49319458007812,53068000,0.0,0.0
2024-05-30 00:00:00-04:00,188.9587855239753,190.36537567482878,188.8300232981759,189.48377990722656,49889100,0.0,0.0
2024-05-31 00:00:00-04:00,189.6323735603605,190.7517086279001,188.11682144814546,190.43472290039062,75158300,0.0,0.0
2024-06-03 00:00:00-04:00,191.07857147290113,193.14884852262287,190.7021698304424,192.19790649414062,50080500,0.0,0.0
2024-06-04 00:00:00-04:00,192.80214765697744,193.47573474401025,191.20734917579057,192.514892578125,47471400,0.0,0.0
2024-06-05 00:00:00-04:00,193.5549597642067,195.04079624688396,193.02996541617088,194.02052307128906,54156800,0.0,0.0
2024-06-06 00:00:00-04:00,193.84224299284628,194.64459232913165,192.33659102362645,192.64366149902344,41181800,0.0,0.0
2024-06-07 00:00:00-04:00,192.8120444256859,195.08042995429523,192.3068654552658,195.03089904785156,53103900,0.0,0.0
2024-06-10 00:00:00-04:00,195.04080033594326,195.43703247512377,190.33565137548777,191.29649353027344,97010200,0.0,0.0
2024-06-11 00:00:00-04:00,191.82147267998263,205.20391549352811,191.8016724106265,205.19400024414062,172373300,0.0,0.0
2024-06-12 00:00:00-04:00,205.41193016487838,218.1207863262847,204.94636687125956,211.05812072753906,198134300,0.0,0.0
2024-06-13 00:00:00-04:00,212.71236564129833,214.70338117421306,209.6020150722442,212.2170867919922,97862700,0.0,0.0
2024-06-14 00:00:00-04:00,211.8307711431916,213.13829945342002,209.30484597389386,210.48361206054688,70122700,0.0,0.0
2024-06-17 00:00:00-04:00,211.35528688913016,216.88260054537645,210.71143044440285,214.62413024902344,93728300,0.0,0.0
2024-06-18 00:00:00-04:00,215.5354294813442,216.5656178731208,210.98877362098574,212.26658630371094,79943300,0.0,0.0
2024-06-20 00:00:00-04:00,211.90998899500866,212.2170745602359,206.87796947703916,207.7001190185547,86172500,0.0,0.0
2024-06-21 00:00:00-04:00,208.40341856791886,209.88925500861833,205.1543907600995,205.5308074951172,241805100,0.0,0.0
2024-06-24 00:00:00-04:00,205.75863496180304,210.69160779538842,204.63929998769706,206.17466735839844,80727000,0.0,0.0
2024-06-25 00:00:00-04:00,207.1751328027417,209.3840873125504,206.64023830581658,207.0959014892578,55549700,0.0,0.0
2024-06-26 00:00:00-04:00,209.5029135164035,212.8311873569971,208.65103345259956,211.23638916015625,66213200,0.0,0.0
2024-06-27 00:00:00-04:00,212.6628097453943,213.70289822966825,210.3449086305272,212.07838439941406,49772700,0.0,0.0
2024-06-28 00:00:00-04:00,213.7326216506115,214.0297919592074,208.31427026634478,208.63124084472656,82542700,0.0,0.0
2024-07-01 00:00:00-04:00,210.08735196554287,215.45617219578955,209.91895899194967,214.70335388183594,60402900,0.0,0.0
2024-07-02 00:00:00-04:00,214.10903193760322,218.29910171758146,213.068958487467,218.1901397705078,58046200,0.0,0.0
2024-07-03 00:00:00-04:00,217.92267103394255,219.45803833007812,216.96182895702523,219.45803833007812,37369800,0.0,0.0
2024-07-05 00:00:00-04:00,219.55710192478037,224.3117817727132,219.55710192478037,224.20281982421875,60412400,0.0,0.0
2024-07-08 00:00:00-04:00,224.9457357840812,225.69856928044194,221.14199799041046,225.66885375976562,59085900,0.0,0.0
2024-07-09 00:00:00-04:00,225.77778797195694,227.23390886254342,224.23252052432466,226.5207061767578,48076100,0.0,0.0
2024-07-10 00:00:00-04:00,227.13486087511765,230.8791673967792,227.0853299721382,230.7801055908203,62627700,0.0,0.0
2024-07-11 00:00:00-04:00,229.2051413563895,230.19569903805672,223.63821202212716,225.4212188720703,64710600,0.0,0.0
2024-07-12 00:00:00-04:00,226.75843028372813,230.4433055423661,226.5206910327904,228.36312866210938,53046500,0.0,0.0
2024-07-15 00:00:00-04:00,234.2470836578572,234.99000194235262,230.88909361652622,232.1867218017578,62631300,0.0,0.0
2024-07-16 00:00:00-04:00,232.78106107648213,234.03907359612094,230.13627381333595,232.60276794433594,43234300,0.0,0.0
2024-07-17 00:00:00-04:00,227.2834515580279,229.2744821236097,224.49998695797876,226.71884155273438,57345900,0.0,0.0
2024-07-18 00:00:00-04:00,228.10560948409145,228.26410233218343,220.17124832102243,222.06320190429688,66034600,0.0,0.0
2024-07-19 00:00:00-04:00,222.6971801635164,224.65848009632384,221.1717129043359,222.19198608398438,49151500,0.0,0.0
2024-07-22 00:00:00-04:00,224.86647978572938,225.62921338494564,220.98349573063444,221.8452911376953,48201800,0.0,0.0
2024-07-23 00:00:00-04:00,222.25140445670337,224.7971447504236,220.57735968997056,222.88536071777344,39960300,0.0,0.0
2024-07-24 00:00:00-04:00,221.88490694575157,222.67735606492835,215.0797809310421,216.47645568847656,61777600,0.0,0.0
2024-07-25 00:00:00-04:00,216.86277641061952,218.76466037633443,212.59347540961954,215.43638610839844,51391200,0.0,0.0
2024-07-26 00:00:00-04:00,216.6349653026102,217.41751434744816,213.97036267942912,215.90196228027344,41601300,0.0,0.0
2024-07-29 00:00:00-04:00,214.91139345300462,217.22929471632008,213.71281205128278,216.17930603027344,36311800,0.0,0.0
2024-07-30 00:00:00-04:00,217.1203409396055,218.24957609355639,214.07932159795172,216.73402404785156,41643800,0.0,0.0
2024-07-31 00:00:00-04:00,219.34907597117163,221.70660788092644,218.5467267386139,219.9830322265625,50036300,0.0,0.0
2024-08-01 00:00:00-04:00,222.25138675562792,222.36034868782315,214.9707980252656,216.2981414794922,62501000,0.0,0.0
2024-08-02 00:00:00-04:00,217.08069402896655,223.46980270062375,215.65430376795194,217.78399658203125,105568600,0.0,0.0
2024-08-05 00:00:00-04:00,197.21012147966275,211.4840610296135,194.14930192882554,207.29400634765625,119548600,0.0,0.0
2024-08-06 00:00:00-04:00,203.3614702980554,208.00718767754023,199.1714160471065,205.2732391357422,69660500,0.0,0.0
2024-08-07 00:00:00-04:00,204.9463646139573,211.62272838414273,204.441185671316,207.83880615234375,63516400,0.0,0.0
2024-08-08 00:00:00-04:00,211.097744151489,212.17744837655164,206.8581585633277,211.2958526611328,47161100,0.0,0.0
2024-08-09 00:00:00-04:00,210.09728825409005,214.7330909034816,209.96851092003678,214.1981964111328,42201600,0.0,0.0
2024-08-12 00:00:00-04:00,214.27753840147545,217.68898821235913,213.81143620679725,215.7254180908203,38028100,0.25,0.0
2024-08-13 00:00:00-04:00,217.19314118814535,220.04925425523973,217.19314118814535,219.4344024658203,44155300,0.0,0.0
2024-08-14 00:00:00-04:00,218.74017685059633,221.1797604207405,217.8773840084887,219.88063049316406,41960600,0.0,0.0
2024-08-15 00:00:00-04:00,222.73677426147512,223.48055242779947,220.9120269929499,222.85577392578125,46414000,0.0,0.0
2024-08-16 00:00:00-04:00,222.06239369045758,224.94825642777528,221.79462933024135,224.1747283935547,44340200,0.0,0.0
2024-08-19 00:00:00-04:00,223.84746435464618,224.11522871504155,221.18968933533225,224.01605224609375,40687800,0.0,0.0
2024-08-20 00:00:00-04:00,223.8970689622142,225.28544883578485,223.57971634413767,224.63092041015625,30299000,0.0,0.0
2024-08-21 00:00:00-04:00,224.64085012661386,226.08872985229075,223.1830436738614,224.52183532714844,34765500,0.0,0.0
2024-08-22 00:00:00-04:00,225.90029338876204,226.4457337259973,222.04256465043304,222.66734313964844,43695300,0.0,0.0
2024-08-23 00:00:00-04:00,223.78798715352852,226.32674764036014,222.4690186706249,224.95819091796875,38677300,0.0,0.0
2024-08-26 00:00:00-04:00,224.87885041051024,225.39454085782168,222.0326640536948,225.2953643798828,30602200,0.0,0.0
2024-08-27 00:00:00-04:00,224.12514736512034,226.95151036486342,223.02435510684418,226.1383056640625,35934600,0.0,0.0
2024-08-28 00:00:00-04:00,226.02922904592305,227.95313769677003,223.80780609600177,224.61109924316406,38052200,0.0,0.0
2024-08-29 00:00:00-04:00,228.1911537968638,230.98775191089825,226.9812734022471,227.8837127685547,51906300,0.0,0.0
2024-08-30 00:00:00-04:00,228.28038060324323,228.4886300006117,225.59285569982603,227.10025024414062,52990800,0.0,0.0
2024-09-03 00:00:00-04:00,226.65400042223428,227.10026429068756,219.335218503661,220.9219512939453,50190600,0.0,0.0
2024-09-04 00:00:00-04:00,219.82114598403248,219.94014563997789,215.67581475954933,219.0178680419922,43840200,0.0,0.0
2024-09-05 00:00:00-04:00,219.79140861107143,223.60946073514918,219.6823205428289,220.53518676757812,36615400,0.0,0.0
2024-09-06 00:00:00-04:00,222.09215251756703,223.37145940933704,217.94683622588397,218.98812866210938,48423000,0.0,0.0
2024-09-09 00:00:00-04:00,218.98812757352732,219.4343914347755,214.91222272734436,219.07737731933594,67180000,0.0,0.0
2024-09-10 00:00:00-04:00,217.10388142289187,219.6426417511051,214.9320468059923,218.2840118408203,51591000,0.0,0.0
2024-09-11 00:00:00-04:00,219.62283934479092,221.23930705217748,216.08244775598524,220.81288146972656,44587100,0.0,0.0
2024-09-12 00:00:00-04:00,220.6541869199912,221.69547936785247,217.9964268983011,220.9219512939453,37455600,0.0,0.0
2024-09-13 00:00:00-04:00,221.72523244234597,222.18140791181287,220.06908820245332,220.65419006347656,36766600,0.0,0.0
2024-09-16 00:00:00-04:00,214.7436126542421,215.41797935337752,212.14535259122513,214.52545166015625,59357400,0.0,0.0
2024-09-17 00:00:00-04:00,213.96019610771708,215.10064996456288,212.72056577105593,214.99156188964844,45519300,0.0,0.0
2024-09-18 00:00:00-04:00,215.74522641845653,220.86242312167604,215.73529969301012,218.8591766357422,59894900,0.0,0.0
2024-09-19 00:00:00-04:00,223.12352684243388,227.91345980340301,222.7665127356472,226.97132873535156,66781300,0.0,0.0
2024-09-20 00:00:00-04:00,228.06223610833695,231.15634864169297,225.73172498083707,226.30691528320312,318679900,0.0,0.0
2024-09-23 00:00:00-04:00,225.4540253555904,227.54652178723228,223.9367191660146,224.59124755859375,54146000,0.0,0.0
2024-09-24 00:00:00-04:00,226.75316007712865,227.44736512534206,223.85738561877668,225.48377990722656,43556100,0.0,0.0
2024-09-25 00:00:00-04:00,223.06402418257602,225.40444676008957,222.1615848378298,224.49208068847656,42308700,0.0,0.0
2024-09-26 00:00:00-04:00,225.41436171300208,226.60440369502516,223.54004142995942,225.63253784179688,36636700,0.0,0.0
2024-09-27 00:00:00-04:00,226.5647236129495,227.6159275297645,225.4143432340109,225.9002685546875,34026000,0.0,0.0
2024-09-30 00:00:00-04:00,228.1316114938428,231.0670623779297,227.7448474882838,231.0670623779297,54541900,0.0,0.0
2024-10-01 00:00:00-04:00,227.615942887257,227.74485413807125,221.88389405688537,224.33340454101562,63285000,0.0,0.0
2024-10-02 00:00:00-04:00,224.016035092931,225.483752901305,221.1698492120793,224.89865112304688,32880600,0.0,0.0
2024-10-03 00:00:00-04:00,223.2722952944607,224.92843958391967,221.46740141968138,223.7978973388672,34044200,0.0,0.0
2024-10-04 00:00:00-04:00,226.00938361911108,226.10856009308668,222.27066963907552,224.91851806640625,37245100,0.0,0.0
2024-10-07 00:00:00-04:00,222.63759275105315,223.81772316941647,219.49389225502094,219.8509063720703,39505400,0.0,0.0
2024-10-08 00:00:00-04:00,222.4392426471427,224.10529834651464,221.39795026893304,223.8970489501953,31855700,0.0,0.0
2024-10-09 00:00:00-04:00,223.36154504729694,227.84405251552317,222.96486939830248,227.6357879638672,33591100,0.0,0.0
2024-10-10 00:00:00-04:00,225.89038125247495,227.59611368544336,225.28544108575701,227.13992309570312,28183500,0.0,0.0
2024-10-11 00:00:00-04:00,227.39777482080956,227.5068628874906,225.4540279414576,225.66229248046875,31759200,0.0,0.0
2024-10-14 00:00:00-04:00,226.80275797652766,229.80762063057296,226.70359663127624,229.38119506835938,39882100,0.0,0.0
2024-10-15 00:00:00-04:00,231.67201972311165,235.51983687729248,230.44230106244424,231.9100341796875,64751400,0.0,0.0
2024-10-16 00:00:00-04:00,229.67869350471682,230.19436878170097,227.93328446814013,229.85719299316406,34082200,0.0,0.0
2024-10-17 00:00:00-04:00,231.49351658619665,231.91004568892726,228.6076687095473,230.22413635253906,32993800,0.0,0.0
2024-10-18 00:00:00-04:00,234.2206950473064,234.2206950473064,232.0686987091599,233.0504913330078,46431500,0.0,0.0
2024-10-21 00:00:00-04:00,232.5050454306036,234.88514457730523,232.5050454306036,234.51820373535156,36254500,0.0,0.0
2024-10-22 00:00:00-04:00,231.94970749678197,234.2603802258017,230.67041566655348,233.9033660888672,38846600,0.0,0.0
2024-10-23 00:00:00-04:00,232.13813805749322,233.18934216580075,225.8705597881939,228.84567260742188,52287000,0.0,0.0
2024-10-24 00:00:00-04:00,228.0721096303277,228.9051525928802,226.5151420282862,228.6572265625,31109500,0.0,0.0
2024-10-25 00:00:00-04:00,227.83415104707473,231.28527776977737,227.66556313214858,229.49029541015625,38802300,0.0,0.0
2024-10-28 00:00:00-04:00,231.38445260776976,232.78274415861915,230.62083606612686,231.46377563476562,36087100,0.0,0.0
2024-10-29 00:00:00-04:00,231.16627329542206,232.38606532055925,230.39274516902225,231.73153686523438,35417200,0.0,0.0
2024-10-30 00:00:00-04:00,230.68030356750913,231.53316974412917,227.64569128136466,228.19113159179688,47070900,0.0,0.0
2024-10-31 00:00:00-04:00,227.43741116025222,227.92335160936318,223.50034473329782,224.03587341308594,64370100,0.0,0.0
2024-11-01 00:00:00-04:00,219.13691266223225,223.48058258196207,218.44272263977047,221.06082153320312,65276700,0.0,0.0
2024-11-04 00:00:00-05:00,219.15670083339904,220.94175615916865,217.88732075932978,220.16822814941406,44944500,0.0,0.0
2024-11-05 00:00:00-05:00,219.9599772111233,222.0921350198155,219.30544885909725,221.59628295898438,28111300,0.0,0.0
2024-11-06 00:00:00-05:00,220.76327216240406,224.19457534628128,219.35505401685137,220.8723602294922,54561100,0.0,0.0
2024-11-07 00:00:00-05:00,222.76650205936048,225.98954046008802,222.70700223311508,225.5928497314453,42137700,0.0,0.0
2024-11-08 00:00:00-05:00,225.53329235935942,227.01256271730918,224.77877343219782,225.32481384277344,38328800,0.25,0.0
2024-11-11 00:00:00-05:00,223.3789433198207,224.07389700260043,219.90415975706793,222.61448669433594,42005600,0.0,0.0
2024-11-12 00:00:00-05:00,222.93218846295187,223.96468891324545,221.75075962779928,222.61448669433594,40398300,0.0,0.0
2024-11-13 00:00:00-05:00,222.3960891659536,225.01706838141624,221.1550949323282,223.4980926513672,48566200,0.0,0.0
2024-11-14 00:00:00-05:00,223.3987876531247,227.2210402122622,223.3789275067786,226.5757293701172,44923900,0.0,0.0
2024-11-15 00:00:00-05:00,224.76882873863602,225.28508648780175,222.65418524957263,223.37892150878906,47923700,0.0,0.0
2024-11-18 00:00:00-05:00,223.62711979019133,228.08477571151616,223.54769435597734,226.37716674804688,44633700,0.0,0.0
2024-11-19 00:00:00-05:00,225.34464764897942,228.5017442258817,225.02696106605572,226.63528442382812,36211800,0.0,0.0
2024-11-20 00:00:00-05:00,226.4168829534927,228.27340522879027,224.26251907255318,227.35011291503906,35169600,0.0,0.0
2024-11-21 00:00:00-05:00,227.230987838277,228.50176458087773,224.0838286281757,226.8735809326172,42108300,0.0,0.0
2024-11-22 00:00:00-05:00,226.4168797117104,229.05771868234922,226.4168797117104,228.21383666992188,38168300,0.0,0.0
2024-11-25 00:00:00-05:00,229.79240040372403,231.5694972757357,228.08479132337303,231.19223022460938,90152800,0.0,0.0
2024-11-26 00:00:00-05:00,231.6489234928732,233.87279036398945,231.6489234928732,233.366455078125,45986200,0.0,0.0
2024-11-27 00:00:00-05:00,232.78071887838198,233.99193037541463,232.125470334311,233.23739624023438,33498400,0.0,0.0
2024-11-29 00:00:00-05:00,233.1182385238603,236.0966241243161,232.28429419145726,235.62008666992188,28481400,0.0,0.0
2024-12-02 00:00:00-05:00,235.5605532676808,239.0551819380818,235.45134517492735,237.86383056640625,48137100,0.0,0.0
2024-12-03 00:00:00-05:00,238.08224409194108,241.01098726633802,237.1787967118795,240.9017791748047,38861000,0.0,0.0
2024-12-04 00:00:00-05:00,241.12017980186528,242.35125137710352,239.51185632927692,241.25917053222656,44383900,0.0,0.0
2024-12-05 00:00:00-05:00,242.23213863223197,242.77816394602775,240.38553870781277,241.28897094726562,40033900,0.0,0.0
2024-12-06 00:00:00-05:00,241.15989600483465,242.86750503393802,240.33587413565135,241.09039306640625,36870600,0.0,0.0
2024-12-09 00:00:00-05:00,240.08767817050534,245.45870413211114,240.0082527322972,244.97222900390625,44649200,0.0,0.0
2024-12-10 00:00:00-05:00,245.11124429862218,246.4217414371147,243.57240847043047,245.9849090576172,36914800,0.0,0.0
2024-12-11 00:00:00-05:00,246.17350623578653,248.9930409884295,244.48574226451257,244.71409606933594,45205800,0.0,0.0
2024-12-12 00:00:00-05:00,245.11122473397327,246.9479020514793,243.9099357862414,246.17352294921875,32777500,0.0,0.0
2024-12-13 00:00:00-05:00,246.0345210589055,247.49391610940148,244.46590277835176,246.34228515625,33155300,0.0,0.0
2024-12-16 00:00:00-05:00,246.20329464964811,249.56886987487528,245.86573275817128,249.23130798339844,51694800,0.0,0.0
2024-12-17 00:00:00-05:00,248.2782345553336,252.0012166921119,247.98039295462073,251.6537322998047,51356400,0.0,0.0
2024-12-18 00:00:00-05:00,250.34326772719038,252.4479889260113,245.95511429725673,246.26287841796875,56774100,0.0,0.0
2024-12-19 00:00:00-05:00,245.71683140567848,250.184410158509,245.3097817058068,247.99032592773438,60882300,0.0,0.0
2024-12-20 00:00:00-05:00,246.25295201238012,253.1628143156686,243.91989202858784,252.656494140625,147495300,0.0,0.0
2024-12-23 00:00:00-05:00,252.93446477293034,253.80811434244586,251.6239676953758,253.4308624267578,40858800,0.0,0.0
2024-12-24 00:00:00-05:00,253.64927033575188,256.34965954757746,253.45069916161225,256.3397521972656,23234700,0.0,0.0
2024-12-26 00:00:00-05:00,256.32980188696064,258.2260444048055,255.77383898408218,257.15380859375,27237100,0.0,0.0
2024-12-27 00:00:00-05:00,255.9724022209019,256.8361595932908,251.23677948504655,253.74855041503906,42355300,0.0,0.0
2024-12-30 00:00:00-05:00,250.4127477342041,251.67360197393796,248.9434149702759,250.38296508789062,35557500,0.0,0.0
2024-12-31 00:00:00-05:00,250.62123433005314,251.45517870098834,247.63291094425557,248.61578369140625,39480700,0.0,0.0
2025-01-02 00:00:00-05:00,247.1365264348607,247.3053149666319,240.07776640397734,242.0931396484375,55740700,0.0,0.0
2025-01-03 00:00:00-05:00,241.60665893554688,242.42074318433572,240.14724866814672,241.60665893554688,40244100,0.0,0.0
2025-01-06 00:00:00-05:00,242.54980162717402,245.54804748087855,241.4477983095151,243.23483276367188,45045600,0.0,0.0
2025-01-07 00:00:00-05:00,241.22939201717418,243.78088314896328,239.61114601786818,240.46495056152344,40856000,0.0,0.0
2025-01-08 00:00:00-05:00,240.17703689438372,241.9541489627904,238.32051453305579,240.951416015625,37628900,0.0,0.0
2025-01-10 00:00:00-05:00,238.28077607985776,238.42970445265777,231.32128701842691,235.1435546875,61710900,0.0,0.0
2025-01-13 00:00:00-05:00,231.84748509521594,232.9792711307645,228.06493742769467,232.71121215820312,49630700,0.0,0.0
2025-01-14 00:00:00-05:00,233.05868390458076,234.41880854341963,230.7951119565212,231.59927368164062,39435300,0.0,0.0
2025-01-15 00:00:00-05:00,232.94946471611047,237.2383472440859,232.74097105897866,236.15618896484375,39832000,0.0,0.0
2025-01-16 00:00:00-05:00,235.63998458586752,236.29521800986595,226.38712456587973,226.61546325683594,71759100,0.0,0.0
2025-01-17 00:00:00-05:00,230.447655820989,230.61642921557544,226.83388128979956,228.3230743408203,68488300,0.0,0.0
2025-01-21 00:00:00-05:00,222.38615194982364,222.80312416686704,217.79944241349193,221.03594970703125,98070400,0.0,0.0
2025-01-22 00:00:00-05:00,218.2064601780486,222.5052654056773,218.2064601780486,222.2173614501953,64126500,0.0,0.0
2025-01-23 00:00:00-05:00,223.12085064421797,225.39434551599345,220.6984273684604,222.0486297607422,60234800,0.0,0.0
2025-01-24 00:00:00-05:00,223.160517277336,224.00439930767484,219.81480209957203,221.1749267578125,54697900,0.0,0.0
2025-01-27 00:00:00-05:00,222.40601266103107,230.47742834163907,222.36629236472388,228.2039337158203,94863400,0.0,0.0
2025-01-28 00:00:00-05:00,229.18679454547646,238.4594987479956,229.147074251248,236.54339599609375,75707600,0.0,0.0
2025-01-29 00:00:00-05:00,232.43322998057818,238.13188043636077,232.32402189200354,237.63548278808594,45486100,0.0,0.0
2025-01-30 00:00:00-05:00,236.95044029141235,239.05516137192973,235.50096771104396,235.8782196044922,55658300,0.0,0.0
2025-01-31 00:00:00-05:00,245.4090960245911,245.4090960245911,231.7581593483071,234.29971313476562,100959800,0.0,0.0
2025-02-03 00:00:00-05:00,228.33299411580026,230.15973381299622,224.0738938399255,226.36724853515625,73063300,0.0,0.0
2025-02-04 00:00:00-05:00,225.61273982041166,231.45038123633566,225.01705656002386,231.1227569580078,45067300,0.0,0.0
2025-02-05 00:00:00-05:00,226.88350440739822,230.99367626573292,226.625383087866,230.7951202392578,39620300,0.0,0.0
2025-02-06 00:00:00-05:00,229.62361584180033,232.11554171369926,228.7698112868805,231.5397186279297,29925300,0.0,0.0
2025-02-07 00:00:00-05:00,230.92419948813392,232.31410688860944,225.622660920367,225.99000549316406,39707200,0.0,0.0
2025-02-10 00:00:00-05:00,228.16660736242451,229.1803610121675,225.81108525741098,226.25833129882812,33115600,0.25,0.0
2025-02-11 00:00:00-05:00,226.80497424991785,233.79199753404617,226.7354100570617,231.1979522705078,53718400,0.0,0.0
2025-02-12 00:00:00-05:00,229.78663009476247,235.51142789245534,229.26980470124647,235.42196655273438,45243300,0.0,0.0
2025-02-13 00:00:00-05:00,235.4617298072221,240.85852795215618,234.1299251101732,240.05348205566406,53614100,0.0,0.0
2025-02-14 00:00:00-05:00,239.77517912233392,244.04889519264196,239.51677402617887,243.10470581054688,40896200,0.0,0.0
2025-02-18 00:00:00-05:00,242.65747382373942,243.6811760890431,240.3615975750387,242.97552490234375,48822500,0.0,0.0
2025-02-19 00:00:00-05:00,243.16435439309654,244.50609250836237,241.6735241546838,243.37306213378906,32204200,0.0,0.0
2025-02-20 00:00:00-05:00,243.4426355672204,245.27138364211797,242.7966000469895,244.3271942138672,32316900,0.0,0.0
2025-02-21 00:00:00-05:00,244.44645306890683,247.1697083342209,243.72091995824803,244.0489044189453,53197400,0.0,0.0
2025-02-24 00:00:00-05:00,243.43269920852308,247.33868242018207,242.92582237394555,245.58944702148438,51326400,0.0,0.0
2025-02-25 00:00:00-05:00,246.48392314447185,248.4716967182176,243.41281661275679,245.52978515625,48013300,0.0,0.0
2025-02-26 00:00:00-05:00,242.83637220684057,243.48239258336395,237.66816369812489,238.89064025878906,44433600,0.0,0.0
2025-02-27 00:00:00-05:00,237.94643641845556,240.97779411500133,235.61079643123784,235.84933471679688,41153600,0.0,0.0
2025-02-28 00:00:00-05:00,235.50146657809572,240.61004395755495,228.79273089598732,240.361572265625,56833400,0.0,0.0
2025-03-03 00:00:00-05:00,240.31188380351972,242.5381957053339,234.66661403302143,236.5748748779297,47184000,0.0,0.0
2025-03-04 00:00:00-05:00,236.25684921580154,238.60242278275774,233.24535811530478,234.4877166748047,53798100,0.0,0.0
2025-03-05 00:00:00-05:00,233.9808533299346,235.10395038542654,227.82869096216822,234.2989044189453,47227600,0.0,0.0
2025-03-06 00:00:00-05:00,233.00682927336524,236.4059203890797,231.73465535282332,233.89138793945312,45170400,0.0,0.0
2025-03-07 00:00:00-05:00,233.67273718007357,239.89446338205195,233.32487071745646,237.60853576660156,46273600,0.0,0.0
2025-03-10 00:00:00-04:00,234.10009611136832,234.71631625547707,222.84930513729455,226.08937072753906,72071200,0.0,0.0
2025-03-11 00:00:00-04:00,222.4418047589131,224.4593937721428,216.1206840338927,219.48995971679688,76137400,0.0,0.0
2025-03-12 00:00:00-04:00,218.7942660196618,220.39442456790263,213.5962416730392,215.65357971191406,62547500,0.0,0.0
2025-03-13 00:00:00-04:00,214.6298526174969,215.5144112677834,207.14588618522245,208.39817810058594,61368300,0.0,0.0
2025-03-14 00:00:00-04:00,209.9585940343847,212.64208545758027,208.2988048386841,212.18490600585938,60107600,0.0,0.0
2025-03-17 00:00:00-04:00,212.00597294169765,213.9043002087845,208.68639495032056,212.69175720214844,48073400,0.0,0.0
2025-03-18 00:00:00-04:00,212.85080057479257,213.83473880015984,210.19712464056028,211.38978576660156,42432400,0.0,0.0
2025-03-19 00:00:00-04:00,212.91044076829724,217.4226803637017,212.443312738742,213.92420959472656,54385400,0.0,0.0
2025-03-20 00:00:00-04:00,212.6818553101102,216.16045933121794,210.92267131595005,212.7911834716797,48862900,0.0,0.0
2025-03-21 00:00:00-04:00,210.26669685360034,217.5021918152461,209.9884097524224,216.93568420410156,94127800,0.0,0.0
2025-03-24 00:00:00-04:00,219.64896889973502,220.12603028720216,217.24376481580705,219.380615234375,44299500,0.0,0.0
2025-03-25 00:00:00-04:00,219.42039321145907,222.7300380772677,218.73460889257407,222.38217163085938,34493600,0.0,0.0
2025-03-26 00:00:00-04:00,222.1436424317859,223.64442126802376,219.12223310716143,220.17575073242188,34466100,0.0,0.0
2025-03-27 00:00:00-04:00,220.03659916949772,223.61459773398053,219.21167130142226,222.4815673828125,37094800,0.0,0.0
2025-03-28 00:00:00-04:00,220.31488968867507,222.44180687800483,216.34927581514728,216.56793212890625,39818600,0.0,0.0
2025-03-31 00:00:00-04:00,215.683368745432,224.24073468961828,214.90813825561798,220.77207946777344,65299300,0.0,0.0
2025-04-01 00:00:00-04:00,218.46627993939285,222.31261744007998,217.56183920876018,221.82562255859375,36412700,0.0,0.0
2025-04-02 00:00:00-04:00,219.96705040499884,223.81338775742097,219.66888130946384,222.52133178710938,35905900,0.0,0.0
2025-04-03 00:00:00-04:00,204.28348559152053,206.22157697816277,200.0197179050274,201.94786071777344,103419000,0.0,0.0
2025-04-04 00:00:00-04:00,192.7047355778497,198.658123727335,186.19477317599058,187.22842407226562,125910900,0.0,0.0
2025-04-07 00:00:00-04:00,176.11672557211514,192.96310261722135,173.5524959881376,180.35069274902344,160466300,0.0,0.0
2025-04-08 00:00:00-04:00,185.55865310846366,189.17640027021665,168.17558356470508,171.36595153808594,120859500,0.0,0.0
2025-04-09 00:00:00-04:00,170.89883496621582,199.38363475051753,170.83920418374143,197.6343994140625,184395900,0.0,0.0
2025-04-10 00:00:00-04:00,187.9141823452429,193.58926741380884,181.88128226075605,189.25592041015625,121880000,0.0,0.0
2025-04-11 00:00:00-04:00,184.96233608452022,198.32016168749274,184.92257212057936,196.93865966796875,87435900,0.0,0.0
2025-04-14 00:00:00-04:00,210.14743595954587,211.63826622013798,199.9302804535287,201.28196716308594,101352900,0.0,0.0
2025-04-15 00:00:00-04:00,200.6259945192588,202.26590170954893,198.57859009217825,200.90428161621094,51343900,0.0,0.0
2025-04-16 00:00:00-04:00,197.1473909296092,199.47308245703653,191.19400339685228,193.0823974609375,59732400,0.0,0.0
2025-04-17 00:00:00-04:00,195.99447418061752,197.61451451967758,193.2314700862815,195.77581787109375,52164700,0.0,0.0
2025-04-21 00:00:00-04:00,192.08851517151226,192.6152739871965,188.64966000796989,191.97918701171875,46742500,0.0,0.0
2025-04-22 00:00:00-04:00,194.92108593270402,200.3576482646354,194.77200897005906,198.5189666748047,52976400,0.0,0.0
2025-04-23 00:00:00-04:00,204.74067860292737,206.7284521815966,201.56024391015845,203.3492431640625,52929200,0.0,0.0
2025-04-24 00:00:00-04:00,203.6374995339798,207.5534166002877,201.6994229864575,207.09622192382812,47311000,0.0,0.0
2025-04-25 00:00:00-04:00,205.10842646651815,208.46776890662989,204.9394675201618,208.00064086914062,38222300,0.0,0.0
2025-04-28 00:00:00-04:00,208.71623364812058,210.2070638884643,206.1917677806294,208.85537719726562,38743100,0.0,0.0
2025-04-29 00:00:00-04:00,207.41425458581946,210.94255602883885,207.096203506044,209.91885375976562,36827600,0.0,0.0
2025-04-30 00:00:00-04:00,208.02053835450616,212.27437321950518,205.40661086468026,211.2009735107422,52286500,0.0,0.0
2025-05-01 00:00:00-04:00,207.80185982414434,213.2483553954001,207.62295230903422,212.0159454345703,57365700,0.0,0.0
2025-05-02 00:00:00-04:00,204.83013207172814,205.72463931330321,200.92416412992952,204.09466552734375,101010600,0.0,0.0
2025-05-05 00:00:00-04:00,201.85841873478097,202.85230555244996,196.99831280299983,197.6741485595703,69018500,0.0,0.0
2025-05-06 00:00:00-04:00,196.99832434112832,199.42339557924856,195.81559653234874,197.29647827148438,51216500,0.0,0.0
2025-05-07 00:00:00-04:00,197.95242524507105,198.22077891807172,192.0686174137577,195.05027770996094,68536700,0.0,0.0
2025-05-08 00:00:00-04:00,196.51130456752412,198.82706269335065,193.48988012199126,196.28271484375,50478900,0.0,0.0
2025-05-09 00:00:00-04:00,197.78348851905432,199.3140676367793,196.33240700583877,197.3163604736328,36453900,0.0,0.0
2025-05-12 00:00:00-04:00,209.95526516858178,210.2538252478288,205.75556156059073,209.776123046875,63775800,0.26,0.0
2025-05-13 00:00:00-04:00,209.4178625594749,212.3735786127325,207.99474788922345,211.9058380126953,51909300,0.0,0.0
2025-05-14 00:00:00-04:00,211.40824098508043,212.91098786371114,209.56714827780408,211.30873107910156,49325800,0.0,0.0
2025-05-15 00:00:00-04:00,209.9353730316401,211.93571508448807,208.53215118256114,210.43296813964844,45029500,0.0,0.0
2025-05-16 00:00:00-04:00,211.33859654598928,211.54759317457453,208.76105751069144,210.24388122558594,54737900,0.0,0.0
2025-05-19 00:00:00-04:00,206.90999202317107,208.47243269467637,203.2775387890809,207.7758026123047,46140500,0.0,0.0
2025-05-20 00:00:00-04:00,206.67113760639387,207.46729276724128,204.04383620537516,205.8650360107422,42496600,0.0,0.0
2025-05-21 00:00:00-04:00,204.1831685508297,206.04416933851562,199.74462882701684,201.11798095703125,59211800,0.0,0.0
2025-05-22 00:00:00-04:00,199.7446272097534,201.77480849030061,198.7394754118135,200.39149475097656,46742400,0.0,0.0
2025-05-23 00:00:00-04:00,192.73846975457602,196.74908474491085,192.52948833207407,194.33078002929688,78432900,0.0,0.0
2025-05-27 00:00:00-04:00,197.34620772495165,199.77447409530296,196.48038197740732,199.2470245361328,56288500,0.0,0.0
2025-05-28 00:00:00-04:00,199.6251894151235,201.75489573800118,198.9385057789635,199.4560089111328,45339700,0.0,0.0
2025-05-29 00:00:00-04:00,202.60081106845576,202.8297005493605,197.55518975609246,198.98826599121094,51396800,0.0,0.0
2025-05-30 00:00:00-04:00,198.4110493394953,200.98860329086406,195.83351057352263,199.88394165039062,70819900,0.0,0.0
2025-06-02 00:00:00-04:00,199.31669015009302,201.15779807678393,199.15745607510846,200.7298583984375,35423300,0.0,0.0
2025-06-03 00:00:00-04:00,200.38153417950807,202.78989241693247,199.99341064507593,202.29229736328125,46381600,0.0,0.0
2025-06-04 00:00:00-04:00,201.9340306292736,205.24801554678163,201.1279290627925,201.84446716308594,43604000,0.0,0.0
2025-06-05 00:00:00-04:00,202.52119947175674,203.76518718349973,199.18730633012683,199.66500854492188,55126100,0.0,0.0
2025-06-06 00:00:00-04:00,202.0236053289331,204.7106157617459,201.07817770068002,202.93917846679688,46607700,0.0,0.0
2025-06-09 00:00:00-04:00,203.40692547634254,205.0091823144686,199.05794913802782,200.48106384277344,72862600,0.0,0.0
2025-06-10 00:00:00-04:00,199.63513956616538,203.36710243054736,199.60528507808198,201.69517517089844,54672600,0.0,0.0
2025-06-11 00:00:00-04:00,202.5211970741936,203.51638723180633,197.45568281643992,197.8238983154297,60989900,0.0,0.0
2025-06-12 00:00:00-04:00,198.12246436103902,198.71956936233477,196.4107360236097,198.24188232421875,43904600,0.0,0.0
2025-06-13 00:00:00-04:00,198.769334334526,199.40625545491926,194.7587190445596,195.50511169433594,51447300,0.0,0.0
2025-06-16 00:00:00-04:00,196.35101387226533,197.73432753277095,195.61456771612566,197.4656219482422,43020700,0.0,0.0
2025-06-17 00:00:00-04:00,196.25149936947125,197.4357781067605,194.27108064091922,194.69900512695312,38856200,0.0,0.0
2025-06-18 00:00:00-04:00,194.9975546383106,196.6197193940347,194.13174409281177,195.6344757080078,45394700,0.0,0.0
2025-06-20 00:00:00-04:00,197.28651411005004,200.72986375748766,195.9131467510872,200.03323364257812,96813500,0.0,0.0
2025-06-23 00:00:00-04:00,200.6602023375907,201.3269779408771,198.00304635957568,200.53082275390625,55814300,0.0,0.0
2025-06-24 00:00:00-04:00,201.61555699715424,202.4614746491071,199.23705328583006,199.33657836914062,54064000,0.0,0.0
2025-06-25 00:00:00-04:00,200.4810436177515,202.6903668657116,199.65503400834336,200.59051513671875,39525700,0.0,0.0
2025-06-26 00:00:00-04:00,200.461158146952,201.66534499125092,198.5006473897771,200.03323364257812,50799100,0.0,0.0
2025-06-27 00:00:00-04:00,200.91894034324127,202.24254507531293,199.03803155248616,200.1128387451172,73188600,0.0,0.0
2025-06-30 00:00:00-04:00,201.03834688076608,206.39247448465787,198.30157410241034,204.1831512451172,91912800,0.0,0.0
2025-07-01 00:00:00-04:00,205.67592638082795,209.17899961843958,205.1484768676989,206.82040405273438,78788900,0.0,0.0
2025-07-02 00:00:00-04:00,207.9051626163094,212.31384736812728,207.1388620051612,211.41818237304688,67941800,0.0,0.0
2025-07-03 00:00:00-04:00,211.12959751601144,213.61757304735917,210.79123648824356,212.5228729248047,34955800,0.0,0.0
2025-07-07 00:00:00-04:00,211.65703516300363,215.18996325511674,207.79570768244494,208.94017028808594,50229000,0.0,0.0
2025-07-08 00:00:00-04:00,209.08947184941582,210.41306148236814,207.44739887083225,208.99989318847656,42848900,0.0,0.0
2025-07-09 00:00:00-04:00,208.52217876921287,210.3135239719546,206.22329208627588,210.1244354248047,48749400,0.0,0.0
2025-07-10 00:00:00-04:00,209.49746585002458,212.45318170934252,209.01977884626095,211.38833618164062,44443600,0.0,0.0
2025-07-11 00:00:00-04:00,209.55718962168862,211.1096837700706,208.85059795908091,210.14434814453125,39765800,0.0,0.0
2025-07-14 00:00:00-04:00,208.92025854176603,209.89555581124029,206.54175471753558,207.61656188964844,38840100,0.0,0.0
2025-07-15 00:00:00-04:00,208.2137043224775,210.8708604550018,207.915144211828,208.10423278808594,42296300,0.0,0.0
2025-07-16 00:00:00-04:00,209.28849593835915,211.37838618562168,207.63647661047767,209.149169921875,47490500,0.0,0.0
2025-07-17 00:00:00-04:00,209.5571995447156,210.78127919114968,208.58190225319882,209.0098419189453,48068100,0.0,0.0
2025-07-18 00:00:00-04:00,209.85575432940058,210.77132749863404,208.6913836081342,210.1642608642578,48974600,0.0,0.0
2025-07-21 00:00:00-04:00,211.07983063398711,214.74212298846783,210.61209006251647,211.45799255371094,51377400,0.0,0.0
2025-07-22 00:00:00-04:00,212.11484021935428,213.91613206526756,211.20921348603295,213.3687744140625,46404100,0.0,0.0
2025-07-23 00:00:00-04:00,213.96588230147148,214.11515474984876,211.38834345684663,213.11996459960938,46989300,0.0,0.0
2025-07-24 00:00:00-04:00,212.87116805528336,214.65256693634578,212.50295255730364,212.73184204101562,46022600,0.0,0.0
2025-07-25 00:00:00-04:00,213.6673206036272,214.2047317845148,212.37357038101962,212.8512725830078,40268800,0.0,0.0
2025-07-28 00:00:00-04:00,213.00055398053098,213.81661722083774,212.03521828670327,213.0204620361328,37858000,0.0,0.0
2025-07-29 00:00:00-04:00,213.14982178903043,213.7767964509494,209.80599741985404,210.2538299560547,51411700,0.0,0.0
2025-07-30 00:00:00-04:00,210.88077731884883,211.36842593737322,206.72088996610802,208.04449462890625,45512500,0.0,0.0
2025-07-31 00:00:00-04:00,207.48719786288635,208.83069544134486,206.16359315375274,206.57162475585938,80698400,0.0,0.0
2025-08-01 00:00:00-04:00,209.8557561748323,212.5527283441607,200.530828701964,201.40660095214844,104434500,0.0,0.0
2025-08-04 00:00:00-04:00,203.52634207300898,206.88014336875773,200.70995198839026,202.37193298339844,75109300,0.0,0.0
2025-08-05 00:00:00-04:00,202.42165671427045,204.35232790405936,201.18763073057525,201.9439697265625,44155100,0.0,0.0
2025-08-06 00:00:00-04:00,204.6409599471833,214.3440641251077,204.60114383647723,212.22430419921875,108483100,0.0,0.0
2025-08-07 00:00:00-04:00,217.8272171299369,219.78774287041324,215.5382768294147,218.9716796875,90224800,0.0,0.0
2025-08-08 00:00:00-04:00,219.76784743364436,229.88892965735022,218.19544514014734,228.2468719482422,113854000,0.0,0.0
2025-08-11 00:00:00-04:00,227.08116933177635,228.71513292468896,223.9327956372812,226.34388732910156,61806100,0.26,0.0
2025-08-12 00:00:00-04:00,227.17081559543826,229.95055565919736,226.23428798669784,228.80477905273438,55626200,0.0,0.0
2025-08-13 00:00:00-04:00,230.2195756343437,234.1351043372746,229.58191650034667,232.47125244140625,69878500,0.0,0.0
2025-08-14 00:00:00-04:00,233.1985666998313,234.25466305951576,230.0003892485326,231.92327880859375,51916300,0.0,0.0
2025-08-15 00:00:00-04:00,233.1387895567921,233.417757832359,228.49593650929467,230.73765563964844,56038700,0.0,0.0
2025-08-18 00:00:00-04:00,230.8472538899505,232.26202593201924,229.26310933608104,230.0402374267578,37476200,0.0,0.0
2025-08-19 00:00:00-04:00,230.42880766374827,232.0129522601839,228.50591803460907,229.71145629882812,39402600,0.0,0.0
2025-08-20 00:00:00-04:00,229.13358225147155,229.6217843388592,224.93908515924198,225.17819213867188,42263900,0.0,0.0
2025-08-21 00:00:00-04:00,225.43723377620466,225.6863136691638,222.95639256938466,224.072265625,30621200,0.0,0.0
2025-08-22 00:00:00-04:00,225.33759321802492,228.2468445109381,224.5803958248437,226.92173767089844,42477800,0.0,0.0
2025-08-25 00:00:00-04:00,225.6464693442017,228.45609804536198,225.3973894325087,226.323974609375,30983100,0.0,0.0
2025-08-26 00:00:00-04:00,226.03502689374838,228.6453946309622,223.86305742355088,228.46604919433594,54575100,0.0,0.0
2025-08-27 00:00:00-04:00,227.76862267507164,230.05018785299507,227.41990473660533,229.64170837402344,31259500,0.0,0.0
2025-08-28 00:00:00-04:00,229.9704999102399,232.55096405412047,228.4959359400532,231.70408630371094,38074700,0.0,0.0
2025-08-29 00:00:00-04:00,231.65426265633033,232.52107103838586,230.51845893056873,231.28562927246094,39418400,0.0,0.0
2025-09-02 00:00:00-04:00,228.4062708029861,230.00038826150748,226.1346633063032,228.87454223632812,44075600,0.0,0.0
2025-09-03 00:00:00-04:00,236.33698891571112,237.9709525201245,233.49747185558658,237.59234619140625,66427800,0.0,0.0
2025-09-04 00:00:00-04:00,237.57241502764154,239.01707546456905,235.86871695735925,238.89752197265625,47549400,0.0,0.0
2025-09-05 00:00:00-04:00,239.11668743272676,240.43183651086895,237.61225041390915,238.80783081054688,54870400,0.0,0.0
2025-09-08 00:00:00-04:00,238.41927329094256,239.2661357937392,235.4701607098454,237.00450134277344,48999500,0.0,0.0
2025-09-09 00:00:00-04:00,236.12774389612645,237.90119155812317,232.5011411802574,233.4875030517578,66313900,0.0,0.0
2025-09-10 00:00:00-04:00,231.33547301291114,231.56462228661692,225.11843262708078,225.95533752441406,83440800,0.0,0.0
2025-09-11 00:00:00-04:00,226.04499474029723,229.60184779162614,225.81583028738913,229.1833953857422,50208600,0.0,0.0
2025-09-12 00:00:00-04:00,228.37638560886936,233.6469097348115,228.17712472443904,233.2085418701172,55824200,0.0,0.0
2025-09-15 00:00:00-04:00,236.12775635652346,237.31337916896246,234.16500543557729,235.828857421875,42699500,0.0,0.0
2025-09-16 00:00:00-04:00,236.30708253667353,240.33222235518573,235.45026224943368,237.2735137939453,63421100,0.0,0.0
2025-09-17 00:00:00-04:00,238.09051246512186,239.21635855568803,236.85507060288438,238.11044311523438,46508000,0.0,0.0
2025-09-18 00:00:00-04:00,239.0868055705458,240.31227437025743,235.77901734043184,237.00450134277344,44249600,0.0,0.0
2025-09-19 00:00:00-04:00,240.342162048153,245.3935094903633,239.32592704772566,244.59645080566406,163741300,0.0,0.0
2025-09-22 00:00:00-04:00,247.38616206443075,255.69547916115815,247.2068166293636,255.13751220703125,105517400,0.0,0.0
2025-09-23 00:00:00-04:00,254.9382669065294,256.3928850249964,252.64672876089196,253.49359130859375,60275200,0.0,0.0
2025-09-24 00:00:00-04:00,254.2807025242173,254.79879299943292,250.11607847800005,251.38140869140625,42303700,0.0,0.0
2025-09-25 00:00:00-04:00,252.27811828759639,256.2235509944071,250.78363873545524,255.9246368408203,55202100,0.0,0.0
2025-09-26 00:00:00-04:00,253.16481067495934,256.6519291955366,252.84598111295833,254.51980590820312,46076300,0.0,0.0
2025-09-29 00:00:00-04:00,253.62311772285494,254.06150078407975,252.07881928540593,253.49359130859375,40127700,0.0,0.0
2025-09-30 00:00:00-04:00,253.92202035086734,254.97811672142575,252.17846100632588,253.69287109375,37704300,0.0,0.0
2025-10-01 00:00:00-04:00,254.10136246357334,257.8375764362911,253.99176669154556,254.50985717773438,48713900,0.0,0.0
2025-10-02 00:00:00-04:00,255.63566078088252,257.229778167004,253.21461153357077,256.18365478515625,42630200,0.0,0.0
2025-10-03 00:00:00-04:00,253.73271197999827,258.2858846694617,253.01536064819075,257.07037353515625,49155600,0.0,0.0
2025-10-06 00:00:00-04:00,257.0404883747525,258.1165305885388,254.1113214696764,255.7452850341797,44664100,0.0,0.0
2025-10-07 00:00:00-04:00,255.86482860124664,256.45265350411205,254.48990271764998,255.5360565185547,31955800,0.0,0.0
2025-10-08 00:00:00-04:00,255.57591915435188,257.5685585594684,255.16742442767125,257.1102600097656,36496900,0.0,0.0
2025-10-09 00:00:00-04:00,256.8611554198282,257.0504585775582,252.2083446799687,253.1050262451172,38322000,0.0,0.0
2025-10-10 00:00:00-04:00,254.00171816056968,255.436420799504,243.10197943699816,244.3673095703125,61999100,0.0,0.0
2025-10-13 00:00:00-04:00,248.46217548947354,248.77103211910116,244.6562274921306,246.74850463867188,38142900,0.0,0.0
2025-10-14 00:00:00-04:00,245.69241642712313,247.93413549962378,243.79940008876653,246.8581085205078,35478000,0.0,0.0
2025-10-15 00:00:00-04:00,248.57178982967116,250.89321639065437,246.559219921403,248.42233276367188,33893600,0.0,0.0
2025-10-16 00:00:00-04:00,247.33635013275978,248.1234359576197,244.22783772705108,246.53929138183594,39777000,0.0,0.0
2025-10-17 00:00:00-04:00,247.10719170360767,252.44746537322095,246.35995200283696,251.36146545410156,49147000,0.0,0.0
2025-10-20 00:00:00-04:00,254.94822099113512,263.4069798400544,254.68918336894043,261.27484130859375,90483000,0.0,0.0
2025-10-21 00:00:00-04:00,260.91620875530236,264.3136625920602,260.86637452698056,261.80291748046875,46695900,0.0,0.0
2025-10-22 00:00:00-04:00,261.6833338430701,261.882609922878,254.4899051977633,257.4988098144531,45015300,0.0,0.0
2025-10-23 00:00:00-04:00,258.98332466328685,259.6608147081683,257.0604350924048,258.6246337890625,32754900,0.0,0.0
2025-10-24 00:00:00-04:00,260.2287163700197,263.15789839957887,258.22610426270086,261.85272216796875,38253700,0.0,0.0
2025-10-27 00:00:00-04:00,263.90514984178776,268.1295353654346,263.67598537979285,267.8206787109375,44888200,0.0,0.0
2025-10-28 00:00:00-04:00,268.00000632210845,268.89671830922975,267.1631014853557,268.0099792480469,41534800,0.0,0.0
2025-10-29 00:00:00-04:00,268.28892986747474,270.4110953948544,266.1269030442272,268.7073974609375,51086700,0.0,0.0
2025-10-30 00:00:00-04:00,270.98894793982623,273.1310593223432,267.49188695276854,270.401123046875,69886500,0.0,0.0
2025-10-31 00:00:00-04:00,275.9705701844509,276.29937269597025,268.16940070155243,269.37493896484375,86167100,0.0,0.0
2025-11-03 00:00:00-05:00,269.424736694289,269.8531467885877,265.2700709373508,268.05975341796875,50194600,0.0,0.0
2025-11-04 00:00:00-05:00,267.3424445625432,270.49081837885313,266.6350661079627,269.0461730957031,49274800,0.0,0.0
2025-11-05 00:00:00-05:00,267.6214146886098,270.7000692568828,265.94760492323326,269.14581298828125,43683100,0.0,0.0
2025-11-06 00:00:00-05:00,266.90407480138714,272.3937751745226,266.90407480138714,268.7771301269531,51204000,0.0,0.0
2025-11-07 00:00:00-05:00,268.80702532983145,271.2878818962731,265.7881780523408,267.48193359375,48227400,0.0,0.0
2025-11-10 00:00:00-05:00,268.22988302493957,272.9869540449525,266.7339548671466,268.6986083984375,41312400,0.26,0.0
2025-11-11 00:00:00-05:00,269.07757258136417,275.16101963639426,269.0675899882029,274.5028076171875,46208300,0.0,0.0
2025-11-12 00:00:00-05:00,274.2535066981436,274.9815360542478,270.9624767916609,272.7276611328125,48398000,0.0,0.0
2025-11-13 00:00:00-05:00,273.36590026791555,275.9488963676571,271.3513946141157,272.2090759277344,49602800,0.0,0.0
2025-11-14 00:00:00-05:00,270.31417782757546,275.21085247368256,268.8681323529343,271.6705017089844,47431300,0.0,0.0
2025-11-17 00:00:00-05:00,268.09027174019775,269.7557213346742,265.00866346949266,266.73394775390625,45018300,0.0,0.0
2025-11-18 00:00:00-05:00,269.2570854665072,269.9751321987233,264.59977951795884,266.7140197753906,45677300,0.0,0.0
2025-11-19 00:00:00-05:00,264.80918960656476,271.47104873805114,264.77927226211665,267.8309631347656,40424500,0.0,0.0
2025-11-20 00:00:00-05:00,270.09480618650156,274.68232536305425,265.1981613886433,265.5272521972656,45823600,0.0,0.0
2025-11-21 00:00:00-05:00,265.2280517805383,272.5879921198442,264.9488130991126,270.75299072265625,59030800,0.0,0.0
2025-11-24 00:00:00-05:00,270.16459800357205,276.24804478801667,270.16459800357205,275.1709899902344,65585800,0.0,0.0
2025-11-25 00:00:00-05:00,274.52277261748515,279.6189174225992,274.50283786370125,276.2181701660156,46914200,0.0,0.0
2025-11-26 00:00:00-05:00,276.2081750495132,278.7712060098946,275.8790842359358,276.79656982421875,33431400,0.0,0.0
2025-11-28 00:00:00-05:00,276.50736791500816,278.242634823177,275.2407959413455,278.0930480957031,20135600,0.0,0.0
2025-12-01 00:00:00-05:00,277.2553332443013,282.65065109438723,275.3904143522869,282.3315124511719,46587700,0.0,0.0
2025-12-02 00:00:00-05:00,282.231773534172,286.619823290159,281.86278279875575,285.4131164550781,53669500,0.0,0.0
2025-12-03 00:00:00-05:00,285.4231155973949,287.8365294074879,282.5309633672564,283.378662109375,43538700,0.0,0.0
2025-12-04 00:00:00-05:00,283.3287830094401,283.95707766942763,277.83373081751637,279.9380187988281,43989100,0.0,0.0
2025-12-05 00:00:00-05:00,279.77845592816414,280.37683325787106,277.2951945750906,278.0232238769531,47265800,0.0,0.0
2025-12-08 00:00:00-05:00,277.374989388386,278.9108174051644,275.4003533668138,277.1356506347656,38211800,0.0,0.0
2025-12-09 00:00:00-05:00,277.4049018876359,279.26982065807096,276.16827776921565,276.42755126953125,32193300,0.0,0.0
2025-12-10 00:00:00-05:00,276.9960211276047,278.9905919368044,275.68957968235776,278.0232238769531,33038300,0.0,0.0
2025-12-11 00:00:00-05:00,278.34237127554803,278.8310314000742,273.0667227973629,277.2752685546875,33248000,0.0,0.0
2025-12-12 00:00:00-05:00,277.14562382282355,278.4620479370953,276.0685689150702,277.52459716796875,39532900,0.0,0.0
2025-12-15 00:00:00-05:00,279.3894873363706,279.3894873363706,272.0993337942639,273.3658752441406,50409100,0.0,0.0
2025-12-16 00:00:00-05:00,272.07941349564567,274.752131096348,271.0522107383373,273.8645324707031,37648600,0.0,0.0
2025-12-17 00:00:00-05:00,274.2634587890498,275.41033087528734,270.9026119684932,271.10205078125,50138700,0.0,0.0
2025-12-18 00:00:00-05:00,272.8672697170699,272.88723490520505,266.22537510199504,271.4511413574219,51630700,0.0,0.0
2025-12-19 00:00:00-05:00,271.4112306527045,273.8545921928022,269.1673383776201,272.9271240234375,144632000,0.0,0.0
2025-12-22 00:00:00-05:00,272.1192896847017,273.13654030849926,269.7756932559407,270.23443603515625,36571800,0.0,0.0
2025-12-23 00:00:00-05:00,270.1048034873943,271.7603010837797,268.8282792538215,271.62066650390625,29642000,0.0,0.0
2025-12-24 00:00:00-05:00,271.60070067851706,274.6823088952694,271.46109654935304,273.06671142578125,17910600,0.0,0.0
2025-12-26 00:00:00-05:00,273.41578359787746,274.6224904749486,272.11929424741834,272.6578369140625,21521800,0.0,0.0
2025-12-29 00:00:00-05:00,271.9497734782625,273.61522314661676,271.6107000753325,273.0168762207031,23715200,0.0,0.0
2025-12-30 00:00:00-05:00,272.0694584675055,273.3360001129787,271.54089836280934,272.3387145996094,22139600,0.0,0.0
2025-12-31 00:00:00-05:00,272.3187639976345,272.9370761103812,271.0123224859311,271.12200927734375,27293600,0.0,0.0
2026-01-02 00:00:00-05:00,271.52092924369913,277.0857683126949,268.2697691424855,270.2743225097656,37838100,0.0,0.0
2026-01-05 00:00:00-05:00,269.9053450243044,270.7729784841199,265.41756056202854,266.5345153808594,45647200,0.0,0.0
2026-01-06 00:00:00-05:00,266.27521573774703,266.82371056256306,261.40845786144683,261.6477966308594,52352100,0.0,0.0
2026-01-07 00:00:00-05:00,262.48552563718374,262.964203143993,259.1047135716701,259.623291015625,48309800,0.0,0.0
2026-01-08 00:00:00-05:00,256.3222864925608,258.58614386359903,255.00587765735156,258.3368225097656,50419300,0.0,0.0
2026-01-09 00:00:00-05:00,258.3767027680543,259.5036402038468,255.52448097015204,258.6659240722656,39997000,0.0,0.0
2026-01-12 00:00:00-05:00,258.4565110528425,260.59068617382866,256.1029014720883,259.5435485839844,45263800,0.0,0.0
2026-01-13 00:00:00-05:00,258.01770778709204,261.0993163539261,257.68861696081353,260.34136962890625,45730800,0.0,0.0
2026-01-14 00:00:00-05:00,258.78557762508564,261.1092696408236,256.0131254420647,259.2543029785156,40019400,0.0,0.0
2026-01-15 00:00:00-05:00,259.9424426175537,260.3313985459844,256.35220896361545,257.5090637207031,39388600,0.0,0.0
2026-01-16 00:00:00-05:00,257.1999111311508,258.1971965798445,254.23797213114116,254.8363494873047,72142800,0.0,0.0
2026-01-20 00:00:00-05:00,252.04394930256512,254.09835490933511,242.75922413209136,246.0303192138672,80267500,0.0,0.0
2026-01-21 00:00:00-05:00,248.02489020045314,250.87712721718017,244.51444112970407,246.9777374267578,54641700,0.0,0.0
2026-01-22 00:00:00-05:00,248.52352576906395,250.31864258405668,247.47637302553753,247.67584228515625,39708300,0.0,0.0
2026-01-23 00:00:00-05:00,246.64863719927277,248.73296007338791,244.0157890837153,247.36666870117188,41689000,0.0,0.0
2026-01-26 00:00:00-05:00,250.7973351598156,255.86354695988197,249.12190294519746,254.7166748046875,55969200,0.0,0.0
2026-01-27 00:00:00-05:00,258.4664593428383,261.23891141767155,257.50904348719195,257.5688781738281,49648300,0.0,0.0
2026-01-28 00:00:00-05:00,256.95060341967536,258.15731035497566,253.8191275531099,255.743896484375,41288000,0.0,0.0
2026-01-29 00:00:00-05:00,257.29964922744847,258.94516415300217,253.7193980705993,257.5788879394531,67253000,0.0,0.0
2026-01-30 00:00:00-05:00,254.47732177254832,261.1890484668085,251.49543285360957,258.775634765625,92443400,0.0,0.0
2026-02-02 00:00:00-05:00,259.3241487899344,269.7557466562268,258.50636737104884,269.2770690917969,73913400,0.0,0.0
2026-02-03 00:00:00-05:00,268.4692659190308,271.1419837262723,266.88355520832346,268.7485046386719,64394700,0.0,0.0
2026-02-04 00:00:00-05:00,271.55083028665655,278.19275421850585,271.55083028665655,275.7394104003906,90545700,0.0,0.0
2026-02-05 00:00:00-05:00,277.37501624935936,278.7412924914769,272.48832346973,275.1610412597656,52977400,0.0,0.0
2026-02-06 00:00:00-05:00,276.3677049075235,280.1474248180158,276.1782182606431,277.364990234375,50453400,0.0,0.0
2026-02-09 00:00:00-05:00,277.41494619870406,277.70443813431814,271.2160169672847,274.13079833984375,44623400,0.26,0.0
2026-02-10 00:00:00-05:00,274.40031021957236,274.87943562430115,272.4537718732244,273.19244384765625,34376900,0.0,0.0
2026-02-11 00:00:00-05:00,274.2106536370846,279.6808719096702,273.9610989943363,275.00921630859375,51931300,0.0,0.0
2026-02-12 00:00:00-05:00,275.09909064411113,275.22886395053104,259.7165366668213,261.2637939453125,81077200,0.0,0.0
2026-02-13 00:00:00-05:00,261.5432690161623,261.7628783299504,254.9949421084194,255.32435607910156,56290700,0.0,0.0
2026-02-17 00:00:00-05:00,257.5903108294174,265.8156532326085,255.08478749757862,263.4099426269531,58469100,0.0,0.0
2026-02-18 00:00:00-05:00,263.13045584681157,266.3447212846438,261.9825104325609,263.8791198730469,34203300,0.0,0.0
2026-02-19 00:00:00-05:00,262.13220471573277,264.00886051677537,259.5867290635135,260.11578369140625,30845300,0.0,0.0
2026-02-20 00:00:00-05:00,258.50868117461044,264.2783836675007,257.7001265171608,264.1086730957031,42070500,0.0,0.0
2026-02-23 00:00:00-05:00,263.0206001676805,268.95002088588865,262.91081074777924,265.705810546875,37308200,0.0,0.0
2026-02-24 00:00:00-05:00,267.38283777638213,274.4003442568012,267.233111068832,271.6552429199219,47014600,0.0,0.0
2026-02-25 00:00:00-05:00,271.29586819299504,274.45024283739696,270.567157599074,273.74151611328125,33714300,0.0,0.0
2026-02-26 00:00:00-05:00,274.4602128097023,275.61811956353745,270.31758130113775,272.4637756347656,32345100,0.0,0.0
2026-02-27 00:00:00-05:00,272.3240124520744,272.3240124520744,262.4217010495403,263.7093811035156,72366500,0.0,0.0
2026-03-02 00:00:00-05:00,261.94253069595567,266.05518620599753,259.73647625260065,264.2484130859375,41827900,0.0,0.0
2026-03-03 00:00:00-05:00,263.0106738027697,265.08695529305965,259.6666350681776,263.2801818847656,38568900,0.0,0.0
2026-03-04 00:00:00-05:00,264.17854815272653,265.67587606267574,260.95432154975975,262.0523376464844,39803100,0.0,0.0
2026-03-05 00:00:00-05:00,260.3254337562426,261.09405110124777,256.79173142961054,259.8263244628906,49658600,0.0,0.0
2026-03-06 00:00:00-05:00,258.16927189629365,258.3090066542827,253.916851068475,257.0013427734375,41120000,0.0,0.0
2026-03-09 00:00:00-04:00,255.2345148744848,260.68477987096253,253.22808575123491,259.41705322265625,38218500,0.0,0.0
2026-03-10 00:00:00-04:00,257.19102845716964,262.01244158439727,256.4922936817907,260.3653564453125,30590800,0.0,0.0
2026-03-11 00:00:00-04:00,260.62486739620806,261.6630231774062,259.08760235948154,260.3453674316406,26218900,0.0,0.0
2026-03-12 00:00:00-04:00,258.1992253881205,258.48871731031414,253.72719511663234,255.30438232421875,40794000,0.0,0.0
2026-03-13 00:00:00-04:00,255.024890934378,255.87336762960538,249.07551643845036,249.6744384765625,36930000,0.0,0.0
2026-03-16 00:00:00-04:00,251.66090222791988,253.43773019062647,249.4348789230203,252.36964416503906,32074200,0.0,0.0
2026-03-17 00:00:00-04:00,252.5093881906664,254.67552076289968,251.7307636559193,253.77711486816406,32361600,0.0,0.0
2026-03-18 00:00:00-04:00,252.1799767808244,254.48585937367065,248.55643828829037,249.49476623535156,35757900,0.0,0.0
2026-03-19 00:00:00-04:00,248.95572868612365,251.38140795985734,246.85947863088072,248.5165252685547,34864100,0.0,0.0
2026-03-20 00:00:00-04:00,247.53824109812177,248.75606899357115,245.56177255944445,247.54823303222656,88331100,0.0,0.0
2026-03-23 00:00:00-04:00,253.51758537106093,254.14646797882926,249.83415620831627,251.04200744628906,40546100,0.0,0.0
2026-03-24 00:00:00-04:00,249.90403139868116,254.37604644028636,249.10545347620703,251.1917266845703,45152300,0.0,0.0
2026-03-25 00:00:00-04:00,253.6473574345128,254.5457480998694,251.15181088451408,252.16998291015625,28476700,0.0,0.0
2026-03-26 00:00:00-04:00,251.67088153367666,256.5421934269488,250.32329549316128,252.43951416015625,41796700,0.0,0.0
2026-03-27 00:00:00-04:00,253.4477020992108,255.03488128462607,247.6281009352486,248.35679626464844,47900000,0.0,0.0
2026-03-30 00:00:00-04:00,249.62453299565456,250.4230956915925,245.07264337813007,246.19065856933594,39446200,0.0,0.0
2026-03-31 00:00:00-04:00,247.46837564153284,255.02488248828539,246.65982101631488,253.337890625,49598100,0.0,0.0
2026-04-01 00:00:00-04:00,253.62737973002484,255.7236296181179,252.8787157917901,255.17462158203125,40059400,0.0,0.0
2026-04-02 00:00:00-04:00,253.74717405681358,255.6737439434535,250.20349485503914,255.464111328125,31289400,0.0,0.0
2026-04-06 00:00:00-04:00,256.053045051996,261.6929736576745,256.003115847535,258.3988342285156,29329900,0.0,0.0
2026-04-07 00:00:00-04:00,255.70368128016966,255.7436185540334,245.2623079794448,253.0484161376953,62148000,0.0,0.0
2026-04-08 00:00:00-04:00,257.98960165960847,259.2872736156141,256.0730086009651,258.43878173828125,41032800,0.0,0.0
2026-04-09 00:00:00-04:00,258.5386040524215,260.65482250105316,255.6138310165902,260.02593994140625,28121600,0.0,0.0
2026-04-10 00:00:00-04:00,259.5168819122501,261.7229364827484,258.5585701252562,260.0159912109375,31291500,0.0,0.0
2026-04-13 00:00:00-04:00,259.2673359057164,259.71651601158027,256.2027973984465,258.73828125,36234700,0.0,0.0
2026-04-14 00:00:00-04:00,258.78816168339415,261.4633801130582,256.73183388682423,258.368896484375,48370700,0.0,0.0
2026-04-15 00:00:00-04:00,257.7001261657452,266.08515659729386,257.35074355126085,265.95538330078125,49913500,0.0,0.0
2026-04-16 00:00:00-04:00,266.3246925362851,266.6840670491935,260.804545264895,262.9307556152344,43323100,0.0,0.0
2026-04-17 00:00:00-04:00,266.4844323486072,271.8149160854778,266.24486962975914,269.7486267089844,61436200,0.0,0.0
2026-04-20 00:00:00-04:00,269.84841238867654,273.7913879220191,269.80850557942483,272.5635681152344,36590200,0.0,0.0
2026-04-21 00:00:00-04:00,271.0163536236942,272.3140256362382,264.9272139873882,265.69586181640625,50209800,0.0,0.0
2026-04-22 00:00:00-04:00,267.3429346055621,273.2523721409737,266.39461467279705,272.68341064453125,43249200,0.0,0.0
2026-04-23 00:00:00-04:00,274.56001085217736,275.2787294551341,271.1660737405759,272.9429016113281,33399600,0.0,0.0
2026-04-24 00:00:00-04:00,272.2741016414235,272.5735550213531,269.16962610782736,270.5771179199219,38157100,0.0,0.0
2026-04-27 00:00:00-04:00,265.6159889280984,267.88193422863776,264.59781690250213,267.1332702636719,41466800,0.0,0.0
2026-04-28 00:00:00-04:00,271.8548539018017,272.7432830913257,268.181416710472,270.2277526855469,40018900,0.0,0.0
2026-04-29 00:00:00-04:00,267.07336249706583,270.55716597281076,266.56429174844374,269.688720703125,30047900,0.0,0.0
2026-04-30 00:00:00-04:00,270.018146234023,275.50834883767226,267.6623648300734,270.86663818359375,91848200,0.0,0.0
2026-05-01 00:00:00-04:00,278.36321169794013,286.7083346607987,277.87409435408995,279.6409606933594,79915400,0.0,0.0
2026-05-04 00:00:00-04:00,279.16182884121525,280.13010214166496,274.3703610857382,276.33685302734375,46668400,0.0,0.0
2026-05-05 00:00:00-04:00,276.43668191704,284.0630869835518,276.00745521106614,283.67376708984375,49311700,0.0,0.0
2026-05-06 00:00:00-04:00,281.4177950537395,287.5168959460148,280.5693031693742,286.9978332519531,58336100,0.0,0.0
2026-05-07 00:00:00-04:00,288.75467457606095,291.60959552514373,285.2709015174152,286.9279479980469,45224300,0.0,0.0
2026-05-08 00:00:00-04:00,289.49338424193445,294.2349225642168,289.48339230776435,292.7974853515625,52692800,0.0,0.0
2026-05-11 00:00:00-04:00,291.72841688276577,293.6267735875138,289.979924827367,292.42779541015625,42247300,0.27,0.0
2026-05-12 00:00:00-04:00,292.3078994315659,295.0155556946294,292.3078994315659,294.54595947265625,45748100,0.0,0.0
2026-05-13 00:00:00-04:00,293.24708951115105,300.6607090744109,293.24708951115105,298.6124572753906,52684300,0.0,0.0
2026-05-14 00:00:00-04:00,299.5616620172475,300.1911240450107,295.12548538387824,297.9530334472656,35324900,0.0,0.0
2026-05-15 00:00:00-04:00,297.643304079477,302.93875555297063,296.26448829773227,299.9713134765625,54862800,0.0,0.0
2026-05-18 00:00:00-04:00,299.98126929450746,300.4009207908792,294.6558756451712,297.5833435058594,34483000,0.0,0.0
2026-05-19 00:00:00-04:00,296.7140952726279,300.2510533099592,296.09463441963413,298.7123718261719,42243600,0.0,0.0
2026-05-20 00:00:00-04:00,297.9230626302997,302.5390768782648,297.82314269813475,301.98956298828125,38229800,0.0,0.0
2026-05-21 00:00:00-04:00,300.80056674721834,305.27671719779084,300.1411318265125,304.7271728515625,42965100,0.0,0.0
2026-05-22 00:00:00-04:00,305.85620846339293,311.13165741506583,305.57645096183757,308.55389404296875,43670200,0.0,0.0
2026-05-26 00:00:00-04:00,309.29325163060713,311.5513139598484,307.4048960873393,308.0643005371094,48000500,0.0,0.0
2026-05-27 00:00:00-04:00,308.0643052358437,312.9900803339556,308.0343323058515,310.5821533203125,50430900,0.0,0.0
2026-05-28 00:00:00-04:00,310.412282475935,312.5304508120942,309.30325358892543,312.24072265625,48220400,0.0,0.0
2026-05-29 00:00:00-04:00,311.5113496628706,314.7285763294451,309.2632884033746,311.7911071777344,70026800,0.0,0.0
2026-06-01 00:00:00-04:00,309.363197507879,310.67206624496237,304.7571540774977,306.0460510253906,48849900,0.0,0.0
2026-06-02 00:00:00-04:00,307.1950545511415,315.1781903378333,306.42572903356995,314.92840576171875,44534700,0.0,0.0
2026-06-03 00:00:00-04:00,313.9092501546009,316.6668815001487,308.5838566628498,309.9926452636719,50836700,0.0,0.0
2026-06-04 00:00:00-04:00,312.96009909963743,313.26982953176514,309.38316692864953,310.9618225097656,44869100,0.0,0.0
2026-06-05 00:00:00-04:00,312.5903972939029,314.8984348439246,306.8853260765596,307.0751647949219,65310500,0.0,0.0
2026-06-08 00:00:00-04:00,308.4739595974908,317.1265012321255,300.9105055796523,301.2801818847656,77949100,0.0,0.0
2026-06-09 00:00:00-04:00,300.0212482417878,300.4908444635933,287.5320194610898,290.29962158203125,70108800,0.0,0.0
2026-06-10 00:00:00-04:00,290.4894628291428,294.4960172141002,287.1323727394638,291.3287353515625,52793300,0.0,0.0
2026-06-11 00:00:00-04:00,293.4668864344149,296.7440586571729,289.3404406054596,295.375244140625,42572500,0.0,0.0
2026-06-12 00:00:00-04:00,295.7749221682621,296.88398158337014,289.3704417369658,290.879150390625,38742100,0.0,0.0
2026-06-15 00:00:00-04:00,293.8665449684006,297.5233947188816,291.4486474146935,296.1645812988281,45732600,0.0,0.0
2026-06-16 00:00:00-04:00,294.99559499590845,300.2210994929347,293.71669913987887,298.9821472167969,39874400,0.0,0.0
2026-06-17 00:00:00-04:00,300.59074812548096,301.8096980081642,294.10632015937927,295.6949768066406,42745100,0.0,0.0
2026-06-18 00:00:00-04:00,297.8530937792582,300.31099586682666,295.3652492546472,297.7532043457031,85962200,0.0,0.0
2026-06-22 00:00:00-04:00,297.05381866220307,302.1594314563154,296.5043047694293,296.75408935546875,44879900,0.0,0.0
2026-06-23 00:00:00-04:00,297.2836155142734,301.3800886038737,293.9264950024863,294.04638671875,52010900,0.0,0.0
2026-06-24 00:00:00-04:00,295.1054570720635,299.4417438827621,292.68755959702736,292.8274230957031,53081900,0.0,0.0
2026-06-25 00:00:00-04:00,287.1523472601469,288.55113481081804,273.5141152813601,274.91290283203125,107013700,0.0,0.0
2026-06-26 00:00:00-04:00,274.7630284991681,285.70360492137456,273.9737007161028,283.53546142578125,261775500,0.0,0.0
2026-06-29 00:00:00-04:00,286.4829438934296,288.12151489662153,279.6088673150861,281.4972229003906,66427000,0.0,0.0
2026-06-30 00:00:00-04:00,280.9277417485351,289.69017405322865,280.45814550695326,289.11065673828125,65100200,0.0,0.0
2026-07-01 00:00:00-04:00,293.1871503157195,296.33442991747245,288.95081360688545,294.1263427734375,50164200,0.0,0.0
2026-07-02 00:00:00-04:00,293.866538367699,309.15337194761725,293.4269150966668,308.3640441894531,75352800,0.0,0.0
2026-07-06 00:00:00-04:00,307.0951430290638,313.9292760509671,306.7354678654279,312.3905944824219,53590000,0.0,0.0
2026-07-07 00:00:00-04:00,315.0183186077797,315.20815732134815,309.88273318392555,310.3923034667969,42490000,0.0,0.0
2026-07-08 00:00:00-04:00,311.6412289475945,314.5487250421545,306.7854009831778,313.1199645996094,41323500,0.0,0.0
2026-07-09 00:00:00-04:00,310.24243869469103,316.2572401947346,307.8944576262147,315.947509765625,48124500,0.0,0.0
2026-07-10 00:00:00-04:00,314.4488202226986,316.6369356310425,311.9010296470402,315.0483093261719,34132300,0.0,0.0
2026-07-13 00:00:00-04:00,316.7468014245228,323.171283634363,315.5078797345754,317.03656005859375,43257800,0.0,0.0
2026-07-14 00:00:00-04:00,313.48965629761443,315.91755515351207,311.64124426456783,314.58868408203125,36336800,0.0,0.0
2026-07-15 00:00:00-04:00,317.34631234952286,328.44675508114506,317.0465830462295,327.2178039550781,60957600,0.0,0.0
2026-07-16 00:00:00-04:00,327.72736328456057,334.3915986652446,326.50841333986017,332.97283935546875,62970600,0.0,0.0
2026-07-17 00:00:00-04:00,331.693929977533,334.7013154010385,328.71648699084636,333.452392578125,63407100,0.0,0.0
2026-07-20 00:00:00-04:00,333.2226134619852,333.4224228207836,323.4010672140761,326.3085632324219,53468000,0.0,0.0
2026-07-21 00:00:00-04:00,322.85156758462244,329.3159936819017,321.94234806189104,327.45758056640625,41338900,0.0,0.0
2026-07-22 00:00:00-04:00,327.58746619388995,328.7164973399543,323.0613709608057,325.60919189453125,38755900,0.0,0.0
2026-07-23 00:00:00-04:00,321.4527900194849,323.0214140443725,319.0748358849152,321.3828430175781,40840800,0.0,0.0
2026-07-24 00:00:00-04:00,321.5127284115298,334.0818750563203,321.3428614810286,332.7330322265625,47489400,0.0,0.0
2026-07-27 00:00:00-04:00,334.2517370375488,339.277401491225,333.73216560461384,336.61968994140625,49604300,0.0,0.0
2026-07-28 00:00:00-04:00,339.73698155301014,342.59453283396704,335.31080637618777,339.78692626953125,51859000,0.0,0.0
2026-07-29 00:00:00-04:00,339.43727163464206,344.2730974331505,337.0593175600121,337.8985900878906,56090800,0.0,0.0
2026-07-30 00:00:00-04:00,332.8129674612056,334.4615395264105,329.30598233808786,333.1426696777344,74817800,0.0,0.0
2026-07-31 00:00:00-04:00,304.54735603914753,310.4222943774597,299.7415030462749,308.6438293457031,132489100,0.0,0.0
2026-08-03 00:00:00-04:00,309.313234694189,311.5313230344714,302.29929450581176,303.1585693359375,75052000,0.0,0.0
2026-08-04 00:00:00-04:00,302.46913991298527,310.1525156602479,301.0603512911937,309.1134033203125,68001000,0.0,0.0
2026-08-05 00:00:00-04:00,309.09342362565195,311.4414048335362,305.40663118634393,310.7320251464844,49438800,0.0,0.0
2026-08-06 00:00:00-04:00,314.06913775686996,316.0174696892129,308.96355554648414,312.14080810546875,46139900,0.0,0.0
2026-08-07 00:00:00-04:00,311.1816431226555,314.53873325457766,310.47223295908327,313.05999755859375,34437200,0.0,0.0
2026-08-10 00:00:00-04:00,306.8299865722656,308.260009765625,304.6099853515625,308.260009765625,44812500,0.27,0.0
2026-08-11 00:00:00-04:00,307.75,309.9700012207031,302.7900085449219,304.9100036621094,37476700,0.0,0.0
2026-08-12 00:00:00-04:00,305.1000061035156,305.6600036621094,300.57000732421875,302.25,41657800,0.0,0.0
2026-08-13 00:00:00-04:00,304.2099914550781,306.0,302.04998779296875,305.260009765625,38492546,0.0,0.0
