Date,Open,High,Low,Close,Volume,Dividends,Stock Splits
2016-08-15 00:00:00-04:00,2.5424422772901543,2.5448660146825763,2.5279003152162614,2.53759503364563,25600,0.0,0.0
2016-08-16 00:00:00-04:00,2.5424411296844482,2.5448648659828454,2.525475437876098,2.5424411296844482,25800,0.0,0.0
2016-08-17 00:00:00-04:00,2.5448657056452544,2.554560422897339,2.537594725491264,2.554560422897339,68100,0.0,0.0
2016-08-18 00:00:00-04:00,2.552137851715088,2.5569853281257915,2.544866868239429,2.552137851715088,24400,0.0,0.0
2016-08-19 00:00:00-04:00,2.5569853281257915,2.5569853281257915,2.544866868239429,2.552137851715088,19600,0.0,0.0
2016-08-22 00:00:00-04:00,2.552136685799245,2.5642551401494234,2.5448657056452544,2.554560422897339,18100,0.0,0.0
2016-08-23 00:00:00-04:00,2.5594090663311437,2.5618325733960985,2.5472906064447813,2.552137851715088,18800,0.0,0.0
2016-08-24 00:00:00-04:00,2.5521373053902607,2.5642557626824782,2.5448663234710693,2.5448663234710693,45300,0.0,0.0
2016-08-25 00:00:00-04:00,2.556984309072929,2.5691027641296387,2.5448658540162192,2.5691027641296387,40300,0.0,0.0
2016-08-26 00:00:00-04:00,2.5594071692806035,2.5812201035396796,2.5594071692806035,2.5763728618621826,55100,0.0,0.0
2016-08-29 00:00:00-04:00,2.581267564093374,2.586160840896264,2.5714807771521886,2.576374053955078,34700,0.1,0.0
2016-08-30 00:00:00-04:00,2.57148033320242,2.5837138731007108,2.5641400692622263,2.5812671184539795,43900,0.0,0.0
2016-08-31 00:00:00-04:00,2.5690353958298293,2.588608980178833,2.5543550909003105,2.588608980178833,45000,0.0,0.0
2016-09-01 00:00:00-04:00,2.569033145904541,2.58126668374258,2.5665863916698677,2.569033145904541,28200,0.0,0.0
2016-09-02 00:00:00-04:00,2.571480864993675,2.5935011946974065,2.5690341098409464,2.5910544395446777,39800,0.0,0.0
2016-09-06 00:00:00-04:00,2.5763737570964778,2.5959473287235153,2.561693695043889,2.566586971282959,67800,0.0,0.0
2016-09-07 00:00:00-04:00,2.571481276548634,2.573928032092956,2.5568009766181534,2.5592477321624756,31600,0.0,0.0
2016-09-08 00:00:00-04:00,2.5616945919915906,2.569034625587913,2.5568010807037354,2.5568010807037354,21600,0.0,0.0
2016-09-09 00:00:00-04:00,2.561692301617521,2.573925835563863,2.556798794704883,2.571479082107544,26300,0.0,0.0
2016-09-12 00:00:00-04:00,2.564139637435195,2.576373175273234,2.5543528538318285,2.569033145904541,26200,0.0,0.0
2016-09-13 00:00:00-04:00,2.549460379742613,2.556800411417557,2.5445668697357178,2.5445668697357178,21100,0.0,0.0
2016-09-14 00:00:00-04:00,2.5445664987591075,2.5812671184539795,2.5396732228010106,2.5812671184539795,32700,0.0,0.0
2016-09-15 00:00:00-04:00,2.5763742194893946,2.583714485168457,2.569034187145753,2.583714485168457,19700,0.0,0.0
2016-09-16 00:00:00-04:00,2.5837138731007108,2.5861603944120763,2.556800038657398,2.5812671184539795,21500,0.0,0.0
2016-09-19 00:00:00-04:00,2.581267549064312,2.593501091003418,2.581267549064312,2.593501091003418,26300,0.0,0.0
2016-09-20 00:00:00-04:00,2.5935008791276757,2.5983941555023193,2.5812673381879874,2.5983941555023193,32500,0.0,0.0
2016-09-21 00:00:00-04:00,2.5983943677778174,2.6008411228327195,2.591054335948516,2.593501091003418,34900,0.0,0.0
2016-09-22 00:00:00-04:00,2.6081808646613904,2.615520895674562,2.6008408336482183,2.60573410987854,31000,0.0,0.0
2016-09-23 00:00:00-04:00,2.6130741944343625,2.617967470328002,2.5983939000827183,2.615520715713501,29700,0.0,0.0
2016-09-26 00:00:00-04:00,2.6106276194442404,2.615520895674562,2.5935008026350466,2.60573410987854,31800,0.0,0.0
2016-09-27 00:00:00-04:00,2.605735044314732,2.6228621006011963,2.6032885219899193,2.6228621006011963,61600,0.0,0.0
2016-09-28 00:00:00-04:00,2.630269849140556,2.630269849140556,2.61298176525886,2.6179213523864746,30500,0.1,0.0
2016-09-29 00:00:00-04:00,2.6302703093170794,2.6302703093170794,2.610512428414854,2.620391368865967,6800,0.0,0.0
2016-09-30 00:00:00-04:00,2.615453135532924,2.6302714347839355,2.610513545427507,2.6302714347839355,15400,0.0,0.0
2016-10-03 00:00:00-04:00,2.625331231064232,2.625331231064232,2.6105127010735605,2.615452289581299,21300,0.0,0.0
2016-10-04 00:00:00-04:00,2.6080428699514653,2.6302703093170794,2.600633487963741,2.620391368865967,52700,0.0,0.0
2016-10-05 00:00:00-04:00,2.6277997493743896,2.630269306896607,2.6228601632650967,2.6277997493743896,8700,0.0,0.0
2016-10-06 00:00:00-04:00,2.6179229305856326,2.6302714347839355,2.610513545427507,2.6302714347839355,24900,0.0,0.0
2016-10-07 00:00:00-04:00,2.6302699618165044,2.6302699618165044,2.5932239989023236,2.600633144378662,37500,0.0,0.0
2016-10-11 00:00:00-04:00,2.622861814456235,2.630270962752085,2.5956947803497314,2.5956947803497314,29700,0.0,0.0
2016-10-12 00:00:00-04:00,2.608041524887085,2.610511082076831,2.600632146720654,2.608041524887085,13800,0.0,0.0
2016-10-13 00:00:00-04:00,2.6080438023928716,2.6302712497053586,2.600634417756106,2.6228621006011963,18700,0.0,0.0
2016-10-14 00:00:00-04:00,2.6302703093170794,2.6302703093170794,2.61545201640667,2.620391368865967,21700,0.0,0.0
2016-10-17 00:00:00-04:00,2.620390017433008,2.630268952789185,2.593223004086621,2.608041524887085,70600,0.0,0.0
2016-10-18 00:00:00-04:00,2.617921778622531,2.6302702773871287,2.6105123967247525,2.625330924987793,20700,0.0,0.0
2016-10-19 00:00:00-04:00,2.630269849140556,2.6352094362681706,2.6105119716950522,2.6179213523864746,55800,0.0,0.0
2016-10-20 00:00:00-04:00,2.6253317560820477,2.6426198482513428,2.617922607371291,2.6426198482513428,12400,0.0,0.0
2016-10-21 00:00:00-04:00,2.6426198482513428,2.6426198482513428,2.62780155082983,2.6426198482513428,20200,0.0,0.0
2016-10-24 00:00:00-04:00,2.6426175104576446,2.6426175104576446,2.622859641019382,2.6352083683013916,54100,0.0,0.0
2016-10-25 00:00:00-04:00,2.6352113066680727,2.6574389934539795,2.6352113066680727,2.6574389934539795,42300,0.0,0.0
2016-10-26 00:00:00-04:00,2.6524987054698466,2.654968500137329,2.642619762332499,2.654968500137329,53800,0.0,0.0
2016-10-27 00:00:00-04:00,2.6724190825289966,2.6724190825289966,2.6499826908111572,2.6499826908111572,27900,0.1,0.0
2016-10-28 00:00:00-04:00,2.6474898668820157,2.6549685853289335,2.6425041338321282,2.6449968814849854,24100,0.0,0.0
2016-10-31 00:00:00-04:00,2.649982775714655,2.659954479270496,2.6350251015088095,2.6400110721588135,26500,0.0,0.0
2016-11-01 00:00:00-04:00,2.6375175303866465,2.6524752014368147,2.635024545587599,2.642503499984741,20100,0.0,0.0
2016-11-02 00:00:00-04:00,2.644996735800249,2.6474897210599675,2.620067596435547,2.620067596435547,40800,0.0,0.0
2016-11-03 00:00:00-04:00,2.6225602626800537,2.637517696930581,2.6200672777235887,2.6225602626800537,47700,0.0,0.0
2016-11-04 00:00:00-04:00,2.6200675267714377,2.6225605119648705,2.597631135518847,2.6001241207122803,48400,0.0,0.0
2016-11-07 00:00:00-05:00,2.6175740523573516,2.640010439416615,2.612588082902356,2.6300387382507324,29800,0.0,0.0
2016-11-08 00:00:00-05:00,2.632530039436537,2.632530039436537,2.567713904437117,2.5926430225372314,83300,0.0,0.0
2016-11-09 00:00:00-05:00,2.557743923299521,2.6275458335876465,2.552757953692597,2.6275458335876465,68100,0.0,0.0
2016-11-10 00:00:00-05:00,2.6225600970805942,2.6524752014368147,2.6225600970805942,2.642503499984741,36000,0.0,0.0
2016-11-11 00:00:00-05:00,2.6474900245666504,2.649983010112163,2.622560882344086,2.6474900245666504,33700,0.0,0.0
2016-11-14 00:00:00-05:00,2.657460611468706,2.657460611468706,2.6449959267270753,2.652474880218506,15700,0.0,0.0
2016-11-15 00:00:00-05:00,2.659954943622119,2.662447929382324,2.647490252565299,2.662447929382324,25600,0.0,0.0
2016-11-16 00:00:00-05:00,2.664940038290423,2.6724189937774305,2.6549683353852296,2.667433023452759,39800,0.0,0.0
2016-11-17 00:00:00-05:00,2.6674323900821326,2.677404090619587,2.6574606895446777,2.6574606895446777,46600,0.0,0.0
2016-11-18 00:00:00-05:00,2.667433023452759,2.6724189937774305,2.6524755879670443,2.667433023452759,32000,0.0,0.0
2016-11-21 00:00:00-05:00,2.672418751830932,2.6774044839600717,2.6574610799552545,2.6749114990234375,37500,0.0,0.0
2016-11-22 00:00:00-05:00,2.674910624220537,2.6923612753257875,2.6724178778432597,2.68737530708313,62300,0.0,0.0
2016-11-23 00:00:00-05:00,2.689870345503173,2.7048280239105225,2.68737735947791,2.7048280239105225,45400,0.0,0.0
2016-11-24 00:00:00-05:00,2.7098124027252197,2.714798372281685,2.6998407013564028,2.7098124027252197,29000,0.0,0.0
2016-11-25 00:00:00-05:00,2.7123053073883057,2.71729103905339,2.694854889944349,2.7123053073883057,53400,0.0,0.0
2016-11-28 00:00:00-05:00,2.72236901747571,2.72236901747571,2.66701602935791,2.66701602935791,44700,0.1,0.0
2016-11-29 00:00:00-05:00,2.667016664692233,2.6846289614753465,2.649404127959572,2.6544363498687744,51300,0.0,0.0
2016-11-30 00:00:00-05:00,2.6770806312363877,2.6921768157266146,2.664500317528181,2.669532299041748,29800,0.0,0.0
2016-12-01 00:00:00-05:00,2.6871450735477267,2.689660944553827,2.6569524619285954,2.6770808696746826,42800,0.0,0.0
2016-12-02 00:00:00-05:00,2.6846280919967276,2.6896600723266597,2.66701580091776,2.68966007232666,26700,0.0,0.0
2016-12-05 00:00:00-05:00,2.6896613447289446,2.692177456058946,2.6745651566481006,2.6795971393585205,20300,0.0,0.0
2016-12-06 00:00:00-05:00,2.702240467071533,2.702240467071533,2.682112065227198,2.702240467071533,47500,0.0,0.0
2016-12-07 00:00:00-05:00,2.7022399164240687,2.7173363347057946,2.69469182725792,2.71230411529541,34700,0.0,0.0
2016-12-08 00:00:00-05:00,2.7072733254979306,2.724885621274833,2.6921769005823477,2.719853639602661,50800,0.0,0.0
2016-12-09 00:00:00-05:00,2.7248837235607977,2.734947919845581,2.707271440049768,2.734947919845581,41300,0.0,0.0
2016-12-12 00:00:00-05:00,2.7374668938905655,2.782755944545527,2.727402687072754,2.727402687072754,55200,0.0,0.0
2016-12-13 00:00:00-05:00,2.739981489074077,2.757593781269898,2.729917287826538,2.729917287826538,46800,0.0,0.0
2016-12-14 00:00:00-05:00,2.7500443342474394,2.7525602033566106,2.7324318107870433,2.734947919845581,58300,0.0,0.0
2016-12-15 00:00:00-05:00,2.745013165611712,2.7626254558563232,2.7424970555912083,2.7626254558563232,35700,0.0,0.0
2016-12-16 00:00:00-05:00,2.7550782351127863,2.765142438421116,2.7424979209899902,2.7424979209899902,17700,0.0,0.0
2016-12-19 00:00:00-05:00,2.75004538565272,2.770173785917835,2.7475292756322163,2.7626254558563232,41600,0.0,0.0
2016-12-20 00:00:00-05:00,2.767657995223999,2.777722196517743,2.7651418849131915,2.767657995223999,20700,0.0,0.0
2016-12-21 00:00:00-05:00,2.7676580717349295,2.7676580717349295,2.7550777597825995,2.757593870162964,24100,0.0,0.0
2016-12-22 00:00:00-05:00,2.7601099042410624,2.7701741055348066,2.757593793930255,2.767657995223999,34700,0.0,0.0
2016-12-23 00:00:00-05:00,2.7752056893374757,2.7752056893374757,2.765141489482967,2.7726898193359375,36500,0.0,0.0
2016-12-28 00:00:00-05:00,2.7803079818231664,2.7904643485035105,2.7701516151428227,2.7701516151428223,15700,0.1,0.0
2016-12-29 00:00:00-05:00,2.7676138325610005,2.7803093577308586,2.742223024368286,2.742223024368286,54100,0.0,0.0
2016-12-30 00:00:00-05:00,2.7447611875922204,2.7498392505399276,2.7269873619079585,2.726987361907959,41600,0.0,0.0
2017-01-03 00:00:00-05:00,2.7295249262770227,2.7879239480041265,2.7295249262770227,2.754915952682495,23100,0.0,0.0
2017-01-04 00:00:00-05:00,2.7574549835939477,2.7955415248870845,2.7574549835939477,2.795541524887085,29900,0.0,0.0
2017-01-05 00:00:00-05:00,2.8006193254535625,2.8056976273472083,2.787923812866211,2.787923812866211,38900,0.0,0.0
2017-01-06 00:00:00-05:00,2.795541809323222,2.831088960904134,2.7879243550014756,2.8107762336730957,21200,0.0,0.0
2017-01-09 00:00:00-05:00,2.805699098853331,2.805699098853331,2.793003579607555,2.8006207942962646,13500,0.0,0.0
2017-01-10 00:00:00-05:00,2.8031580849193096,2.8183927463258547,2.7980800258816134,2.8158535957336426,28300,0.0,0.0
2017-01-11 00:00:00-05:00,2.818395175762507,2.8387079137161844,2.818395175762507,2.833629608154297,31800,0.0,0.0
2017-01-12 00:00:00-05:00,2.8285505495158776,2.833628611144116,2.810776728449913,2.818394184112549,47400,0.0,0.0
2017-01-13 00:00:00-05:00,2.8158554658205737,2.8158554658205737,2.793003579607555,2.8006207942962646,54400,0.0,0.0
2017-01-16 00:00:00-05:00,2.820933728178905,2.820933728178905,2.7828474098889036,2.785386562347412,33400,0.0,0.0
2017-01-17 00:00:00-05:00,2.7930028149924913,2.7930028149924913,2.7828464508056645,2.782846450805664,46600,0.0,0.0
2017-01-18 00:00:00-05:00,2.780306141281099,2.803158011720825,2.780306141281099,2.793001651763916,29900,0.0,0.0
2017-01-19 00:00:00-05:00,2.798080416653502,2.798080416653502,2.787923812866211,2.787923812866211,23200,0.0,0.0
2017-01-20 00:00:00-05:00,2.787924071340387,2.8031587362869983,2.787924071340387,2.795541524887085,32400,0.0,0.0
2017-01-23 00:00:00-05:00,2.805698682410965,2.8234722614288326,2.8031595305093115,2.823472261428833,33600,0.0,0.0
2017-01-24 00:00:00-05:00,2.8209345564548074,2.8310909271240234,2.8158564921936877,2.8310909271240234,31800,0.0,0.0
2017-01-25 00:00:00-05:00,2.8310897672775677,2.843785285949707,2.8285508572606424,2.843785285949707,49100,0.0,0.0
2017-01-26 00:00:00-05:00,2.848863152949324,2.8590195178985596,2.8437848494012856,2.8590195178985596,37400,0.0,0.0
2017-01-27 00:00:00-05:00,2.7796019083529555,2.789849278527302,2.7616688273104164,2.7770400047302246,366900,0.1,0.0
2017-01-30 00:00:00-05:00,2.78216370592037,2.78216370592037,2.743736126936034,2.753983497619629,104700,0.0,0.0
2017-01-31 00:00:00-05:00,2.7539842152567475,2.759108024092009,2.7258039996127663,2.728365659713745,88900,0.0,0.0
2017-02-01 00:00:00-05:00,2.738611644807109,2.7565447223232136,2.7334880828857426,2.733488082885742,58900,0.0,0.0
2017-02-02 00:00:00-05:00,2.741174407720925,2.753983683016883,2.736050844192505,2.736050844192505,68700,0.0,0.0
2017-02-03 00:00:00-05:00,2.7539834976196294,2.7539834976196294,2.7360506600024843,2.753983497619629,34000,0.0,0.0
2017-02-06 00:00:00-05:00,2.7591081187595163,2.7591081187595163,2.7514224052429204,2.75142240524292,61000,0.0,0.0
2017-02-07 00:00:00-05:00,2.753984309748452,2.753984309748452,2.746298840548517,2.75142240524292,71800,0.0,0.0
2017-02-08 00:00:00-05:00,2.7488608834015302,2.7488608834015302,2.7411754131317143,2.741175413131714,104000,0.0,0.0
2017-02-09 00:00:00-05:00,2.74373741540552,2.7462993203586463,2.738613605499267,2.7386136054992676,98100,0.0,0.0
2017-02-10 00:00:00-05:00,2.7309276578319857,2.753984309748452,2.7283657533264534,2.75142240524292,210800,0.0,0.0
2017-02-13 00:00:00-05:00,2.761670203979116,2.7667940137787523,2.7539847335963596,2.759108543395996,88500,0.0,0.0
2017-02-14 00:00:00-05:00,2.766793540115264,2.771917104721069,2.7565461665869972,2.7719171047210693,100700,0.0,0.0
2017-02-15 00:00:00-05:00,2.779602818104762,2.7975356607000643,2.7693554445764947,2.7719171047210693,127200,0.0,0.0
2017-02-16 00:00:00-05:00,2.7796019083529555,2.782163567659109,2.7591071680042623,2.7770400047302246,84100,0.0,0.0
2017-02-17 00:00:00-05:00,2.7821629466782554,2.7821629466782554,2.7616682109040025,2.774477481842041,73700,0.0,0.0
2017-02-21 00:00:00-05:00,2.78216490593285,2.800097995601543,2.7770413405394336,2.792412281036377,118900,0.0,0.0
2017-02-22 00:00:00-05:00,2.7975355161605306,2.7975355161605306,2.782164334503981,2.794973611831665,90200,0.0,0.0
2017-02-23 00:00:00-05:00,2.7924112768766185,2.8000969886779785,2.7872877133256515,2.8000969886779785,79500,0.0,0.0
2017-02-24 00:00:00-05:00,2.8104384785115886,2.8104384785115886,2.771656077028807,2.7794125080108643,77800,0.1,0.0
2017-02-27 00:00:00-05:00,2.7845847606658936,2.7923411948074914,2.7845847606658936,2.7845847606658936,40000,0.0,0.0
2017-02-28 00:00:00-05:00,2.7923413678373796,2.7975122420613308,2.7690718173980713,2.7690718173980713,57400,0.0,0.0
2017-03-01 00:00:00-05:00,2.7949277471299534,2.797513061713103,2.7768290656118095,2.792342185974121,54900,0.0,0.0
2017-03-02 00:00:00-05:00,2.7975110023772847,2.7975110023772847,2.7897545711922236,2.7949256896972656,35900,0.0,0.0
2017-03-03 00:00:00-05:00,2.7923401707443367,2.805267720621013,2.784583739447333,2.8026821613311768,59000,0.0,0.0
2017-03-06 00:00:00-05:00,2.810438262795346,2.810438262795346,2.800096273422241,2.800096273422241,54600,0.0,0.0
2017-03-07 00:00:00-05:00,2.8052676801348477,2.8130241113199093,2.7923401304447446,2.7949256896972656,50600,0.0,0.0
2017-03-08 00:00:00-05:00,2.781999200427829,2.794926755045556,2.7794136401897642,2.7845847606658936,34000,0.0,0.0
2017-03-09 00:00:00-05:00,2.78717041015625,2.7949270918050426,2.78717041015625,2.78717041015625,9700,0.0,0.0
2017-03-10 00:00:00-05:00,2.7975115575466556,2.810439109802246,2.7949262443535776,2.810439109802246,25800,0.0,0.0
2017-03-13 00:00:00-04:00,2.8078541155570065,2.815610796416138,2.8000976812704748,2.8130252361297607,55500,0.0,0.0
2017-03-14 00:00:00-04:00,2.8000964540965008,2.8104384441369152,2.7949255823625396,2.805267572402954,38100,0.0,0.0
2017-03-15 00:00:00-04:00,2.8026820132497274,2.8104384441369152,2.7949255823625396,2.805267572402954,46200,0.0,0.0
2017-03-16 00:00:00-04:00,2.815610796416138,2.8207816704162925,2.8052688018432295,2.8130252361297607,71000,0.0,0.0
2017-03-17 00:00:00-04:00,2.8207814693450928,2.823367029447166,2.8052686018778195,2.8207814693450928,47900,0.0,0.0
2017-03-20 00:00:00-04:00,2.8181955425265803,2.8259522218234654,2.810439109802246,2.810439109802246,62500,0.0,0.0
2017-03-21 00:00:00-04:00,2.8207810832325393,2.823366642980697,2.78975510597229,2.78975510597229,93100,0.0,0.0
2017-03-22 00:00:00-04:00,2.7897556866975664,2.815610796416138,2.7768281318382804,2.8130252361297607,108100,0.0,0.0
2017-03-23 00:00:00-04:00,2.8181967479400654,2.831124305725097,2.8181967479400654,2.8311243057250977,85500,0.0,0.0
2017-03-24 00:00:00-04:00,2.833709866596635,2.833709866596635,2.8259534305546783,2.8311243057250977,58200,0.0,0.0
2017-03-27 00:00:00-04:00,2.823365885700145,2.8311223162916472,2.8130238960539806,2.8156094551086426,99900,0.0,0.0
2017-03-28 00:00:00-04:00,2.8207823088116033,2.8362954274681726,2.8207823088116033,2.8311243057250977,94000,0.0,0.0
2017-03-29 00:00:00-04:00,2.8389516629259974,2.8519983654205086,2.828514350699419,2.8467795848846436,43500,0.1,0.0
2017-03-30 00:00:00-04:00,2.859827418414791,2.862436809714714,2.8389527857059074,2.857218027114868,73900,0.0,0.0
2017-03-31 00:00:00-04:00,2.857216459664652,2.86243523940151,2.8467791490360503,2.859825849533081,58100,0.0,0.0
2017-04-03 00:00:00-04:00,2.8598249296389913,2.8598249296389913,2.8441688443094835,2.8546061515808105,54300,0.0,0.0
2017-04-04 00:00:00-04:00,2.8546068915430505,2.8546068915430505,2.8441695815661965,2.849388360977173,40400,0.0,0.0
2017-04-05 00:00:00-04:00,2.8572168971112215,2.862435677647087,2.846779584884643,2.8467795848846436,48200,0.0,0.0
2017-04-06 00:00:00-04:00,2.8493887980121606,2.8546073293784486,2.8363420963287354,2.8363420963287354,33900,0.0,0.0
2017-04-07 00:00:00-04:00,2.8415621770058306,2.8572180271148677,2.8363433944059846,2.857218027114868,31200,0.0,0.0
2017-04-10 00:00:00-04:00,2.8546075068432892,2.8572168971112215,2.844170194616711,2.8467795848846436,55500,0.0,0.0
2017-04-11 00:00:00-04:00,2.8467789712716844,2.851997750682661,2.8441695815661965,2.849388360977173,23900,0.0,0.0
2017-04-12 00:00:00-04:00,2.8519970113967545,2.8546061515808105,2.849387622367664,2.8546061515808105,14500,0.0,0.0
2017-04-13 00:00:00-04:00,2.8546068915430505,2.8572162812485384,2.849388360977173,2.849388360977173,29200,0.0,0.0
2017-04-17 00:00:00-04:00,2.854607170998534,2.8650444819971623,2.85199802988272,2.8624353408813477,61300,0.0,0.0
2017-04-18 00:00:00-04:00,2.857216459664652,2.8598258495330806,2.8519979287729083,2.859825849533081,17700,0.0,0.0
2017-04-19 00:00:00-04:00,2.8650444819971623,2.8650444819971623,2.85982595092041,2.8624353408813477,38700,0.0,0.0
2017-04-20 00:00:00-04:00,2.865044082058458,2.875481640445204,2.86243494130686,2.870262861251831,35200,0.0,0.0
2017-04-21 00:00:00-04:00,2.875481640445204,2.875481640445204,2.865044082058458,2.870262861251831,35400,0.0,0.0
2017-04-24 00:00:00-04:00,2.8780898157173738,2.8937458992004395,2.8754806758410334,2.8937458992004395,64000,0.0,0.0
2017-04-25 00:00:00-04:00,2.8911367940857615,2.9067928791046143,2.8911367940857615,2.9067928791046143,63400,0.0,0.0
2017-04-26 00:00:00-04:00,2.9094268575002884,2.92785753520373,2.8778313023947515,2.8804640769958496,77000,0.1,0.0
2017-04-27 00:00:00-04:00,2.89362921317622,2.89362921317622,2.872565507888794,2.872565507888794,56000,0.0,0.0
2017-04-28 00:00:00-04:00,2.8751977017195953,2.885729551315308,2.8725646765458923,2.8857295513153076,31200,0.0,0.0
2017-05-01 00:00:00-04:00,2.8830983638763428,2.8830983638763428,2.875199534419489,2.8830983638763428,29300,0.0,0.0
2017-05-02 00:00:00-04:00,2.8830971026960985,2.885730128396348,2.872565250994253,2.8804640769958496,31600,0.0,0.0
2017-05-03 00:00:00-04:00,2.8857299104270115,2.8988947868347172,2.875198059520674,2.898894786834717,37700,0.0,0.0
2017-05-04 00:00:00-04:00,2.8962607383728027,2.9067925855592875,2.8804628420435536,2.8962607383728027,36100,0.0,0.0
2017-05-05 00:00:00-04:00,2.909426212310791,2.909426212310791,2.898894362944471,2.909426212310791,47800,0.0,0.0
2017-05-08 00:00:00-04:00,2.904159898924536,2.9067929238023047,2.8909950256347656,2.8909950256347656,26200,0.0,0.0
2017-05-09 00:00:00-04:00,2.896261861270322,2.901527912454765,2.8804639588161347,2.8936288356781006,28800,0.0,0.0
2017-05-10 00:00:00-04:00,2.888363035592799,2.896261861270322,2.8830969844083563,2.8936288356781006,31800,0.0,0.0
2017-05-11 00:00:00-04:00,2.8936277138014206,2.901526787515567,2.885728891186318,2.8962607383728027,56500,0.0,0.0
2017-05-12 00:00:00-04:00,2.8962617613333497,2.8988947868347172,2.888362935928379,2.898894786834717,29000,0.0,0.0
2017-05-15 00:00:00-04:00,2.9067942408993095,2.909427266970128,2.8883635606019524,2.904161214828491,26800,0.0,0.0
2017-05-16 00:00:00-04:00,2.9067925855592875,2.912058634702052,2.8962607383728027,2.8962607383728027,33600,0.0,0.0
2017-05-17 00:00:00-04:00,2.885730645963287,2.890996447209076,2.8646669387817383,2.8646669387817383,175700,0.0,0.0
2017-05-18 00:00:00-04:00,2.8699336051940914,2.8830984889260276,2.8646678023608803,2.869933605194092,61600,0.0,0.0
2017-05-19 00:00:00-04:00,2.88836341240395,2.9067940917556543,2.872565507888794,2.872565507888794,31800,0.0,0.0
2017-05-23 00:00:00-04:00,2.898894362944471,2.912059237427145,2.896261337828117,2.909426212310791,49500,0.0,0.0
2017-05-24 00:00:00-04:00,2.9067928348901453,2.922590732574463,2.9015270363947496,2.922590732574463,40000,0.0,0.0
2017-05-25 00:00:00-04:00,2.9199579991057085,2.9331228733062744,2.9146919489858463,2.9331228733062744,82900,0.0,0.0
2017-05-26 00:00:00-04:00,2.9146919489858463,2.9331228733062744,2.9146919489858463,2.9331228733062744,57700,0.0,0.0
2017-05-29 00:00:00-04:00,2.9357798099517827,2.941093306721114,2.922495687968126,2.9357798099517822,37200,0.1,0.0
2017-05-30 00:00:00-04:00,2.9384367914924865,2.959691286087036,2.9278095441952114,2.959691286087036,37900,0.0,0.0
2017-05-31 00:00:00-04:00,2.9384372024732164,2.9384372024732164,2.9224962026109558,2.927809953689575,35900,0.0,0.0
2017-06-01 00:00:00-04:00,2.922496120319096,2.92780987124809,2.9038984988147956,2.9145257472991943,68100,0.0,0.0
2017-06-02 00:00:00-04:00,2.9145244928817635,2.927808611113147,2.911867618560791,2.911867618560791,45000,0.0,0.0
2017-06-05 00:00:00-04:00,2.91983910017896,2.91983910017896,2.8985846042633057,2.8985846042633057,52000,0.0,0.0
2017-06-06 00:00:00-04:00,2.9065540828923004,2.9118678319236033,2.901240587234497,2.901240587234497,33200,0.0,0.0
2017-06-07 00:00:00-04:00,2.9065540828923004,2.9118678319236033,2.8985837127188456,2.901240587234497,33000,0.0,0.0
2017-06-08 00:00:00-04:00,2.9092124527804892,2.9092124527804892,2.89592832674752,2.9038989543914795,45700,0.0,0.0
2017-06-09 00:00:00-04:00,2.8985860512566313,2.917183681123494,2.8959291745974496,2.9092133045196533,37000,0.0,0.0
2017-06-12 00:00:00-04:00,2.906556427860472,2.9145270578380167,2.906556427860472,2.9092133045196533,39200,0.0,0.0
2017-06-13 00:00:00-04:00,2.914525231950827,2.922495603561402,2.9118683569561203,2.9224956035614014,28000,0.0,0.0
2017-06-14 00:00:00-04:00,2.9224948624712015,2.9224948624712015,2.911867618560791,2.911867618560791,21900,0.0,0.0
2017-06-15 00:00:00-04:00,2.9038984988147956,2.922496120319096,2.9038984988147956,2.9145257472991943,47000,0.0,0.0
2017-06-16 00:00:00-04:00,2.92249675400554,2.9490650076641396,2.919839877964951,2.930467128753662,44700,0.0,0.0
2017-06-19 00:00:00-04:00,2.9410929153513266,2.949063539505005,2.93577941928906,2.949063539505005,31800,0.0,0.0
2017-06-20 00:00:00-04:00,2.951721231979359,2.954378107661387,2.9410939826248566,2.9437508583068848,26500,0.0,0.0
2017-06-21 00:00:00-04:00,2.9437523039896636,2.9596933125368845,2.9437523039896636,2.9543795585632324,29600,0.0,0.0
2017-06-22 00:00:00-04:00,2.949064413095663,2.9756324080241754,2.949064413095663,2.9650051593780518,69500,0.0,0.0
2017-06-23 00:00:00-04:00,2.9729749390143154,2.9729749390143154,2.9570341959142303,2.97031831741333,21600,0.0,0.0
2017-06-26 00:00:00-04:00,2.9623475928150613,2.9809454636374517,2.9623475928150613,2.9756317138671875,47500,0.0,0.0
2017-06-27 00:00:00-04:00,2.975632013778358,2.9782888889312744,2.965004766540254,2.9782888889312744,31400,0.0,0.0
2017-06-28 00:00:00-04:00,2.9836499941998076,2.989011316719722,2.97292709350586,2.9729270935058594,26000,0.1,0.0
2017-06-29 00:00:00-04:00,2.9809699668325984,2.9836507566046304,2.948801256530765,2.954162836074829,38500,0.0,0.0
2017-06-30 00:00:00-04:00,2.9568442368882923,2.9890129566192623,2.9568442368882923,2.9890129566192627,37400,0.0,0.0
2017-07-04 00:00:00-04:00,2.9836501561577045,3.005095958709717,2.9836501561577045,3.005095958709717,28200,0.0,0.0
2017-07-05 00:00:00-04:00,2.9970541535947137,3.0024154769547042,2.9756083488464355,2.9756083488464355,43400,0.0,0.0
2017-07-06 00:00:00-04:00,2.980970178554701,2.989012292787801,2.9648859500885005,2.964885950088501,24800,0.0,0.0
2017-07-07 00:00:00-04:00,2.975607907805301,2.975607907805301,2.9595234288010355,2.9622042179107666,8200,0.0,0.0
2017-07-10 00:00:00-04:00,2.975609099141012,2.9943741191137825,2.9514824988021795,2.967566728591919,30900,0.0,0.0
2017-07-11 00:00:00-04:00,2.9702467698322867,2.9890117850734907,2.9702467698322867,2.9756083488464355,24900,0.0,0.0
2017-07-12 00:00:00-04:00,2.986331018406938,2.9916923413489607,2.9782886505126958,2.9782886505126953,16200,0.0,0.0
2017-07-13 00:00:00-04:00,2.9863312354310105,2.999734671587198,2.9809696564452097,2.9836504459381104,32800,0.0,0.0
2017-07-14 00:00:00-04:00,2.994374268815901,2.9997355937957764,2.9916934784988456,2.9997355937957764,14600,0.0,0.0
2017-07-17 00:00:00-04:00,2.9997341671260824,3.0024149561681583,2.986330733223932,2.994372844696045,26200,0.0,0.0
2017-07-18 00:00:00-04:00,2.9916937661726624,2.9916937661726624,2.978290068952754,2.980970859527588,61800,0.0,0.0
2017-07-19 00:00:00-04:00,2.994374268815901,2.9997355937957764,2.9863321535189704,2.9997355937957764,31200,0.0,0.0
2017-07-20 00:00:00-04:00,3.002415169477182,3.0077767479422515,2.9943730574337106,3.005095958709717,33100,0.0,0.0
2017-07-21 00:00:00-04:00,2.999734840075351,3.0131385326385502,2.997054306086049,3.01313853263855,53200,0.0,0.0
2017-07-24 00:00:00-04:00,3.0131382093147567,3.04262638092041,3.0131382093147567,3.04262638092041,132300,0.0,0.0
2017-07-25 00:00:00-04:00,3.0345837963304607,3.042626163824063,3.0345837963304607,3.037264585494995,32500,0.0,0.0
2017-07-26 00:00:00-04:00,3.0453073978424072,3.0453073978424072,3.0345844943718214,3.0453073978424072,34400,0.0,0.0
2017-07-27 00:00:00-04:00,3.056124789642369,3.0723518562031433,3.042602062225342,3.042602062225342,27900,0.1,0.0
2017-07-28 00:00:00-04:00,3.0480124274003835,3.0480124274003835,3.0128534257779456,3.0155577659606934,58300,0.0,0.0
2017-07-31 00:00:00-04:00,3.004740021673787,3.0209673545010354,3.002035681139833,3.0074446201324463,94800,0.0,0.0
2017-08-01 00:00:00-04:00,3.0128525571214286,3.026375027910425,3.0020344257354736,3.0020344257354736,70900,0.0,0.0
2017-08-02 00:00:00-04:00,3.0128534257779456,3.020966962175532,3.0128534257779456,3.0155577659606934,46600,0.0,0.0
2017-08-03 00:00:00-04:00,3.0155577659606934,3.029080498573119,3.0155577659606934,3.0155577659606934,36100,0.0,0.0
2017-08-04 00:00:00-04:00,3.02366993440641,3.0317834664412184,3.0182607411001823,3.020965337753296,34900,0.0,0.0
2017-08-08 00:00:00-04:00,3.029080498573119,3.037194034970706,3.0155577659606934,3.0155577659606934,54700,0.0,0.0
2017-08-09 00:00:00-04:00,3.018262385617019,3.020966983743748,2.993921518325805,2.9939215183258057,102800,0.0,0.0
2017-08-10 00:00:00-04:00,2.891148589921605,2.9046713201941285,2.8668079849406154,2.893853187561035,696200,0.0,0.0
2017-08-11 00:00:00-04:00,2.8911491742482442,2.9046719072538307,2.880331039428711,2.880331039428711,177500,0.0,0.0
2017-08-14 00:00:00-04:00,2.8965588462961915,2.9127861801527004,2.8938542476659865,2.904672384262085,234500,0.0,0.0
2017-08-15 00:00:00-04:00,2.9046716913826245,2.91819442338322,2.9046716913826245,2.907376289367676,112300,0.0,0.0
2017-08-16 00:00:00-04:00,2.910081170260928,2.920899305328175,2.907376572012945,2.912785768508911,138100,0.0,0.0
2017-08-17 00:00:00-04:00,2.91278686666403,2.9317185456880077,2.91278686666403,2.92630934715271,64300,0.0,0.0
2017-08-18 00:00:00-04:00,2.926307874680572,2.934421668400785,2.9154897409782734,2.9236035346984863,100800,0.0,0.0
2017-08-21 00:00:00-04:00,2.9208972527020878,2.9208972527020878,2.8938518050774973,2.899260997772217,107400,0.0,0.0
2017-08-22 00:00:00-04:00,2.90196735346529,2.915490086677762,2.90196735346529,2.910081148147583,102600,0.0,0.0
2017-08-23 00:00:00-04:00,2.9073769828922904,2.9127861801527004,2.8938542476659865,2.904672384262085,95200,0.0,0.0
2017-08-24 00:00:00-04:00,2.907377093767957,2.907377093767957,2.8884454184839865,2.8911497592926025,134000,0.0,0.0
2017-08-25 00:00:00-04:00,2.899262753337182,2.9073762893676753,2.8884446193216378,2.907376289367676,102800,0.0,0.0
2017-08-28 00:00:00-04:00,2.901965336195073,2.9046699325424328,2.8911472087301373,2.899260997772217,82700,0.0,0.0
2017-08-29 00:00:00-04:00,2.888342666954654,2.9183726011722677,2.885612601929417,2.8992626667022705,142400,0.1,0.0
2017-08-30 00:00:00-04:00,2.907451880760037,2.9265620708465576,2.907451880760037,2.9265620708465576,36800,0.0,0.0
2017-08-31 00:00:00-04:00,2.9265620708465576,2.9320219391903737,2.9238320064980168,2.9265620708465576,50500,0.0,0.0
2017-09-01 00:00:00-04:00,2.9292922684297813,2.9347523978605015,2.9156424655595825,2.9320223331451416,68100,0.0,0.0
2017-09-05 00:00:00-04:00,2.9183716929615993,2.923831821312856,2.8965317002630715,2.910181760787964,113900,0.0,0.0
2017-09-06 00:00:00-04:00,2.907452781178792,2.9183727816015415,2.907452781178792,2.9156429767608643,41600,0.0,0.0
2017-09-07 00:00:00-04:00,2.9156424163997703,2.937482413047811,2.9129123517304407,2.921102285385132,49200,0.0,0.0
2017-09-08 00:00:00-04:00,2.921102229674864,2.937482357025147,2.907452166941843,2.9374823570251465,38600,0.0,0.0
2017-09-11 00:00:00-04:00,2.9347523978605015,2.9347523978605015,2.923832399352362,2.9320223331451416,51400,0.0,0.0
2017-09-12 00:00:00-04:00,2.940214135761371,2.940214135761371,2.9292938709259033,2.9292938709259033,49500,0.0,0.0
2017-09-13 00:00:00-04:00,2.9374829776063627,2.9402130428003868,2.910182846372816,2.9156429767608643,85700,0.0,0.0
2017-09-14 00:00:00-04:00,2.9101822207677137,2.9238322834501176,2.9047223519067265,2.91837215423584,62900,0.0,0.0
2017-09-15 00:00:00-04:00,2.923832399352362,2.932022333145141,2.9183722699216417,2.9320223331451416,50400,0.0,0.0
2017-09-18 00:00:00-04:00,2.937482815695717,2.9456727504730225,2.9211026857877735,2.9456727504730225,65700,0.0,0.0
2017-09-19 00:00:00-04:00,2.9429425134357485,2.9511327080877288,2.9347525791370854,2.9484026432037354,57600,0.0,0.0
2017-09-20 00:00:00-04:00,2.9456727023554863,2.9484027673544366,2.9347527027130127,2.9347527027130127,30000,0.0,0.0
2017-09-21 00:00:00-04:00,2.9374816789372162,2.9593216701271916,2.9374816789372162,2.9565916061401367,64300,0.0,0.0
2017-09-22 00:00:00-04:00,2.959323129727576,2.9757030010223384,2.9538629990604153,2.975703001022339,37600,0.0,0.0
2017-09-25 00:00:00-04:00,2.975702865872856,2.9784329310824433,2.959322995322029,2.962053060531616,70500,0.0,0.0
2017-09-26 00:00:00-04:00,2.9757014665393378,2.98935152581494,2.9757014665393378,2.981161594390869,77800,0.0,0.0
2017-09-27 00:00:00-04:00,2.992082036136587,2.997541904449463,2.986621907470446,2.997541904449463,83500,0.0,0.0
2017-09-28 00:00:00-04:00,2.9920322573830784,2.9920322573830784,2.9727466817346246,2.9892773628234863,53000,0.1,0.0
2017-09-29 00:00:00-04:00,2.992032582231747,3.0030529499053955,2.9892776873730527,3.0030529499053955,41100,0.0,0.0
2017-10-02 00:00:00-04:00,3.0085629384719406,3.0085629384719406,2.9755018390404784,2.9892773628234863,38800,0.0,0.0
2017-10-03 00:00:00-04:00,2.9920315994495357,3.00029706954956,2.9810112353957074,3.0002970695495605,48800,0.0,0.0
2017-10-04 00:00:00-04:00,3.000298379433252,3.0030532745898,2.964482114934934,2.972747325897217,87600,0.0,0.0
2017-10-05 00:00:00-04:00,2.9782563397342434,2.9892767037817527,2.953460454940796,2.953460454940796,57900,0.0,0.0
2017-10-06 00:00:00-04:00,2.9562155711296065,2.961725884940707,2.9451952062536297,2.9479503631591797,95100,0.0,0.0
2017-10-10 00:00:00-04:00,2.9451962723611813,2.972747325897217,2.9451962723611813,2.972747325897217,56600,0.0,0.0
2017-10-11 00:00:00-04:00,2.9755018390404784,2.9947874146889326,2.9672366298691784,2.9892773628234863,58800,0.0,0.0
2017-10-12 00:00:00-04:00,2.989276400467942,2.989276400467942,2.975500881119769,2.9865212440490723,33300,0.0,0.0
2017-10-13 00:00:00-04:00,2.9892773628234868,2.9892773628234868,2.9782569963463326,2.9892773628234863,29300,0.0,0.0
2017-10-16 00:00:00-04:00,2.989277640646133,2.997542850585599,2.986522483084215,2.9947876930236816,37600,0.0,0.0
2017-10-17 00:00:00-04:00,2.9755029678344727,2.986523338492341,2.972747809483415,2.9755029678344727,65500,0.0,0.0
2017-10-18 00:00:00-04:00,2.9837670482117784,2.997542571994787,2.9782569963463326,2.9892773628234863,42700,0.0,0.0
2017-10-19 00:00:00-04:00,2.989277640646133,2.9947876930236816,2.986522483084215,2.9947876930236816,36000,0.0,0.0
2017-10-20 00:00:00-04:00,3.00029706954956,3.0113174336033888,2.9810112353957074,3.0002970695495605,70500,0.0,0.0
2017-10-23 00:00:00-04:00,3.011318375648901,3.0168284280264497,2.9947876930236816,2.9947876930236816,63900,0.0,0.0
2017-10-24 00:00:00-04:00,3.011317491531372,3.019582699044188,3.0002971272655476,3.011317491531372,49800,0.0,0.0
2017-10-25 00:00:00-04:00,3.0085632651153653,3.0168284751840297,3.0030529499053955,3.0030529499053955,72900,0.0,0.0
2017-10-26 00:00:00-04:00,3.01682806801711,3.019583225250244,3.0113180162970963,3.019583225250244,48400,0.0,0.0
2017-10-27 00:00:00-04:00,3.0168284280264497,3.019583585588367,2.98101216796038,2.9947876930236816,160300,0.0,0.0
2017-10-30 00:00:00-04:00,3.0031301337677867,3.011472087517756,2.9975686544771882,3.005910873413086,53900,0.1,0.0
2017-10-31 00:00:00-04:00,3.014251933949991,3.0198131464067073,2.997567766208142,3.003129243850708,30900,0.0,0.0
2017-11-01 00:00:00-04:00,3.0031283522840697,3.011470301085517,3.00034761428833,3.00034761428833,54500,0.0,0.0
2017-11-02 00:00:00-04:00,3.0059099826719913,3.0059099826719913,2.997567766208142,3.003129243850708,42400,0.0,0.0
2017-11-03 00:00:00-04:00,2.9975691215906526,3.0003498616692768,2.992007906619374,2.994788646697998,53200,0.0,0.0
2017-11-06 00:00:00-05:00,3.00312919459847,3.0225938356565263,3.00312919459847,3.0170326232910156,57100,0.0,0.0
2017-11-07 00:00:00-05:00,3.0225930213928227,3.0281544974459593,3.01703181052546,3.0225930213928223,50700,0.0,0.0
2017-11-08 00:00:00-05:00,3.022593912109187,3.028155389801214,3.0142519607569986,3.0253746509552,53300,0.0,0.0
2017-11-09 00:00:00-05:00,3.0170326996030123,3.0253746509552,3.0142519607569986,3.0253746509552,27400,0.0,0.0
2017-11-10 00:00:00-05:00,3.0225938852279906,3.025374624049274,3.003129243850708,3.003129243850708,48100,0.0,0.0
2017-11-13 00:00:00-05:00,3.003129243850708,3.008690456307425,3.000348505029425,3.003129243850708,54200,0.0,0.0
2017-11-14 00:00:00-05:00,3.008691347872457,3.022594780913025,3.005910873413086,3.005910873413086,31400,0.0,0.0
2017-11-15 00:00:00-05:00,3.0059096454661556,3.0142515958083473,2.9920062181052893,3.008690118789673,72600,0.0,0.0
2017-11-16 00:00:00-05:00,3.011472087517756,3.0253755205583244,3.005910873413086,3.005910873413086,55700,0.0,0.0
2017-11-17 00:00:00-05:00,3.014251933949991,3.014251933949991,3.000348505029425,3.003129243850708,38000,0.0,0.0
2017-11-20 00:00:00-05:00,3.0031301337677867,3.011472087517756,2.9975686544771882,3.005910873413086,110000,0.0,0.0
2017-11-21 00:00:00-05:00,3.0114711951287076,3.0114711951287076,3.000348505029425,3.003129243850708,57200,0.0,0.0
2017-11-22 00:00:00-05:00,3.0142528271630553,3.017033566808355,3.005910873413086,3.005910873413086,30800,0.0,0.0
2017-11-23 00:00:00-05:00,3.00868965835539,3.0198123455047607,3.00868965835539,3.0198123455047607,22600,0.0,0.0
2017-11-24 00:00:00-05:00,3.0198131732631737,3.0364973411534018,3.0142519607569986,3.0253746509552,35900,0.0,0.0
2017-11-27 00:00:00-05:00,3.0337166023073885,3.0337166023073885,3.0170326996030123,3.0253746509552,87200,0.0,0.0
2017-11-28 00:00:00-05:00,3.0253746509552,3.028155389801214,3.0170326996030123,3.0253746509552,47800,0.0,0.0
2017-11-29 00:00:00-05:00,3.03940670588123,3.03940670588123,3.0169549693812208,3.0281808376312256,54600,0.1,0.0
2017-11-30 00:00:00-05:00,3.045019953752976,3.0478262202469355,3.0309875506998725,3.036600351333618,49700,0.0,0.0
2017-12-01 00:00:00-05:00,3.0281811852513303,3.045020123382269,3.0197618500087815,3.0253746509552,65500,0.0,0.0
2017-12-04 00:00:00-05:00,3.0281811852513303,3.03379425384359,3.0169553157126514,3.0253746509552,41400,0.0,0.0
2017-12-05 00:00:00-05:00,3.03379403523831,3.0450199039680887,3.0309875011444096,3.030987501144409,23300,0.0,0.0
2017-12-06 00:00:00-05:00,3.03379403523831,3.039406835780288,3.028180967050509,3.030987501144409,29300,0.0,0.0
2017-12-07 00:00:00-05:00,3.033795291331158,3.0394080941970247,3.022569417953491,3.022569417953491,43800,0.0,0.0
2017-12-08 00:00:00-05:00,3.025373661925033,3.0422125945511267,3.025373661925033,3.0394060611724854,28600,0.0,0.0
2017-12-11 00:00:00-05:00,3.0366005204938786,3.0366005204938786,3.0253746509552,3.0253746509552,35600,0.0,0.0
2017-12-12 00:00:00-05:00,3.033793905579133,3.03940670588123,3.0253743036572716,3.0281808376312256,23400,0.0,0.0
2017-12-13 00:00:00-05:00,3.033793905579133,3.033793905579133,3.0253743036572716,3.0281808376312256,24100,0.0,0.0
2017-12-14 00:00:00-05:00,3.0309875011444096,3.03379403523831,3.0253744329566086,3.030987501144409,16400,0.0,0.0
2017-12-15 00:00:00-05:00,3.0366006096030094,3.0422136783599854,3.0309878084918833,3.0422136783599854,31200,0.0,0.0
2017-12-18 00:00:00-05:00,3.042213509493424,3.059052179537975,3.039406975270721,3.0534393787384033,47700,0.0,0.0
2017-12-19 00:00:00-05:00,3.050632108420385,3.0562451755113997,3.0422127754296335,3.047825574874878,46300,0.0,0.0
2017-12-20 00:00:00-05:00,3.0534395569271955,3.061858892440796,3.0534395569271955,3.061858892440796,44600,0.0,0.0
2017-12-21 00:00:00-05:00,3.0562450312676943,3.064664363861084,3.050631964441596,3.064664363861084,21800,0.0,0.0
2017-12-22 00:00:00-05:00,3.061858892440796,3.0646654268272795,3.0534395569271955,3.061858892440796,51500,0.0,0.0
2017-12-27 00:00:00-05:00,3.059052140070523,3.067471742630005,3.0562458735298605,3.067471742630005,33400,0.0,0.0
2017-12-28 00:00:00-05:00,3.070304119407215,3.07596874661453,3.0674716707449714,3.073136568069458,44300,0.1,0.0
2017-12-29 00:00:00-05:00,3.070302759526242,3.073135206933954,3.0618056874201587,3.0674703121185303,36200,0.0,0.0
2018-01-02 00:00:00-05:00,3.0844660523408773,3.0844660523408773,3.06747163070641,3.078801155090332,67100,0.0,0.0
2018-01-03 00:00:00-05:00,3.075969333440659,3.0788017826432705,3.064639806747437,3.0646398067474365,43400,0.0,0.0
2018-01-04 00:00:00-05:00,3.075968027114868,3.0844653711139847,3.06747095323286,3.075968027114868,34300,0.0,0.0
2018-01-05 00:00:00-05:00,3.075968630725976,3.0872981548309326,3.0731364522876077,3.0872981548309326,25700,0.0,0.0
2018-01-08 00:00:00-05:00,3.0844667323154855,3.0844667323154855,3.0788018338161063,3.081634283065796,60400,0.0,0.0
2018-01-09 00:00:00-05:00,3.0844658692785947,3.0986275713301277,3.0816334208214275,3.0957953929901123,66200,0.0,0.0
2018-01-10 00:00:00-05:00,3.087298643212958,3.1156225930145176,3.087298643212958,3.109957695007324,61600,0.0,0.0
2018-01-11 00:00:00-05:00,3.1071253183912177,3.112789945920724,3.092963344391671,3.104292869567871,31000,0.0,0.0
2018-01-12 00:00:00-05:00,3.1071255161209312,3.1127901440109205,3.1042930671173345,3.109957695007324,35600,0.0,0.0
2018-01-15 00:00:00-05:00,3.1156210289902186,3.1156210289902186,3.098626613616944,3.0986266136169434,36600,0.0,0.0
2018-01-16 00:00:00-05:00,3.107125024602478,3.1127896515963758,3.0872981548309326,3.0872981548309326,39600,0.0,0.0
2018-01-17 00:00:00-05:00,3.0391468088973186,3.0391468088973186,2.99382872442094,3.0221526622772217,1344000,0.0,0.0
2018-01-18 00:00:00-05:00,3.0278183331891646,3.0533098320378174,3.024986154519346,3.036315679550171,434000,0.0,0.0
2018-01-19 00:00:00-05:00,3.0419813475554873,3.0561433262175997,3.0391488977996093,3.05047869682312,131900,0.0,0.0
2018-01-22 00:00:00-05:00,3.053310876461722,3.0561433262175997,3.0391488977996093,3.05047869682312,139700,0.0,0.0
2018-01-23 00:00:00-05:00,3.0561434479645992,3.0618083477020264,3.044813918607032,3.0618083477020264,85100,0.0,0.0
2018-01-24 00:00:00-05:00,3.0618079812949497,3.0618079812949497,3.047646003763435,3.0533106327056885,96500,0.0,0.0
2018-01-25 00:00:00-05:00,3.0504774288523886,3.058974504470825,3.047644980273855,3.058974504470825,80900,0.0,0.0
2018-01-26 00:00:00-05:00,3.053310876461722,3.0589757759734777,3.044813797311365,3.05047869682312,126400,0.0,0.0
2018-01-29 00:00:00-05:00,3.044811487197876,3.047643934804762,3.0363144144942895,3.044811487197876,155800,0.0,0.0
2018-01-30 00:00:00-05:00,3.053387734393137,3.053387734393137,3.0448106064896505,3.0476696491241455,142100,0.1,0.0
2018-01-31 00:00:00-05:00,3.0448117976214624,3.0448117976214624,3.010504090546263,3.021939992904663,221900,0.0,0.0
2018-02-01 00:00:00-05:00,3.030517124163527,3.0333758952630627,3.013363134299218,3.021939992904663,77100,0.0,0.0
2018-02-02 00:00:00-05:00,3.019081914288718,3.019081914288718,2.9161584968022676,2.9704792499542236,224500,0.0,0.0
2018-02-05 00:00:00-05:00,2.9476077645534793,2.984774255345467,2.9161588179015507,2.921876907348633,90000,0.0,0.0
2018-02-06 00:00:00-05:00,2.9133000772541267,2.9590439796447754,2.7360433756960605,2.9590439796447754,162600,0.0,0.0
2018-02-07 00:00:00-05:00,2.970479480976852,3.0305180549621586,2.9590435751060085,3.030518054962158,110000,0.0,0.0
2018-02-08 00:00:00-05:00,3.0305175904748904,3.0333763620143106,2.9390300848769217,2.953325033187866,105300,0.0,0.0
2018-02-09 00:00:00-05:00,2.973338659447467,2.9790567494913756,2.9047232148418036,2.9590439796447754,74200,0.0,0.0
2018-02-12 00:00:00-05:00,2.9876338526965767,3.0190828051656697,2.9647620359846334,3.0019288063049316,47000,0.0,0.0
2018-02-13 00:00:00-05:00,3.0019270548539896,3.0162220001220703,2.9962089676853965,3.0162220001220703,48300,0.0,0.0
2018-02-14 00:00:00-05:00,3.013363134299218,3.041953026521927,3.004786275693773,3.021939992904663,63900,0.0,0.0
2018-02-15 00:00:00-05:00,3.0390946056452335,3.059107370710785,3.0247996566040642,3.027658700942993,40500,0.0,0.0
2018-02-16 00:00:00-05:00,3.041954434771165,3.073403112652331,3.0390953896946376,3.064826250076294,35000,0.0,0.0
2018-02-20 00:00:00-05:00,3.067685022499276,3.0762621577288587,3.0562491148467115,3.064826250076294,74600,0.0,0.0
2018-02-21 00:00:00-05:00,3.0591066718391944,3.073401617614596,3.044811726063793,3.070542573928833,107000,0.0,0.0
2018-02-22 00:00:00-05:00,3.070542883973546,3.073401927947998,3.0448120335103614,3.073401927947998,46800,0.0,0.0
2018-02-23 00:00:00-05:00,3.0676844666947525,3.0876975059509273,3.064825694789724,3.0876975059509277,112900,0.0,0.0
2018-02-26 00:00:00-05:00,3.0876976819440625,3.0934154987335205,3.0705436862686657,3.0934154987335205,122800,0.0,0.0
2018-02-27 00:00:00-05:00,3.1049576275413804,3.1107287810217126,3.07321532021052,3.0818724632263184,65600,0.1,0.0
2018-02-28 00:00:00-05:00,3.090527684561388,3.090527684561388,3.0674425325449794,3.076099395751953,21200,0.0,0.0
2018-03-01 00:00:00-05:00,3.0703305162661696,3.0761016709404525,3.055902216785078,3.0674448013305664,65400,0.0,0.0
2018-03-02 00:00:00-05:00,3.055901661753401,3.0674442442024548,3.0443590793043467,3.053015947341919,36700,0.0,0.0
2018-03-05 00:00:00-05:00,3.0616718304983324,3.070328970947941,3.0530149652455076,3.058786392211914,24500,0.0,0.0
2018-03-06 00:00:00-05:00,3.067444936330305,3.073216091258579,3.055902351276821,3.0645592212677,25900,0.0,0.0
2018-03-07 00:00:00-05:00,3.0674444283900963,3.084758165504861,3.058787559832714,3.0703301429748535,42300,0.0,0.0
2018-03-08 00:00:00-05:00,3.084758165504861,3.084758165504861,3.064558713805339,3.0703301429748535,24000,0.0,0.0
2018-03-09 00:00:00-05:00,3.0761004541136265,3.0876430340931655,3.0674435879281763,3.078986167907715,23600,0.0,0.0
2018-03-12 00:00:00-04:00,3.076101516224268,3.093415529770134,3.070330361840252,3.087644100189209,26800,0.0,0.0
2018-03-13 00:00:00-04:00,3.096301794052124,3.096301794052124,3.0876449225719202,3.096301794052124,34300,0.0,0.0
2018-03-14 00:00:00-04:00,3.0934133973626188,3.102070260569592,3.0760993957519527,3.076099395751953,37300,0.0,0.0
2018-03-15 00:00:00-04:00,3.09052933104525,3.0991861988641816,3.078986748887719,3.0818724632263184,41100,0.0,0.0
2018-03-16 00:00:00-04:00,3.087644100189209,3.093415529770134,3.081872945805193,3.087644100189209,38100,0.0,0.0
2018-03-19 00:00:00-04:00,3.093414461681342,3.093414461681342,3.078986167907715,3.078986167907715,50800,0.0,0.0
2018-03-20 00:00:00-04:00,3.084757902368051,3.0963004845255826,3.0818724632263184,3.0818724632263184,28200,0.0,0.0
2018-03-21 00:00:00-04:00,3.0847594407894623,3.1020734602589846,3.0847594407894623,3.0905308723449707,26000,0.0,0.0
2018-03-22 00:00:00-04:00,3.0876451565672167,3.096302028703476,3.0847594407894623,3.0905308723449707,43700,0.0,0.0
2018-03-23 00:00:00-04:00,3.102070260569592,3.1107271237765652,3.0674425325449794,3.076099395751953,150100,0.0,0.0
2018-03-26 00:00:00-04:00,3.08187254106299,3.0905294091005624,3.0443590793043467,3.053015947341919,76300,0.0,0.0
2018-03-27 00:00:00-04:00,3.0587867217427256,3.096299900278616,3.0587867217427256,3.078986167907715,50200,0.0,0.0
2018-03-28 00:00:00-04:00,3.081900902731052,3.084813919237734,3.0585973262786865,3.0585973262786865,57200,0.1,0.0
2018-03-29 00:00:00-04:00,3.078986644744873,3.0848126754091205,3.0585960930208724,3.078986644744873,26800,0.0,0.0
2018-04-02 00:00:00-04:00,3.0848146584090332,3.0848146584090332,3.044033250945239,3.0498592853546143,34300,0.0,0.0
2018-04-03 00:00:00-04:00,3.06442335929205,3.1022914626767357,3.0498585545591856,3.0585973262786865,51300,0.0,0.0
2018-04-04 00:00:00-04:00,2.9857706490599836,3.0149002299270187,2.921685737832669,3.003248453140259,151100,0.0,0.0
2018-04-05 00:00:00-04:00,3.029467716812958,3.073162131011551,3.029467716812958,3.0585973262786865,33500,0.0,0.0
2018-04-06 00:00:00-04:00,3.064422705515504,3.064422705515504,3.0265543324092685,3.0352931022644043,58700,0.0,0.0
2018-04-09 00:00:00-04:00,3.049857677416245,3.049857677416245,3.0149023227909013,3.0265541076660156,28200,0.0,0.0
2018-04-10 00:00:00-04:00,3.0382053906135966,3.0731607394641327,3.0294663450506487,3.0440311431884766,61400,0.0,0.0
2018-04-11 00:00:00-04:00,3.0469449235803028,3.05859670945669,3.0294671058654785,3.0294671058654785,38000,0.0,0.0
2018-04-12 00:00:00-04:00,3.041118860244751,3.0469448920228475,3.0352931062671393,3.041118860244751,15100,0.0,0.0
2018-04-13 00:00:00-04:00,3.038205180362749,3.044030932534473,3.029466135404563,3.032379150390625,51700,0.0,0.0
2018-04-16 00:00:00-04:00,3.052770646000459,3.052770646000459,3.0323800903780906,3.041118860244751,31800,0.0,0.0
2018-04-17 00:00:00-04:00,3.0411181280008273,3.061508956513954,3.0382053906135966,3.0440311431884766,35300,0.0,0.0
2018-04-18 00:00:00-04:00,3.0498575563578676,3.0731611251831055,3.0440315252513317,3.0731611251831055,65800,0.0,0.0
2018-04-19 00:00:00-04:00,3.0702486216604146,3.0731616376994912,3.0644228673827607,3.067335605621338,24600,0.0,0.0
2018-04-20 00:00:00-04:00,3.0731613811981635,3.084813166581455,3.0615095958148726,3.0702483654022217,48700,0.0,0.0
2018-04-23 00:00:00-04:00,3.073160891881058,3.0848126754091205,3.0702478765489345,3.078986644744873,34800,0.0,0.0
2018-04-24 00:00:00-04:00,3.0848119623396046,3.0848119623396046,3.061508400670214,3.0644214153289795,62900,0.0,0.0
2018-04-25 00:00:00-04:00,3.070246403027703,3.087724208831787,3.070246403027703,3.087724208831787,31300,0.0,0.0
2018-04-26 00:00:00-04:00,3.0877261073158775,3.108116661790831,3.0877261073158775,3.102290630340576,53500,0.0,0.0
2018-04-27 00:00:00-04:00,3.114053549120345,3.114053549120345,3.0964100630992015,3.099350690841675,32100,0.1,0.0
2018-04-30 00:00:00-04:00,3.099351135938055,3.108172739998645,3.075826671487324,3.0787672996520996,58700,0.0,0.0
2018-05-01 00:00:00-04:00,3.0875883711598293,3.0875883711598293,3.0611232831090693,3.072885513305664,36500,0.0,0.0
2018-05-02 00:00:00-04:00,3.072885513305664,3.0787667686208056,3.06406391076664,3.072885513305664,21300,0.0,0.0
2018-05-03 00:00:00-04:00,3.081705893430089,3.0964087454521008,3.0728842943903123,3.0905277729034424,39900,0.0,0.0
2018-05-04 00:00:00-04:00,3.0905276074637387,3.114052057266235,3.0905276074637387,3.1140520572662354,33600,0.0,0.0
2018-05-07 00:00:00-04:00,3.1140528002413106,3.1228744009135827,3.10817154617071,3.1169934272766113,78400,0.0,0.0
2018-05-08 00:00:00-04:00,3.116994088340992,3.125815690884184,3.1081722053641108,3.1111128330230713,71100,0.0,0.0
2018-05-09 00:00:00-04:00,3.128756407399015,3.128756407399015,3.0964100630992015,3.099350690841675,74300,0.0,0.0
2018-05-10 00:00:00-04:00,3.1140524219295744,3.1258146482082085,3.1022901956509403,3.1228740215301514,38700,0.0,0.0
2018-05-11 00:00:00-04:00,3.1111120881621286,3.1287555694580083,3.1022904877309996,3.128755569458008,28600,0.0,0.0
2018-05-14 00:00:00-04:00,3.1287558774019515,3.1375774787013357,3.1169936488582226,3.1316962242126465,50300,0.0,0.0
2018-05-15 00:00:00-04:00,3.1287556549841837,3.134636628621155,3.1169934272766113,3.1169934272766113,58400,0.0,0.0
2018-05-16 00:00:00-04:00,3.1228747641631758,3.1316963658615675,3.1199341367858247,3.1258153915405273,36700,0.0,0.0
2018-05-17 00:00:00-04:00,3.125815250157607,3.1316962242126465,3.1228746229132627,3.1316962242126465,36100,0.0,0.0
2018-05-18 00:00:00-04:00,3.137577086018342,3.1405177128946526,3.119933605194092,3.119933605194092,37500,0.0,0.0
2018-05-22 00:00:00-04:00,3.1287549085011856,3.1287549085011856,3.10817080459883,3.1140520572662354,47300,0.0,0.0
2018-05-23 00:00:00-04:00,3.1111120049987737,3.119933605194092,3.108171378122463,3.119933605194092,46600,0.0,0.0
2018-05-24 00:00:00-04:00,3.1140520003168075,3.1228735987230247,3.096408523070816,3.108170747756958,74700,0.0,0.0
2018-05-25 00:00:00-04:00,3.102291230479879,3.1111128330230713,3.0905290002777264,3.1111128330230713,47000,0.0,0.0
2018-05-28 00:00:00-04:00,3.108171718036036,3.108171718036036,3.090528515715917,3.0934691429138184,40900,0.0,0.0
2018-05-29 00:00:00-04:00,3.0964107826031153,3.0964107826031153,3.0405402446821315,3.04348087310791,173400,0.0,0.0
2018-05-30 00:00:00-04:00,3.0761415781349104,3.088018561711894,3.043479944090613,3.058326244354248,59200,0.1,0.0
2018-05-31 00:00:00-04:00,3.0791113522955134,3.0791113522955134,3.0434803962707524,3.043480396270752,95200,0.0,0.0
2018-06-01 00:00:00-04:00,3.0553549381591587,3.076139575092461,3.043477962315923,3.046447277069092,53400,0.0,0.0
2018-06-04 00:00:00-04:00,3.0612955024437345,3.0702031691635616,3.0434798858344614,3.0642645359039307,65700,0.0,0.0
2018-06-05 00:00:00-04:00,3.067233852533746,3.073172485793377,3.058326185813919,3.0642645359039307,44900,0.0,0.0
2018-06-06 00:00:00-04:00,3.0702021628703338,3.079109826670574,3.064263531557156,3.067232847213745,43500,0.0,0.0
2018-06-07 00:00:00-04:00,3.046449260777265,3.0702032279312315,3.043479944090613,3.058326244354248,110400,0.0,0.0
2018-06-08 00:00:00-04:00,3.046448971352091,3.046448971352091,3.025664039689806,3.0286333560943604,137200,0.0,0.0
2018-06-11 00:00:00-04:00,3.0108171782906727,3.0108171782906727,2.9336166724748693,2.9840939044952393,234700,0.0,0.0
2018-06-12 00:00:00-04:00,2.987062843277661,2.9900318753041257,2.9751858656633545,2.9781548976898193,146800,0.0,0.0
2018-06-13 00:00:00-04:00,2.984095106891505,2.984095106891505,2.9068945699689053,2.9484641551971436,266900,0.0,0.0
2018-06-14 00:00:00-04:00,2.954401361802812,2.954401361802812,2.927678087585205,2.945493698120117,79100,0.0,0.0
2018-06-15 00:00:00-04:00,2.9484635965191384,2.9781559090534926,2.9484635965191384,2.972217559814453,83800,0.0,0.0
2018-06-18 00:00:00-04:00,2.9781576103855274,3.0197272114845832,2.975188575654677,3.004880905151367,106900,0.0,0.0
2018-06-19 00:00:00-04:00,2.987065564087301,3.0078502230519586,2.981126928286119,3.004880905151367,120500,0.0,0.0
2018-06-20 00:00:00-04:00,3.00488064590003,3.0583272308205123,3.00488064590003,3.0405116081237793,178700,0.0,0.0
2018-06-21 00:00:00-04:00,3.040508647562754,3.0523856234059896,3.0226933253826207,3.046447277069092,39400,0.0,0.0
2018-06-22 00:00:00-04:00,3.0523863708048014,3.0731712959968833,3.0464480230138564,3.0612943172454834,63600,0.0,0.0
2018-06-25 00:00:00-04:00,3.0612955024437345,3.0702031691635616,3.0494185190940923,3.0642645359039307,77100,0.0,0.0
2018-06-26 00:00:00-04:00,3.061294499070094,3.0702021628703338,3.058325183413505,3.067232847213745,67100,0.0,0.0
2018-06-27 00:00:00-04:00,3.0672328231884736,3.073171454455135,3.049417495727539,3.049417495727539,106300,0.0,0.0
2018-06-28 00:00:00-04:00,3.0614119023851205,3.0614119023851205,2.9714585085357506,3.0224320888519287,183900,0.1,0.0
2018-06-29 00:00:00-04:00,3.028429151677737,3.03142737894411,3.0134368715300335,3.016435384750366,26800,0.0,0.0
2018-07-03 00:00:00-04:00,3.0284280061949267,3.0584122691950255,3.0134357317179514,3.049417018890381,90000,0.0,0.0
2018-07-04 00:00:00-04:00,3.0554141133943804,3.0644096507018275,3.0344250982514405,3.037423610687256,48300,0.0,0.0
2018-07-05 00:00:00-04:00,3.058412825506158,3.058412825506158,3.0404223216244795,3.0524160861968994,39600,0.0,0.0
2018-07-06 00:00:00-04:00,3.0554143958619147,3.06141142128796,3.0464191436767574,3.046419143676758,36800,0.0,0.0
2018-07-09 00:00:00-04:00,3.0524160861968994,3.058412825506158,3.043420548302157,3.0524160861968994,40700,0.0,0.0
2018-07-10 00:00:00-04:00,3.0434199947180502,3.06740751949967,3.0434199947180502,3.049417018890381,73800,0.0,0.0
2018-07-11 00:00:00-04:00,3.0464191436767574,3.058412908574937,3.043420630963735,3.046419143676758,40000,0.0,0.0
2018-07-12 00:00:00-04:00,3.052416169102803,3.058412908574937,3.043420630963735,3.046419143676758,47900,0.0,0.0
2018-07-13 00:00:00-04:00,3.0524159732623537,3.055414199829101,3.049417460741713,3.0554141998291016,20800,0.0,0.0
2018-07-16 00:00:00-04:00,3.058412790298462,3.0734050673298756,3.055414277701399,3.058412790298462,26300,0.0,0.0
2018-07-17 00:00:00-04:00,3.064410448074341,3.076404214984547,3.058413421642258,3.064410448074341,43500,0.0,0.0
2018-07-18 00:00:00-04:00,3.0764033447600485,3.08240008354187,3.052415817725005,3.08240008354187,42400,0.0,0.0
2018-07-19 00:00:00-04:00,3.082400996459067,3.082400996459067,3.055414949063694,3.0734057426452637,45900,0.0,0.0
2018-07-20 00:00:00-04:00,3.076404255901186,3.0883980229709116,3.0614119755755382,3.0734057426452637,37000,0.0,0.0
2018-07-23 00:00:00-04:00,3.0734048323921987,3.0883971082775705,3.0734048323921987,3.08240008354187,23600,0.0,0.0
2018-07-24 00:00:00-04:00,3.0823998417149796,3.091395378112793,3.0823998417149796,3.091395378112793,21200,0.0,0.0
2018-07-25 00:00:00-04:00,3.0853993892669678,3.094394642729614,3.082400876128102,3.0853993892669678,28500,0.0,0.0
2018-07-26 00:00:00-04:00,3.0794026489431876,3.094394642729614,3.073405622665456,3.0853993892669678,61300,0.0,0.0
2018-07-27 00:00:00-04:00,3.0883984169639085,3.0883984169639085,3.079403162002563,3.0794031620025635,52900,0.0,0.0
2018-07-30 00:00:00-04:00,3.0884865143902624,3.09151451170594,3.082430808524625,3.085458517074585,26900,0.1,0.0
2018-07-31 00:00:00-04:00,3.091513475655772,3.0975691794919786,3.079401779217738,3.0884854793548584,66000,0.0,0.0
2018-08-01 00:00:00-04:00,3.0945414719566857,3.1096811646956333,3.0884854793548584,3.0884854793548584,49000,0.0,0.0
2018-08-02 00:00:00-04:00,3.0945414719566857,3.103625172093806,3.082429775518652,3.0884854793548584,43100,0.0,0.0
2018-08-03 00:00:00-04:00,3.097569227218628,3.1005972235661963,3.0915135232891164,3.097569227218628,23100,0.0,0.0
2018-08-07 00:00:00-04:00,3.1005975393090477,3.103625535964966,3.0945418347628664,3.103625535964966,22200,0.0,0.0
2018-08-08 00:00:00-04:00,3.10362485208007,3.106652848068768,3.091513156890869,3.091513156890869,39500,0.0,0.0
2018-08-09 00:00:00-04:00,3.0975691794919786,3.1005971757928923,3.0884854793548584,3.0884854793548584,58700,0.0,0.0
2018-08-10 00:00:00-04:00,3.088486984640656,3.1005986869817663,3.088486984640656,3.094542980194092,22500,0.0,0.0
2018-08-13 00:00:00-04:00,3.0975706892050483,3.1005986869817663,3.088486984640656,3.094542980194092,37800,0.0,0.0
2018-08-14 00:00:00-04:00,3.091513156890869,3.094541152879567,3.088485160902171,3.091513156890869,38900,0.0,0.0
2018-08-15 00:00:00-04:00,3.0915126299777147,3.094540625450325,3.0430658574781115,3.0733449459075928,94900,0.0,0.0
2018-08-16 00:00:00-04:00,3.0824298230120366,3.106653216261333,3.0763738303169,3.097569227218628,65400,0.0,0.0
2018-08-17 00:00:00-04:00,3.088485526941548,3.1005972235661963,3.0824298230120366,3.097569227218628,34500,0.0,0.0
2018-08-20 00:00:00-04:00,3.0975706892050483,3.106654682535202,3.094542980194092,3.094542980194092,71100,0.0,0.0
2018-08-21 00:00:00-04:00,3.1005978584289546,3.1066538523640865,3.094542153259508,3.100597858428955,47600,0.0,0.0
2018-08-22 00:00:00-04:00,3.1005975393090477,3.109681529276802,3.0975695426531296,3.103625535964966,33200,0.0,0.0
2018-08-23 00:00:00-04:00,3.1036258553965204,3.1127095575335333,3.1005978584289546,3.100597858428955,46300,0.0,0.0
2018-08-24 00:00:00-04:00,3.1005986869817663,3.103626684758484,3.094542980194092,3.094542980194092,64300,0.0,0.0
2018-08-27 00:00:00-04:00,3.0945418347628664,3.103625535964966,3.0945418347628664,3.103625535964966,69300,0.0,0.0
2018-08-28 00:00:00-04:00,3.0975706892050483,3.103626684758484,3.094542980194092,3.094542980194092,60900,0.0,0.0
2018-08-29 00:00:00-04:00,3.097569861461389,3.1066538523640865,3.094542153259508,3.100597858428955,152300,0.0,0.0
2018-08-30 00:00:00-04:00,3.1097709150389794,3.1220020573241367,3.103655198089683,3.106713056564331,70800,0.1,0.0
2018-08-31 00:00:00-04:00,3.1067120897688274,3.1128278048149394,3.094480951289948,3.1005966663360596,41800,0.0,0.0
2018-09-04 00:00:00-04:00,3.106715321357042,3.106715321357042,3.066964007048249,3.070021867752075,99100,0.0,0.0
2018-09-05 00:00:00-04:00,3.0608472480460174,3.0730783939361572,3.030269237513908,3.0730783939361572,192500,0.0,0.0
2018-09-06 00:00:00-04:00,3.0914245200708095,3.1281179524368556,3.042499943582748,3.0608468055725098,65700,0.0,0.0
2018-09-07 00:00:00-04:00,3.057789262125394,3.070020407509355,3.042500257492065,3.0425002574920654,65300,0.0,0.0
2018-09-10 00:00:00-04:00,3.0516737198692865,3.070020584811565,3.027211427688599,3.0272114276885986,126700,0.0,0.0
2018-09-11 00:00:00-04:00,3.0363841429471528,3.0363841429471528,2.88961013996649,2.9905171394348145,356600,0.0,0.0
2018-09-12 00:00:00-04:00,2.999691963195801,3.0302696866464784,2.9568828004285757,2.999691963195801,207500,0.0,0.0
2018-09-13 00:00:00-04:00,3.0088656403408507,3.0149810691767427,2.9966344910554654,3.0027499198913574,37600,0.0,0.0
2018-09-14 00:00:00-04:00,3.0119235005655978,3.0210967896262364,2.9782876213205864,3.0027499198913574,79400,0.0,0.0
2018-09-17 00:00:00-04:00,3.0058055910988584,3.018036731476756,2.9996901667166043,3.0088634490966797,56700,0.0,0.0
2018-09-18 00:00:00-04:00,3.011922837316115,3.0577895641326904,3.0058071182133514,3.0577895641326904,122800,0.0,0.0
2018-09-19 00:00:00-04:00,3.054730164778318,3.0577880227883196,3.0424990243517,3.048614740371704,49300,0.0,0.0
2018-09-20 00:00:00-04:00,3.051673845029927,3.0608474236840717,3.045558417540701,3.0577895641326904,53000,0.0,0.0
2018-09-21 00:00:00-04:00,3.0577882736050626,3.0639039901267116,3.045557132175179,3.0547304153442383,69300,0.0,0.0
2018-09-24 00:00:00-04:00,3.0577889466386363,3.0608468055725098,3.0486156614504947,3.0608468055725098,70800,0.0,0.0
2018-09-25 00:00:00-04:00,3.0669622318267784,3.0669622318267784,3.0577889466386363,3.0608468055725098,39300,0.0,0.0
2018-09-26 00:00:00-04:00,3.0608474236840717,3.0639052832354534,3.051673845029927,3.0577895641326904,171200,0.0,0.0
2018-09-27 00:00:00-04:00,3.0824979065898326,3.0824979065898326,3.01145851380633,3.033079147338867,125100,0.1,0.0
2018-09-28 00:00:00-04:00,3.026901245117187,3.039255932054034,2.9960143804955846,3.0269012451171875,104400,0.0,0.0
2018-10-01 00:00:00-04:00,3.057789145140086,3.0701438374505043,3.029991308360968,3.0423460006713867,73400,0.0,0.0
2018-10-02 00:00:00-04:00,3.0423455083879767,3.0423455083879767,3.005281142895024,3.0114586353302,80400,0.0,0.0
2018-10-03 00:00:00-04:00,3.0052816666290507,3.026902599361021,2.965129137039184,2.9651291370391846,117700,0.0,0.0
2018-10-04 00:00:00-04:00,2.977482596001473,2.9929257342648703,2.872467606280077,2.89717698097229,203100,0.0,0.0
2018-10-05 00:00:00-04:00,2.9002667478170374,2.9002667478170374,2.699502639542263,2.779808282852173,622300,0.0,0.0
2018-10-09 00:00:00-04:00,2.733478247204356,2.733478247204356,2.4524086444851765,2.5265369415283203,1290100,0.0,0.0
2018-10-10 00:00:00-04:00,2.5265371352984007,2.5543352672314708,2.2825315887472764,2.3195958137512207,1717400,0.0,0.0
2018-10-11 00:00:00-04:00,2.335038123956009,2.554334193144444,2.260909999677798,2.480205774307251,1137800,0.0,0.0
2018-10-12 00:00:00-04:00,2.54815673828125,2.6191961180813834,2.421521117205195,2.54815673828125,684100,0.0,0.0
2018-10-15 00:00:00-04:00,2.563601493922956,2.6562618456665112,2.563601493922956,2.6315524578094482,433800,0.0,0.0
2018-10-16 00:00:00-04:00,2.665527068211134,2.7489211559295654,2.640817687067965,2.7489211559295654,285600,0.0,0.0
2018-10-17 00:00:00-04:00,2.758188069270415,2.894089698791504,2.718035241453947,2.894089698791504,277900,0.0,0.0
2018-10-18 00:00:00-04:00,2.88173425527934,2.9311530167903044,2.810694859247093,2.8601136207580566,295200,0.0,0.0
2018-10-19 00:00:00-04:00,2.8601136991238465,2.9002665175914366,2.8477590084075928,2.8477590084075928,54200,0.0,0.0
2018-10-22 00:00:00-04:00,2.8477586161563284,2.8477586161563284,2.687147364408617,2.721122980117798,168700,0.0,0.0
2018-10-23 00:00:00-04:00,2.6408178039768235,2.71494595068798,2.5636009108462674,2.6902365684509277,178300,0.0,0.0
2018-10-24 00:00:00-04:00,2.7056794085051896,2.724211293811126,2.529624730744759,2.5543344020843506,172300,0.0,0.0
2018-10-25 00:00:00-04:00,2.575954570774097,2.7056789228676816,2.575954570774097,2.6686148643493652,105200,0.0,0.0
2018-10-26 00:00:00-04:00,2.650083893628613,2.659349838834563,2.5265369756856586,2.6346404552459717,385700,0.0,0.0
2018-10-29 00:00:00-04:00,2.671703873457281,2.7396548088912382,2.554334477560921,2.5852210521698,236000,0.0,0.0
2018-10-30 00:00:00-04:00,2.5758423299954463,2.6164806560855607,2.516448036861107,2.572716236114502,166000,0.1,0.0
2018-10-31 00:00:00-04:00,2.600851101417776,2.672749787121811,2.600851101417776,2.6633718013763428,204800,0.0,0.0
2018-11-01 00:00:00-04:00,2.6633721981399736,2.7133885270611464,2.6289857484160404,2.669624090194702,108500,0.0,0.0
2018-11-02 00:00:00-04:00,2.6790020013760607,2.7509006957522386,2.560213074496031,2.61960768699646,202100,0.0,0.0
2018-11-05 00:00:00-05:00,2.6196067097335973,2.660245035199573,2.597724649144501,2.607102632522583,109400,0.0,0.0
2018-11-06 00:00:00-05:00,2.6289860795709425,2.679002414792322,2.6289860795709425,2.6758766174316406,86800,0.0,0.0
2018-11-07 00:00:00-05:00,2.6946322733111256,2.7040102605185634,2.6508678361416855,2.6821281909942627,152900,0.0,0.0
2018-11-08 00:00:00-05:00,2.679002083664553,2.7509007802491783,2.6633722044303987,2.704010248184204,104700,0.0,0.0
2018-11-09 00:00:00-05:00,2.6852547139680056,2.7008848938847825,2.6414902698252067,2.6446163654327393,122400,0.0,0.0
2018-11-12 00:00:00-05:00,2.653994305101791,2.6727505802795775,2.6227342439666534,2.6414902210235596,72000,0.0,0.0
2018-11-13 00:00:00-05:00,2.6414889142312816,2.688379429917723,2.6414889142312816,2.660245180130005,50400,0.0,0.0
2018-11-14 00:00:00-05:00,2.6633715274133114,2.6915054817557666,2.550834517560446,2.557086706161499,146200,0.0,0.0
2018-11-15 00:00:00-05:00,2.5914739913060836,2.6133560648128458,2.5320796640216314,2.5758438110351562,156800,0.0,0.0
2018-11-16 00:00:00-05:00,2.5695911547983816,2.628985464446598,2.557087073918715,2.6102294921875,84600,0.0,0.0
2018-11-19 00:00:00-05:00,2.607102825616286,2.6164808096889427,2.5508343249388656,2.582094669342041,78000,0.0,0.0
2018-11-20 00:00:00-05:00,2.5570872462108127,2.5570872462108127,2.4820626068173794,2.5008187294006348,154700,0.0,0.0
2018-11-21 00:00:00-05:00,2.54770866385294,2.6414894148795978,2.54770866385294,2.6133551597595215,123200,0.0,0.0
2018-11-22 00:00:00-05:00,2.6164816412895653,2.6258596283428433,2.5852215850716944,2.6227338314056396,16400,0.0,0.0
2018-11-23 00:00:00-05:00,2.5945995905250236,2.6352379322052,2.5695914261250437,2.6352379322052,47000,0.0,0.0
2018-11-26 00:00:00-05:00,2.650867511840397,2.675875971535482,2.6289854449931003,2.653993606567383,68300,0.0,0.0
2018-11-27 00:00:00-05:00,2.6633716935120715,2.68525375873889,2.6508673155301414,2.679001569747925,111400,0.0,0.0
2018-11-28 00:00:00-05:00,2.691505705740244,2.7790345647144856,2.691505705740244,2.7759084701538086,115800,0.0,0.0
2018-11-29 00:00:00-05:00,2.7822327771034,2.7948792773918374,2.725323375047256,2.7379698753356934,60500,0.1,0.0
2018-11-30 00:00:00-05:00,2.7316469689752103,2.7411317694826725,2.700030565261841,2.700030565261841,25900,0.0,0.0
2018-12-03 00:00:00-05:00,2.7442934701572836,2.7759095723542813,2.700030565261841,2.700030565261841,113000,0.0,0.0
2018-12-04 00:00:00-05:00,2.7126770538116114,2.722161854274905,2.5925351423832006,2.652606248855591,103200,0.0,0.0
2018-12-05 00:00:00-05:00,2.658928902111358,2.7031917993670493,2.649444103240967,2.649444103240967,26500,0.0,0.0
2018-12-06 00:00:00-05:00,2.6051807403564453,2.617827237095408,2.567241250139557,2.6051807403564453,162800,0.0,0.0
2018-12-07 00:00:00-05:00,2.608342320291993,2.6336353126098877,2.560918035075003,2.579887628555298,95800,0.0,0.0
2018-12-10 00:00:00-05:00,2.592533789506917,2.6083419830407095,2.488200134306586,2.545109510421753,175500,0.0,0.0
2018-12-11 00:00:00-05:00,2.5640806072799274,2.608343514865978,2.510333049368058,2.538787603378296,161700,0.0,0.0
2018-12-12 00:00:00-05:00,2.5419486501813155,2.551433448824815,2.5040091540910048,2.5261404514312744,156000,0.0,0.0
2018-12-13 00:00:00-05:00,2.5166552387162273,2.5198167874911643,2.4344528599540265,2.462907552719116,197600,0.0,0.0
2018-12-14 00:00:00-05:00,2.4502618250704256,2.4502618250704256,2.3396048695737193,2.3807060718536377,306500,0.0,0.0
2018-12-17 00:00:00-05:00,2.3459281396427007,2.3648978906799245,2.228947932867398,2.244755983352661,332600,0.0,0.0
2018-12-18 00:00:00-05:00,2.2321098454571846,2.34909007124587,2.228948295149541,2.2890191078186035,226900,0.0,0.0
2018-12-19 00:00:00-05:00,2.2763704879083053,2.3838658120386524,2.21946127847592,2.333279848098755,419000,0.0,0.0
2018-12-20 00:00:00-05:00,2.3237956418865275,2.374381772636888,2.2668864143952483,2.2795329093933105,179600,0.0,0.0
2018-12-21 00:00:00-05:00,2.292180102686125,2.3396045487554007,2.086674270224703,2.0961592197418213,344700,0.0,0.0
2018-12-24 00:00:00-05:00,2.0645429726150235,2.143583665811097,1.9507243322003938,2.0961592197418213,294200,0.0,0.0
2018-12-27 00:00:00-05:00,2.1467445897783266,2.349088663203307,2.1467445897783266,2.2763712406158447,259000,0.0,0.0
2018-12-28 00:00:00-05:00,2.3148454554486473,2.427061080932617,2.2891962220402506,2.427061080932617,188300,0.1,0.0
2018-12-31 00:00:00-05:00,2.4655360095769243,2.5104221876767667,2.4078252091628407,2.475154399871826,188800,0.0,0.0
2019-01-02 00:00:00-05:00,2.4559163584094748,2.5521011352539062,2.4302671253526897,2.5521011352539062,127700,0.0,0.0
2019-01-03 00:00:00-05:00,2.539276816199304,2.545689125214696,2.4591228770661515,2.5360705852508545,80100,0.0,0.0
2019-01-04 00:00:00-05:00,2.5521011352539062,2.587368754266241,2.548894904681064,2.5521011352539062,128800,0.0,0.0
2019-01-07 00:00:00-05:00,2.5809565988835335,2.593781215411926,2.5328642104613177,2.5521011352539062,126200,0.0,0.0
2019-01-08 00:00:00-05:00,2.577750103344887,2.6001931035219235,2.564925488134731,2.5873684883117676,98800,0.0,0.0
2019-01-09 00:00:00-05:00,2.6034000406645346,2.712409452431579,2.6034000406645346,2.7059969902038574,165500,0.0,0.0
2019-01-10 00:00:00-05:00,2.7092034621700978,2.744471396031885,2.657904982839922,2.731646776199341,151300,0.0,0.0
2019-01-11 00:00:00-05:00,2.7348518222763096,2.8214182076275565,2.7220272065683053,2.795768976211548,124300,0.0,0.0
2019-01-14 00:00:00-05:00,2.7989755116504966,2.824625054427088,2.782944967839285,2.8053879737854004,153100,0.0,0.0
2019-01-15 00:00:00-05:00,2.8053879737854004,2.831037210798968,2.776532505704381,2.8053879737854004,142100,0.0,0.0
2019-01-16 00:00:00-05:00,2.853481162615546,2.882336640261564,2.7957705130866346,2.843862771987915,157600,0.0,0.0
2019-01-17 00:00:00-05:00,2.8502745557079705,2.863099175403807,2.7765327631346195,2.8085944652557373,123900,0.0,0.0
2019-01-18 00:00:00-05:00,2.728439781140567,2.773325785109851,2.6963780876513903,2.763707399368286,650000,0.0,0.0
2019-01-21 00:00:00-05:00,2.747677109684033,2.763707959678694,2.73485249084091,2.7508833408355713,98600,0.0,0.0
2019-01-22 00:00:00-05:00,2.7444711520441314,2.7444711520441314,2.7059969902038574,2.7059969902038574,125000,0.0,0.0
2019-01-23 00:00:00-05:00,2.728439986779245,2.7476767597122236,2.715615369569595,2.7444708347320557,116000,0.0,0.0
2019-01-24 00:00:00-05:00,2.7348534801966093,2.770121424095939,2.7188226244026543,2.7572968006134033,118700,0.0,0.0
2019-01-25 00:00:00-05:00,2.7605027271616804,2.7733273506442155,2.7348534801966093,2.7572968006134033,145600,0.0,0.0
2019-01-28 00:00:00-05:00,2.747676714938296,2.7669137933207955,2.722027480936955,2.73805832862854,120700,0.0,0.0
2019-01-29 00:00:00-05:00,2.741264603988895,2.7637076076650344,2.7380583732457344,2.7444708347320557,109500,0.0,0.0
2019-01-30 00:00:00-05:00,2.7704231879685053,2.7736673174887607,2.7282504323368375,2.7379825115203857,120500,0.1,0.0
2019-01-31 00:00:00-05:00,2.750958745218775,2.7671790835902086,2.7314945866748315,2.7574470043182373,36600,0.0,0.0
2019-02-01 00:00:00-05:00,2.7574470512298883,2.7574470512298883,2.7250063739351162,2.728250503540039,107000,0.0,0.0
2019-02-04 00:00:00-05:00,2.7282500221097714,2.7509583065826444,2.7250058930773116,2.7444703578948975,40000,0.0,0.0
2019-02-05 00:00:00-05:00,2.750958232771924,2.7801547745263466,2.7379820263674213,2.7704226970672607,79400,0.0,0.0
2019-02-06 00:00:00-05:00,2.776910612244257,2.796374764760251,2.770422355154175,2.79313063621521,74700,0.0,0.0
2019-02-07 00:00:00-05:00,2.7931314224882007,2.7931314224882007,2.76069105603713,2.7833993434906006,71400,0.0,0.0
2019-02-08 00:00:00-05:00,2.780156466037504,2.7996209421754754,2.7736685135764154,2.789888858795166,75000,0.0,0.0
2019-02-11 00:00:00-05:00,2.799619571771868,2.832059936952576,2.7866433638241443,2.806107521057129,86000,0.0,0.0
2019-02-12 00:00:00-05:00,2.819084364611815,2.8320605754852295,2.796376072927657,2.8320605754852295,81500,0.0,0.0
2019-02-13 00:00:00-05:00,2.8255711959642387,2.8547677330102745,2.8255711959642387,2.8482794761657715,139500,0.0,0.0
2019-02-14 00:00:00-05:00,2.8385488356105726,2.851525046483987,2.8223284946744864,2.8320605754852295,77100,0.0,0.0
2019-02-15 00:00:00-05:00,2.8482794761657715,2.8742318847895554,2.8417915286983826,2.8482794761657715,104000,0.0,0.0
2019-02-19 00:00:00-05:00,2.8612561922390745,2.8612561922390745,2.835303778973468,2.8515241146087646,128000,0.0,0.0
2019-02-20 00:00:00-05:00,2.8547687457553756,2.874232904439675,2.8482804866091262,2.8709890842437744,96800,0.0,0.0
2019-02-21 00:00:00-05:00,2.870989384627559,2.887209415435791,2.85476904444207,2.887209415435791,82800,0.0,0.0
2019-02-22 00:00:00-05:00,2.8839640970412312,2.9520892429359717,2.8839640970412312,2.945600986480713,96600,0.0,0.0
2019-02-25 00:00:00-05:00,2.968310235700443,3.062387819417255,2.968310235700443,3.0234591960906982,268900,0.0,0.0
2019-02-26 00:00:00-05:00,3.0234601388356688,3.0494125624789308,3.0104839270140378,3.0396804809570312,103000,0.0,0.0
2019-02-27 00:00:00-05:00,3.033121347427368,3.0396795977410234,3.003609846445092,3.033121347427368,68800,0.1,0.0
2019-02-28 00:00:00-05:00,3.0331221620241804,3.0429592274219885,2.951145887374878,2.951145887374878,111400,0.0,0.0
2019-03-01 00:00:00-05:00,2.974098074713273,3.0036095730089447,2.9609818879945924,3.0003304481506348,83200,0.0,0.0
2019-03-04 00:00:00-05:00,3.02656360979095,3.02656360979095,2.954424720408473,2.9806571006774902,86000,0.0,0.0
2019-03-05 00:00:00-05:00,2.9806563624275704,2.9806563624275704,2.9511448637556836,2.957703113555908,39400,0.0,0.0
2019-03-06 00:00:00-05:00,2.9675409105429815,3.006889480946507,2.9675409105429815,2.9806571006774902,69300,0.0,0.0
2019-03-07 00:00:00-05:00,2.9872149251682734,2.9872149251682734,2.9150760385440986,2.944587230682373,101900,0.0,0.0
2019-03-08 00:00:00-05:00,2.9413084178100943,2.9478663562692797,2.869169218471292,2.944587230682373,259900,0.0,0.0
2019-03-11 00:00:00-04:00,2.951145377448892,3.0134471978228263,2.951145377448892,3.003610134124756,69400,0.0,0.0
2019-03-12 00:00:00-04:00,3.006887521474639,3.013445455911022,2.970818100288442,3.010166645050049,64900,0.0,0.0
2019-03-13 00:00:00-04:00,3.0101670367523545,3.029841155336063,2.983934670164426,3.006887912750244,52000,0.0,0.0
2019-03-14 00:00:00-04:00,2.9970520890882395,3.010168277789769,2.9708197116851807,2.9708197116851807,70400,0.0,0.0
2019-03-15 00:00:00-04:00,2.99705251942202,3.0134475231170654,2.99705251942202,3.0134475231170654,36100,0.0,0.0
2019-03-18 00:00:00-04:00,3.006889611858561,3.0527964356853228,2.9970525470080593,3.0462381839752197,87000,0.0,0.0
2019-03-19 00:00:00-04:00,3.0560751107396515,3.0823074909654706,3.03312185622072,3.0724704265594482,95800,0.0,0.0
2019-03-20 00:00:00-04:00,3.0364004411242984,3.0823069419859057,3.0364004411242984,3.0790281295776367,66500,0.0,0.0
2019-03-21 00:00:00-04:00,3.0495170214093266,3.0823073387145996,3.0364008319442926,3.0823073387145996,50200,0.0,0.0
2019-03-22 00:00:00-04:00,3.0823065994732057,3.0823065994732057,3.0265627294374213,3.0593533515930176,138500,0.0,0.0
2019-03-25 00:00:00-04:00,3.05279644950925,3.079028831039144,3.0101687513445095,3.062633514404297,143000,0.0,0.0
2019-03-26 00:00:00-04:00,3.0691921081104137,3.0921456813812256,3.065913294255773,3.0921456813812256,104500,0.0,0.0
2019-03-27 00:00:00-04:00,3.095423525098488,3.095423525098488,3.052796143915526,3.075749397277832,76500,0.0,0.0
2019-03-28 00:00:00-04:00,3.0856930535335914,3.0856930535335914,3.059177678615985,3.079064130783081,51700,0.1,0.0
2019-03-29 00:00:00-04:00,3.082378271675824,3.082378271675824,3.0094617094237006,3.0160906314849854,114800,0.0,0.0
2019-04-01 00:00:00-04:00,3.045919954153894,3.0624919438845475,3.0160907519400144,3.0359768867492676,83900,0.0,0.0
2019-04-02 00:00:00-04:00,2.9266016241110933,2.9266016241110933,2.886829046194359,2.8934576511383057,869100,0.0,0.0
2019-04-03 00:00:00-04:00,2.900086572166604,2.9100296376246995,2.890143506708508,2.8934576511383057,266300,0.0,0.0
2019-04-04 00:00:00-04:00,2.8934579579989075,2.9100299462428145,2.876886285839386,2.9000868797302246,166600,0.0,0.0
2019-04-05 00:00:00-04:00,2.9000868797302246,2.903401340595883,2.896772418864566,2.9000868797302246,152000,0.0,0.0
2019-04-08 00:00:00-04:00,2.9000866295296377,2.9067155506890545,2.876886037640395,2.883514642715454,123000,0.0,0.0
2019-04-09 00:00:00-04:00,2.880200409820347,2.8835148706620686,2.860314276938781,2.866942882537842,103600,0.0,0.0
2019-04-10 00:00:00-04:00,2.8802001476287837,2.883514608168783,2.863628477097499,2.880200147628784,109400,0.0,0.0
2019-04-11 00:00:00-04:00,2.8802001476287837,2.89014352924878,2.873571542633141,2.880200147628784,99000,0.0,0.0
2019-04-12 00:00:00-04:00,2.8835147115710846,2.8967722381221375,2.8735716456788865,2.890143632888794,146900,0.0,0.0
2019-04-15 00:00:00-04:00,2.883514439037954,2.896771964335982,2.876885834431108,2.886828899383545,99400,0.0,0.0
2019-04-16 00:00:00-04:00,2.9000878995155723,2.906716823577881,2.890144829506607,2.906716823577881,104600,0.0,0.0
2019-04-17 00:00:00-04:00,2.9100309695245383,2.9100309695245383,2.890144829506607,2.906716823577881,68200,0.0,0.0
2019-04-18 00:00:00-04:00,2.910030135844201,2.9365451923282717,2.9034015297653863,2.9266021251678467,118700,0.0,0.0
2019-04-22 00:00:00-04:00,2.9166580524515338,2.943173099794196,2.9166580524515338,2.936544179916382,89300,0.0,0.0
2019-04-23 00:00:00-04:00,2.946487559733103,2.9564306234655273,2.923286656245051,2.936544179916382,145000,0.0,0.0
2019-04-24 00:00:00-04:00,2.926601116183958,2.936544179916382,2.9199725123904408,2.936544179916382,64000,0.0,0.0
2019-04-25 00:00:00-04:00,2.936545677343109,2.9431746006011963,2.9100306164796756,2.9431746006011963,118000,0.0,0.0
2019-04-26 00:00:00-04:00,2.933230378376456,2.9464879035949707,2.9199728531579416,2.9464879035949707,103200,0.0,0.0
2019-04-29 00:00:00-04:00,2.9464877397418636,2.963248257332807,2.926375054696675,2.9565439224243164,94600,0.1,0.0
2019-04-30 00:00:00-04:00,2.956545448643251,2.9598976178279433,2.9364330728959964,2.9397852420806885,58100,0.0,0.0
2019-05-01 00:00:00-04:00,2.9464890366714496,2.949841205601189,2.926376342773437,2.9263763427734375,76300,0.0,0.0
2019-05-02 00:00:00-04:00,2.926376545784702,2.933080884109281,2.8827996253967285,2.8827996253967285,104400,0.0,0.0
2019-05-03 00:00:00-04:00,2.9029099045570805,2.9397830993519163,2.8995577378156927,2.9330787658691406,61700,0.0,0.0
2019-05-06 00:00:00-04:00,2.852630175907625,2.906263593133557,2.852630175907625,2.902911424636841,92500,0.0,0.0
2019-05-07 00:00:00-04:00,2.8995589047350783,2.9029110728255367,2.8191087886461377,2.839221477508545,198000,0.0,0.0
2019-05-08 00:00:00-04:00,2.8492780074109083,2.9163197789433237,2.8459258389141917,2.902911424636841,97300,0.0,0.0
2019-05-09 00:00:00-04:00,2.8727418588465374,2.8827983619258477,2.8459251566623225,2.8693900108337402,76000,0.0,0.0
2019-05-10 00:00:00-04:00,2.866037349524142,2.9096145629882812,2.866037349524142,2.9096145629882812,58100,0.0,0.0
2019-05-13 00:00:00-04:00,2.872741460800171,2.8895019772630484,2.866037446023177,2.872741460800171,59000,0.0,0.0
2019-05-14 00:00:00-04:00,2.882798981827484,2.9163197069257163,2.882798981827484,2.892855167388916,71200,0.0,0.0
2019-05-15 00:00:00-04:00,2.8861502639430308,2.916319134384856,2.8861502639430308,2.9129669666290283,63800,0.0,0.0
2019-05-16 00:00:00-04:00,2.916320155664643,2.9531933745309287,2.916320155664643,2.9263763427734375,116100,0.0,0.0
2019-05-17 00:00:00-04:00,2.9230225853251923,2.9330787658691406,2.9196704185838045,2.9330787658691406,35700,0.0,0.0
2019-05-21 00:00:00-04:00,2.929727387479453,2.9565440892661523,2.929727387479453,2.9431357383728027,46500,0.0,0.0
2019-05-22 00:00:00-04:00,2.953192238876287,2.953192238876287,2.9364317203532972,2.9464879035949707,45600,0.0,0.0
2019-05-23 00:00:00-04:00,2.9464874422208984,2.9464874422208984,2.902910228756759,2.9096145629882812,82700,0.0,0.0
2019-05-24 00:00:00-04:00,2.9330795503078906,2.959896252050567,2.926375215032071,2.9498400688171387,43000,0.0,0.0
2019-05-27 00:00:00-04:00,2.9498400688171387,2.959896252050567,2.9364317179458004,2.9498400688171387,48300,0.0,0.0
2019-05-28 00:00:00-04:00,2.9632497489640657,2.9766581058502197,2.956545410680766,2.9766581058502197,65900,0.0,0.0
2019-05-29 00:00:00-04:00,2.953193017348316,2.969953220609052,2.9196719714660713,2.9666013717651367,86700,0.0,0.0
2019-05-30 00:00:00-04:00,2.9733830790414313,2.9733830790414313,2.9123557319837503,2.9157462120056152,66000,0.1,0.0
2019-05-31 00:00:00-04:00,2.8987936624116637,2.908964777484289,2.8072526567562814,2.878451108932495,308300,0.0,0.0
2019-06-03 00:00:00-04:00,2.8682789714579635,2.9123542188405493,2.8479364252299226,2.8750596046447754,77500,0.0,0.0
2019-06-04 00:00:00-04:00,2.8920113756218875,2.9428675743024897,2.8920113756218875,2.908963441848755,93000,0.0,0.0
2019-06-05 00:00:00-04:00,2.936087618748274,2.9733822418197158,2.908964432878433,2.929306983947754,87900,0.0,0.0
2019-06-06 00:00:00-04:00,2.963211943000953,2.9666024233706807,2.932698266341414,2.9598214626312256,61000,0.0,0.0
2019-06-07 00:00:00-04:00,2.956430636731135,2.9733827114105225,2.956430636731135,2.9733827114105225,34600,0.0,0.0
2019-06-10 00:00:00-04:00,2.9767705720467865,2.983551526022763,2.966599464416504,2.966599464416504,60600,0.0,0.0
2019-06-11 00:00:00-04:00,2.969989941404492,2.983551526022763,2.9632089874285157,2.966599464416504,51600,0.0,0.0
2019-06-12 00:00:00-04:00,2.966600520338282,2.9699909985330653,2.9428678196423905,2.9530389308929443,34100,0.0,0.0
2019-06-13 00:00:00-04:00,2.9632112753531854,2.9699922345648075,2.9326976055687495,2.9360880851745605,31000,0.0,0.0
2019-06-14 00:00:00-04:00,2.9360869679032864,2.986943172636309,2.9360869679032864,2.9835526943206787,38500,0.0,0.0
2019-06-17 00:00:00-04:00,2.9767718406547936,2.986943275953509,2.9598197718240873,2.9699912071228027,25800,0.0,0.0
2019-06-18 00:00:00-04:00,2.9767718406547936,2.986943275953509,2.9598197718240873,2.9699912071228027,67400,0.0,0.0
2019-06-19 00:00:00-04:00,2.9767726180632352,2.990334212002757,2.9564303888209045,2.980163097381592,67800,0.0,0.0
2019-06-20 00:00:00-04:00,2.9801634658005685,2.993725061416626,2.963211390447011,2.993725061416626,101300,0.0,0.0
2019-06-21 00:00:00-04:00,2.9869434324498503,3.02762820577487,2.980162475228762,3.0174567699432373,152300,0.0,0.0
2019-06-24 00:00:00-04:00,3.020847248553782,3.02762820577487,3.0072856574454416,3.0174567699432373,53000,0.0,0.0
2019-06-25 00:00:00-04:00,3.0038951788348975,3.0174567699432377,2.9869434324498503,3.0174567699432373,41300,0.0,0.0
2019-06-26 00:00:00-04:00,3.0005056036503883,3.010676718114581,2.9666014576578816,3.0038957595825195,113000,0.0,0.0
2019-06-27 00:00:00-04:00,3.0004667174266326,3.0004667174266326,2.9661755384175033,2.973033905029297,64900,0.1,0.0
2019-06-28 00:00:00-04:00,2.993608840460801,3.000467208194375,2.949030758292461,2.9696052074432373,68900,0.0,0.0
2019-07-02 00:00:00-04:00,2.993606553734571,3.000464916229248,2.983319337017279,3.000464916229248,45200,0.0,0.0
2019-07-03 00:00:00-04:00,3.003894097476586,3.01075213294654,2.983319337017279,3.000464916229248,62600,0.0,0.0
2019-07-04 00:00:00-04:00,2.990178477548064,3.0141820984756618,2.986749295408462,3.0107529163360596,32200,0.0,0.0
2019-07-05 00:00:00-04:00,3.003895466103712,3.003895466103712,2.9867498790799147,2.9901790618896484,32700,0.0,0.0
2019-07-08 00:00:00-04:00,3.003894863719044,3.017611265182495,2.9970364994749152,3.017611265182495,58100,0.0,0.0
2019-07-09 00:00:00-04:00,3.017611265182495,3.0313276666459466,3.014182083060431,3.017611265182495,61800,0.0,0.0
2019-07-10 00:00:00-04:00,3.010753322426509,3.0519025325775146,3.0038952842471005,3.0519025325775146,96700,0.0,0.0
2019-07-11 00:00:00-04:00,3.0484735400661265,3.0484735400661265,3.0244695899542986,3.034757137298584,46300,0.0,0.0
2019-07-12 00:00:00-04:00,3.048473548136394,3.048473548136394,3.031327962875366,3.031327962875366,60800,0.0,0.0
2019-07-15 00:00:00-04:00,3.0519027075162337,3.0519027075162337,3.0347574475725003,3.0416154861450195,33100,0.0,0.0
2019-07-16 00:00:00-04:00,3.0416162105929923,3.045045394208446,3.038187026977539,3.038187026977539,28900,0.0,0.0
2019-07-17 00:00:00-04:00,3.0416162105929923,3.045045394208446,3.0347581703870348,3.038187026977539,48700,0.0,0.0
2019-07-18 00:00:00-04:00,3.038187026977539,3.045045394208446,3.031328986771581,3.038187026977539,44400,0.0,0.0
2019-07-19 00:00:00-04:00,3.045044414061217,3.0656188550814822,3.0381860490379,3.048473596572876,101500,0.0,0.0
2019-07-22 00:00:00-04:00,3.0553321211351965,3.0553321211351965,3.0450448989868164,3.0450448989868164,38200,0.0,0.0
2019-07-23 00:00:00-04:00,3.048473596572876,3.0587608170830083,3.041615231549559,3.048473596572876,112300,0.0,0.0
2019-07-24 00:00:00-04:00,3.0450444699987536,3.062190055847168,3.0450444699987536,3.062190055847168,51900,0.0,0.0
2019-07-25 00:00:00-04:00,3.0656193974729558,3.06904858059133,3.051902992024359,3.0587613582611084,64200,0.0,0.0
2019-07-26 00:00:00-04:00,3.06904858059133,3.0724777637097045,3.0587613582611084,3.0587613582611084,60600,0.0,0.0
2019-07-29 00:00:00-04:00,3.0519020481058066,3.069047631369844,3.0484731930728395,3.055331230163574,87700,0.0,0.0
2019-07-30 00:00:00-04:00,3.072672725495728,3.072672725495728,3.04492852762456,3.0622687339782715,61700,0.1,0.0
2019-07-31 00:00:00-04:00,3.0553308217908506,3.0657348064022796,3.051862716674805,3.0518627166748047,74300,0.0,0.0
2019-08-01 00:00:00-04:00,3.0587985961701887,3.069202911518325,3.02065043210381,3.0518627166748047,76000,0.0,0.0
2019-08-02 00:00:00-04:00,3.048395116739351,3.055331328120912,3.013714721305069,3.0171828269958496,61200,0.0,0.0
2019-08-06 00:00:00-04:00,2.9825026672657278,3.00677874485415,2.9547584840970305,2.9720983505249023,138000,0.0,0.0
2019-08-07 00:00:00-04:00,2.9825030438579083,3.0137150058111746,2.951290751167848,3.010247230529785,148800,0.0,0.0
2019-08-08 00:00:00-04:00,3.0137154867367792,3.0587998799572986,3.0137154867367792,3.0310556888580322,68600,0.0,0.0
2019-08-09 00:00:00-04:00,3.0553308217908506,3.062266701286234,3.0414587320633757,3.0518627166748047,51500,0.0,0.0
2019-08-12 00:00:00-04:00,3.048395116739351,3.048395116739351,3.0171828269958496,3.0171828269958496,62500,0.0,0.0
2019-08-13 00:00:00-04:00,3.010247710902006,3.0379919020012722,3.010247710902006,3.0310556888580322,51100,0.0,0.0
2019-08-14 00:00:00-04:00,2.982504076323075,2.9894399600236694,2.940887451171875,2.940887451171875,173300,0.0,0.0
2019-08-15 00:00:00-04:00,2.9408866312442825,2.9408866312442825,2.8437819713506585,2.913142442703247,165200,0.0,0.0
2019-08-16 00:00:00-04:00,2.923547269749841,2.954759569969314,2.923547269749841,2.9443552494049072,89400,0.0,0.0
2019-08-19 00:00:00-04:00,2.958226549654722,3.0033109344186264,2.958226549654722,2.9859707355499268,67500,0.0,0.0
2019-08-20 00:00:00-04:00,3.00677874485415,3.0310548224425724,2.9582262589405537,2.9720983505249023,95400,0.0,0.0
2019-08-21 00:00:00-04:00,2.9825042001208844,2.9894400841093733,2.9686321014069836,2.9790360927581787,33800,0.0,0.0
2019-08-22 00:00:00-04:00,2.9929075748594247,3.0137155532748587,2.9894394682112346,3.006779670715332,55400,0.0,0.0
2019-08-23 00:00:00-04:00,3.0067795020988446,3.041459905162205,2.9894393005671644,3.0033113956451416,109600,0.0,0.0
2019-08-26 00:00:00-04:00,3.017183662988135,3.027587652206421,2.9998434604664217,3.027587652206421,48900,0.0,0.0
2019-08-27 00:00:00-04:00,3.027586798905395,3.0379911159281616,3.006778826333383,3.0345230102539062,100900,0.0,0.0
2019-08-28 00:00:00-04:00,3.0171828126193887,3.0345230102539062,3.0171828126193887,3.0345230102539062,103000,0.0,0.0
2019-08-29 00:00:00-04:00,3.034523958345909,3.0520646269468386,3.0239996910095215,3.0239996910095215,105700,0.1,0.0
2019-08-30 00:00:00-04:00,3.0345226956169826,3.059079755263744,3.0345226956169826,3.0555715560913086,24500,0.0,0.0
2019-09-03 00:00:00-04:00,3.041538789473694,3.0450469882949243,3.009965669203131,3.0204899311065674,64700,0.0,0.0
2019-09-04 00:00:00-04:00,3.0239994847694667,3.0520644187927246,3.0239994847694667,3.0520644187927246,40500,0.0,0.0
2019-09-05 00:00:00-04:00,3.0555722990631695,3.0766211646555925,3.0555722990631695,3.073112964630127,107800,0.0,0.0
2019-09-06 00:00:00-04:00,3.080129030120689,3.083637230146154,3.0625883645537315,3.073112964630127,84200,0.0,0.0
2019-09-09 00:00:00-04:00,3.0801291465759277,3.083637346734033,3.0696048806619936,3.0801291465759277,39500,0.0,0.0
2019-09-10 00:00:00-04:00,3.076621172041423,3.087145437582715,3.073112972007536,3.083637237548828,71400,0.0,0.0
2019-09-11 00:00:00-04:00,3.0941614015217023,3.104686001277885,3.0871453362446055,3.0976696014404297,86600,0.0,0.0
2019-09-12 00:00:00-04:00,3.1117019653320312,3.118718364941244,3.1046859002831657,3.1117019653320312,70300,0.0,0.0
2019-09-13 00:00:00-04:00,3.11521113847,3.132751808413187,3.111702937569272,3.1187193393707275,99100,0.0,0.0
2019-09-16 00:00:00-04:00,3.115210266473709,3.1187184663924366,3.090653536163333,3.0976696014404297,76500,0.0,0.0
2019-09-17 00:00:00-04:00,3.101178201601072,3.1292431354522705,3.0871457346754725,3.1292431354522705,69500,0.0,0.0
2019-09-18 00:00:00-04:00,3.1257356314967577,3.1327520338030173,3.1081949602915846,3.122227430343628,38200,0.0,0.0
2019-09-19 00:00:00-04:00,3.13275099551444,3.143275260925293,3.1257345955336278,3.143275260925293,45700,0.0,0.0
2019-09-20 00:00:00-04:00,3.136260053873337,3.1573089272616985,3.136260053873337,3.1538007259368896,55500,0.0,0.0
2019-09-23 00:00:00-04:00,3.157307835953096,3.157307835953096,3.1292429041761207,3.1397671699523926,83200,0.0,0.0
2019-09-24 00:00:00-04:00,3.1397682551981463,3.1538007259368896,3.1397682551981463,3.1538007259368896,74400,0.0,0.0
2019-09-25 00:00:00-04:00,3.1327521871090207,3.1538007259368896,3.129243985784212,3.1538007259368896,50300,0.0,0.0
2019-09-26 00:00:00-04:00,3.1502936040502605,3.1538018065771443,3.1432775335571006,3.1467857360839844,63600,0.0,0.0
2019-09-27 00:00:00-04:00,3.168069598364092,3.168069598364092,3.129045009613037,3.129045009613037,36400,0.1,0.0
2019-09-30 00:00:00-04:00,3.150331397279262,3.15742656223993,3.1077593925185956,3.111307144165039,50000,0.0,0.0
2019-10-01 00:00:00-04:00,3.125497733913172,3.125497733913172,3.0687347239924905,3.0900208950042725,100100,0.0,0.0
2019-10-02 00:00:00-04:00,3.0829269037615603,3.086474657058716,3.026164204336576,3.086474657058716,124200,0.0,0.0
2019-10-03 00:00:00-04:00,3.0900199515935,3.1290441918130716,3.0439002104255843,3.104210615158081,81000,0.0,0.0
2019-10-04 00:00:00-04:00,3.1113062082820138,3.12194912168773,3.1006629565441806,3.114853620529175,52800,0.0,0.0
2019-10-07 00:00:00-04:00,3.1219490291968346,3.1219490291968346,3.104210615158081,3.104210615158081,16800,0.0,0.0
2019-10-08 00:00:00-04:00,3.0971155076776,3.1148539239699007,3.079377429717449,3.1077587604522705,71800,0.0,0.0
2019-10-09 00:00:00-04:00,3.1077593925185956,3.129045225732819,3.104211640872152,3.111307144165039,14200,0.0,0.0
2019-10-10 00:00:00-04:00,3.1184012787226623,3.1467826058518247,3.100662864683909,3.104210615158081,59200,0.0,0.0
2019-10-11 00:00:00-04:00,3.1290444504654746,3.1432351152030815,3.111306373292567,3.13259220123291,52100,0.0,0.0
2019-10-15 00:00:00-04:00,3.1219488007822314,3.1467823756202953,3.1113058884705014,3.118401050567627,54700,0.0,0.0
2019-10-16 00:00:00-04:00,3.125497038030174,3.1396877027677808,3.125497038030174,3.13259220123291,41100,0.0,0.0
2019-10-17 00:00:00-04:00,3.1396873710742983,3.153878034312727,3.1219489574432373,3.1219489574432373,56800,0.0,0.0
2019-10-18 00:00:00-04:00,3.1219516616519436,3.150333012712493,3.1219516616519436,3.146785259246826,32000,0.0,0.0
2019-10-21 00:00:00-04:00,3.1432356899369474,3.157426357269287,3.1432356899369474,3.157426357269287,40900,0.0,0.0
2019-10-22 00:00:00-04:00,3.150332060552754,3.1645227317940248,3.1432365557659736,3.1609749794006348,70100,0.0,0.0
2019-10-23 00:00:00-04:00,3.1609739084069637,3.168069410789663,3.058091492183053,3.0687344074249268,218400,0.0,0.0
2019-10-24 00:00:00-04:00,3.0155198517002626,3.0190676033137596,2.990686267070217,3.001329183578491,752200,0.0,0.0
2019-10-25 00:00:00-04:00,3.008424192659934,3.008424192659934,2.9942335252731307,2.997781276702881,370900,0.0,0.0
2019-10-28 00:00:00-04:00,3.001330051467582,3.0048778041069757,2.990687131881714,2.990687131881714,141600,0.0,0.0
2019-10-29 00:00:00-04:00,2.990686339328271,2.990686339328271,2.9658524157659962,2.96940016746521,179700,0.0,0.0
2019-10-30 00:00:00-04:00,2.9765798944605835,3.0088950507843744,2.9299024844843453,3.001713752746582,157800,0.1,0.0
2019-10-31 00:00:00-04:00,2.9945339973769913,2.9945339973769913,2.9334943092828683,2.9586281776428223,282500,0.0,0.0
2019-11-01 00:00:00-04:00,2.9658087095098944,2.9909425713525115,2.9658087095098944,2.980170965194702,62200,0.0,0.0
2019-11-04 00:00:00-05:00,3.0124865240247414,3.023258131605423,2.998124266442756,3.0088958740234375,107300,0.0,0.0
2019-11-05 00:00:00-05:00,3.0160768429852203,3.034029750636263,3.005305235363888,3.026848793029785,148100,0.0,0.0
2019-11-06 00:00:00-05:00,3.03044050105105,3.044802765324339,3.026850191800271,3.0340311527252197,67300,0.0,0.0
2019-11-07 00:00:00-05:00,3.0376206309082416,3.0699357986450195,3.0376206309082416,3.0699357986450195,92300,0.0,0.0
2019-11-08 00:00:00-05:00,3.0627552788970456,3.069936581301929,3.0412120565290857,3.0663459300994873,92400,0.0,0.0
2019-11-11 00:00:00-05:00,3.0627553097307683,3.0663459609693584,3.048393047199757,3.0591650009155273,72500,0.0,0.0
2019-11-12 00:00:00-05:00,3.059164036343811,3.0627543440270077,3.0376204781284257,3.0412111282348633,98800,0.0,0.0
2019-11-13 00:00:00-05:00,3.041211567123488,3.041211567123488,3.016077355174452,3.030439615249634,53700,0.0,0.0
2019-11-14 00:00:00-05:00,3.0376200675964355,3.0376200675964355,3.0160765122926447,3.0376200675964355,69300,0.0,0.0
2019-11-15 00:00:00-05:00,3.034029417975271,3.0412107172176,3.0304387683541067,3.0376200675964355,41000,0.0,0.0
2019-11-18 00:00:00-05:00,3.044802188873291,3.051983490862045,3.0304399273191085,3.044802188873291,62800,0.0,0.0
2019-11-19 00:00:00-05:00,3.0519818606891422,3.06634411457193,3.0483912116126595,3.055572509765625,64600,0.0,0.0
2019-11-20 00:00:00-05:00,3.0735268216283664,3.0807077806499374,3.0448019582721817,3.0627548694610596,112100,0.0,0.0
2019-11-21 00:00:00-05:00,3.0735262875592326,3.0914788532052957,3.055573379489929,3.0842978954315186,73900,0.0,0.0
2019-11-22 00:00:00-05:00,3.087887844472066,3.1094310553255795,3.080706545905453,3.102250099182129,72900,0.0,0.0
2019-11-25 00:00:00-05:00,3.1166128171816214,3.138156031237568,3.1130221673645595,3.1273844242095947,100700,0.0,0.0
2019-11-26 00:00:00-05:00,3.1345661732222654,3.14174747467041,3.123794563473348,3.14174747467041,109000,0.0,0.0
2019-11-27 00:00:00-05:00,3.1381573988627496,3.141748050244636,3.1273857871404522,3.130976438522339,103600,0.0,0.0
2019-11-28 00:00:00-05:00,3.141872789414435,3.141872789414435,3.1091830730438232,3.1091830730438232,100200,0.1,0.0
2019-11-29 00:00:00-05:00,3.1164462566375732,3.141871698227377,3.1164462566375732,3.1164462566375732,37600,0.0,0.0
2019-12-02 00:00:00-05:00,3.130975016580164,3.1346073213603027,3.072859525680542,3.072859525680542,83900,0.0,0.0
2019-12-03 00:00:00-05:00,3.0619633142297125,3.065595273037058,3.0365375242041526,3.0510663986206055,120700,0.0,0.0
2019-12-04 00:00:00-05:00,3.0619642568397323,3.101918587185791,3.0619642568397323,3.09102201461792,81100,0.0,0.0
2019-12-05 00:00:00-05:00,3.0910210649341874,3.0910210649341874,3.047434441658438,3.0546987056732178,106600,0.0,0.0
2019-12-06 00:00:00-05:00,3.072861303272876,3.0982867586506955,3.058332422143287,3.087390184402466,118900,0.0,0.0
2019-12-09 00:00:00-05:00,3.091022491283826,3.091022491283826,3.0692289963915167,3.087390184402466,52800,0.0,0.0
2019-12-10 00:00:00-05:00,3.0801250941931957,3.0837574005126953,3.0764931342694926,3.0837574005126953,38000,0.0,0.0
2019-12-11 00:00:00-05:00,3.0801245043597127,3.0801245043597127,3.0655956282597416,3.069227933883667,60700,0.0,0.0
2019-12-12 00:00:00-05:00,3.0728598757934686,3.087388750173753,3.065595265405482,3.0801241397857666,66800,0.0,0.0
2019-12-13 00:00:00-05:00,3.0801250956542523,3.09102201461792,3.0728608294076034,3.09102201461792,53800,0.0,0.0
2019-12-16 00:00:00-05:00,3.0873885197318787,3.1128139614007053,3.0764919513589044,3.0946531295776367,93500,0.0,0.0
2019-12-17 00:00:00-05:00,3.1019175052642822,3.1164463790858328,3.091020936497038,3.1019175052642822,59500,0.0,0.0
2019-12-18 00:00:00-05:00,3.0982862808645684,3.101918587185791,3.09102201461792,3.09102201461792,29300,0.0,0.0
2019-12-19 00:00:00-05:00,3.1019173812533487,3.1164462544940523,3.0982850763442573,3.112813949584961,71900,0.0,0.0
2019-12-20 00:00:00-05:00,3.1164473218868705,3.134608506256927,3.1091830559763163,3.1309762001037598,92600,0.0,0.0
2019-12-23 00:00:00-05:00,3.1309756121263277,3.1382402230684145,3.116446736637869,3.123711347579956,57800,0.0,0.0
2019-12-24 00:00:00-05:00,3.1200785615491626,3.1309751298882698,3.1128139517259834,3.1164462566375732,88200,0.0,0.0
2019-12-27 00:00:00-05:00,3.123710984730384,3.1346075534820557,3.112814069583037,3.1346075534820557,172400,0.0,0.0
2019-12-30 00:00:00-05:00,3.149306372593604,3.149306372593604,3.123582861177068,3.138282060623169,73100,0.1,0.0
2019-12-31 00:00:00-05:00,3.13093313069398,3.152981758117676,3.13093313069398,3.152981758117676,51600,0.0,0.0
2020-01-02 00:00:00-05:00,3.1456331104052215,3.1456331104052215,3.1125598106337398,3.1272590160369873,79800,0.0,0.0
2020-01-03 00:00:00-05:00,3.134608696589541,3.14930790317956,3.1272592685228964,3.141958475112915,43200,0.0,0.0
2020-01-06 00:00:00-05:00,3.130933235781784,3.130933235781784,3.0941850549000423,3.119908571243286,111100,0.0,0.0
2020-01-07 00:00:00-05:00,3.1199095839415483,3.1566577767514663,3.1088852662812685,3.1456334590911865,85700,0.0,0.0
2020-01-08 00:00:00-05:00,3.160331002341728,3.1897294009299393,3.1529812274663973,3.1787047386169434,96300,0.0,0.0
2020-01-09 00:00:00-05:00,3.182381724061757,3.1934060431860565,3.1640076252167346,3.186056613922119,72300,0.0,0.0
2020-01-10 00:00:00-05:00,3.160333085813159,3.197080933046418,3.160333085813159,3.186056613922119,59000,0.0,0.0
2020-01-13 00:00:00-05:00,3.186055818971828,3.204429913232345,3.182380930028385,3.197080135345459,93600,0.0,0.0
2020-01-14 00:00:00-05:00,3.1934042278665093,3.1970791156378477,3.189729690551758,3.189729690551758,60200,0.0,0.0
2020-01-15 00:00:00-05:00,3.1897307079152712,3.200755024288902,3.186055818971828,3.197080135345459,59200,0.0,0.0
2020-01-16 00:00:00-05:00,3.1934046745300293,3.197079562815377,3.1860552484159705,3.1934046745300293,68200,0.0,0.0
2020-01-17 00:00:00-05:00,3.2007535175425965,3.2081029415130615,3.1860543191451316,3.2081029415130615,105200,0.0,0.0
2020-01-20 00:00:00-05:00,3.2044296906645053,3.2191288949606265,3.2044296906645053,3.2117791175842285,94100,0.0,0.0
2020-01-21 00:00:00-05:00,3.2117795456034814,3.2191293239593506,3.2081046564255464,3.2191293239593506,44000,0.0,0.0
2020-01-22 00:00:00-05:00,3.222803419293858,3.2338277336554238,3.222803419293858,3.2301528453826904,53400,0.0,0.0
2020-01-23 00:00:00-05:00,3.2338277516172407,3.248526954333184,3.2191285489012977,3.244852066040039,85900,0.0,0.0
2020-01-24 00:00:00-05:00,3.244852066040039,3.244852066040039,3.2338277516172407,3.244852066040039,103300,0.0,0.0
2020-01-27 00:00:00-05:00,3.2081044517190893,3.233828323866492,3.1970801353454585,3.197080135345459,174200,0.0,0.0
2020-01-28 00:00:00-05:00,3.208103533981572,3.230152510878013,3.2044289965459973,3.22647762298584,116500,0.0,0.0
2020-01-29 00:00:00-05:00,3.22280334205174,3.248526858431079,3.22280334205174,3.2411770820617676,88200,0.0,0.0
2020-01-30 00:00:00-05:00,3.2225923111005406,3.244893789291382,3.2225923111005406,3.244893789291382,52700,0.1,0.0
2020-01-31 00:00:00-05:00,3.244893268372804,3.252327329560061,3.181705520658855,3.2002899646759033,98400,0.0,0.0
2020-02-03 00:00:00-05:00,3.192855884262859,3.241176212897834,3.192855884262859,3.237459182739258,60200,0.0,0.0
2020-02-04 00:00:00-05:00,3.2411776646235464,3.270913210259717,3.2411776646235464,3.2671961784362793,57200,0.0,0.0
2020-02-05 00:00:00-05:00,3.270913296631264,3.2783470059987683,3.2560455234205814,3.263479232788086,69300,0.0,0.0
2020-02-06 00:00:00-05:00,3.282064104016706,3.282064104016706,3.2709133625030518,3.2709133625030518,62500,0.0,0.0
2020-02-07 00:00:00-05:00,3.2783470059987683,3.2783470059987683,3.263479232788086,3.263479232788086,45800,0.0,0.0
2020-02-10 00:00:00-05:00,3.2597620603610125,3.274629831314087,3.252327997646665,3.274629831314087,67900,0.0,0.0
2020-02-11 00:00:00-05:00,3.2746298429011773,3.2894976139068604,3.270912811530851,3.2894976139068604,60100,0.0,0.0
2020-02-12 00:00:00-05:00,3.2894974610376764,3.29321413775966,3.2709126595253384,3.285780429840088,44700,0.0,0.0
2020-02-13 00:00:00-05:00,3.285780582536534,3.293214290801565,3.278346519795882,3.2894976139068604,29400,0.0,0.0
2020-02-14 00:00:00-05:00,3.2894976139068604,3.2969313221718908,3.2746298429011773,3.2894976139068604,44900,0.0,0.0
2020-02-18 00:00:00-05:00,3.2820637994845385,3.304365634918213,3.2709130590055255,3.304365634918213,84400,0.0,0.0
2020-02-19 00:00:00-05:00,3.3043653412107252,3.319233112019775,3.3043653412107252,3.3117990493774414,66600,0.0,0.0
2020-02-20 00:00:00-05:00,3.304365731059347,3.315516471862793,3.296931667539944,3.315516471862793,52600,0.0,0.0
2020-02-21 00:00:00-05:00,3.3155161476961297,3.3192331790924072,3.3117991162998517,3.3192331790924072,67500,0.0,0.0
2020-02-24 00:00:00-05:00,3.244894493003616,3.3006489095232507,3.2263100419727526,3.2709133625030518,235600,0.0,0.0
2020-02-25 00:00:00-05:00,3.2634785274289415,3.2820633285443463,3.148253398569507,3.1705548763275146,296100,0.0,0.0
2020-02-26 00:00:00-05:00,3.1594035234121787,3.2448930956621367,3.014442528256194,3.0367443561553955,411100,0.0,0.0
2020-02-27 00:00:00-05:00,3.017929819198401,3.070611653185155,2.8335425030745656,2.987825632095337,507900,0.1,0.0
2020-02-28 00:00:00-05:00,2.8260176181793213,2.8975145749363826,2.649156234065867,2.8260176181793213,483800,0.0,0.0
2020-03-02 00:00:00-05:00,2.8335429479471537,3.1646872637308645,2.8335429479471537,3.0894272327423096,256300,0.0,0.0
2020-03-03 00:00:00-05:00,3.160924172464403,3.175976178662114,2.972774094993015,3.0894272327423096,255100,0.0,0.0
2020-03-04 00:00:00-05:00,3.108242109935504,3.14587194332901,3.108242109935504,3.1232941150665283,93600,0.0,0.0
2020-03-05 00:00:00-05:00,3.070612058917385,3.074375150090265,2.980300023977021,2.995352029800415,234300,0.0,0.0
2020-03-06 00:00:00-05:00,2.9313804458794213,2.953958450998691,2.8109642391426135,2.8485944271087646,454100,0.0,0.0
2020-03-09 00:00:00-04:00,2.588948652904853,2.7206538515302676,2.35564228054736,2.506162405014038,633500,0.0,0.0
2020-03-10 00:00:00-04:00,2.8523576107547677,2.8523576107547677,2.6341033609827855,2.6943113803863525,269200,0.0,0.0
2020-03-11 00:00:00-04:00,2.6341042044471656,2.6341042044471656,2.261566695946582,2.299196720123291,831500,0.0,0.0
2020-03-12 00:00:00-04:00,2.1411505149664256,2.1411505149664256,1.5992776093314427,1.655722737312317,1249400,0.0,0.0
2020-03-13 00:00:00-04:00,1.9755771338939667,2.0094442278938915,1.7121669211483777,1.8815020322799683,698600,0.0,0.0
2020-03-16 00:00:00-04:00,1.6933520754391358,1.7234560836263848,1.5842249560433372,1.6406700611114502,554800,0.0,0.0
2020-03-17 00:00:00-04:00,1.659485495006645,1.7121677052285789,1.5014393129260903,1.6670114994049072,445600,0.0,0.0
2020-03-18 00:00:00-04:00,1.4562825200641685,1.5992767166138016,1.4412305182625247,1.5353056192398071,452000,0.0,0.0
2020-03-19 00:00:00-04:00,1.5014395173177617,1.5353065417202754,1.4224163706615014,1.4638094902038574,355100,0.0,0.0
2020-03-20 00:00:00-04:00,1.5014392191337655,1.636907379557071,1.4863872112775143,1.4901502132415771,431200,0.0,0.0
2020-03-23 00:00:00-04:00,1.4675719298060068,1.4675719298060068,1.3396297072762051,1.3810228109359741,386700,0.0,0.0
2020-03-24 00:00:00-04:00,1.418652861967281,1.4487568729213784,1.3358667421264838,1.3885488510131836,823400,0.0,0.0
2020-03-25 00:00:00-04:00,1.4036008276786727,1.768612222155643,1.3923118238026144,1.682063102722168,638600,0.0,0.0
2020-03-26 00:00:00-04:00,2.2728548201402066,2.310484831182121,1.712167207030561,1.8965543508529663,700300,0.0,0.0
2020-03-27 00:00:00-04:00,1.7761380705143048,1.840109176640933,1.5992769354295444,1.7121671438217163,377500,0.0,0.0
2020-03-30 00:00:00-04:00,1.6933523504366441,1.7686123831268663,1.6256183210154442,1.6707743406295776,244900,0.0,0.0
2020-03-31 00:00:00-04:00,1.6933522773524803,1.8664505245032366,1.61809224791044,1.7347453832626343,306100,0.0,0.0
2020-04-01 00:00:00-04:00,1.670774370790419,1.7196934826391876,1.5917512453221234,1.6218552589416504,297900,0.0,0.0
2020-04-02 00:00:00-04:00,1.5992773907383016,1.730982551735814,1.5992773907383016,1.6519594192504883,270100,0.0,0.0
2020-04-03 00:00:00-04:00,1.6557230933713611,1.7008791336931057,1.5691739263709399,1.5879888534545898,218100,0.0,0.0
2020-04-06 00:00:00-04:00,1.6895891538456098,1.7573233584819192,1.6783002393622652,1.7460342645645142,232700,0.0,0.0
2020-04-07 00:00:00-04:00,1.847635616670078,1.9567627602554338,1.8062426859543101,1.8702136278152466,326300,0.0,0.0
2020-04-08 00:00:00-04:00,1.8927915336695322,1.9755775620819833,1.858924432329229,1.945473551750183,282700,0.0,0.0
2020-04-09 00:00:00-04:00,1.9755781365607263,2.1486764257379183,1.9755781365607263,2.0470752716064453,489900,0.0,0.0
2020-04-13 00:00:00-04:00,2.0959935023029495,2.0959935023029495,1.8965541913978372,2.01697039604187,306000,0.0,0.0
2020-04-14 00:00:00-04:00,2.062127111729235,2.1524391615666456,1.986867070198059,1.986867070198059,268800,0.0,0.0
2020-04-15 00:00:00-04:00,1.9567627602554338,1.9567627602554338,1.7686124879449467,1.8702136278152466,338600,0.0,0.0
2020-04-16 00:00:00-04:00,1.8927915921244245,1.9040805066304565,1.8100053817212398,1.8250573873519897,221300,0.0,0.0
2020-04-17 00:00:00-04:00,1.919132741680153,1.926658745395209,1.843872704529591,1.8702136278152466,173900,0.0,0.0
2020-04-20 00:00:00-04:00,1.8476355325285583,1.937947752430487,1.8250575224115948,1.8589246273040771,142800,0.0,0.0
2020-04-21 00:00:00-04:00,1.810005176932579,1.828820271559258,1.7761380783781724,1.8137682676315308,139500,0.0,0.0
2020-04-22 00:00:00-04:00,1.8664501552659618,1.881502158176653,1.8250570575445475,1.83634614944458,109700,0.0,0.0
2020-04-23 00:00:00-04:00,1.813767669002529,1.8626865759050721,1.779900581625861,1.7911896705627441,217000,0.0,0.0
2020-04-24 00:00:00-04:00,1.7987160789369745,1.8212940825093187,1.7761378959306082,1.7949529886245728,60900,0.0,0.0
2020-04-27 00:00:00-04:00,1.8062423580117013,1.8212943627089613,1.7874272624231013,1.8024792671203613,183800,0.0,0.0
2020-04-28 00:00:00-04:00,1.8702127141796818,1.9003168937675072,1.8626867141412242,1.8777387142181396,222900,0.0,0.0
2020-04-29 00:00:00-04:00,1.9040805566534784,1.9831036780079998,1.88902855062729,1.9680516719818115,387300,0.0,0.0
2020-04-30 00:00:00-04:00,1.9755779102588715,1.9755779102588715,1.8739767677657786,1.8927918672561646,187100,0.0,0.0
2020-05-01 00:00:00-04:00,1.8551612835607716,1.8551612835607716,1.7836641715317614,1.8024792671203613,403300,0.0,0.0
2020-05-04 00:00:00-04:00,1.77237595400297,1.7987170622882929,1.749797938087316,1.7686128616333008,206100,0.0,0.0
2020-05-05 00:00:00-04:00,1.8100049802700229,1.8626869882930073,1.78366388654152,1.7987160682678223,151400,0.0,0.0
2020-05-06 00:00:00-04:00,1.7987171754499405,1.813769187007335,1.7573240539500403,1.8062431812286377,99600,0.0,0.0
2020-05-07 00:00:00-04:00,1.7686122281190588,1.817531334797285,1.7573233139219642,1.7610862255096436,242300,0.0,0.0
2020-05-08 00:00:00-04:00,1.7799017068299734,1.783664619231755,1.712167668691053,1.7159305810928345,426000,0.0,0.0
2020-05-11 00:00:00-04:00,1.712167085943515,1.7159299970645645,1.6218548863958886,1.6481959819793701,312800,0.0,0.0
2020-05-12 00:00:00-04:00,1.6481962353517707,1.6820631583836145,1.6030402183532715,1.6030402183532715,261500,0.0,0.0
2020-05-13 00:00:00-04:00,1.5992769326062748,1.5992769326062748,1.4826238131717842,1.4939128160476685,446200,0.0,0.0
2020-05-14 00:00:00-04:00,1.4826238018647733,1.5578838204633758,1.3734966851797807,1.5503578186035156,396200,0.0,0.0
2020-05-15 00:00:00-04:00,1.5315430722834213,1.5428319865990259,1.4863869664358589,1.512727975845337,161400,0.0,0.0
2020-05-19 00:00:00-04:00,1.584225487197674,1.6256186020503212,1.5616474734873491,1.5992774963378906,185600,0.0,0.0
2020-05-20 00:00:00-04:00,1.614329301616225,1.6594853233344502,1.5992772943768168,1.606803297996521,149200,0.0,0.0
2020-05-21 00:00:00-04:00,1.6068025820716296,1.6068025820716296,1.5277794895571233,1.539068579673767,333200,0.0,0.0
2020-05-22 00:00:00-04:00,1.5390689172682253,1.5428318285098337,1.4675718093372718,1.4939128160476685,209800,0.0,0.0
2020-05-25 00:00:00-04:00,1.4976760715291884,1.5578840970993042,1.493913069931056,1.5578840970993042,81800,0.0,0.0
2020-05-26 00:00:00-04:00,1.587988329618557,1.8062428113788231,1.587988329618557,1.7159305810928345,344300,0.0,0.0
2020-05-27 00:00:00-04:00,1.7610862255096438,1.8137684232096056,1.7046412956560582,1.7610862255096436,346400,0.0,0.0
2020-05-28 00:00:00-04:00,1.7573233543150433,1.7610862659892155,1.7196933404030201,1.7272193431854248,123500,0.0,0.0
2020-05-29 00:00:00-04:00,1.7159300550699677,1.7196931457522586,1.6444329470127972,1.7121671438217163,134100,0.0,0.0
2020-06-01 00:00:00-04:00,1.7121677494558505,1.798716891988579,1.6783006390717947,1.7836647033691406,162100,0.0,0.0
2020-06-02 00:00:00-04:00,1.810006507689926,1.8815036686299655,1.7761393842356514,1.8739776611328125,216000,0.0,0.0
2020-06-03 00:00:00-04:00,1.9003172525353285,2.050837281721707,1.9003172525353285,2.02825927734375,438500,0.0,0.0
2020-06-04 00:00:00-04:00,2.035786215745307,2.035786215745307,1.9266590546439128,1.9793412685394287,189800,0.0,0.0
2020-06-05 00:00:00-04:00,2.0658897606680076,2.2766182089535887,2.0583637574745275,2.2088840007781982,484300,0.0,0.0
2020-06-08 00:00:00-04:00,2.257802554911979,2.3518776613666446,2.257802554911979,2.3405885696411133,310800,0.0,0.0
2020-06-09 00:00:00-04:00,2.2803810800394593,2.284144171285916,2.1938319551456846,2.261566162109375,241900,0.0,0.0
2020-06-10 00:00:00-04:00,2.238988465061268,2.2615666586288437,2.1035203802604516,2.126098394393921,326600,0.0,0.0
2020-06-11 00:00:00-04:00,1.9981559592776692,1.9981559592776692,1.8062427662909333,1.8626877069473267,663300,0.0,0.0
2020-06-12 00:00:00-04:00,1.9755776376462293,2.062126760377617,1.9341845321397233,1.960525631904602,363700,0.0,0.0
2020-06-15 00:00:00-04:00,1.8212950994340118,2.047075440656496,1.7874279854486963,2.0320234298706055,483400,0.0,0.0
2020-06-16 00:00:00-04:00,2.1148095223767434,2.167491740388127,1.9906303417275721,2.0583643913269043,358100,0.0,0.0
2020-06-17 00:00:00-04:00,2.0658900248235024,2.080942212569184,1.9755779749539712,2.0056819915771484,123800,0.0,0.0
2020-06-18 00:00:00-04:00,2.03202187451045,2.1148078704663864,1.9605247882860581,2.0809409618377686,457500,0.0,0.0
2020-06-19 00:00:00-04:00,2.1298608866454583,2.2051210983364435,2.095993961846882,2.107282876968384,387400,0.0,0.0
2020-06-22 00:00:00-04:00,2.144912893096841,2.1562019876524134,2.0809419553954993,2.107282876968384,309700,0.0,0.0
2020-06-23 00:00:00-04:00,2.1373857667810934,2.156200854675963,2.1148077689676352,2.144911766052246,257000,0.0,0.0
2020-06-24 00:00:00-04:00,2.12986073550083,2.141149829255277,2.065889622905099,2.077178716659546,328800,0.0,0.0
2020-06-25 00:00:00-04:00,2.0658894035398534,2.1486756037910393,2.0508373997549176,2.1336236000061035,139000,0.0,0.0
2020-06-26 00:00:00-04:00,2.1185721489920817,2.129861065059231,2.069653034210205,2.069653034210205,194700,0.0,0.0
2020-06-29 00:00:00-04:00,2.0888161659240723,2.12331043752783,2.0121624320900744,2.0888161659240723,182700,0.1,0.0
2020-06-30 00:00:00-04:00,2.0888160126259705,2.1118123138453897,2.0696526719523263,2.1079795360565186,120600,0.0,0.0
2020-07-02 00:00:00-04:00,2.146306400160711,2.184633264264903,2.081150639805132,2.1079795360565186,129100,0.0,0.0
2020-07-03 00:00:00-04:00,2.1079794303203596,2.1424736976623535,2.092648685447672,2.1424736976623535,102300,0.0,0.0
2020-07-06 00:00:00-04:00,2.1539725856850716,2.1654707406330864,2.1156457071199757,2.138641834259033,149500,0.0,0.0
2020-07-07 00:00:00-04:00,2.134808634339443,2.1424740078857076,2.0888162103049304,2.104146957397461,173000,0.0,0.0
2020-07-08 00:00:00-04:00,2.1041476907245302,2.123311222647432,2.069653589123085,2.1003150939941406,143400,0.0,0.0
2020-07-09 00:00:00-04:00,2.104146273928348,2.104146273928348,2.0159945981582,2.031325340270996,126500,0.0,0.0
2020-07-10 00:00:00-04:00,2.0313262876834743,2.1233107832619074,2.0121627597261607,2.115645408630371,115500,0.0,0.0
2020-07-13 00:00:00-04:00,2.130976238342459,2.176968487867984,2.1003147386587764,2.1348090171813965,188200,0.0,0.0
2020-07-14 00:00:00-04:00,2.127143726933101,2.176968574523926,2.127143726933101,2.176968574523926,102900,0.0,0.0
2020-07-15 00:00:00-04:00,2.203796991320911,2.2766181312258236,2.1961316177918104,2.2382912635803223,297400,0.0,0.0
2020-07-16 00:00:00-04:00,2.230626680554813,2.2727861585271465,2.230626680554813,2.268953561782837,131600,0.0,0.0
2020-07-17 00:00:00-04:00,2.2727852543889484,2.2996141519542364,2.268952659169286,2.295781373977661,82600,0.0,0.0
2020-07-20 00:00:00-04:00,2.299614451017457,2.341774100458053,2.295781672542432,2.3072798252105713,338700,0.0,0.0
2020-07-21 00:00:00-04:00,2.3417738655973013,2.399264257658309,2.334108492172961,2.391598701477051,309900,0.0,0.0
2020-07-22 00:00:00-04:00,2.3954310329332555,2.483582902255475,2.391598255557258,2.4605867862701416,270700,0.0,0.0
2020-07-23 00:00:00-04:00,2.4835827864334914,2.50274630690602,2.3571040630340576,2.3571040630340576,307900,0.0,0.0
2020-07-24 00:00:00-04:00,2.307279647822185,2.334108546813892,2.253622032595694,2.3187777996063232,281400,0.0,0.0
2020-07-27 00:00:00-04:00,2.3724348783736637,2.3915982166714156,2.318777275280324,2.3801002502441406,243600,0.0,0.0
2020-07-28 00:00:00-04:00,2.37626856422162,2.410762844858558,2.345607062658549,2.3532724380493164,234700,0.0,0.0
2020-07-29 00:00:00-04:00,2.3647695065031864,2.3992637712987737,2.3647695065031864,2.3801002502441406,204700,0.0,0.0
2020-07-30 00:00:00-04:00,2.395682995059068,2.411264657974243,2.3450424977107125,2.411264657974243,154900,0.1,0.0
2020-07-31 00:00:00-04:00,2.411263571758948,2.426845227654968,2.3606230972228883,2.3684139251708984,141300,0.0,0.0
2020-08-04 00:00:00-04:00,2.376204942838042,2.403472935707182,2.3606232856979634,2.383995771408081,89200,0.0,0.0
2020-08-05 00:00:00-04:00,2.411264339993013,2.4346368312835693,2.391787171043525,2.4346368312835693,136000,0.0,0.0
2020-08-06 00:00:00-04:00,2.4385332472787478,2.4813827377243136,2.4307422281997884,2.4541149139404297,203800,0.0,0.0
2020-08-07 00:00:00-04:00,2.45021743075205,2.4813807389733844,2.4385312830430337,2.477485418319702,79600,0.0,0.0
2020-08-10 00:00:00-04:00,2.4774867813475048,2.5320226007385678,2.461905118664344,2.48917293548584,262300,0.0,0.0
2020-08-11 00:00:00-04:00,2.5047543445428255,2.563185666562081,2.500859022140503,2.500859022140503,352100,0.0,0.0
2020-08-12 00:00:00-04:00,2.532022007320307,2.602139472961426,2.532022007320307,2.602139472961426,189500,0.0,0.0
2020-08-13 00:00:00-04:00,2.606034791977769,2.6099301135796655,2.5748714761705394,2.586557626724243,126000,0.0,0.0
2020-08-14 00:00:00-04:00,2.58266271569194,2.6488848651837396,2.570976377532428,2.613826036453247,200200,0.0,0.0
2020-08-17 00:00:00-04:00,2.644988927439121,2.703420237246285,2.633302776926496,2.6800477504730225,171200,0.0,0.0
2020-08-18 00:00:00-04:00,2.67225588953194,2.7073145132782996,2.6527787318688967,2.699523687362671,174500,0.0,0.0
2020-08-19 00:00:00-04:00,2.7112111403511063,2.742374456901438,2.69173397463314,2.7228972911834717,222600,0.0,0.0
2020-08-20 00:00:00-04:00,2.7151053991407847,2.719000905058579,2.660569616527285,2.687837600708008,200200,0.0,0.0
2020-08-21 00:00:00-04:00,2.687839662015798,2.711212158203125,2.6566763337660295,2.711212158203125,121000,0.0,0.0
2020-08-24 00:00:00-04:00,2.746268920851576,2.789118371952878,2.73068726849693,2.769641399383545,260300,0.0,0.0
2020-08-25 00:00:00-04:00,2.793014011873876,2.7969093322753906,2.7696415322209176,2.7969093322753906,177700,0.0,0.0
2020-08-26 00:00:00-04:00,2.8124916054097566,2.9449358717226914,2.8008054558809667,2.9215633869171143,358000,0.0,0.0
2020-08-27 00:00:00-04:00,2.941042059248454,3.0773817167653554,2.7501663901263176,2.9683098793029785,700200,0.0,0.0
2020-08-28 00:00:00-04:00,2.960414045601051,2.976202905453479,2.8696280073405633,2.9051530361175537,197800,0.1,0.0
2020-08-31 00:00:00-04:00,2.8498921394348145,2.861733879683943,2.8222617258836418,2.8498921394348145,234800,0.0,0.0
2020-09-01 00:00:00-04:00,2.8341029974948597,2.849891857452754,2.688055948775307,2.767000436782837,456800,0.0,0.0
2020-09-02 00:00:00-04:00,2.786736011505127,2.8301554641707707,2.7748944623714253,2.786736011505127,146900,0.0,0.0
2020-09-03 00:00:00-04:00,2.798578085473468,2.8025252062534567,2.6485837314728418,2.743316888809204,287500,0.0,0.0
2020-09-04 00:00:00-04:00,2.699897557848935,2.71963353773696,2.5854282345570287,2.672266960144043,287100,0.0,0.0
2020-09-08 00:00:00-04:00,2.6367419023418464,2.6367419023418464,2.4867477416992188,2.4867477416992188,430600,0.0,0.0
2020-09-09 00:00:00-04:00,2.514378714040284,2.601217646291201,2.443328832558879,2.5696399211883545,336400,0.0,0.0
2020-09-10 00:00:00-04:00,2.589375733934336,2.632795197186808,2.4867481341407642,2.514378547668457,241600,0.0,0.0
2020-09-11 00:00:00-04:00,2.5380617717736613,2.5735868033188245,2.5025369284465695,2.5301673412323,187700,0.0,0.0
2020-09-14 00:00:00-04:00,2.565692186355591,2.5854283553840105,2.538061587359415,2.565692186355591,166600,0.0,0.0
2020-09-15 00:00:00-04:00,2.585428851116129,2.620953698673566,2.5420093838591575,2.5893759727478027,182500,0.0,0.0
2020-09-16 00:00:00-04:00,2.6249009401183363,2.632795371394048,2.565692611441454,2.5696399211883545,186400,0.0,0.0
2020-09-17 00:00:00-04:00,2.5656912935588156,2.5696386012781574,2.490694140853245,2.5499024391174316,280100,0.0,0.0
2020-09-18 00:00:00-04:00,2.585427455719542,2.589374575220892,2.5380607041773975,2.5499024391174316,196500,0.0,0.0
2020-09-21 00:00:00-04:00,2.5143780851055952,2.5143780851055952,2.41569762473362,2.5025365352630615,360700,0.0,0.0
2020-09-22 00:00:00-04:00,2.506484201619395,2.549903666339187,2.498589770599258,2.522273063659668,124100,0.0,0.0
2020-09-23 00:00:00-04:00,2.5341143039529035,2.5420087334143315,2.4828004183446004,2.498589277267456,281100,0.0,0.0
2020-09-24 00:00:00-04:00,2.4354327047266318,2.470957714829159,2.4196438531739433,2.459115982055664,271500,0.0,0.0
2020-09-25 00:00:00-04:00,2.4551703080259397,2.470959358298099,2.41175103148627,2.4472758769989014,161000,0.0,0.0
2020-09-28 00:00:00-04:00,2.4828008074148693,2.510431408968776,2.4670119460178013,2.4906952381134033,321500,0.0,0.0
2020-09-29 00:00:00-04:00,2.4866844474860614,2.4866844474860614,2.4305335601715794,2.4626197814941406,156900,0.1,0.0
2020-09-30 00:00:00-04:00,2.458609061628365,2.470641298814731,2.442565951213903,2.4545981884002686,143600,0.0,0.0
2020-10-01 00:00:00-04:00,2.454599161494505,2.4746531530872105,2.3021893608872483,2.3543295860290527,618600,0.0,0.0
2020-10-02 00:00:00-04:00,2.310210683520363,2.3864153784898106,2.2380164801297253,2.35834002494812,270500,0.0,0.0
2020-10-05 00:00:00-04:00,2.394436935394437,2.4305340370897555,2.354329150871306,2.35834002494812,212100,0.0,0.0
2020-10-06 00:00:00-04:00,2.3783932917431647,2.418501258580322,2.334274834220627,2.398447275161743,189500,0.0,0.0
2020-10-07 00:00:00-04:00,2.4104801628591996,2.4626201854363785,2.390426175618672,2.4465770721435547,184600,0.0,0.0
2020-10-08 00:00:00-04:00,2.4505874583020577,2.506738343650112,2.4425659032523357,2.49470591545105,238900,0.0,0.0
2020-10-09 00:00:00-04:00,2.5227813416855738,2.530802896378972,2.418501130671398,2.466630458831787,203200,0.0,0.0
2020-10-13 00:00:00-04:00,2.4746516952102158,2.4786623764165454,2.410479265917544,2.450587034225464,192800,0.0,0.0
2020-10-14 00:00:00-04:00,2.4586095174463516,2.4666310741407527,2.3944368726421468,2.402458429336548,175600,0.0,0.0
2020-10-15 00:00:00-04:00,2.3824043138233786,2.446576758775182,2.3342749801095257,2.4305336475372314,195300,0.0,0.0
2020-10-16 00:00:00-04:00,2.434543003006058,2.442564553623506,2.410478351153715,2.4144890308380127,88000,0.0,0.0
2020-10-19 00:00:00-04:00,2.4144898207508247,2.426522246237893,2.3102096286082,2.338284969329834,291900,0.0,0.0
2020-10-20 00:00:00-04:00,2.3262531757354736,2.3503178400190743,2.310210066213073,2.3262531757354736,201600,0.0,0.0
2020-10-21 00:00:00-04:00,2.3222418628463535,2.3422958415751616,2.274112543395911,2.338284969329834,187100,0.0,0.0
2020-10-22 00:00:00-04:00,2.2420270541853804,2.2540592923077014,2.14977906650202,2.197908401489258,634900,0.0,0.0
2020-10-23 00:00:00-04:00,2.1979092195758487,2.2500494475103583,2.1898876607589277,2.2219738960266113,160400,0.0,0.0
2020-10-26 00:00:00-04:00,2.2019192303252066,2.2019192303252066,2.1056605539444058,2.1257145404815674,313200,0.0,0.0
2020-10-27 00:00:00-04:00,2.137746306014167,2.137746306014167,2.0094014325942657,2.0374767780303955,342900,0.0,0.0
2020-10-28 00:00:00-04:00,2.0094013196455487,2.025444427921251,1.9051209246045473,1.9893473386764526,411100,0.0,0.0
2020-10-29 00:00:00-04:00,1.985336533723867,2.1016491683158303,1.9492396344963583,2.0775845050811768,173200,0.0,0.0
2020-10-30 00:00:00-04:00,2.061542039644521,2.061542039644521,2.013412698154533,2.0575313568115234,146600,0.0,0.0
2020-11-02 00:00:00-05:00,2.029455452909255,2.125714310106978,2.029455452909255,2.0815956592559814,183500,0.0,0.0
2020-11-03 00:00:00-05:00,2.1257137064356866,2.2219723450484095,2.1176921532179596,2.149778366088867,257500,0.0,0.0
2020-11-04 00:00:00-05:00,2.1658216657534757,2.234004969811754,2.1497785578866964,2.193897008895874,194600,0.0,0.0
2020-11-05 00:00:00-05:00,2.2460381093951276,2.3061998837425612,2.2259843121119887,2.274113655090332,178800,0.0,0.0
2020-11-06 00:00:00-05:00,2.24603741073508,2.2781236294064606,2.217962065022096,2.2259836196899414,162200,0.0,0.0
2020-11-09 00:00:00-05:00,2.36636054525831,2.386414333110726,2.310209671523059,2.3422958850860596,240200,0.0,0.0
2020-11-10 00:00:00-05:00,2.346307222600615,2.426522970199585,2.342296540407601,2.426522970199585,187600,0.0,0.0
2020-11-11 00:00:00-05:00,2.4626183345426993,2.4626183345426993,2.3703704068176235,2.4144890308380127,278600,0.0,0.0
2020-11-12 00:00:00-05:00,2.3944358420220166,2.402457395263757,2.318231181849941,2.338284969329834,99200,0.0,0.0
2020-11-13 00:00:00-05:00,2.3262537973296156,2.394436935394437,2.3262537973296156,2.35834002494812,87200,0.0,0.0
2020-11-16 00:00:00-05:00,2.3944350586699668,2.418499901771163,2.3663597271333257,2.4144890308380127,215800,0.0,0.0
2020-11-17 00:00:00-05:00,2.3984480669942077,2.4185020570334843,2.378394076954931,2.410480499267578,99100,0.0,0.0
2020-11-18 00:00:00-05:00,2.4265229934549715,2.486684565669562,2.422512119974546,2.4826738834381104,282000,0.0,0.0
2020-11-19 00:00:00-05:00,2.4786623764165454,2.4786623764165454,2.4305330544470416,2.450587034225464,139200,0.0,0.0
2020-11-20 00:00:00-05:00,2.4545981884002686,2.458609061628365,2.4265228407994406,2.4545981884002686,163600,0.0,0.0
2020-11-23 00:00:00-05:00,2.4826739474188733,2.546846394767672,2.470641517916484,2.5428357124328613,298100,0.0,0.0
2020-11-24 00:00:00-05:00,2.5749215574453324,2.679201769051926,2.5709106844513725,2.6591479778289795,365800,0.0,0.0
2020-11-25 00:00:00-05:00,2.67920277458863,2.727332312334982,2.6350843025905895,2.7233214378356934,299300,0.0,0.0
2020-11-26 00:00:00-05:00,2.7313413643903313,2.7874922351031373,2.7273306835352993,2.779470682144165,277800,0.0,0.0
2020-11-27 00:00:00-05:00,2.767263527598121,2.7876109365361357,2.722498917455891,2.738776922225952,303500,0.1,0.0
2020-11-30 00:00:00-05:00,2.6940117669235404,2.72656776987563,2.6492473598889585,2.6695947647094727,290900,0.0,0.0
2020-12-01 00:00:00-05:00,2.7021511170451706,2.787610732868734,2.6614561080932617,2.6614561080932617,285400,0.0,0.0
2020-12-02 00:00:00-05:00,2.6695957973292965,2.6736653962970016,2.608553171157837,2.608553171157837,171700,0.0,0.0
2020-12-03 00:00:00-05:00,2.620759292601962,2.681801860976573,2.6085507013074496,2.6573848724365234,132200,0.0,0.0
2020-12-04 00:00:00-05:00,2.6736645751307124,2.7021509829589405,2.645177973253385,2.6533169746398926,141500,0.0,0.0
2020-12-07 00:00:00-05:00,2.653316763233428,2.702150767661563,2.6329691643638293,2.6695947647094727,147900,0.0,0.0
2020-12-08 00:00:00-05:00,2.681803311705215,2.7143593140365367,2.665525310539554,2.710289716720581,166900,0.0,0.0
2020-12-09 00:00:00-05:00,2.7143584944614765,2.742844890875643,2.7102888983742974,2.718427896499634,150800,0.0,0.0
2020-12-10 00:00:00-05:00,2.7143597096823093,2.7428461188498616,2.7062207079131357,2.7347071170806885,117800,0.0,0.0
2020-12-11 00:00:00-05:00,2.730637820114348,2.7428462262214652,2.6818038075876487,2.7265682220458984,139000,0.0,0.0
2020-12-14 00:00:00-05:00,2.7469144573390047,2.7469144573390047,2.6980804691136315,2.7224974632263184,167000,0.0,0.0
2020-12-15 00:00:00-05:00,2.7265683216238448,2.746915924610983,2.7265683216238448,2.738776922225952,92100,0.0,0.0
2020-12-16 00:00:00-05:00,2.742847029703359,2.7672642371685336,2.7265690207593587,2.759125232696533,132300,0.0,0.0
2020-12-17 00:00:00-05:00,2.7631930815368273,2.8445830804138366,2.7631930815368273,2.824235677719116,267900,0.0,0.0
2020-12-18 00:00:00-05:00,2.82830548286438,2.8812090866826257,2.82830548286438,2.82830548286438,294900,0.0,0.0
2020-12-21 00:00:00-05:00,2.787609379537235,2.8079569711593746,2.746914390341972,2.7672619819641113,418900,0.0,0.0
2020-12-22 00:00:00-05:00,2.7713336423799473,2.783542246112534,2.746916628963946,2.759125232696533,154000,0.0,0.0
2020-12-23 00:00:00-05:00,2.7550540816491265,2.8405136774945183,2.742845484793043,2.824235677719116,276200,0.0,0.0
2020-12-24 00:00:00-05:00,2.8364440805261357,2.8364440805261357,2.791679678168313,2.824235677719116,118600,0.0,0.0
2020-12-29 00:00:00-05:00,2.8608628059995813,2.8608628059995813,2.7550555567591575,2.7631945610046387,463000,0.0,0.0
2020-12-30 00:00:00-05:00,2.76732369618052,2.812757425243688,2.76732369618052,2.8044967651367188,138900,0.1,0.0
2020-12-31 00:00:00-05:00,2.804497044500721,2.808627473440486,2.7714544007813706,2.7921061515808105,78200,0.0,0.0
2021-01-04 00:00:00-05:00,2.8086270279857697,2.8168876876054476,2.726020234839329,2.7549326419830322,229000,0.0,0.0
2021-01-05 00:00:00-05:00,2.759062972157776,2.808627128601074,2.7425416523265658,2.808627128601074,109100,0.0,0.0
2021-01-06 00:00:00-05:00,2.804496356325458,2.8499300787657553,2.796235697422644,2.8127570152282715,260400,0.0,0.0
2021-01-07 00:00:00-05:00,2.8210186949116287,2.8416704481162847,2.8003671386566875,2.8334097862243652,211600,0.0,0.0
2021-01-08 00:00:00-05:00,2.8458005728493236,2.8458005728493236,2.821018588111777,2.8375399112701416,166700,0.0,0.0
2021-01-11 00:00:00-05:00,2.8251488864858,2.837539779805644,2.804497135019796,2.8210184574127197,259700,0.0,0.0
2021-01-12 00:00:00-05:00,2.825149124332446,2.849931110008204,2.8210186949116287,2.8334097862243652,270700,0.0,0.0
2021-01-13 00:00:00-05:00,2.8540603435251293,2.8540603435251293,2.8334087944984696,2.845799684524536,75000,0.0,0.0
2021-01-14 00:00:00-05:00,2.858191685487905,2.911886084636886,2.8540612561919634,2.895364761352539,279200,0.0,0.0
2021-01-15 00:00:00-05:00,2.911886410229135,2.928407735360812,2.903625747663297,2.9242773056030273,222500,0.0,0.0
2021-01-18 00:00:00-05:00,2.924276514517116,2.9944922258065985,2.9036249621641184,2.986231565475464,176300,0.0,0.0
2021-01-19 00:00:00-05:00,3.035795527462271,3.035795527462271,2.986231565475464,2.986231565475464,292400,0.0,0.0
2021-01-20 00:00:00-05:00,3.011012728533252,3.031664472225922,3.002752070446109,3.0151431560516357,226400,0.0,0.0
2021-01-21 00:00:00-05:00,3.031665019395572,3.031665019395572,3.002752612397507,3.023404359817505,136600,0.0,0.0
2021-01-22 00:00:00-05:00,3.0151431560516357,3.023403814138779,2.982100326753439,3.0151431560516357,251000,0.0,0.0
2021-01-25 00:00:00-05:00,3.023403814138779,3.0357947027946817,2.9944914123589657,3.0151431560516357,252100,0.0,0.0
2021-01-26 00:00:00-05:00,3.035796274756639,3.035796274756639,3.011014287662879,3.019274950027466,231600,0.0,0.0
2021-01-27 00:00:00-05:00,3.0110138531678694,3.0481869269192274,2.9655801182439534,2.994492530822754,581600,0.0,0.0
2021-01-28 00:00:00-05:00,3.0112441547619238,3.02799654006958,2.9861155768004393,3.02799654006958,199500,0.1,0.0
2021-01-29 00:00:00-05:00,3.01124438659768,3.015432383394935,2.935858646909277,2.956799030303955,288300,0.0,0.0
2021-02-01 00:00:00-05:00,2.931671103901416,2.9986806652280897,2.8479091522430737,2.990304470062256,216300,0.0,0.0
2021-02-02 00:00:00-05:00,3.0196212812507572,3.0196212812507572,2.977740305029687,3.002868890762329,128200,0.0,0.0
2021-02-03 00:00:00-05:00,3.002868341733413,3.015432532450439,2.9986801450249305,3.011244535446167,81100,0.0,0.0
2021-02-04 00:00:00-05:00,3.0196212812507572,3.0238092790207407,2.986116500273901,3.002868890762329,217400,0.0,0.0
2021-02-05 00:00:00-05:00,3.0028688626631297,3.007056860393924,2.9861164723314615,2.990304470062256,136100,0.0,0.0
2021-02-08 00:00:00-05:00,3.015432357788086,3.0196205542539762,2.998679971332923,3.015432357788086,115500,0.0,0.0
2021-02-09 00:00:00-05:00,3.015432151236745,3.0363727327234082,3.015432151236745,3.02799654006958,93400,0.0,0.0
2021-02-10 00:00:00-05:00,2.92748280671851,2.92748280671851,2.8730376398478157,2.877225637435913,1466300,0.0,0.0
2021-02-11 00:00:00-05:00,2.889790029608682,2.8939780271967788,2.8437208579141813,2.877225637435913,559700,0.0,0.0
2021-02-12 00:00:00-05:00,2.8772244738456374,2.902353048324585,2.868848282352655,2.902353048324585,415500,0.0,0.0
2021-02-16 00:00:00-05:00,2.91072940826416,2.9274817922196013,2.8897890281719434,2.91072940826416,427500,0.0,0.0
2021-02-17 00:00:00-05:00,2.8981655357701666,2.8981655357701666,2.8688487608033593,2.889789342880249,490600,0.0,0.0
2021-02-18 00:00:00-05:00,2.889789342880249,2.9316703073298367,2.8856011465831943,2.889789342880249,459200,0.0,0.0
2021-02-19 00:00:00-05:00,2.9023532221278705,2.9107294141224496,2.8814128419935083,2.898165225982666,325100,0.0,0.0
2021-02-22 00:00:00-05:00,2.9023538157252036,2.9526111776756196,2.8939776220175024,2.940046787261963,481700,0.0,0.0
2021-02-23 00:00:00-05:00,2.940047281731356,2.981928257313577,2.9274828892045672,2.9651758670806885,356900,0.0,0.0
2021-02-24 00:00:00-05:00,2.9903045716639904,2.9986807671144233,2.9651759853126927,2.994492769241333,558600,0.0,0.0
2021-02-25 00:00:00-05:00,3.0199773108966905,3.0199773108966905,2.9647596753617824,2.973254680633545,347900,0.1,0.0
2021-02-26 00:00:00-05:00,2.977501806284451,2.977501806284451,2.9392741874332793,2.952016592025757,227600,0.0,0.0
2021-03-01 00:00:00-05:00,2.96900740588702,2.9817500164758193,2.960512399673462,2.960512399673462,290300,0.0,0.0
2021-03-02 00:00:00-05:00,2.977501745827993,3.002986757032359,2.973254142692166,2.990244150161743,139400,0.0,0.0
2021-03-03 00:00:00-05:00,3.0029883625873075,3.015730773733819,2.994493354310642,3.0072357654571533,166600,0.0,0.0
2021-03-04 00:00:00-05:00,3.0157302522420486,3.0199778569143554,2.9647602113959937,2.9775028228759766,290500,0.0,0.0
2021-03-05 00:00:00-05:00,2.9859969871190803,3.0157294012878233,2.973254379234704,3.011482000350952,171100,0.0,0.0
2021-03-08 00:00:00-05:00,3.0157294760735365,3.0964321212442125,3.0114820750313354,3.087937116622925,456300,0.0,0.0
2021-03-09 00:00:00-05:00,3.1006795477457634,3.1134219526815423,3.0879369402731096,3.092184543609619,262300,0.0,0.0
2021-03-10 00:00:00-05:00,3.113421678543091,3.113421678543091,3.0964316717667817,3.113421678543091,309400,0.0,0.0
2021-03-11 00:00:00-05:00,3.1176693423308923,3.1176693423308923,3.0666991184706855,3.0964317321777344,435500,0.0,0.0
2021-03-12 00:00:00-05:00,3.1006799842413724,3.134660005569458,3.079442369642867,3.134660005569458,415000,0.0,0.0
2021-03-15 00:00:00-04:00,3.1431544364896853,3.1771344516079196,3.1389068333314727,3.172886848449707,183800,0.0,0.0
2021-03-16 00:00:00-04:00,3.177135315413489,3.1941253275918826,3.168640309324292,3.1856303215026855,195800,0.0,0.0
2021-03-17 00:00:00-04:00,3.185629632126718,3.240847261025765,3.185629632126718,3.2323522567749023,171800,0.0,0.0
2021-03-18 00:00:00-04:00,3.240847225269038,3.3003122543689916,3.2238572169547655,3.274827241897583,310400,0.0,0.0
2021-03-19 00:00:00-04:00,3.2833227890555436,3.2833227890555436,3.1431550960132157,3.2578377723693848,347200,0.0,0.0
2021-03-22 00:00:00-04:00,3.274827614359578,3.3427876553460925,3.245094995159529,3.3342926502227783,324500,0.0,0.0
2021-03-23 00:00:00-04:00,3.3257986407763864,3.334293648442934,3.313056230545044,3.313056230545044,224500,0.0,0.0
2021-03-24 00:00:00-04:00,3.3257970203041793,3.3470346303911462,3.3045596127540726,3.342787027359009,116700,0.0,0.0
2021-03-25 00:00:00-04:00,3.3470342115860583,3.3470342115860583,3.325796604156494,3.325796604156494,158000,0.0,0.0
2021-03-26 00:00:00-04:00,3.3470351322192142,3.3767675477545795,3.330045122617037,3.368272542953491,261200,0.0,0.0
2021-03-29 00:00:00-04:00,3.3767674335911004,3.3852624381049856,3.3257974065077884,3.355530023574829,301100,0.0,0.0
2021-03-30 00:00:00-04:00,3.3684346675872803,3.3813406379241875,3.3254151083533214,3.3684346675872803,141600,0.1,0.0
2021-03-31 00:00:00-04:00,3.3641345860091647,3.372738502387355,3.346926753252784,3.359832525253296,155300,0.0,0.0
2021-04-01 00:00:00-04:00,3.3770396069091437,3.3770396069091437,3.2953023169290714,3.3426239490509033,194400,0.0,0.0
2021-04-05 00:00:00-04:00,3.364133834838867,3.377039603957677,3.3383220914677456,3.364133834838867,199800,0.0,0.0
2021-04-06 00:00:00-04:00,3.3770396759434163,3.3770396759434163,3.338322162628174,3.338322162628174,246300,0.0,0.0
2021-04-07 00:00:00-04:00,3.3426239490509033,3.3770396069091437,3.325416120121783,3.3426239490509033,180500,0.0,0.0
2021-04-08 00:00:00-04:00,3.3426239461295153,3.377039603957677,3.325416117215434,3.364133834838867,165300,0.0,0.0
2021-04-09 00:00:00-04:00,3.377039603957677,3.381341663752948,3.325416117215434,3.364133834838867,290700,0.0,0.0
2021-04-12 00:00:00-04:00,3.364133494844338,3.364133494844338,3.3211137217734064,3.3512275218963623,177300,0.0,0.0
2021-04-13 00:00:00-04:00,3.3512275218963623,3.3598314354838523,3.3383217540818677,3.3512275218963623,143800,0.0,0.0
2021-04-14 00:00:00-04:00,3.359832525253296,3.368436441631486,3.346926753252784,3.359832525253296,152600,0.0,0.0
2021-04-15 00:00:00-04:00,3.372738502387355,3.372738502387355,3.355530669630974,3.359832525253296,136500,0.0,0.0
2021-04-16 00:00:00-04:00,3.3770396359494965,3.3813416957855225,3.368435721410948,3.3813416957855225,154500,0.0,0.0
2021-04-19 00:00:00-04:00,3.3899462865949617,3.4028520584106445,3.3813423703399916,3.4028520584106445,97900,0.0,0.0
2021-04-20 00:00:00-04:00,3.394248352671164,3.4028522694597596,3.381342580055049,3.3856444358825684,200900,0.0,0.0
2021-04-21 00:00:00-04:00,3.394248031016261,3.4372676108825018,3.394248031016261,3.4329657554626465,198800,0.0,0.0
2021-04-22 00:00:00-04:00,3.4372668266296387,3.441568886201466,3.4286629126194748,3.4372668266296387,77900,0.0,0.0
2021-04-23 00:00:00-04:00,3.4372673240686415,3.5017969961837987,3.407153723241793,3.49749493598938,303700,0.0,0.0
2021-04-26 00:00:00-04:00,3.5060986261755165,3.613647668822214,3.497494916102641,3.596439838409424,273600,0.0,0.0
2021-04-27 00:00:00-04:00,3.428663348546224,3.467381274214869,3.402851603233978,3.4630792140960693,1760000,0.0,0.0
2021-04-28 00:00:00-04:00,3.467381715774536,3.497495319906933,3.463079655107883,3.467381715774536,525700,0.0,0.0
2021-04-29 00:00:00-04:00,3.489161033138043,3.510941147017754,3.480448821417711,3.497872829437256,508300,0.1,0.0
2021-04-30 00:00:00-04:00,3.4848049687992546,3.4848049687992546,3.4281768382057316,3.463024854660034,569100,0.0,0.0
2021-05-03 00:00:00-04:00,3.4848054968018105,3.4848054968018105,3.454313373928981,3.4717373847961426,183200,0.0,0.0
2021-05-04 00:00:00-04:00,3.4717370888194212,3.4804490935102756,3.4586691856384277,3.4586691856384277,129200,0.0,0.0
2021-05-05 00:00:00-04:00,3.4717372340968637,3.493517558301278,3.463025229041449,3.4848053455352783,127400,0.0,0.0
2021-05-06 00:00:00-04:00,3.489160578286193,3.50658458403432,3.489160578286193,3.493516683578491,168000,0.0,0.0
2021-05-07 00:00:00-04:00,3.5022294521331787,3.50658555863619,3.493517654548337,3.5022294521331787,209700,0.0,0.0
2021-05-10 00:00:00-04:00,3.51965345571864,3.554501476831008,3.506585551656797,3.541433572769165,469200,0.0,0.0
2021-05-11 00:00:00-04:00,3.5327214237439777,3.5370775303171906,3.4935177108486255,3.5152974128723145,385900,0.0,0.0
2021-05-12 00:00:00-04:00,3.5283651550372985,3.532720845476345,3.493517138998209,3.497872829437256,316300,0.0,0.0
2021-05-13 00:00:00-04:00,3.4978734020006508,3.519653519445527,3.4935177108486255,3.5152974128723145,237900,0.0,0.0
2021-05-14 00:00:00-04:00,3.5240087509155273,3.541432757460356,3.519652645424049,3.5240087509155273,301200,0.0,0.0
2021-05-17 00:00:00-04:00,3.532720902511526,3.550144910812378,3.524009106071663,3.550144910812378,253900,0.0,0.0
2021-05-18 00:00:00-04:00,3.5501443373004506,3.5893484534993783,3.537076437041161,3.5719244480133057,168400,0.0,0.0
2021-05-19 00:00:00-04:00,3.567567762712743,3.571923867231239,3.5283640683092554,3.554499864578247,286400,0.0,0.0
2021-05-20 00:00:00-04:00,3.5632126529807993,3.5849923482725954,3.5588565477540164,3.5719244480133057,452500,0.0,0.0
2021-05-21 00:00:00-04:00,3.576280457034045,3.6067723619591394,3.576280457034045,3.5937044620513916,295600,0.0,0.0
2021-05-25 00:00:00-04:00,3.6154855267440356,3.650333545979353,3.602417623386081,3.6329095363616943,428300,0.0,0.0
2021-05-26 00:00:00-04:00,3.6416207358260593,3.6590447425842285,3.6241967290678905,3.6590447425842285,228500,0.0,0.0
2021-05-27 00:00:00-04:00,3.6677580046914886,3.6895381232356934,3.6590457911053234,3.6764698028564453,465900,0.0,0.0
2021-05-28 00:00:00-04:00,3.711735665968554,3.711735665968554,3.6676531268772936,3.6764698028564453,288100,0.1,0.0
2021-05-31 00:00:00-04:00,3.6852860584333476,3.6941027344124997,3.6720614648668692,3.6764698028564453,172400,0.0,0.0
2021-06-01 00:00:00-04:00,3.6720604669184844,3.680877140501547,3.6456112869735673,3.667652130126953,276800,0.0,0.0
2021-06-02 00:00:00-04:00,3.6808781408460214,3.6852860584333476,3.663245209289967,3.6764698028564453,205200,0.0,0.0
2021-06-03 00:00:00-04:00,3.6720614648668692,3.6808781408460214,3.6676531268772936,3.6764698028564453,142400,0.0,0.0
2021-06-04 00:00:00-04:00,3.6852862760949905,3.6852862760949905,3.667653343497494,3.6720616817474365,55800,0.0,0.0
2021-06-07 00:00:00-04:00,3.680877140501547,3.680877140501547,3.667652130126953,3.667652130126953,143700,0.0,0.0
2021-06-08 00:00:00-04:00,3.6764698028564453,3.6764698028564453,3.6676531268772936,3.6764698028564453,106900,0.0,0.0
2021-06-09 00:00:00-04:00,3.6808788096524356,3.6808788096524356,3.6544291973114014,3.6544291973114014,353300,0.0,0.0
2021-06-10 00:00:00-04:00,3.6588358879089355,3.6720604779210184,3.6544275511041957,3.6588358879089355,191900,0.0,0.0
2021-06-11 00:00:00-04:00,3.667652130126953,3.6720604669184844,3.6544275401544946,3.667652130126953,95100,0.0,0.0
2021-06-14 00:00:00-04:00,3.6720604779210184,3.6764688147257587,3.6588358879089355,3.6588358879089355,296400,0.0,0.0
2021-06-15 00:00:00-04:00,3.667653343497494,3.6764700199973794,3.667653343497494,3.6720616817474365,129900,0.0,0.0
2021-06-16 00:00:00-04:00,3.6764698028564453,3.6808781408460214,3.6720614648668692,3.6764698028564453,196400,0.0,0.0
2021-06-17 00:00:00-04:00,3.676469075984877,3.6896936669367326,3.676469075984877,3.6852853298187256,287600,0.0,0.0
2021-06-18 00:00:00-04:00,3.6896946143449334,3.694102952594876,3.6720616817474365,3.6720616817474365,275000,0.0,0.0
2021-06-21 00:00:00-04:00,3.6808791207170137,3.7029199757277955,3.672062442390812,3.694103717803955,266300,0.0,0.0
2021-06-22 00:00:00-04:00,3.7073269013824977,3.7073269013824977,3.6764693798106935,3.6985106468200684,202800,0.0,0.0
2021-06-23 00:00:00-04:00,3.7117366540539978,3.7117366540539978,3.689695378640854,3.694103717803955,121500,0.0,0.0
2021-06-24 00:00:00-04:00,3.707326911071837,3.720551503151145,3.7029185735780006,3.711735248565674,136300,0.0,0.0
2021-06-25 00:00:00-04:00,3.7205512417697424,3.7205512417697424,3.680877468319036,3.707326650619507,303600,0.0,0.0
2021-06-28 00:00:00-04:00,3.7161435763471284,3.7161435763471284,3.694102309337753,3.6985106468200684,215600,0.0,0.0
2021-06-29 00:00:00-04:00,3.7252793186039583,3.738663435932771,3.716356290069138,3.720817804336548,256900,0.1,0.0
2021-06-30 00:00:00-04:00,3.720818496044461,3.7252800111412765,3.71189546585083,3.71189546585083,119500,0.0,0.0
2021-07-02 00:00:00-04:00,3.716355306233258,3.7252783324058734,3.6940481662750244,3.6940481662750244,211100,0.0,0.0
2021-07-05 00:00:00-04:00,3.6940481837278782,3.725278350006277,3.6940481837278782,3.716355323791504,80800,0.0,0.0
2021-07-06 00:00:00-04:00,3.729739420018875,3.729739420018875,3.6940481662750244,3.6940481662750244,167300,0.0,0.0
2021-07-07 00:00:00-04:00,3.707432705533948,3.716355306233258,3.6940481662750244,3.6940481662750244,158200,0.0,0.0
2021-07-08 00:00:00-04:00,3.680665018909848,3.6940491362096908,3.573591229564273,3.6271281242370605,414300,0.0,0.0
2021-07-09 00:00:00-04:00,3.6494352548156637,3.676203489303589,3.6449737405765377,3.676203489303589,175600,0.0,0.0
2021-07-12 00:00:00-04:00,3.6806645128844533,3.6940486283442198,3.667280397424687,3.671741485595703,138600,0.0,0.0
2021-07-13 00:00:00-04:00,3.676203981401287,3.676203981401287,3.6628198623657227,3.6628198623657227,133100,0.0,0.0
2021-07-14 00:00:00-04:00,3.667280431433786,3.667280431433786,3.613743543624878,3.613743543624878,267300,0.0,0.0
2021-07-15 00:00:00-04:00,3.6048209793324277,3.6315896394122933,3.5958983762880847,3.6092824935913086,177400,0.0,0.0
2021-07-16 00:00:00-04:00,3.613743543624878,3.6226661455230142,3.609282029939128,3.613743543624878,158900,0.0,0.0
2021-07-19 00:00:00-04:00,3.5825140651212757,3.5825140651212757,3.2077555653522065,3.5423614978790283,961000,0.0,0.0
2021-07-20 00:00:00-04:00,3.5869755765479567,3.649435503735731,3.524515862096905,3.5691299438476562,267900,0.0,0.0
2021-07-21 00:00:00-04:00,3.6048209784217113,3.6271281242370605,3.5869753468641155,3.6271281242370605,179100,0.0,0.0
2021-07-22 00:00:00-04:00,3.6271276592087642,3.64051177479265,3.6048205162533784,3.613743543624878,122400,0.0,0.0
2021-07-23 00:00:00-04:00,3.622666120529175,3.631589147839112,3.622666120529175,3.622666120529175,150100,0.0,0.0
2021-07-26 00:00:00-04:00,3.636049775029851,3.644972801208496,3.6048200343512056,3.644972801208496,139700,0.0,0.0
2021-07-27 00:00:00-04:00,3.6449715938563747,3.6494331054678764,3.6271259728835337,3.640510082244873,163900,0.0,0.0
2021-07-28 00:00:00-04:00,3.640512214586349,3.6628193602365595,3.636050700361624,3.6538963317871094,266400,0.0,0.0
2021-07-29 00:00:00-04:00,3.676480832953811,3.676480832953811,3.626798385961965,3.671964168548584,154300,0.1,0.0
2021-07-30 00:00:00-04:00,3.6629292258849273,3.6764792131306074,3.6538963317871094,3.6538963317871094,118300,0.0,0.0
2021-08-03 00:00:00-04:00,3.662930060292247,3.662930060292247,3.617764718049322,3.631314277648926,214500,0.0,0.0
2021-08-04 00:00:00-04:00,3.631314578323099,3.635831242141193,3.6132483537834923,3.626797914505005,143000,0.0,0.0
2021-08-05 00:00:00-04:00,3.6358309410930385,3.6584138275808677,3.6222813814934343,3.631314277648926,146000,0.0,0.0
2021-08-06 00:00:00-04:00,3.63582975860724,3.6538959757752565,3.63582975860724,3.644862651824951,140700,0.0,0.0
2021-08-09 00:00:00-04:00,3.644863006956656,3.6538963317871094,3.626796788028385,3.6538963317871094,166000,0.0,0.0
2021-08-10 00:00:00-04:00,3.6584146060657283,3.676480832953811,3.6493812772552743,3.671964168548584,90700,0.0,0.0
2021-08-11 00:00:00-04:00,3.676479946996607,3.6809961795806885,3.667446620363002,3.6809961795806885,120800,0.0,0.0
2021-08-12 00:00:00-04:00,3.680995818539515,3.6945458071609063,3.680995818539515,3.6900291442871094,77300,0.0,0.0
2021-08-13 00:00:00-04:00,3.694546353022307,3.7126125764540623,3.694546353022307,3.6990625858306885,179700,0.0,0.0
2021-08-16 00:00:00-04:00,3.685511706745018,3.7035779237101374,3.6809950448205915,3.694545030593872,191200,0.0,0.0
2021-08-17 00:00:00-04:00,3.694546169531096,3.694546169531096,3.6719632836798044,3.6809961795806885,176700,0.0,0.0
2021-08-18 00:00:00-04:00,3.690029689481182,3.703579249371813,3.6855130259400575,3.6990625858306885,82500,0.0,0.0
2021-08-19 00:00:00-04:00,3.6900286572814878,3.694545319559181,3.6764791011810303,3.6764791011810303,135600,0.0,0.0
2021-08-20 00:00:00-04:00,3.6900298652756303,3.7035794258117676,3.676480304739493,3.7035794258117676,129900,0.0,0.0
2021-08-23 00:00:00-04:00,3.7126104831695557,3.721643374426039,3.6945442699240894,3.7126104831695557,146700,0.0,0.0
2021-08-24 00:00:00-04:00,3.721644639968872,3.7261613024992517,3.7080950831103796,3.721644639968872,170000,0.0,0.0
2021-08-25 00:00:00-04:00,3.7216452390639785,3.7442281246185303,3.717128575806525,3.7442281246185303,190700,0.0,0.0
2021-08-26 00:00:00-04:00,3.748744726797868,3.748744726797868,3.7080956196085118,3.7171285152435303,231000,0.0,0.0
2021-08-27 00:00:00-04:00,3.7216454079434613,3.739711631060362,3.7216454079434613,3.7351953983306885,139600,0.0,0.0
2021-08-30 00:00:00-04:00,3.7489086277373462,3.771767914419603,3.7214778325223414,3.7626240253448486,110200,0.1,0.0
2021-08-31 00:00:00-04:00,3.7671977780157246,3.7671977780157246,3.726051129439523,3.748910427093506,100500,0.0,0.0
2021-09-01 00:00:00-04:00,3.7489100542972564,3.7626254571238342,3.7306227051935545,3.7397665977478027,116200,0.0,0.0
2021-09-02 00:00:00-04:00,3.7397666929096327,3.74891014969175,3.726050853729248,3.726050853729248,120400,0.0,0.0
2021-09-03 00:00:00-04:00,3.726050853729248,3.7306228001227097,3.712335450553669,3.726050853729248,124500,0.0,0.0
2021-09-07 00:00:00-04:00,3.7169067550339348,3.7306221558408517,3.7169067550339348,3.7214787006378174,150500,0.0,0.0
2021-09-08 00:00:00-04:00,3.7214783603607895,3.7671965042051387,3.7169064151749476,3.730621814727783,182600,0.0,0.0
2021-09-09 00:00:00-04:00,3.739767477909569,3.753482883964095,3.7351955305564277,3.7443389892578125,57700,0.0,0.0
2021-09-10 00:00:00-04:00,3.6391854286193848,3.6711881758795974,3.620898082184302,3.6391854286193848,2279500,0.0,0.0
2021-09-13 00:00:00-04:00,3.65747332572937,3.662045272027683,3.634614030242602,3.65747332572937,488700,0.0,0.0
2021-09-14 00:00:00-04:00,3.6666165835714692,3.6666165835714692,3.648329019546509,3.648329019546509,352300,0.0,0.0
2021-09-15 00:00:00-04:00,3.6529007470509782,3.6529007470509782,3.6391853465352084,3.648329019546509,374300,0.0,0.0
2021-09-16 00:00:00-04:00,3.657472775054468,3.657472775054468,3.630041755401843,3.6391854286193848,441700,0.0,0.0
2021-09-17 00:00:00-04:00,3.6391854286193848,3.643757156226973,3.620898082184302,3.6391854286193848,272400,0.0,0.0
2021-09-20 00:00:00-04:00,3.6117548342549104,3.6117548342549104,3.5248898194586307,3.5660364627838135,544600,0.0,0.0
2021-09-21 00:00:00-04:00,3.579750853145537,3.6300411565467066,3.5660354545830644,3.5980381965637207,236500,0.0,0.0
2021-09-22 00:00:00-04:00,3.6300429089526314,3.634614638013018,3.6071836096433936,3.6163272857666016,258300,0.0,0.0
2021-09-23 00:00:00-04:00,3.6254693650135934,3.634613037109375,3.6071820208220307,3.634613037109375,193300,0.0,0.0
2021-09-24 00:00:00-04:00,3.6208976886313806,3.6346130879657927,3.6208976886313806,3.6300413608551025,188500,0.0,0.0
2021-09-27 00:00:00-04:00,3.6391853465352084,3.6529007470509782,3.6346134010283784,3.648329019546509,191700,0.0,0.0
2021-09-28 00:00:00-04:00,3.6622179798197134,3.6714776879307185,3.657588236148639,3.6668479442596436,310300,0.1,0.0
2021-09-29 00:00:00-04:00,3.662219569807753,3.662219569807753,3.6159210091517604,3.625180721282959,279500,0.0,0.0
2021-09-30 00:00:00-04:00,3.634439839758267,3.643699550376968,3.625180129139566,3.629810094833374,138800,0.0,0.0
2021-10-01 00:00:00-04:00,3.6390700236283897,3.648329734802246,3.6298103124545333,3.648329734802246,98600,0.0,0.0
2021-10-04 00:00:00-04:00,3.6483308185851975,3.6529605651629864,3.6112919628869102,3.6344411373138428,210700,0.0,0.0
2021-10-05 00:00:00-04:00,3.648328528037634,3.6668479442596436,3.639068819926629,3.6668479442596436,108500,0.0,0.0
2021-10-06 00:00:00-04:00,3.657590955144299,3.671480417251587,3.6529609872625235,3.671480417251587,135800,0.0,0.0
2021-10-07 00:00:00-04:00,3.6761090755462646,3.6853687872420915,3.6714791093138808,3.6761090755462646,152300,0.0,0.0
2021-10-08 00:00:00-04:00,3.680740132246118,3.680740132246118,3.657590955144299,3.671480417251587,143000,0.0,0.0
2021-10-12 00:00:00-04:00,3.671480417251587,3.680740132246118,3.662220702257055,3.671480417251587,166700,0.0,0.0
2021-10-13 00:00:00-04:00,3.6714775492425598,3.68536722126882,3.6714775492425598,3.680737257003784,135700,0.0,0.0
2021-10-14 00:00:00-04:00,3.6853688700129137,3.7038882938205004,3.680738903676544,3.699258327484131,236100,0.0,0.0
2021-10-15 00:00:00-04:00,3.703888515119647,3.73629739833481,3.699258548506647,3.7270379066467285,262000,0.0,0.0
2021-10-18 00:00:00-04:00,3.7362964153289795,3.7409263807238524,3.7316668914719084,3.7362964153289795,170000,0.0,0.0
2021-10-19 00:00:00-04:00,3.7501868918377754,3.768706314745261,3.740926959615097,3.759446382522583,161700,0.0,0.0
2021-10-20 00:00:00-04:00,3.764076348633922,3.768706314745261,3.759446382522583,3.759446382522583,156900,0.0,0.0
2021-10-21 00:00:00-04:00,3.7640756412193808,3.7687056064605713,3.7501861870335964,3.7687056064605713,135200,0.0,0.0
2021-10-22 00:00:00-04:00,3.754816300972168,3.768706198879151,3.750186776541031,3.7640762329101562,162900,0.0,0.0
2021-10-25 00:00:00-04:00,3.76870688524818,3.773336410522461,3.7640769184359613,3.773336410522461,338300,0.0,0.0
2021-10-26 00:00:00-04:00,3.7779663773346797,3.7779663773346797,3.7640769184359613,3.773336410522461,280000,0.0,0.0
2021-10-27 00:00:00-04:00,3.773335130163974,3.773335130163974,3.7594456759781902,3.7687056064605713,199900,0.0,0.0
2021-10-28 00:00:00-04:00,3.768705276432465,3.8155798992034033,3.764017724749465,3.8062047958374023,249000,0.1,0.0
2021-10-29 00:00:00-04:00,3.8062043626711857,3.8062043626711857,3.7874546051025386,3.787454605102539,167300,0.0,0.0
2021-11-01 00:00:00-04:00,3.796829703931503,3.8062043591925177,3.787454601641007,3.792142152786255,94000,0.0,0.0
2021-11-02 00:00:00-04:00,3.787454880943184,3.796829983925038,3.7733926734999175,3.7780802249908447,193400,0.0,0.0
2021-11-03 00:00:00-04:00,3.7874553116776553,3.796830415725708,3.778080654659168,3.796830415725708,194000,0.0,0.0
2021-11-04 00:00:00-04:00,3.796830415725708,3.796830415725708,3.7874553116776553,3.796830415725708,126800,0.0,0.0
2021-11-05 00:00:00-04:00,3.806205025691257,3.815580129623413,3.8015174737251787,3.815580129623413,184700,0.0,0.0
2021-11-08 00:00:00-05:00,3.8155798992034033,3.8155798992034033,3.7733928281154654,3.8062047958374023,288000,0.0,0.0
2021-11-09 00:00:00-05:00,3.8062047958374023,3.8062047958374023,3.7921425878179345,3.8062047958374023,90400,0.0,0.0
2021-11-10 00:00:00-05:00,3.806205744344296,3.8155808500465738,3.8015181914931566,3.8108932971954346,193100,0.0,0.0
2021-11-11 00:00:00-05:00,3.810892577657335,3.815580129623413,3.806205025691257,3.815580129623413,175600,0.0,0.0
2021-11-12 00:00:00-05:00,3.8155815243316504,3.8202686309814453,3.806206416972614,3.8202686309814453,124000,0.0,0.0
2021-11-15 00:00:00-05:00,3.8202686309814453,3.824956184660963,3.8108939706521325,3.8202686309814453,163900,0.0,0.0
2021-11-16 00:00:00-05:00,3.8202669541747447,3.8343296090408625,3.8155798495822326,3.8296420574188232,119900,0.0,0.0
2021-11-17 00:00:00-05:00,3.8343296090408625,3.8343296090408625,3.8202669541747447,3.8296420574188232,257000,0.0,0.0
2021-11-18 00:00:00-05:00,3.8296420574188232,3.8343296090408625,3.824954505796784,3.8296420574188232,47600,0.0,0.0
2021-11-19 00:00:00-05:00,3.8296420574188232,3.8343296090408625,3.8202669541747447,3.8296420574188232,123300,0.0,0.0
2021-11-22 00:00:00-05:00,3.8343300431939467,3.8437047004699707,3.824954938888345,3.8437047004699707,150400,0.0,0.0
2021-11-23 00:00:00-05:00,3.8437044662348177,3.848392018101959,3.820267153928659,3.839016914367676,178900,0.0,0.0
2021-11-24 00:00:00-05:00,3.839016713633375,3.8437042652554143,3.824954505796784,3.8296420574188232,232200,0.0,0.0
2021-11-25 00:00:00-05:00,3.829642767866636,3.8390174258203067,3.8202676628833547,3.8343303203582764,584600,0.0,0.0
2021-11-26 00:00:00-05:00,3.792142152786255,3.792142152786255,3.754642637683234,3.792142152786255,601100,0.0,0.0
2021-11-29 00:00:00-05:00,3.820619152008331,3.8585880008814457,3.8111267134778615,3.853841781616211,268900,0.1,0.0
2021-11-30 00:00:00-05:00,3.834857790239292,3.834857790239292,3.7494278706274247,3.777904510498047,434000,0.0,0.0
2021-12-01 00:00:00-05:00,3.811127681116823,3.811127681116823,3.7589206138170983,3.7684128284454346,200600,0.0,0.0
2021-12-02 00:00:00-05:00,3.749428399188762,3.7779050430737704,3.7209517553037537,3.7684128284454346,255600,0.0,0.0
2021-12-03 00:00:00-05:00,3.777904401341721,3.7873966143576667,3.7399355492779387,3.754173755645752,178400,0.0,0.0
2021-12-06 00:00:00-05:00,3.777903815516234,3.777903815516234,3.7589193924281865,3.7731575965881348,182500,0.0,0.0
2021-12-07 00:00:00-05:00,3.7779045520961048,3.8206196255284772,3.7779045520961048,3.811127185821533,168600,0.0,0.0
2021-12-08 00:00:00-05:00,3.81587290763855,3.8301111127161995,3.8063809217949096,3.81587290763855,166600,0.0,0.0
2021-12-09 00:00:00-05:00,3.801634351960267,3.815872555724818,3.777903710603125,3.792141914367676,163400,0.0,0.0
2021-12-10 00:00:00-05:00,3.7968889036998914,3.7968889036998914,3.777904477286369,3.7826504707336426,192800,0.0,0.0
2021-12-13 00:00:00-05:00,3.7826505039870426,3.7873967237882544,3.7684122972078393,3.777904510498047,173900,0.0,0.0
2021-12-14 00:00:00-05:00,3.7684128284454346,3.7684128284454346,3.749428399188762,3.7684128284454346,111300,0.0,0.0
2021-12-15 00:00:00-05:00,3.7589193924281865,3.7731575965881348,3.7541731735000874,3.7731575965881348,143600,0.0,0.0
2021-12-16 00:00:00-05:00,3.7921435140638344,3.8158741654316297,3.763666868209839,3.763666868209839,244800,0.0,0.0
2021-12-17 00:00:00-05:00,3.7589187622070312,3.768410972159589,3.739934342301916,3.7589187622070312,165600,0.0,0.0
2021-12-20 00:00:00-05:00,3.7256967489497894,3.768411816462568,3.6877279006327357,3.7351889610290527,286300,0.0,0.0
2021-12-21 00:00:00-05:00,3.7589200839176318,3.7873967237882544,3.7494278706274247,3.777904510498047,260000,0.0,0.0
2021-12-22 00:00:00-05:00,3.7731575965881348,3.8016344575323804,3.7589193924281865,3.7731575965881348,168600,0.0,0.0
2021-12-23 00:00:00-05:00,3.78264918854826,3.8111258185159644,3.78264918854826,3.801633834838867,178800,0.0,0.0
2021-12-24 00:00:00-05:00,3.8016351987390267,3.815873405675005,3.796888978885555,3.811127185821533,99200,0.0,0.0
2021-12-29 00:00:00-05:00,3.81587290763855,3.825365346106569,3.8063809217949096,3.81587290763855,246800,0.0,0.0
2021-12-30 00:00:00-05:00,3.835096251689799,3.8591255392707926,3.8302902566761268,3.8495140075683594,206300,0.1,0.0
2021-12-31 00:00:00-05:00,3.844709873199463,3.849515870538994,3.835098107682967,3.844709873199463,89000,0.0,0.0
2022-01-04 00:00:00-05:00,3.8495138444525177,3.8687373653677346,3.8495138444525177,3.8591253757476807,250800,0.0,0.0
2022-01-05 00:00:00-05:00,3.8591253757476807,3.878348896662897,3.8495138444525177,3.8591253757476807,227900,0.0,0.0
2022-01-06 00:00:00-05:00,3.8639317765790375,3.8879612948292994,3.8543202442738966,3.8783493041992188,190600,0.0,0.0
2022-01-07 00:00:00-05:00,3.878349944958113,3.902379467178396,3.868738411065009,3.897573471069336,242300,0.0,0.0
2022-01-10 00:00:00-05:00,3.8975739213653626,3.9023799180296703,3.8591268647010364,3.892768383026123,257400,0.0,0.0
2022-01-11 00:00:00-05:00,3.892767431278297,3.921602487564087,3.868737912156835,3.921602487564087,253700,0.0,0.0
2022-01-12 00:00:00-05:00,3.936020896288284,3.940826892852783,3.921603364919845,3.940826892852783,155700,0.0,0.0
2022-01-13 00:00:00-05:00,3.9408250802313396,3.950437068939209,3.9312135498483185,3.950437068939209,196900,0.0,0.0
2022-01-14 00:00:00-05:00,3.9408250802313396,3.950437068939209,3.936019085877405,3.950437068939209,244200,0.0,0.0
2022-01-17 00:00:00-05:00,3.955244554208052,3.9840800762176514,3.95043901581068,3.9840800762176514,299000,0.0,0.0
2022-01-18 00:00:00-05:00,3.9840800762176514,3.9840800762176514,3.974468541097834,3.9840800762176514,202000,0.0,0.0
2022-01-19 00:00:00-05:00,3.9840785989290395,3.993690588809823,3.9792726039886475,3.9792726039886475,409600,0.0,0.0
2022-01-20 00:00:00-05:00,3.9888855211470253,4.008109047052493,3.9888855211470253,4.003303050994873,340100,0.0,0.0
2022-01-21 00:00:00-05:00,3.9984965820928013,3.9984965820928013,3.9167964920748033,3.921602487564087,522300,0.0,0.0
2022-01-24 00:00:00-05:00,3.8927672901443393,3.8927672901443393,3.738978877500098,3.8783493041992188,1034400,0.0,0.0
2022-01-25 00:00:00-05:00,3.8254853790238297,3.9456325323118584,3.8014558567012204,3.9264090061187744,377700,0.0,0.0
2022-01-26 00:00:00-05:00,3.9696610724327677,3.9888845938694315,3.955243087611592,3.9792726039886475,404500,0.0,0.0
2022-01-27 00:00:00-05:00,3.988886072940097,4.00330360478236,3.9696625443753883,3.9840800762176514,397000,0.0,0.0
2022-01-28 00:00:00-05:00,3.9986739176422432,4.01326748769957,3.964621635613509,4.003538131713867,298600,0.1,0.0
2022-01-31 00:00:00-05:00,3.9889441320482883,4.0229964104096005,3.984079454579361,4.018131732940674,215700,0.0,0.0
2022-02-01 00:00:00-05:00,4.018131750420492,4.0327253189695815,4.003537717950223,4.027860641479492,157300,0.0,0.0
2022-02-02 00:00:00-05:00,4.032725349328756,4.04731891798771,4.027860671802045,4.037590026855469,356200,0.0,0.0
2022-02-03 00:00:00-05:00,4.02786062395735,4.0375899788952045,4.013267055471746,4.018131732940674,134100,0.0,0.0
2022-02-04 00:00:00-05:00,4.022996458196516,4.04731891798771,4.022996458196516,4.037590026855469,167700,0.0,0.0
2022-02-07 00:00:00-05:00,4.04731891798771,4.04731891798771,4.018131780669804,4.037590026855469,138100,0.0,0.0
2022-02-08 00:00:00-05:00,4.037589092838318,4.052182658121335,4.0278597400355896,4.047317981719971,234100,0.0,0.0
2022-02-09 00:00:00-05:00,4.052182197570801,4.061911549267741,4.047317521722331,4.052182197570801,247100,0.0,0.0
2022-02-10 00:00:00-05:00,4.052184609644203,4.095965790499248,4.037591037332955,4.061913967132568,361400,0.0,0.0
2022-02-11 00:00:00-05:00,4.061913967132568,4.091101111755065,4.052184609644203,4.061913967132568,334500,0.0,0.0
2022-02-14 00:00:00-05:00,4.042454625667431,4.042454625667431,3.9986734566218973,4.008402347564697,487400,0.0,0.0
2022-02-15 00:00:00-05:00,4.018130847803675,4.05704733113999,4.018130847803675,4.042453765869141,209900,0.0,0.0
2022-02-16 00:00:00-05:00,4.047318965602379,4.06677721201696,4.037590074355682,4.057048320770264,154100,0.0,0.0
2022-02-17 00:00:00-05:00,4.052182142866175,4.057046818648972,4.032723903656006,4.032723903656006,288200,0.0,0.0
2022-02-18 00:00:00-05:00,4.037588633946414,4.057046873419271,4.032723958097944,4.052182197570801,227800,0.0,0.0
2022-02-22 00:00:00-05:00,4.0327239953855125,4.0716404746910575,4.013265755732741,4.066775798797607,308700,0.0,0.0
2022-02-23 00:00:00-05:00,4.0862364480362965,4.0911011267983675,4.061913982068547,4.071642875671387,327900,0.0,0.0
2022-02-24 00:00:00-05:00,4.003538750044976,4.061913967132568,3.9208415310003697,4.061913967132568,705500,0.0,0.0
2022-02-25 00:00:00-05:00,4.0865289969229,4.17022902406625,4.0865289969229,4.14561128616333,317200,0.1,0.0
2022-02-28 00:00:00-05:00,4.125918032365436,4.140688490305966,4.0963766469399845,4.116070747375488,252800,0.0,0.0
2022-03-01 00:00:00-05:00,4.116071429012697,4.120995072323046,4.056989117921928,4.081606864929199,202000,0.0,0.0
2022-03-02 00:00:00-05:00,4.101300538698759,4.130841925919641,4.0914537226547445,4.096376895904541,138400,0.0,0.0
2022-03-03 00:00:00-05:00,4.1062246119364705,4.1062246119364705,4.076683221618851,4.081606864929199,184400,0.0,0.0
2022-03-04 00:00:00-05:00,4.066836357116699,4.086530460583957,4.0619127138637685,4.066836357116699,218500,0.0,0.0
2022-03-07 00:00:00-05:00,4.066837268904676,4.071760913261491,3.9782135486602783,3.9782135486602783,658300,0.0,0.0
2022-03-08 00:00:00-05:00,3.9732899043034626,4.027449053139292,3.9191312250122032,3.9782135486602783,643400,0.0,0.0
2022-03-09 00:00:00-05:00,4.012677592488892,4.056989446785043,3.99790713090501,4.037295341491699,212700,0.0,0.0
2022-03-10 00:00:00-05:00,4.022524506929253,4.066836357116699,4.0077540467149255,4.066836357116699,197400,0.0,0.0
2022-03-11 00:00:00-05:00,4.086530508239548,4.101300968626123,4.0717600478529725,4.081606864929199,265000,0.0,0.0
2022-03-14 00:00:00-04:00,4.0865302085876465,4.09145385153696,4.0668361063348275,4.0865302085876465,175400,0.0,0.0
2022-03-15 00:00:00-04:00,4.091453473989402,4.116070747375488,4.081606188999454,4.116070747375488,231800,0.0,0.0
2022-03-16 00:00:00-04:00,4.130842986098884,4.1603839113570125,4.096377947238346,4.125919342041016,370700,0.0,0.0
2022-03-17 00:00:00-04:00,4.135766160612212,4.145613448727948,4.1209956979831475,4.125919342041016,210200,0.0,0.0
2022-03-18 00:00:00-04:00,4.125919133748373,4.165307345133766,4.11114867186498,4.160383701324463,262700,0.0,0.0
2022-03-21 00:00:00-04:00,4.16530679336997,4.189924539610943,4.1554595070558,4.185000896453857,327400,0.0,0.0
2022-03-22 00:00:00-04:00,4.209619091568286,4.23423684043426,4.20469544788619,4.224389553070068,285500,0.0,0.0
2022-03-23 00:00:00-04:00,4.229313019526011,4.249007123884622,4.2096189151674,4.219465732574463,188200,0.0,0.0
2022-03-24 00:00:00-04:00,4.239159413826875,4.244083056811225,4.224388954418262,4.234236240386963,164000,0.0,0.0
2022-03-25 00:00:00-04:00,4.244084577075888,4.268702331271476,4.23916093232785,4.2637786865234375,264300,0.0,0.0
2022-03-28 00:00:00-04:00,4.258853539455678,4.308089030478928,4.258853539455678,4.288394927978516,240700,0.0,0.0
2022-03-29 00:00:00-04:00,4.30809103718003,4.347479260527817,4.293320570810774,4.317938327789307,431700,0.0,0.0
2022-03-30 00:00:00-04:00,4.34283819479159,4.34283819479159,4.2581727358651325,4.302995681762695,353800,0.1,0.0
2022-03-31 00:00:00-04:00,4.302995107042131,4.30797506428544,4.263152599334717,4.263152599334717,146000,0.0,0.0
2022-04-01 00:00:00-04:00,4.273113190404443,4.283074055281369,4.158566094080866,4.198408603668213,431500,0.0,0.0
2022-04-04 00:00:00-04:00,4.218331160398028,4.263154116257893,4.178488638513777,4.248212814331055,255300,0.0,0.0
2022-04-05 00:00:00-04:00,4.253190517425537,4.253190517425537,4.228288838496625,4.253190517425537,121800,0.0,0.0
2022-04-06 00:00:00-04:00,4.24323246585289,4.248212424411095,4.223310731778945,4.233271598815918,182200,0.0,0.0
2022-04-07 00:00:00-04:00,4.238250732421875,4.248211121443618,4.213349047427313,4.238250732421875,244200,0.0,0.0
2022-04-08 00:00:00-04:00,4.243231948814497,4.283074462187009,4.243231948814497,4.268133163452148,288400,0.0,0.0
2022-04-11 00:00:00-04:00,4.2731128064381805,4.28307367042006,4.233270300430935,4.238250732421875,163000,0.0,0.0
2022-04-12 00:00:00-04:00,4.248212424411095,4.253192857929581,4.223310731778945,4.233271598815918,282000,0.0,0.0
2022-04-13 00:00:00-04:00,4.238249700052198,4.253190517425537,4.2233084077188385,4.253190517425537,187100,0.0,0.0
2022-04-14 00:00:00-04:00,4.253191734927785,4.268132556578026,4.238250913277544,4.263152599334717,166700,0.0,0.0
2022-04-18 00:00:00-04:00,4.258172002534297,4.293034076690674,4.243231181461584,4.293034076690674,247500,0.0,0.0
2022-04-19 00:00:00-04:00,4.302994514573571,4.312954902648926,4.293033651538126,4.312954902648926,136300,0.0,0.0
2022-04-20 00:00:00-04:00,4.342837283216705,4.347817240079843,4.312955167237271,4.322916030883789,222400,0.0,0.0
2022-04-21 00:00:00-04:00,4.327898244833092,4.342839548095061,4.288055719388581,4.317937850952148,251200,0.0,0.0
2022-04-22 00:00:00-04:00,4.317937113019132,4.322917546588635,4.2830750279531875,4.307976245880127,258600,0.0,0.0
2022-04-25 00:00:00-04:00,4.2830732634627715,4.317935334166648,4.248210717798804,4.312954902648926,502400,0.0,0.0
2022-04-26 00:00:00-04:00,4.29801315430728,4.29801315430728,4.273111477059708,4.278091907501221,174200,0.0,0.0
2022-04-27 00:00:00-04:00,4.283073687628911,4.3029949407125745,4.253191570523347,4.293034076690674,255400,0.0,0.0
2022-04-28 00:00:00-04:00,4.318229523795742,4.333346193039619,4.298074445338883,4.323268413543701,209300,0.1,0.0
2022-04-29 00:00:00-04:00,4.313188486043199,4.313188486043199,4.272877873160563,4.282955646514893,316700,0.0,0.0
2022-05-02 00:00:00-04:00,4.262801764191338,4.267840652267885,4.146909741104831,4.162026405334473,586000,0.0,0.0
2022-05-03 00:00:00-04:00,4.16706529514299,4.293034613900133,4.136832447205958,4.24264669418335,349000,0.0,0.0
2022-05-04 00:00:00-04:00,4.232567887665613,4.308149748841424,4.197296640771055,4.27791690826416,183700,0.0,0.0
2022-05-05 00:00:00-04:00,4.247685009170966,4.27791737249428,4.197297096252441,4.197297096252441,335000,0.0,0.0
2022-05-06 00:00:00-04:00,4.192258314721788,4.192258314721788,4.091482966874584,4.096521854400635,476800,0.0,0.0
2022-05-09 00:00:00-04:00,4.061250952886732,4.061250952886732,3.9503978204313652,3.9554364681243896,690600,0.0,0.0
2022-05-10 00:00:00-04:00,4.000784759382938,4.071327495921317,3.970552158009347,4.020939826965332,410300,0.0,0.0
2022-05-11 00:00:00-04:00,4.0511731822737636,4.202336457540992,4.046134294306735,4.116677284240723,414500,0.0,0.0
2022-05-12 00:00:00-04:00,4.116677492317076,4.116677492317076,4.031018314687187,4.061251163482666,329400,0.0,0.0
2022-05-13 00:00:00-04:00,4.086444465086285,4.101561129091367,4.041095914675464,4.051173210144043,312000,0.0,0.0
2022-05-16 00:00:00-04:00,4.066289275291902,4.08644434617739,4.051173092261485,4.071328163146973,222600,0.0,0.0
2022-05-17 00:00:00-04:00,4.136831842980508,4.156986911816411,4.06628886178748,4.101560592651367,345800,0.0,0.0
2022-05-18 00:00:00-04:00,4.101561667440168,4.1519491124662675,4.071328815996611,4.081406593322754,189600,0.0,0.0
2022-05-19 00:00:00-04:00,4.081406680250463,4.182182052983895,4.0662900139392875,4.126755237579346,238400,0.0,0.0
2022-05-20 00:00:00-04:00,4.151947941598005,4.162025716082169,4.116676691972901,4.136831760406494,154100,0.0,0.0
2022-05-24 00:00:00-04:00,4.16202684594312,4.232569364343428,4.146910180113168,4.2275309562683105,199100,0.0,0.0
2022-05-25 00:00:00-04:00,4.227530835939846,4.2577632056695105,4.20233687414189,4.24768590927124,273800,0.0,0.0
2022-05-26 00:00:00-04:00,4.272879505437606,4.343422504261904,4.262802208768344,4.3081512451171875,379300,0.0,0.0
2022-05-27 00:00:00-04:00,4.308149883125208,4.343421131119162,4.308149883125208,4.338382244110107,276900,0.0,0.0
2022-05-30 00:00:00-04:00,4.348578676540251,4.363872973177091,4.323088668326988,4.343481063842773,152300,0.1,0.0
2022-05-31 00:00:00-04:00,4.333285036839205,4.3383831359190435,4.241521198128063,4.2975993156433105,273300,0.0,0.0
2022-06-01 00:00:00-04:00,4.297599734590862,4.297599734590862,4.236423998213603,4.2568159103393555,165100,0.0,0.0
2022-06-02 00:00:00-04:00,4.256815716272126,4.2823052406311035,4.221129507042832,4.2823052406311035,111700,0.0,0.0
2022-06-03 00:00:00-04:00,4.256816613420872,4.267012328076967,4.236424697927067,4.241522312164307,125000,0.0,0.0
2022-06-06 00:00:00-04:00,4.251718016322098,4.277208029257049,4.216032289922102,4.231326103210449,196300,0.0,0.0
2022-06-07 00:00:00-04:00,4.195638912561006,4.210933208465576,4.175247004203024,4.210933208465576,351200,0.0,0.0
2022-06-08 00:00:00-04:00,4.226227799059959,4.256815910339356,4.2058358869342065,4.2568159103393555,224500,0.0,0.0
2022-06-09 00:00:00-04:00,4.241521816675494,4.246619916498796,4.221129903563845,4.231326103210449,146400,0.0,0.0
2022-06-10 00:00:00-04:00,4.185445302118562,4.195641018323989,4.154857181138901,4.175249099731445,306200,0.0,0.0
2022-06-13 00:00:00-04:00,4.119169985280477,4.1548557086247,4.078386162549504,4.144659996032715,392100,0.0,0.0
2022-06-14 00:00:00-04:00,4.14975754150646,4.14975754150646,4.083483716869533,4.093679428100586,167400,0.0,0.0
2022-06-15 00:00:00-04:00,4.119170450211067,4.149758563802535,4.098778536543946,4.134464263916016,172300,0.0,0.0
2022-06-16 00:00:00-04:00,4.098777871203547,4.098777871203547,3.9305444892131454,4.007014274597168,732000,0.0,0.0
2022-06-17 00:00:00-04:00,4.007014779578035,4.047798605431731,3.956034997260915,4.027406692504883,327900,0.0,0.0
2022-06-20 00:00:00-04:00,4.037602072014872,4.1446597211282015,4.001916107946848,4.11916971206665,225300,0.0,0.0
2022-06-21 00:00:00-04:00,4.159954782404618,4.190542899708313,4.1497590674244735,4.1548566818237305,166800,0.0,0.0
2022-06-22 00:00:00-04:00,4.129365921020508,4.144659732025055,4.088582100887393,4.129365921020508,218800,0.0,0.0
2022-06-23 00:00:00-04:00,4.129366330069843,4.129366330069843,4.057994394676143,4.078386306762695,245700,0.0,0.0
2022-06-24 00:00:00-04:00,4.083483971013716,4.129365889862642,4.0630918180102835,4.108973979949951,275300,0.0,0.0
2022-06-27 00:00:00-04:00,4.129366242668127,4.185443878173828,4.124268143209011,4.185443878173828,211300,0.0,0.0
2022-06-28 00:00:00-04:00,4.195638868001861,4.221128874723988,4.159953150299748,4.180345058441162,331200,0.0,0.0
2022-06-29 00:00:00-04:00,4.180345467307165,4.180345467307165,4.128736069564137,4.149379730224609,142700,0.1,0.0
2022-06-30 00:00:00-04:00,4.092608981926857,4.1235744686923335,4.087448190511851,4.113252639770508,200700,0.0,0.0
2022-07-04 00:00:00-04:00,4.102931499481201,4.1184143685084775,4.015196061966152,4.102931499481201,419100,0.0,0.0
2022-07-05 00:00:00-04:00,4.0719668753377665,4.0719668753377665,3.917139382527378,3.9584267139434814,513500,0.0,0.0
2022-07-06 00:00:00-04:00,3.973908807963614,3.989391678217027,3.7210238138622356,3.726184606552124,716700,0.0,0.0
2022-07-07 00:00:00-04:00,3.715863210394231,3.8964956514470375,3.6694150863763375,3.8190817832946777,337700,0.0,0.0
2022-07-08 00:00:00-04:00,3.82424195862788,3.886173190797409,3.819081166167339,3.860368490219116,109500,0.0,0.0
2022-07-11 00:00:00-04:00,3.8655296817535763,3.875851759924026,3.81392052136077,3.824242353439331,189600,0.0,0.0
2022-07-12 00:00:00-04:00,3.8294035388520697,3.8397253713250445,3.777794376487196,3.7829551696777344,176800,0.0,0.0
2022-07-13 00:00:00-04:00,3.767471953868386,3.767471953868386,3.4732994053306543,3.6332879066467285,1251000,0.0,0.0
2022-07-14 00:00:00-04:00,3.5558733558095197,3.581678050942291,3.4165285434945405,3.4474940299987793,701300,0.0,0.0
2022-07-15 00:00:00-04:00,3.4681390165298613,3.571357590518644,3.4681390165298613,3.5094265937805176,355400,0.0,0.0
2022-07-18 00:00:00-04:00,3.5868398117532996,3.6797365424656565,3.5558743168798066,3.648771047592163,348800,0.0,0.0
2022-07-19 00:00:00-04:00,3.6900590783136504,3.7623119134741128,3.6900590783136504,3.7519900798797607,295800,0.0,0.0
2022-07-20 00:00:00-04:00,3.8190821948764135,3.8190821948764135,3.772633819760885,3.788116693496704,234900,0.0,0.0
2022-07-21 00:00:00-04:00,3.8035994644199316,3.860369675467197,3.7932776302378777,3.8552086353302,208500,0.0,0.0
2022-07-22 00:00:00-04:00,3.8964953104400117,3.8964953104400117,3.8294032808401557,3.881012439727783,258400,0.0,0.0
2022-07-25 00:00:00-04:00,3.89133301004928,3.968746846331366,3.8500456963233147,3.948103189468384,259500,0.0,0.0
2022-07-26 00:00:00-04:00,3.9532647376585097,3.9635865680665536,3.493942915362787,3.7674717903137207,1266300,0.0,0.0
2022-07-27 00:00:00-04:00,3.7932764330699755,3.8706902880493343,3.7881156406536776,3.8448855876922607,278700,0.0,0.0
2022-07-28 00:00:00-04:00,3.871041152992883,3.871041152992883,3.8239608435397163,3.8553476333618164,195800,0.1,0.0
2022-07-29 00:00:00-04:00,3.881504394711336,3.8867354029469623,3.8291930651545987,3.8658108711242676,319600,0.0,0.0
2022-08-02 00:00:00-04:00,3.8605782760916796,3.8605782760916796,3.8134979741217836,3.850116014480591,136300,0.0,0.0
2022-08-03 00:00:00-04:00,3.86057998534371,3.881504517830118,3.8501177191005067,3.871042251586914,172100,0.0,0.0
2022-08-04 00:00:00-04:00,3.8762726783752446,3.891966200105376,3.871041670758578,3.876272678375244,140300,0.0,0.0
2022-08-05 00:00:00-04:00,3.8710420499481355,3.8919665813446045,3.8658107923789733,3.8919665813446045,96700,0.0,0.0
2022-08-08 00:00:00-04:00,3.8919663995617158,3.9233531951904297,3.8919663995617158,3.9233531951904297,285500,0.0,0.0
2022-08-09 00:00:00-04:00,3.9233530718882013,3.9233530718882013,3.8971972849662517,3.918121814727783,87300,0.0,0.0
2022-08-10 00:00:00-04:00,3.9547403397398933,4.0332074604547525,3.944278073607252,3.9861271381378174,297300,0.0,0.0
2022-08-11 00:00:00-04:00,4.017513126037257,4.080286959609128,4.017513126037257,4.069824695587158,347200,0.0,0.0
2022-08-12 00:00:00-04:00,4.101211958154946,4.132598753821632,4.095980700823792,4.1273674964904785,190000,0.0,0.0
2022-08-15 00:00:00-04:00,4.132598810063392,4.174447871521844,4.106443021931819,4.158754348754883,225000,0.0,0.0
2022-08-16 00:00:00-04:00,4.158754072993938,4.216296902843851,4.158754072993938,4.20583438873291,288100,0.0,0.0
2022-08-17 00:00:00-04:00,4.195372334570493,4.205834349704219,4.169216298975925,4.184909820556641,260800,0.0,0.0
2022-08-18 00:00:00-04:00,4.184909859391159,4.22152766101919,4.174447594720284,4.20583438873291,231300,0.0,0.0
2022-08-19 00:00:00-04:00,4.19537125339607,4.247682313344052,4.179677486419678,4.179677486419678,311200,0.0,0.0
2022-08-22 00:00:00-04:00,4.148290700786889,4.179677486419678,4.095979391398908,4.179677486419678,220700,0.0,0.0
2022-08-23 00:00:00-04:00,4.17967753061948,4.216295821738301,4.158753006643011,4.200602054595947,131200,0.0,0.0
2022-08-24 00:00:00-04:00,4.184909591204317,4.205834119205134,4.174447327203908,4.195372104644775,221200,0.0,0.0
2022-08-25 00:00:00-04:00,4.2006037304304495,4.211066246032715,4.184910455907254,4.211066246032715,105500,0.0,0.0
2022-08-26 00:00:00-04:00,4.2110662100017375,4.2110662100017375,4.1796791623436995,4.190141677856445,268800,0.0,0.0
2022-08-29 00:00:00-04:00,4.1796791623436995,4.205834952245365,4.16398588795478,4.190141677856445,290400,0.0,0.0
2022-08-30 00:00:00-04:00,4.184844555741846,4.200736228866233,4.137169031181507,4.158358097076416,236800,0.1,0.0
2022-08-31 00:00:00-04:00,4.158356981278397,4.232518692011013,4.158356981278397,4.168951511383057,138100,0.0,0.0
2022-09-01 00:00:00-04:00,4.1424646982414295,4.147761836211625,3.9729519891059226,4.052411079406738,479500,0.0,0.0
2022-09-02 00:00:00-04:00,4.073600976708828,4.110681960522584,4.036519992895073,4.06830358505249,199200,0.0,0.0
2022-09-06 00:00:00-04:00,4.1053846947673325,4.1053846947673325,3.925277414425025,3.951763868331909,416900,0.0,0.0
2022-09-07 00:00:00-04:00,3.9623596932585894,4.068305038294798,3.919981555244106,4.0365214347839355,281700,0.0,0.0
2022-09-08 00:00:00-04:00,4.0153323885676615,4.068305061386438,3.9729542503126405,4.004737854003906,172900,0.0,0.0
2022-09-09 00:00:00-04:00,4.0418170628694465,4.110681633359795,4.0259251417587825,4.089492321014404,451700,0.0,0.0
2022-09-12 00:00:00-04:00,4.137168660755059,4.216627777043291,4.137168660755059,4.174249649047852,149700,0.0,0.0
2022-09-13 00:00:00-04:00,3.9464673265235817,3.962359252809306,3.9146837265457313,3.935872793197632,981600,0.0,0.0
2022-09-14 00:00:00-04:00,3.9411691861706535,3.9623582474462857,3.9305746555328374,3.930574655532837,376000,0.0,0.0
2022-09-15 00:00:00-04:00,3.946466325192794,3.946466325192794,3.925277263917162,3.930574655532837,185500,0.0,0.0
2022-09-16 00:00:00-04:00,3.925278095414446,3.95706169406066,3.9093864223881334,3.946467161178589,392300,0.0,0.0
2022-09-19 00:00:00-04:00,3.91997949483155,3.946465690872162,3.898790436961663,3.9093849658966064,232800,0.0,0.0
2022-09-20 00:00:00-04:00,3.9146826267242436,3.9411690788946077,3.9146826267242436,3.914682626724243,194300,0.0,0.0
2022-09-21 00:00:00-04:00,3.9358727931976314,3.9464673265235817,3.893494659893831,3.935872793197632,357400,0.0,0.0
2022-09-22 00:00:00-04:00,3.9411693497067377,3.9411693497067377,3.898791225397022,3.91998028755188,277100,0.0,0.0
2022-09-23 00:00:00-04:00,3.904087183021109,3.904087183021109,3.7875473764415326,3.856411933898926,655000,0.0,0.0
2022-09-26 00:00:00-04:00,3.840521794882917,3.877602785905133,3.8193327293255326,3.872305393218994,280300,0.0,0.0
2022-09-27 00:00:00-04:00,3.893493672003713,3.946466325192794,3.882899141365897,3.930574655532837,573700,0.0,0.0
2022-09-28 00:00:00-04:00,3.9198343104655224,3.9520520951488316,3.850028982296256,3.909095048904419,294800,0.1,0.0
2022-09-29 00:00:00-04:00,3.89835758601565,3.89835758601565,3.8392914921548433,3.844660997390747,353400,0.0,0.0
2022-09-30 00:00:00-04:00,3.8285520115029636,3.919835899806502,3.780225186861256,3.871509075164795,291400,0.0,0.0
2022-10-03 00:00:00-04:00,3.8124426565697305,3.860769477053204,3.7480070666212812,3.790964126586914,441100,0.0,0.0
2022-10-04 00:00:00-04:00,3.850030543333879,3.9037268729111676,3.8392912774184214,3.871509075164795,222000,0.0,0.0
2022-10-05 00:00:00-04:00,3.8768781558841354,3.8768781558841354,3.828551592574719,3.8392908573150635,297000,0.0,0.0
2022-10-06 00:00:00-04:00,3.839291311005261,3.839291311005261,3.7748557149488198,3.8124430179595947,145700,0.0,0.0
2022-10-07 00:00:00-04:00,3.79633424349105,3.817812775490194,3.7587466844703985,3.7694859504699707,277300,0.0,0.0
2022-10-11 00:00:00-04:00,3.7372669179204165,3.7372669179204165,3.5708082218920683,3.59765625,751400,0.0,0.0
2022-10-12 00:00:00-04:00,3.5815486302067296,3.61913593279217,3.5224825398012296,3.5708093643188477,501200,0.0,0.0
2022-10-13 00:00:00-04:00,3.490264371021255,3.6030267788762522,3.415089517799346,3.565439224243164,679700,0.0,0.0
2022-10-14 00:00:00-04:00,3.6513537797470437,3.6513537797470437,3.54933063156694,3.5547001361846924,321700,0.0,0.0
2022-10-17 00:00:00-04:00,3.5922891977387037,3.65135530954645,3.5922891977387037,3.6352462768554688,205700,0.0,0.0
2022-10-18 00:00:00-04:00,3.694311537993884,3.7211595782375135,3.672833003381249,3.699681043624878,197900,0.0,0.0
2022-10-19 00:00:00-04:00,3.7104195319956963,3.7104195319956963,3.6567232067366806,3.68894100189209,143100,0.0,0.0
2022-10-20 00:00:00-04:00,3.6996802992514892,3.7694856507199255,3.6782017689603212,3.758746385574341,636600,0.0,0.0
2022-10-21 00:00:00-04:00,3.764116528197507,3.8178128593751834,3.764116528197507,3.8070735931396484,208400,0.0,0.0
2022-10-24 00:00:00-04:00,3.833921079230488,3.855399608612061,3.801703285158129,3.8553996086120605,285800,0.0,0.0
2022-10-25 00:00:00-04:00,3.844660763016028,3.8929875874146602,3.844660763016028,3.887617826461792,215400,0.0,0.0
2022-10-26 00:00:00-04:00,3.8929869384535616,3.9950100751521376,3.887617178395833,3.9842708110809326,454600,0.0,0.0
2022-10-27 00:00:00-04:00,3.9950114282888562,4.054077528708689,3.9574238632863556,3.9896416664123535,490200,0.0,0.0
2022-10-28 00:00:00-04:00,4.0168542643629435,4.0168542643629435,3.9678681544564434,4.00052547454834,227100,0.1,0.0
2022-10-31 00:00:00-04:00,3.9678698689971394,3.9678698689971394,3.924326756726033,3.929769515991211,293300,0.0,0.0
2022-11-01 00:00:00-04:00,3.9515407523601827,3.9678692872993397,3.9188831634071013,3.924326181411743,105300,0.0,0.0
2022-11-02 00:00:00-04:00,3.9188838005065922,3.951541394768873,3.9134410411544955,3.918883800506592,188600,0.0,0.0
2022-11-03 00:00:00-04:00,3.9188824882186344,3.9188824882186344,3.864453615236747,3.897110939025879,272000,0.0,0.0
2022-11-04 00:00:00-04:00,3.9460973925457647,3.96242618560791,3.9188828239546427,3.96242618560791,182600,0.0,0.0
2022-11-07 00:00:00-05:00,3.9787538849294495,3.9896396581760665,3.9515395815815606,3.984196901321411,157300,0.0,0.0
2022-11-08 00:00:00-05:00,3.9896409444883387,4.038627069660534,3.9678693909756717,4.033184051513672,344900,0.0,0.0
2022-11-09 00:00:00-05:00,4.016854763031006,4.054954844766124,4.000525971189283,4.016854763031006,292600,0.0,0.0
2022-11-10 00:00:00-05:00,4.060398946644579,4.098499298095703,4.049513169021031,4.098499298095703,457800,0.0,0.0
2022-11-11 00:00:00-05:00,4.103941162042023,4.114826937291311,4.065840818900837,4.087612628936768,205700,0.0,0.0
2022-11-14 00:00:00-05:00,4.082169931271784,4.098498725193316,4.060398379067991,4.076726913452148,193600,0.0,0.0
2022-11-15 00:00:00-05:00,4.098497787998332,4.125712092261347,4.0876120143856625,4.09305477142334,224000,0.0,0.0
2022-11-16 00:00:00-05:00,4.087612628936768,4.0984984041860555,4.0767265941501245,4.087612628936768,116500,0.0,0.0
2022-11-17 00:00:00-05:00,4.082168997810671,4.09305477142334,4.071283224198002,4.09305477142334,108200,0.0,0.0
2022-11-18 00:00:00-05:00,4.1202718887404375,4.174700790535808,4.109386108381363,4.147486209869385,223700,0.0,0.0
2022-11-21 00:00:00-05:00,4.158370313388056,4.191027641296387,4.136598761449168,4.191027641296387,272300,0.0,0.0
2022-11-22 00:00:00-05:00,4.2073560367610705,4.310771028450458,4.2073560367610705,4.2835564613342285,251900,0.0,0.0
2022-11-23 00:00:00-05:00,4.288999282919185,4.359756946563721,4.288999282919185,4.359756946563721,379600,0.0,0.0
2022-11-24 00:00:00-05:00,4.359757501904926,4.4033006052211645,4.359757501904926,4.392414569854736,240200,0.0,0.0
2022-11-25 00:00:00-05:00,4.392414769764444,4.392414769764444,4.376086235046387,4.376086235046387,272200,0.0,0.0
2022-11-28 00:00:00-05:00,4.376086836555885,4.381529855234987,4.327100706593626,4.354315280914307,283300,0.0,0.0
2022-11-29 00:00:00-05:00,4.370850610766111,4.370850610766111,4.299197520259196,4.332268238067627,228300,0.1,0.0
2022-11-30 00:00:00-05:00,4.343292341381026,4.343292341381026,4.277150897682285,4.321245193481445,198000,0.0,0.0
2022-12-01 00:00:00-05:00,4.315731719634641,4.315731719634641,4.222031243421248,4.271637439727783,152900,0.0,0.0
2022-12-02 00:00:00-05:00,4.244078807800039,4.282661437988281,4.222031665641805,4.282661437988281,118700,0.0,0.0
2022-12-05 00:00:00-05:00,4.266125571944291,4.271637488406781,4.244078431739616,4.260613918304443,169600,0.0,0.0
2022-12-06 00:00:00-05:00,4.260614164889403,4.271637735629734,4.194472740447412,4.205496311187744,166500,0.0,0.0
2022-12-07 00:00:00-05:00,4.1999845008796255,4.22754355984043,4.1999845008796255,4.211008071899414,208400,0.0,0.0
2022-12-08 00:00:00-05:00,4.2275434526684075,4.2275434526684075,4.177937252925585,4.205496311187744,155700,0.0,0.0
2022-12-09 00:00:00-05:00,4.188960929859836,4.22754355984043,4.166913787820258,4.211008071899414,203000,0.0,0.0
2022-12-12 00:00:00-05:00,4.2220315855279305,4.2220315855279305,4.166913731178218,4.194472789764404,214100,0.0,0.0
2022-12-13 00:00:00-05:00,4.238567352294922,4.29368521027338,4.194473065912156,4.238567352294922,263100,0.0,0.0
2022-12-14 00:00:00-05:00,4.244078431739616,4.293684628611456,4.238566778099767,4.260613918304443,303300,0.0,0.0
2022-12-15 00:00:00-05:00,4.227543460776685,4.238567031538159,4.161402036207838,4.233055114746094,254700,0.0,0.0
2022-12-16 00:00:00-05:00,4.205496360634347,4.205496360634347,4.172425648024519,4.194472789764404,213300,0.0,0.0
2022-12-19 00:00:00-05:00,4.194471978029893,4.194471978029893,4.139354134346852,4.161401271820068,187800,0.0,0.0
2022-12-20 00:00:00-05:00,4.177937358840047,4.2220316429192035,4.1558902168004686,4.211008071899414,149800,0.0,0.0
2022-12-21 00:00:00-05:00,4.2606131930496565,4.288172245025635,4.233054141073678,4.288172245025635,175600,0.0,0.0
2022-12-22 00:00:00-05:00,4.271637166072689,4.288172651389763,4.211007403673581,4.255101680755615,359200,0.0,0.0
2022-12-23 00:00:00-05:00,4.260614546051139,4.260614546051139,4.216520259145063,4.227543830871582,209200,0.0,0.0
2022-12-28 00:00:00-05:00,4.249590318769838,4.282661028847806,4.172425328587912,4.188960552215576,535000,0.0,0.0
2022-12-29 00:00:00-05:00,4.2224720277734935,4.2392279864642175,4.216886885761204,4.233642578125,139600,0.1,0.0
2022-12-30 00:00:00-05:00,4.228057712116254,4.2336428544931355,4.17220469038576,4.205716609954834,251800,0.0,0.0
2023-01-03 00:00:00-05:00,4.250398536815724,4.250398536815724,4.211301477421986,4.233642578125,212400,0.0,0.0
2023-01-04 00:00:00-05:00,4.244813754336943,4.261569715498187,4.2280580595026676,4.255984306335449,184700,0.0,0.0
2023-01-05 00:00:00-05:00,4.261568598557274,4.267153739929199,4.216886402274282,4.267153739929199,254500,0.0,0.0
2023-01-06 00:00:00-05:00,4.272739710972799,4.317421913146973,4.255983751994018,4.317421913146973,272400,0.0,0.0
2023-01-09 00:00:00-05:00,4.328592777252197,4.328592777252197,4.306251674546729,4.328592777252197,223900,0.0,0.0
2023-01-10 00:00:00-05:00,4.3174236264989,4.367691257056815,4.311838215847114,4.362105846405029,253500,0.0,0.0
2023-01-11 00:00:00-05:00,4.373275851055421,4.401202368146043,4.3676907074335,4.390031814575195,168900,0.0,0.0
2023-01-12 00:00:00-05:00,4.401200985892511,4.423542086017697,4.373274477572567,4.395615577697754,255300,0.0,0.0
2023-01-13 00:00:00-05:00,4.401200922899651,4.429127164492976,4.395615514784836,4.423542022705078,204100,0.0,0.0
2023-01-16 00:00:00-05:00,4.434713199433908,4.457054302397146,4.417957239048002,4.445883750915527,336300,0.0,0.0
2023-01-17 00:00:00-05:00,4.4458839840393685,4.4458839840393685,4.401201775769943,4.406786918640137,527400,0.0,0.0
2023-01-18 00:00:00-05:00,4.429128451551663,4.4347138612895405,4.401202201843262,4.401202201843262,328300,0.0,0.0
2023-01-19 00:00:00-05:00,4.3900305988318316,4.401201149309188,4.345348396922407,4.3844451904296875,292900,0.0,0.0
2023-01-20 00:00:00-05:00,4.401200922899651,4.445883122510504,4.356518723288799,4.423542022705078,221600,0.0,0.0
2023-01-23 00:00:00-05:00,4.423542022705078,4.434712572607791,4.401200922899651,4.423542022705078,257900,0.0,0.0
2023-01-24 00:00:00-05:00,4.429127164492976,4.434712572607791,4.406786064687549,4.423542022705078,160600,0.0,0.0
2023-01-25 00:00:00-05:00,4.423542022705078,4.434712572607791,4.401200922899651,4.423542022705078,392300,0.0,0.0
2023-01-26 00:00:00-05:00,4.423542022705078,4.4402977143956885,4.395615514784836,4.423542022705078,330700,0.0,0.0
2023-01-27 00:00:00-05:00,4.445883750915527,4.457054302397146,4.4235426479522895,4.445883750915527,426000,0.0,0.0
2023-01-30 00:00:00-05:00,4.445884041435398,4.474165584223966,4.428914899989974,4.4571967124938965,237000,0.1,0.0
2023-01-31 00:00:00-05:00,4.457197756230139,4.457197756230139,4.41194706139985,4.423259735107422,337500,0.0,0.0
2023-02-01 00:00:00-05:00,4.411947002794805,4.411947002794805,4.394977857601145,4.406290531158447,178400,0.0,0.0
2023-02-02 00:00:00-05:00,4.428915500640869,4.428915500640869,4.400633954016748,4.428915500640869,281800,0.0,0.0
2023-02-03 00:00:00-05:00,4.4062888735091885,4.440226881413594,4.3893200044146425,4.411945343017578,265400,0.0,0.0
2023-02-06 00:00:00-05:00,4.417601542810657,4.417601542810657,4.40063267371611,4.411945343017578,176200,0.0,0.0
2023-02-07 00:00:00-05:00,4.41194706139985,4.4289159371035005,4.378008770561717,4.423259735107422,272800,0.0,0.0
2023-02-08 00:00:00-05:00,4.42325853239881,4.434571203030405,4.411945861767216,4.417602062225342,166000,0.0,0.0
2023-02-09 00:00:00-05:00,4.4289146269892985,4.4289146269892985,4.394976615905762,4.394976615905762,179800,0.0,0.0
2023-02-10 00:00:00-05:00,4.3949759123065055,4.423257718539438,4.3949759123065055,4.400632381439209,218400,0.0,0.0
2023-02-13 00:00:00-05:00,4.417602062225342,4.428914732856936,4.406289391593748,4.417602062225342,176600,0.0,0.0
2023-02-14 00:00:00-05:00,4.411945861767216,4.428914732856936,4.400633191135622,4.417602062225342,143800,0.0,0.0
2023-02-15 00:00:00-05:00,4.4232592992022015,4.428915500640869,4.406290155455417,4.428915500640869,225700,0.0,0.0
2023-02-16 00:00:00-05:00,4.41760150880581,4.457195985913823,4.406288839591422,4.451539516448975,205300,0.0,0.0
2023-02-17 00:00:00-05:00,4.451540283700304,4.462852954864502,4.428914941371906,4.462852954864502,192000,0.0,0.0
2023-02-21 00:00:00-05:00,4.468509989573106,4.468509989573106,4.417602828048143,4.428915500640869,472000,0.0,0.0
2023-02-22 00:00:00-05:00,4.440228610811072,4.445885082522567,4.41194706139985,4.423259735107422,382700,0.0,0.0
2023-02-23 00:00:00-05:00,4.4402268472345865,4.462852185663362,4.423257978270659,4.451539516448975,301600,0.0,0.0
2023-02-24 00:00:00-05:00,4.445883316699435,4.451539516448975,4.411945309056271,4.451539516448975,347000,0.0,0.0
2023-02-27 00:00:00-05:00,4.4687275886535645,4.497373113711995,4.462998319729931,4.4687275886535645,466000,0.1,0.0
2023-02-28 00:00:00-05:00,4.4687275886535645,4.497373113711995,4.462998319729931,4.4687275886535645,251400,0.0,0.0
2023-03-01 00:00:00-05:00,4.468726499936736,4.474455494278034,4.451538970539816,4.457268238067627,245300,0.0,0.0
2023-03-02 00:00:00-05:00,4.480184761805845,4.485913756147143,4.440080708670707,4.457268238067627,205300,0.0,0.0
2023-03-03 00:00:00-05:00,4.462998319729931,4.4687275886535645,4.451540055069243,4.4687275886535645,157900,0.0,0.0
2023-03-06 00:00:00-05:00,4.480185578844859,4.49164384280358,4.457269050927416,4.474456310272217,126700,0.0,0.0
2023-03-07 00:00:00-05:00,4.4629972324089255,4.4629972324089255,4.445809976198517,4.457268238067627,222000,0.0,0.0
2023-03-08 00:00:00-05:00,4.457269050927416,4.480185578844859,4.457269050927416,4.474456310272217,102900,0.0,0.0
2023-03-09 00:00:00-05:00,4.474457001581365,4.474457001581365,4.428623938665217,4.451540470123291,240600,0.0,0.0
2023-03-10 00:00:00-05:00,4.445811629345769,4.445811629345769,4.394249295168391,4.411436557769775,574400,0.0,0.0
2023-03-13 00:00:00-04:00,4.354144705366534,4.399977764393563,4.279665847854321,4.365602970123291,550600,0.0,0.0
2023-03-14 00:00:00-04:00,4.394248154007302,4.405706417161451,4.354144096374512,4.354144096374512,271500,0.0,0.0
2023-03-15 00:00:00-04:00,4.325499642908579,4.325499642908579,4.216645979478444,4.239562511444092,781000,0.0,0.0
2023-03-16 00:00:00-04:00,4.210916095888949,4.268207417449271,4.165083038640692,4.256749153137207,763000,0.0,0.0
2023-03-17 00:00:00-04:00,4.228102689294194,4.228102689294194,4.153623851224713,4.176540374755859,354600,0.0,0.0
2023-03-20 00:00:00-04:00,4.176540727035783,4.176540727035783,4.096332887911456,4.11352014541626,415200,0.0,0.0
2023-03-21 00:00:00-04:00,4.1708129396985,4.210916734277303,4.147896134413541,4.188000202178955,347400,0.0,0.0
2023-03-22 00:00:00-04:00,4.199456898287006,4.216644427528621,4.170811380466327,4.176540374755859,357900,0.0,0.0
2023-03-23 00:00:00-04:00,4.210916316572217,4.210916316572217,4.170812525971541,4.2051873207092285,298000,0.0,0.0
2023-03-24 00:00:00-04:00,4.1765425971821815,4.228104939157925,4.165084329319423,4.216646671295166,425600,0.0,0.0
2023-03-27 00:00:00-04:00,4.245290888825142,4.256749153137207,4.228103628950331,4.256749153137207,336300,0.0,0.0
2023-03-28 00:00:00-04:00,4.245290354097138,4.256748616965943,4.210915565490723,4.210915565490723,412000,0.0,0.0
2023-03-29 00:00:00-04:00,4.239562582669251,4.25674984533893,4.233833312988281,4.233833312988281,266300,0.0,0.0
2023-03-30 00:00:00-04:00,4.274487861184102,4.274487861184102,4.2164106369018555,4.2164106369018555,276400,0.1,0.0
2023-03-31 00:00:00-04:00,4.233832359313965,4.257063241858664,4.228024777144772,4.233832359313965,145900,0.0,0.0
2023-04-03 00:00:00-04:00,4.233833804185536,4.233833804185536,4.193179607391357,4.193179607391357,271500,0.0,0.0
2023-04-04 00:00:00-04:00,4.204793469962371,4.210601328861513,4.169947147369385,4.169947147369385,226300,0.0,0.0
2023-04-05 00:00:00-04:00,4.175755858446853,4.181563441597238,4.082832312568607,4.117678642272949,476000,0.0,0.0
2023-04-06 00:00:00-04:00,4.111870765686035,4.117678625747122,4.088639879309708,4.111870765686035,234900,0.0,0.0
2023-04-10 00:00:00-04:00,4.111870782188554,4.135101668658115,4.100255338953772,4.117678642272949,242000,0.0,0.0
2023-04-11 00:00:00-04:00,4.129294203365388,4.18156356094676,4.129294203365388,4.175755977630615,330700,0.0,0.0
2023-04-12 00:00:00-04:00,4.204793801332713,4.2396404036058355,4.187370777130127,4.187370777130127,246000,0.0,0.0
2023-04-13 00:00:00-04:00,4.198987331150157,4.233833665719505,4.193179470254907,4.2164106369018555,229400,0.0,0.0
2023-04-14 00:00:00-04:00,4.233832996232224,4.303525654350564,4.2222175532125,4.262871742248535,381500,0.0,0.0
2023-04-17 00:00:00-04:00,4.291909694671631,4.309332995570805,4.26287122908497,4.291909694671631,341800,0.0,0.0
2023-04-18 00:00:00-04:00,4.315140265075227,4.326755705854589,4.303524824295866,4.320948123931885,135700,0.0,0.0
2023-04-19 00:00:00-04:00,4.320948437192264,4.320948437192264,4.286102112327888,4.291909694671631,207300,0.0,0.0
2023-04-20 00:00:00-04:00,4.291910354996292,4.297718215167566,4.2628718849419664,4.286102771759033,200000,0.0,0.0
2023-04-21 00:00:00-04:00,4.297717881924496,4.315140907219314,4.274486996908741,4.309333324432373,250300,0.0,0.0
2023-04-24 00:00:00-04:00,4.320948894397706,4.326756477355957,4.303525591654948,4.326756477355957,172900,0.0,0.0
2023-04-25 00:00:00-04:00,4.32675697022619,4.338372414399835,4.303526081878901,4.332564830780029,202900,0.0,0.0
2023-04-26 00:00:00-04:00,4.332563564711246,4.338371146633951,4.303524824295866,4.320948123931885,280500,0.0,0.0
2023-04-27 00:00:00-04:00,4.356269359588623,4.356269359588623,4.30328761607184,4.356269359588623,190000,0.1,0.0
2023-04-28 00:00:00-04:00,4.356270046777629,4.356270046777629,4.3327226638793945,4.3327226638793945,124900,0.0,0.0
2023-05-01 00:00:00-04:00,4.332721699354932,4.332721699354932,4.267966270446777,4.267966270446777,297000,0.0,0.0
2023-05-02 00:00:00-04:00,4.267966956177145,4.267966956177145,4.214985207584591,4.244419574737549,329500,0.0,0.0
2023-05-03 00:00:00-04:00,4.238532010152406,4.2679663732854065,4.238532010152406,4.256192684173584,82900,0.0,0.0
2023-05-04 00:00:00-04:00,4.262079636551026,4.2856272968527085,4.120795358982375,4.173777103424072,562800,0.0,0.0
2023-05-05 00:00:00-04:00,4.214985531419633,4.285627961872767,4.214985531419633,4.250306606292725,165200,0.0,0.0
2023-05-08 00:00:00-04:00,4.285627737215481,4.320948810237004,4.2797407513584265,4.297401428222656,180500,0.0,0.0
2023-05-09 00:00:00-04:00,4.297401859953119,4.297401859953119,4.262080502676166,4.291514873504639,197000,0.0,0.0
2023-05-10 00:00:00-04:00,4.297401533244368,4.320948915834177,4.267967164653634,4.285627841949463,80700,0.0,0.0
2023-05-11 00:00:00-04:00,4.291515457861773,4.291515457861773,4.2738550575255205,4.2797417640686035,118000,0.0,0.0
2023-05-12 00:00:00-04:00,4.285627841949463,4.297401533244368,4.267967164653634,4.285627841949463,140400,0.0,0.0
2023-05-15 00:00:00-04:00,4.297401428222656,4.297401428222656,4.2738540462083074,4.297401428222656,81800,0.0,0.0
2023-05-16 00:00:00-04:00,4.297401533244368,4.297401533244368,4.279740855948539,4.285627841949463,173200,0.0,0.0
2023-05-17 00:00:00-04:00,4.297401428222656,4.320948810237004,4.291514442365601,4.297401428222656,142900,0.0,0.0
2023-05-18 00:00:00-04:00,4.297401323774833,4.30917501449585,4.262079970904856,4.30917501449585,210900,0.0,0.0
2023-05-19 00:00:00-04:00,4.3150608880184915,4.338608264923096,4.309174184145777,4.338608264923096,158900,0.0,0.0
2023-05-23 00:00:00-04:00,4.326835843578253,4.3327228298818365,4.297401754181205,4.303288459777832,241100,0.0,0.0
2023-05-24 00:00:00-04:00,4.309175446081416,4.309175446081416,4.285628062280995,4.303288459777832,200500,0.0,0.0
2023-05-25 00:00:00-04:00,4.315061139009872,4.320948123931885,4.297400745657615,4.320948123931885,145700,0.0,0.0
2023-05-26 00:00:00-04:00,4.3386084338476945,4.373929500579834,4.320948040835067,4.373929500579834,301800,0.0,0.0
2023-05-29 00:00:00-04:00,4.385704517364502,4.385704517364502,4.37393082488903,4.385704517364502,231800,0.0,0.0
2023-05-30 00:00:00-04:00,4.40360431827694,4.409571113751574,4.349901736375064,4.355868816375732,277500,0.1,0.0
2023-05-31 00:00:00-04:00,4.34990320036741,4.34990320036741,4.308134479883262,4.320068359375,252100,0.0,0.0
2023-06-01 00:00:00-04:00,4.326034693639733,4.326034693639733,4.284265980375201,4.302166938781738,238600,0.0,0.0
2023-06-02 00:00:00-04:00,4.302166938781738,4.308133735233196,4.284265980375201,4.302166938781738,99700,0.0,0.0
2023-06-05 00:00:00-04:00,4.308134440520231,4.308134440520231,4.266366004943848,4.266366004943848,220400,0.0,0.0
2023-06-06 00:00:00-04:00,4.278298854827881,4.284265650820361,4.2484640212873055,4.278298854827881,200100,0.0,0.0
2023-06-07 00:00:00-04:00,4.284266796412491,4.337969397334917,4.284266796412491,4.30813455581665,408200,0.0,0.0
2023-06-08 00:00:00-04:00,4.314101714391756,4.314101714391756,4.2783000746509865,4.296200752258301,188000,0.0,0.0
2023-06-09 00:00:00-04:00,4.308133403842397,4.308133403842397,4.2663649783168625,4.278298854827881,264300,0.0,0.0
2023-06-12 00:00:00-04:00,4.284266681754833,4.284266681754833,4.260398922989434,4.266366004943848,342200,0.0,0.0
2023-06-13 00:00:00-04:00,4.266366004943848,4.284266681754833,4.266366004943848,4.266366004943848,176700,0.0,0.0
2023-06-14 00:00:00-04:00,4.284267006491002,4.296200886778259,4.26039924591649,4.290234088897705,293400,0.0,0.0
2023-06-15 00:00:00-04:00,4.2902333877250545,4.337968901072443,4.2842663062935795,4.326035022735596,185400,0.0,0.0
2023-06-16 00:00:00-04:00,4.332002599746946,4.337969397334917,4.290233878526599,4.30813455581665,155700,0.0,0.0
2023-06-19 00:00:00-04:00,4.332002676525211,4.337969474218935,4.2902339545645765,4.296200752258301,168500,0.0,0.0
2023-06-20 00:00:00-04:00,4.308133749965247,4.308133749965247,4.260398240086022,4.284265995025635,349400,0.0,0.0
2023-06-21 00:00:00-04:00,4.272331237792969,4.29619898781771,4.266364442549795,4.272331237792969,185300,0.0,0.0
2023-06-22 00:00:00-04:00,4.272332069001068,4.278299149931197,4.182828131257768,4.230563640594482,504300,0.0,0.0
2023-06-23 00:00:00-04:00,4.1768610647125435,4.224596574213657,4.1768610647125435,4.212662696838379,255800,0.0,0.0
2023-06-26 00:00:00-04:00,4.2305643667957495,4.266366004943848,4.200729526075937,4.266366004943848,237600,0.0,0.0
2023-06-27 00:00:00-04:00,4.266365321083966,4.290233076023579,4.266365321083966,4.284265995025635,154400,0.0,0.0
2023-06-28 00:00:00-04:00,4.284265112805339,4.30813286283008,4.236529612755857,4.272331237792969,403400,0.0,0.0
2023-06-29 00:00:00-04:00,4.272333785601322,4.296539619855221,4.254179554189051,4.2844367027282715,271000,0.1,0.0
2023-06-30 00:00:00-04:00,4.308640728248935,4.314692328550149,4.28443490415645,4.302589416503906,118700,0.0,0.0
2023-07-04 00:00:00-04:00,4.266281750267829,4.266281750267829,4.205766886304451,4.2420759201049805,894500,0.0,0.0
2023-07-05 00:00:00-04:00,4.236023963830775,4.2481268778994705,4.205766534380919,4.2299723625183105,298500,0.0,0.0
2023-07-06 00:00:00-04:00,4.229972461857105,4.229972461857105,4.102892005429495,4.133149147033691,627300,0.0,0.0
2023-07-07 00:00:00-04:00,4.1331490629859875,4.1331490629859875,4.0907890078902565,4.10289192199707,396100,0.0,0.0
2023-07-10 00:00:00-04:00,4.108942458285143,4.108942458285143,3.830575197876638,3.8729355335235596,1094200,0.0,0.0
2023-07-11 00:00:00-04:00,3.8426782371546726,3.8668840615968922,3.4795905819651947,3.5703625679016113,2320700,0.0,0.0
2023-07-12 00:00:00-04:00,3.528001889018992,4.072633463311559,3.5098476667243976,4.0423760414123535,1538500,0.0,0.0
2023-07-13 00:00:00-04:00,4.102891612714946,4.121045838228556,4.0665825845753005,4.114994525909424,459300,0.0,0.0
2023-07-14 00:00:00-04:00,4.1331490629859875,4.1331490629859875,4.066582891120396,4.10289192199707,315800,0.0,0.0
2023-07-17 00:00:00-04:00,4.09683959761738,4.108942509588159,4.0302734375,4.0302734375,236400,0.0,0.0
2023-07-18 00:00:00-04:00,4.03027304505574,4.12709661995005,4.03027304505574,4.090787887573242,311800,0.0,0.0
2023-07-19 00:00:00-04:00,4.090788795260216,4.108943021198703,4.060531367287778,4.066582679748535,273300,0.0,0.0
2023-07-20 00:00:00-04:00,4.078684774557703,4.078684774557703,4.018170219315453,4.0423760414123535,308200,0.0,0.0
2023-07-21 00:00:00-04:00,4.048428664238292,4.10289192199707,4.042377062906769,4.10289192199707,210600,0.0,0.0
2023-07-24 00:00:00-04:00,4.1028911961356,4.1876115798950195,4.07263377194343,4.1876115798950195,419900,0.0,0.0
2023-07-25 00:00:00-04:00,4.18156034864158,4.18156034864158,4.133148696506902,4.16945743560791,243700,0.0,0.0
2023-07-26 00:00:00-04:00,4.16945743560791,4.18156034864158,4.145251609540571,4.16945743560791,193400,0.0,0.0
2023-07-27 00:00:00-04:00,4.163406995382786,4.163406995382786,4.133149562183177,4.1392011642456055,297900,0.0,0.0
2023-07-28 00:00:00-04:00,4.139199860692487,4.145341247547122,4.090069937205178,4.108493804931641,349700,0.1,0.0
2023-07-31 00:00:00-04:00,4.114635454829356,4.114635454829356,4.028658077111164,4.04708194732666,212600,0.0,0.0
2023-08-01 00:00:00-04:00,4.022515999409429,4.022515999409429,3.850560993150762,3.9488208293914795,388900,0.0,0.0
2023-08-02 00:00:00-04:00,3.930398172545095,3.9488217497153766,3.8137144433958876,3.8996918201446533,399600,0.0,0.0
2023-08-03 00:00:00-04:00,3.868987287713715,3.8935522621951435,3.832139533153977,3.8628458976745605,137700,0.0,0.0
2023-08-04 00:00:00-04:00,3.8628436597906544,3.911973580290786,3.8382786995405884,3.8567025661468506,283900,0.0,0.0
2023-08-08 00:00:00-04:00,3.8259971141815186,3.856703468093948,3.8259971141815186,3.8259971141815186,206400,0.0,0.0
2023-08-09 00:00:00-04:00,3.8382790626276244,3.8382790626276244,3.752301693619253,3.795290231704712,408400,0.0,0.0
2023-08-10 00:00:00-04:00,3.789149377576769,3.789149377576769,3.7277369672508636,3.7523019313812256,367000,0.0,0.0
2023-08-11 00:00:00-04:00,3.746160306557071,3.8075727129916226,3.727736731045432,3.795290231704712,384900,0.0,0.0
2023-08-14 00:00:00-04:00,3.8075722506561176,3.8075722506561176,3.7707248112695972,3.7768661975860596,183700,0.0,0.0
2023-08-15 00:00:00-04:00,3.770726072736847,3.770726072736847,3.6663248131296964,3.690890073776245,503800,0.0,0.0
2023-08-16 00:00:00-04:00,3.654041417158868,3.672465284835715,3.6110528806419624,3.623335361480713,483700,0.0,0.0
2023-08-17 00:00:00-04:00,3.6356181568655854,3.6356181568655854,3.5434993961863115,3.5619232654571533,535600,0.0,0.0
2023-08-18 00:00:00-04:00,3.4206745473050377,3.4268156417833864,3.1074708222977026,3.205730676651001,2238100,0.0,0.0
2023-08-21 00:00:00-04:00,3.1750238487256435,3.181164941714941,2.9109501149258015,2.9293739795684814,2552500,0.0,0.0
2023-08-22 00:00:00-04:00,2.9539398363717924,3.1627423326399073,2.9170923887075633,3.015352249145508,1488200,0.0,0.0
2023-08-23 00:00:00-04:00,3.033775645821455,3.1136119163835176,3.0276342590840173,3.0890469551086426,536400,0.0,0.0
2023-08-24 00:00:00-04:00,3.0890474539267956,3.1258949017892195,3.039917230606079,3.039917230606079,317300,0.0,0.0
2023-08-25 00:00:00-04:00,3.0460584727427653,3.0706234368102496,2.966222193104706,3.0030696392059326,370700,0.0,0.0
2023-08-28 00:00:00-04:00,3.003069271377109,3.027634232435772,2.98464569700183,2.9907867908477783,384600,0.0,0.0
2023-08-29 00:00:00-04:00,2.990787154995144,3.1197533626742957,2.990787154995144,3.0767648220062256,498100,0.0,0.0
2023-08-30 00:00:00-04:00,3.101329584059158,3.1381770277336045,3.101329584059158,3.125894546508789,292600,0.0,0.0
2023-08-31 00:00:00-04:00,3.1136116981506348,3.1627416172568714,3.1013292183740755,3.1136116981506348,253100,0.0,0.0
2023-09-01 00:00:00-04:00,3.1381770277336045,3.1381770277336045,3.101329584059158,3.125894546508789,221700,0.0,0.0
2023-09-05 00:00:00-04:00,3.11361225216503,3.125894734127048,2.9785046577453613,2.9785046577453613,715300,0.0,0.0
2023-09-06 00:00:00-04:00,2.960081157699709,2.966222252420649,2.9109509357448062,2.9170923233032227,373400,0.0,0.0
2023-09-07 00:00:00-04:00,2.89866825336333,2.990787010518061,2.886385771931863,2.9232335090637207,205000,0.0,0.0
2023-09-08 00:00:00-04:00,2.8925267122072813,2.9109502850895432,2.8556792736053467,2.8556792736053467,254000,0.0,0.0
2023-09-11 00:00:00-04:00,2.8311148602105045,2.861820918545074,2.806549896407862,2.8372559547424316,495000,0.0,0.0
2023-09-12 00:00:00-04:00,2.843396639941583,2.8618202118251728,2.812690296352407,2.8188316822052,305300,0.0,0.0
2023-09-13 00:00:00-04:00,2.7697022086680962,2.794267170324082,2.62231214589474,2.6775834560394287,928400,0.0,0.0
2023-09-14 00:00:00-04:00,2.6653011222384664,2.880244695004078,2.6653011222384664,2.8311147689819336,512700,0.0,0.0
2023-09-15 00:00:00-04:00,2.8372560420686663,3.027634663817432,2.8372560420686663,2.9170923233032227,506500,0.0,0.0
2023-09-18 00:00:00-04:00,2.9109502850895432,2.941656630343194,2.843396794071368,2.8556792736053467,242000,0.0,0.0
2023-09-19 00:00:00-04:00,2.831115127338301,2.8372562224496662,2.7451374530792236,2.7451374530792236,314800,0.0,0.0
2023-09-20 00:00:00-04:00,2.775843272707266,2.861820637575373,2.7512783113163786,2.78812575340271,370300,0.0,0.0
2023-09-21 00:00:00-04:00,2.751278679502461,2.769702549429895,2.67758378546768,2.683724880218506,195900,0.0,0.0
2023-09-22 00:00:00-04:00,2.6591597885264684,2.7451371607937025,2.6530186940689693,2.6714422702789307,359800,0.0,0.0
2023-09-25 00:00:00-04:00,2.6653008102979054,2.6653008102979054,2.524052143096924,2.524052143096924,657400,0.0,0.0
2023-09-26 00:00:00-04:00,2.4749225469052427,2.4933461230010536,2.3766624006568895,2.450357437133789,992400,0.0,0.0
2023-09-27 00:00:00-04:00,2.4319331645965576,2.462639508261435,2.352096905337794,2.4319331645965576,721900,0.0,0.0
2023-09-28 00:00:00-04:00,2.413509506987215,2.5179105802515807,2.413509506987215,2.462639570236206,512900,0.0,0.0
2023-09-29 00:00:00-04:00,2.49948705587724,2.49948705587724,2.4196507930755615,2.4196507930755615,206600,0.0,0.0
2023-10-02 00:00:00-04:00,2.4196503824296043,2.4196503824296043,2.33367289449765,2.3459553718566895,391300,0.0,0.0
2023-10-03 00:00:00-04:00,2.3091088917611353,2.3091088917611353,2.131012750212286,2.1494364738464355,707800,0.0,0.0
2023-10-04 00:00:00-04:00,2.161718361516205,2.2845432983698144,2.112588445342241,2.216989517211914,535500,0.0,0.0
2023-10-05 00:00:00-04:00,2.2538377130088065,2.3091088837187503,2.235413989438825,2.266120195388794,278600,0.0,0.0
2023-10-06 00:00:00-04:00,2.2661198955877495,2.4810634552198656,2.2661198955877495,2.444216012954712,568600,0.0,0.0
2023-10-10 00:00:00-04:00,2.456498861312866,2.505628791685126,2.425792654830204,2.456498861312866,434200,0.0,0.0
2023-10-11 00:00:00-04:00,2.4810636043548584,2.499487473013601,2.456498641368173,2.4810636043548584,229200,0.0,0.0
2023-10-12 00:00:00-04:00,2.4872054269112844,2.4872054269112844,2.401227894988593,2.4073691368103027,170700,0.0,0.0
2023-10-13 00:00:00-04:00,2.4319340476079825,2.4503577726451637,2.382804114175498,2.413510322570801,132300,0.0,0.0
2023-10-16 00:00:00-04:00,2.4196512329428854,2.450357437133789,2.4012275104283436,2.450357437133789,306900,0.0,0.0
2023-10-17 00:00:00-04:00,2.425792032797329,2.4564982314061647,2.4135095533537942,2.4196507930755615,154400,0.0,0.0
2023-10-18 00:00:00-04:00,2.4073685986912583,2.4073685986912583,2.2906848837423257,2.296826124191284,221000,0.0,0.0
2023-10-19 00:00:00-04:00,2.2784031003153826,2.2968268273021795,2.259979373328586,2.27226185798645,177900,0.0,0.0
2023-10-20 00:00:00-04:00,2.259978618149963,2.259978618149963,2.1740011078557866,2.186283588409424,302500,0.0,0.0
2023-10-23 00:00:00-04:00,2.1740014042959235,2.1740014042959235,2.100306510925293,2.100306510925293,468800,0.0,0.0
2023-10-24 00:00:00-04:00,2.118730104678711,2.143295067633105,2.063458791612595,2.0880239009857178,227500,0.0,0.0
2023-10-25 00:00:00-04:00,2.069599747058209,2.1003060929370805,2.0020461082458496,2.0020461082458496,323800,0.0,0.0
2023-10-26 00:00:00-04:00,1.9836226620108133,2.124871345417309,1.805526534172726,2.0880239009857178,1207300,0.0,0.0
2023-10-27 00:00:00-04:00,2.0634589009181603,2.118730216912109,2.057317659854248,2.0757415294647217,904400,0.0,0.0
2023-10-30 00:00:00-04:00,2.057317262639737,2.137153527475027,2.057317262639737,2.0941648483276367,192000,0.0,0.0
2023-10-31 00:00:00-04:00,2.0757413837766063,2.118730068206787,2.069599996724997,2.118730068206787,282400,0.0,0.0
2023-11-01 00:00:00-04:00,2.1003066531450436,2.204707759156166,2.1003066531450436,2.1371541023254395,200500,0.0,0.0
2023-11-02 00:00:00-04:00,2.192425046358709,2.4073687702252378,2.192425046358709,2.3950862884521484,408800,0.0,0.0
2023-11-03 00:00:00-04:00,2.425792654830204,2.5609001097726605,2.401227689644074,2.456498861312866,458500,0.0,0.0
2023-11-06 00:00:00-05:00,2.524051902753793,2.524051902753793,2.4012269673503783,2.4319331645965576,204700,0.0,0.0
2023-11-07 00:00:00-05:00,2.407368809062725,2.407368809062725,2.3275325298309326,2.3275325298309326,185100,0.0,0.0
2023-11-08 00:00:00-05:00,2.327532680776109,2.3643801290794593,2.2784027497049757,2.284543991088867,113300,0.0,0.0
2023-11-09 00:00:00-05:00,2.302967746671473,2.376662644283962,2.2968265052037653,2.3336739540100098,398000,0.0,0.0
2023-11-10 00:00:00-05:00,2.352096905337794,2.4380744040457936,2.315249468642379,2.4319331645965576,177700,0.0,0.0
2023-11-13 00:00:00-05:00,2.425792032797329,2.4503569916843975,2.3766619686044863,2.4196507930755615,128500,0.0,0.0
2023-11-14 00:00:00-05:00,2.4564986946582317,2.5547585487365723,2.4564986946582317,2.5547585487365723,462200,0.0,0.0
2023-11-15 00:00:00-05:00,2.5670418595430347,2.696008106090268,2.5670418595430347,2.665302038192749,373500,0.0,0.0
2023-11-16 00:00:00-05:00,2.671441544313867,2.6837240227285615,2.591605288199659,2.628453016281128,236500,0.0,0.0
2023-11-17 00:00:00-05:00,2.6223122896662923,2.7635609733510673,2.5854648451621065,2.7574195861816406,425300,0.0,0.0
2023-11-20 00:00:00-05:00,2.757418909442802,2.7758427735919518,2.7328539524688598,2.7635602951049805,416200,0.0,0.0
2023-11-21 00:00:00-05:00,2.732854565971256,2.732854565971256,2.616171140569296,2.6407361030578613,409400,0.0,0.0
2023-11-22 00:00:00-05:00,2.6591592061432823,2.6591592061432823,2.5670404667560356,2.5916054248809814,169400,0.0,0.0
2023-11-23 00:00:00-05:00,2.5731832488250737,2.6775845239192684,2.5670418595430347,2.665302038192749,255100,0.0,0.0
2023-11-24 00:00:00-05:00,2.653018769613241,2.659159864245607,2.59160606626475,2.610029935836792,212200,0.0,0.0
2023-11-27 00:00:00-05:00,2.5916060133681356,2.603888495219645,2.536334991455078,2.536334991455078,180100,0.0,0.0
2023-11-28 00:00:00-05:00,2.4994875102579655,2.505628604677415,2.431933714619247,2.450357437133789,278100,0.0,0.0
2023-11-29 00:00:00-05:00,2.431933714619247,2.4933461230010536,2.4257924737810663,2.450357437133789,224900,0.0,0.0
2023-11-30 00:00:00-05:00,2.4503573115778763,2.554758400477453,2.444216071054372,2.517910957336426,255800,0.0,0.0
2023-12-01 00:00:00-05:00,2.4872051497143843,2.6284538422904165,2.4872051497143843,2.616171360015869,302800,0.0,0.0
2023-12-04 00:00:00-05:00,2.5793228097849643,2.6468765874844777,2.56704033137027,2.628453016281128,255400,0.0,0.0
2023-12-05 00:00:00-05:00,2.628453800736199,2.757419716161337,2.6038885437379893,2.7267136573791504,563900,0.0,0.0
2023-12-06 00:00:00-05:00,2.708289980890291,2.8802450351101077,2.708289980890291,2.7942676544189453,537700,0.0,0.0
2023-12-07 00:00:00-05:00,2.7635606420314285,2.7942669885223026,2.7267132019448335,2.7512781620025635,288700,0.0,0.0
2023-12-08 00:00:00-05:00,2.7389960995318607,2.8372559547424316,2.7328547121624664,2.8372559547424316,311000,0.0,0.0
2023-12-11 00:00:00-05:00,2.8372559547424316,2.8679623059144683,2.745137194063788,2.8372559547424316,419300,0.0,0.0
2023-12-12 00:00:00-05:00,2.831114842436912,2.8433973242611246,2.7574196586541713,2.8126909732818604,176900,0.0,0.0
2023-12-13 00:00:00-05:00,2.8004086271446638,2.97236367385277,2.745137309838937,2.9662222862243652,545200,0.0,0.0
2023-12-14 00:00:00-05:00,3.06448268371757,3.1627428531646733,3.0460591032720408,3.162742853164673,827000,0.0,0.0
2023-12-15 00:00:00-05:00,3.2487196350294996,3.439098256622748,3.21187218822153,3.291708469390869,1139400,0.0,0.0
2023-12-18 00:00:00-05:00,3.39610915425795,3.45138016892359,3.310131499733749,3.3531203269958496,715900,0.0,0.0
2023-12-19 00:00:00-05:00,3.396109377631022,3.396109377631022,3.3469791605982713,3.371544122695923,501500,0.0,0.0
2023-12-20 00:00:00-05:00,3.3899671433101424,3.408391006696759,3.2302949295880867,3.248718500137329,809000,0.0,0.0
2023-12-21 00:00:00-05:00,3.273284088024796,3.303990435318106,3.2610016076749586,3.285566568374634,311400,0.0,0.0
2023-12-22 00:00:00-05:00,3.316274040684163,3.3346976210402386,3.285567682973997,3.3039915561676025,313000,0.0,0.0
2023-12-27 00:00:00-05:00,3.371543900938587,3.371543900938587,3.3224139799747165,3.3531203269958496,490000,0.0,0.0
2023-12-28 00:00:00-05:00,3.3843992547641677,3.3843992547641677,3.340608696228361,3.3531203269958496,251900,0.1,0.0
2023-12-29 00:00:00-05:00,3.334353066399558,3.3656322956085205,3.309329802352723,3.3656322956085205,109000,0.0,0.0
2024-01-02 00:00:00-05:00,3.3218415186893795,3.346864783371342,3.3030742193283302,3.3155858516693115,287700,0.0,0.0
2024-01-03 00:00:00-05:00,3.296818277824741,3.296818277824741,3.096631860621983,3.12791109085083,514900,0.0,0.0
2024-01-04 00:00:00-05:00,3.14042320673724,3.25302791595459,3.134167538708945,3.25302791595459,318100,0.0,0.0
2024-01-05 00:00:00-05:00,3.228004875101473,3.3406098905683983,3.209237571390928,3.3343539237976074,293300,0.0,0.0
2024-01-08 00:00:00-05:00,3.3343528095254054,3.440701822681885,3.3343528095254054,3.434445858001709,521800,0.0,0.0
2024-01-09 00:00:00-05:00,3.421935272382776,3.4281912389742217,3.36563306456429,3.3844003677368164,227400,0.0,0.0
2024-01-10 00:00:00-05:00,3.3906559535058167,3.4031675869825557,3.346865087186795,3.39691162109375,364000,0.0,0.0
2024-01-11 00:00:00-05:00,3.3781441126988017,3.3906557454076514,3.303074316445704,3.3280975818634033,342500,0.0,0.0
2024-01-12 00:00:00-05:00,3.3343536829299794,3.35937695160368,3.2592838769088774,3.2717955112457275,360700,0.0,0.0
2024-01-15 00:00:00-05:00,3.2843066361348807,3.378144028256046,3.2780506707864077,3.3593764305114746,190500,0.0,0.0
2024-01-16 00:00:00-05:00,3.334353151030361,3.353120748692255,3.284306621666436,3.3155858516693115,203300,0.0,0.0
2024-01-17 00:00:00-05:00,3.284307048989389,3.2968186829582655,3.2092372451761295,3.2592837810516357,319200,0.0,0.0
2024-01-18 00:00:00-05:00,3.2780510823406144,3.34686521830909,3.2655394483736995,3.340609550476074,280700,0.0,0.0
2024-01-19 00:00:00-05:00,3.3531208607175156,3.3781441262354868,3.33435326242861,3.3718881607055664,282900,0.0,0.0
2024-01-22 00:00:00-05:00,3.3844001202098353,3.3969117541767506,3.328097916509159,3.340609550476074,318200,0.0,0.0
2024-01-23 00:00:00-05:00,3.365632493476501,3.384399793464552,3.3468648951875957,3.3718881607055664,169200,0.0,0.0
2024-01-24 00:00:00-05:00,3.384399793464552,3.4094230589825227,3.3531208607175156,3.3718881607055664,334600,0.0,0.0
2024-01-25 00:00:00-05:00,3.3843999876170114,3.4031675869825557,3.3843999876170114,3.39691162109375,175600,0.0,0.0
2024-01-26 00:00:00-05:00,3.4094231535934547,3.421934786699636,3.378144219978433,3.403167486190796,444300,0.0,0.0
2024-01-29 00:00:00-05:00,3.4156796040922353,3.4156796040922353,3.359377097972844,3.3844003677368164,404800,0.0,0.0
2024-01-30 00:00:00-05:00,3.4098938540715067,3.422641108886187,3.39077312380875,3.4162676334381104,160200,0.1,0.0
2024-01-31 00:00:00-05:00,3.4035214368353803,3.429015954391414,3.378026919279346,3.3971476554870605,215600,0.0,0.0
2024-02-01 00:00:00-05:00,3.416267847054271,3.416267847054271,3.301542242629932,3.3461577892303467,238000,0.0,0.0
2024-02-02 00:00:00-05:00,3.3142899100099856,3.3397844244009405,3.307916433371539,3.3206636905670166,206400,0.0,0.0
2024-02-05 00:00:00-05:00,3.301542693378748,3.3079164740140903,3.15494908187035,3.174070119857788,506400,0.0,0.0
2024-02-06 00:00:00-05:00,3.1868167951747504,3.2378058152705815,3.1804430157035055,3.193190574645996,125800,0.0,0.0
2024-02-07 00:00:00-05:00,3.212311305222666,3.231432339717869,3.1868167951747504,3.193190574645996,156800,0.0,0.0
2024-02-08 00:00:00-05:00,3.199564533359365,3.2059383137931037,3.0083553752073056,3.0338501930236816,295300,0.0,0.0
2024-02-09 00:00:00-05:00,3.0593442174720136,3.1485750018387093,3.0083548939153713,3.1230804920196533,290000,0.0,0.0
2024-02-12 00:00:00-05:00,3.14857561993528,3.2505536792308063,3.135828362523339,3.244180202484131,199000,0.0,0.0
2024-02-13 00:00:00-05:00,3.174070177270926,3.212311950018938,3.09121285102427,3.0975866317749023,409800,0.0,0.0
2024-02-14 00:00:00-05:00,3.1676961440129916,3.2059382176311977,3.116707117746809,3.1294543743133545,213100,0.0,0.0
2024-02-15 00:00:00-05:00,3.1804425113651607,3.301541566848755,3.1676952583625972,3.301541566848755,452400,0.0,0.0
2024-02-16 00:00:00-05:00,3.333411354194884,3.3397848316104284,3.2951695779457517,3.3270375728607178,451600,0.0,0.0
2024-02-20 00:00:00-05:00,3.3461584268009106,3.390773981902287,3.3270373877807193,3.3780267238616943,390800,0.0,0.0
2024-02-21 00:00:00-05:00,3.3652793646985146,3.371652841567993,3.3461583262528873,3.371652841567993,116200,0.0,0.0
2024-02-22 00:00:00-05:00,3.39077312380875,3.422641108886187,3.384399344442146,3.4162676334381104,193100,0.0,0.0
2024-02-23 00:00:00-05:00,3.4290155954447084,3.448136329650879,3.409894557319947,3.448136329650879,229600,0.0,0.0
2024-02-26 00:00:00-05:00,3.4545101103319964,3.4608835870945227,3.4290155954447084,3.448136329650879,269300,0.0,0.0
2024-02-27 00:00:00-05:00,3.4353890419006348,3.441762822525523,3.4226417845694455,3.4353890419006348,300000,0.0,0.0
2024-02-28 00:00:00-05:00,3.435389212018488,3.441883480197337,3.389930263757796,3.3964245319366455,259900,0.1,0.0
2024-02-29 00:00:00-05:00,3.3899297578276886,3.4418829665134716,3.383435800281781,3.42240047454834,121000,0.0,0.0
2024-03-01 00:00:00-05:00,3.415907026809442,3.4224009853245403,3.3509655836759538,3.3964245319366455,180700,0.0,0.0
2024-03-04 00:00:00-05:00,3.4029184904517438,3.4094127586305927,3.3639538103699014,3.3964245319366455,146100,0.0,0.0
2024-03-05 00:00:00-05:00,3.383436527736937,3.402918714227128,3.3639540315829746,3.389930486679077,164200,0.0,0.0
2024-03-06 00:00:00-05:00,3.396424363748294,3.474353720052976,3.396424363748294,3.4353890419006348,219600,0.0,0.0
2024-03-07 00:00:00-05:00,3.4418824605687153,3.467858906261308,3.428894237722419,3.448376417160034,140100,0.0,0.0
2024-03-08 00:00:00-05:00,3.4613648683172786,3.506823806109607,3.441882687594623,3.4808473587036133,312300,0.0,0.0
2024-03-11 00:00:00-04:00,3.4483772191087665,3.506824390341303,3.4483772191087665,3.4938361644744873,226600,0.0,0.0
2024-03-12 00:00:00-04:00,3.4938361644744873,3.5003301225760297,3.487341896709214,3.4938361644744873,149800,0.0,0.0
2024-03-13 00:00:00-04:00,3.500330312095729,3.5198128067826664,3.493836353642582,3.5133185386657715,353700,0.0,0.0
2024-03-14 00:00:00-04:00,3.5068244776590323,3.51331843592227,3.4873419835418416,3.5003302097320557,149600,0.0,0.0
2024-03-15 00:00:00-04:00,3.500330312095729,3.5198128067826664,3.487342085525687,3.5133185386657715,224000,0.0,0.0
2024-03-18 00:00:00-04:00,3.526306406981366,3.5587771249394886,3.5198124491879708,3.5328006744384766,423700,0.0,0.0
2024-03-19 00:00:00-04:00,3.539294601349707,3.5652710516240607,3.52630637621253,3.558777093887329,240700,0.0,0.0
2024-03-20 00:00:00-04:00,3.565270904064901,3.604235887527466,3.5587769465969408,3.604235887527466,622100,0.0,0.0
2024-03-21 00:00:00-04:00,3.6042363314150476,3.6367067420812145,3.591248105215833,3.6302127838134766,649400,0.0,0.0
2024-03-22 00:00:00-04:00,3.6367067420812145,3.6367067420812145,3.617224557614262,3.6302127838134766,329800,0.0,0.0
2024-03-25 00:00:00-04:00,3.6367063222828673,3.669177038864559,3.623718097582931,3.6626827716827393,370000,0.0,0.0
2024-03-26 00:00:00-04:00,3.6886592210826117,3.701647445782548,3.6496945469828033,3.6626827716827393,439300,0.0,0.0
2024-03-27 00:00:00-04:00,3.669293907177583,3.689127751074005,3.656071239495547,3.682516574859619,220300,0.1,0.0
2024-03-28 00:00:00-04:00,3.695740276995242,3.695740276995242,3.5833474126120564,3.6362380981445312,345400,0.0,0.0
2024-04-01 00:00:00-04:00,3.6362378357579663,3.642849328599125,3.6031810020588346,3.6230151653289795,198700,0.0,0.0
2024-04-02 00:00:00-04:00,3.6097928099422996,3.6097928099422996,3.5701247951933395,3.5767359733581543,250800,0.0,0.0
2024-04-03 00:00:00-04:00,3.570124483613033,3.649460506186953,3.570124483613033,3.6230151653289795,304900,0.0,0.0
2024-04-04 00:00:00-04:00,3.6626831522967747,3.6626831522967747,3.596569800590815,3.609792470932007,284300,0.0,0.0
2024-04-05 00:00:00-04:00,3.5965701291920587,3.6626834869384766,3.583347457642775,3.6626834869384766,356200,0.0,0.0
2024-04-08 00:00:00-04:00,3.6626828650211047,3.6692943572998047,3.623014857108815,3.6692943572998047,284400,0.0,0.0
2024-04-09 00:00:00-04:00,3.6692943572998047,3.6692943572998047,3.649460195717008,3.6692943572998047,249200,0.0,0.0
2024-04-10 00:00:00-04:00,3.6362378835202573,3.6692947176535937,3.616403719989589,3.649460554122925,366900,0.0,0.0
2024-04-11 00:00:00-04:00,3.6494608846318064,3.662683556431969,3.6097928692313195,3.6560723781585693,324300,0.0,0.0
2024-04-12 00:00:00-04:00,3.642848744223712,3.642848744223712,3.5635124191233687,3.5701239109039307,579900,0.0,0.0
2024-04-15 00:00:00-04:00,3.589958434383294,3.5965699274136895,3.325505018234253,3.325505018234253,872000,0.0,0.0
2024-04-16 00:00:00-04:00,3.3056708841115556,3.3453388968904934,3.246168707316478,3.2990593910217285,487700,0.0,0.0
2024-04-17 00:00:00-04:00,3.31889304108903,3.398229054361287,3.2395570278167725,3.2395570278167725,756500,0.0,0.0
2024-04-18 00:00:00-04:00,3.2197226150403413,3.2593906185738235,3.1536092758178715,3.153609275817871,596400,0.0,0.0
2024-04-19 00:00:00-04:00,3.1403865814208984,3.2131114115773496,3.0941070867298355,3.1403865814208984,423600,0.0,0.0
2024-04-22 00:00:00-04:00,3.1932775449911857,3.37178373336792,3.166832207102284,3.37178373336792,683500,0.0,0.0
2024-04-23 00:00:00-04:00,3.444508029979362,3.5767346986864745,3.4312853631086506,3.537066698074341,770100,0.0,0.0
2024-04-24 00:00:00-04:00,3.537067696851793,3.5502903674562485,3.484177014433972,3.5172338485717773,260300,0.0,0.0
2024-04-25 00:00:00-04:00,3.4577318395674475,3.5238451957702632,3.4114523325988015,3.5238451957702637,410600,0.0,0.0
2024-04-26 00:00:00-04:00,3.5502902007257138,3.5569016933441167,3.523844860758743,3.556901693344116,311300,0.0,0.0
2024-04-29 00:00:00-04:00,3.5434289196853217,3.5771115098928856,3.5030092974777647,3.523219108581543,394100,0.1,0.0
2024-04-30 00:00:00-04:00,3.503008073944688,3.5097447823676284,3.449115691456914,3.4625887870788574,310800,0.0,0.0
2024-05-01 00:00:00-04:00,3.469326147774104,3.5164818307047363,3.408697045464437,3.476062536239624,200500,0.0,0.0
2024-05-02 00:00:00-04:00,3.5030087325496986,3.5164818307047363,3.4356432417745117,3.476062536239624,96400,0.0,0.0
2024-05-03 00:00:00-04:00,3.5164823978056003,3.5366922089093786,3.5030092974777647,3.523219108581543,235900,0.0,0.0
2024-05-06 00:00:00-04:00,3.5703755013261973,3.5905849933624268,3.5299558748055704,3.5905849933624268,259200,0.0,0.0
2024-05-07 00:00:00-04:00,3.597321099069402,3.604057488205711,3.570374900076106,3.583847999572754,116700,0.0,0.0
2024-05-08 00:00:00-04:00,3.5838478049924105,3.624267101287842,3.543428508696979,3.624267101287842,254900,0.0,0.0
2024-05-09 00:00:00-04:00,3.617530584335327,3.6512134936576124,3.570374896752964,3.617530584335327,321100,0.0,0.0
2024-05-10 00:00:00-04:00,3.631003683819435,3.637740394173504,3.6040574848512192,3.617530584335327,250600,0.0,0.0
2024-05-13 00:00:00-04:00,3.63100355314615,3.664686461256248,3.6242671642585416,3.6444766521453857,148300,0.0,0.0
2024-05-14 00:00:00-04:00,3.6444764781778805,3.6512131879679335,3.6242669912557273,3.6310033798217773,179000,0.0,0.0
2024-05-15 00:00:00-04:00,3.6512128213236554,3.6646859183268288,3.637739724320482,3.657949209213257,231300,0.0,0.0
2024-05-16 00:00:00-04:00,3.6579492092132564,3.6579492092132564,3.6512128213236554,3.657949209213257,411300,0.0,0.0
2024-05-17 00:00:00-04:00,3.664686985279427,3.67142337513029,3.6512138843536377,3.6512138843536377,181600,0.0,0.0
2024-05-21 00:00:00-04:00,3.6579502742045005,3.664686985279427,3.6512138843536377,3.6512138843536377,435800,0.0,0.0
2024-05-22 00:00:00-04:00,3.6579492092132564,3.6579492092132564,3.6512128213236554,3.657949209213257,388600,0.0,0.0
2024-05-23 00:00:00-04:00,3.6579502742045005,3.6579502742045005,3.6377407834278483,3.6512138843536377,375700,0.0,0.0
2024-05-24 00:00:00-04:00,3.657949557290028,3.6916324636150857,3.644476459004805,3.6848957538604736,266700,0.0,0.0
2024-05-27 00:00:00-04:00,3.6983690281252843,3.6983690281252843,3.6646864414215083,3.664686441421509,396200,0.0,0.0
2024-05-28 00:00:00-04:00,3.671423003352367,3.678159713745117,3.6579499037908993,3.678159713745117,335500,0.0,0.0
2024-05-29 00:00:00-04:00,3.6579492233962108,3.6579492233962108,3.5232182528420855,3.6040568351745605,683900,0.0,0.0
2024-05-30 00:00:00-04:00,3.6107945815762696,3.67142337513029,3.6040578705013426,3.6512138843536377,424400,0.0,0.0
2024-05-31 00:00:00-04:00,3.6718020609210087,3.6923917495501577,3.637486349555092,3.6786653995513916,159800,0.1,0.0
2024-06-03 00:00:00-04:00,3.6992563071992905,3.7129826629356426,3.596308475545583,3.6580772399902344,397900,0.0,0.0
2024-06-04 00:00:00-04:00,3.637486457824707,3.637486457824707,3.6031704181753765,3.637486457824707,238300,0.0,0.0
2024-06-05 00:00:00-04:00,3.651212808232038,3.658075819804699,3.6237601074173766,3.637486457824707,251500,0.0,0.0
2024-06-06 00:00:00-04:00,3.637486457824707,3.6443494693973686,3.6306231189900378,3.637486457824707,49700,0.0,0.0
2024-06-07 00:00:00-04:00,3.637487292378472,3.6718030126388976,3.630623951969137,3.6512136459350586,247900,0.0,0.0
2024-06-10 00:00:00-04:00,3.637486457824707,3.67180217021203,3.6168967685827074,3.637486457824707,226400,0.0,0.0
2024-06-11 00:00:00-04:00,3.6306231189900378,3.651212808232038,3.6237601074173766,3.637486457824707,184900,0.0,0.0
2024-06-12 00:00:00-04:00,3.664939999491646,3.664939999491646,3.630623951969137,3.6512136459350586,190800,0.0,0.0
2024-06-13 00:00:00-04:00,3.6443505317706735,3.6443505317706735,3.5894451141357417,3.589445114135742,288700,0.0,0.0
2024-06-14 00:00:00-04:00,3.575717531481098,3.575717531481098,3.445317045759174,3.5002224445343018,658700,0.0,0.0
2024-06-17 00:00:00-04:00,3.493361109493874,3.5002241240027634,3.4178659863232035,3.4453186988830566,365500,0.0,0.0
2024-06-18 00:00:00-04:00,3.4384550746627287,3.5208131977384363,3.4247283935546875,3.4247283935546875,347200,0.0,0.0
2024-06-19 00:00:00-04:00,3.4247285176499913,3.4247285176499913,3.2943283150194382,3.328644037246704,572200,0.0,0.0
2024-06-20 00:00:00-04:00,3.2394223205987616,3.2943280610005004,3.1776538944476798,3.2119696140289307,1170400,0.0,0.0
2024-06-21 00:00:00-04:00,3.191380261774853,3.2119696281617824,3.1227484950482913,3.1639275550842285,498400,0.0,0.0
2024-06-24 00:00:00-04:00,3.157064104390864,3.3286436788388682,3.157064104390864,3.3149173259735107,489900,0.0,0.0
2024-06-25 00:00:00-04:00,3.362958965910122,3.362958965910122,3.2394214907313468,3.253147840499878,301000,0.0,0.0
2024-06-26 00:00:00-04:00,3.253148329801603,3.253148329801603,3.2051062620167956,3.2325589656829834,196900,0.0,0.0
2024-06-27 00:00:00-04:00,3.2325589692769237,3.2943277162255407,3.225695629721725,3.260011672973633,267300,0.0,0.0
2024-06-28 00:00:00-04:00,3.273737668991089,3.314916720060297,3.266874657443891,3.273737668991089,86400,0.0,0.0
2024-07-02 00:00:00-04:00,3.2737380211822646,3.287464373015358,3.1982429224692277,3.2325589656829834,265900,0.0,0.0
2024-07-03 00:00:00-04:00,3.2462860309705843,3.3080547914257945,3.2462860309705843,3.2874650955200195,129700,0.0,0.0
2024-07-04 00:00:00-04:00,3.26001226553007,3.342370391590031,3.26001226553007,3.328644037246704,146500,0.0,0.0
2024-07-05 00:00:00-04:00,3.349233628406656,3.349233628406656,3.2737385182312595,3.294328212738037,117200,0.0,0.0
2024-07-08 00:00:00-04:00,3.2806008672989337,3.2806008672989337,3.225695140962815,3.253147840499878,134800,0.0,0.0
2024-07-09 00:00:00-04:00,3.23942232131958,3.25314867460755,3.2325593083066337,3.23942232131958,113000,0.0,0.0
2024-07-10 00:00:00-04:00,3.26001226553007,3.328644037246704,3.253148924727356,3.328644037246704,274900,0.0,0.0
2024-07-11 00:00:00-04:00,3.32864369999711,3.431591510772705,3.32864369999711,3.431591510772705,393400,0.0,0.0
2024-07-12 00:00:00-04:00,3.4453176308608384,3.513949390985149,3.438454618479431,3.486496686935425,560400,0.0,0.0
2024-07-15 00:00:00-04:00,3.4933604006517784,3.5345394611358643,3.465907693662388,3.5345394611358643,362100,0.0,0.0
2024-07-16 00:00:00-04:00,3.5276755169530034,3.5963072726793213,3.5139491658077397,3.568854570388794,429200,0.0,0.0
2024-07-17 00:00:00-04:00,3.568855776594961,3.582582132379475,3.5482664065492586,3.575719118118286,406400,0.0,0.0
2024-07-18 00:00:00-04:00,3.568854570388794,3.5963072726793213,3.5208125050113845,3.568854570388794,492900,0.0,0.0
2024-07-19 00:00:00-04:00,3.561991442408683,3.582580804824829,3.534538741012479,3.582580804824829,156600,0.0,0.0
2024-07-22 00:00:00-04:00,3.589444891123581,3.6306239517913252,3.5688551971586673,3.623760938644409,192700,0.0,0.0
2024-07-23 00:00:00-04:00,3.623760938644409,3.6306239517913252,3.5825815507145817,3.623760938644409,126700,0.0,0.0
2024-07-24 00:00:00-04:00,3.610034569889791,3.623760923387916,3.596307889129584,3.6168975830078125,178600,0.0,0.0
2024-07-25 00:00:00-04:00,3.6031712446794955,3.6306239517913252,3.5688551971586673,3.623760938644409,267600,0.0,0.0
2024-07-26 00:00:00-04:00,3.6237609236806523,3.6443502902984624,3.6237609236806523,3.644350290298462,300900,0.0,0.0
2024-07-29 00:00:00-04:00,3.6512136459350586,3.6512136459350586,3.6168975984125495,3.6512136459350586,242700,0.0,0.0
2024-07-30 00:00:00-04:00,3.6512129197246703,3.6718022823333745,3.6443495806804234,3.671802282333374,369800,0.0,0.0
2024-07-31 00:00:00-04:00,3.678797608562225,3.678797608562225,3.636833846091902,3.664809465408325,276100,0.1,0.0
2024-08-01 00:00:00-04:00,3.6368338765603205,3.643827948195865,3.4689801592555476,3.517937660217285,783300,0.0,0.0
2024-08-02 00:00:00-04:00,3.4340090642863625,3.4549909371201597,3.37106411277608,3.41302752494812,308700,0.0,0.0
2024-08-06 00:00:00-04:00,3.322107881803766,3.4549922370953983,3.287138191754928,3.3920469284057617,433400,0.0,0.0
2024-08-07 00:00:00-04:00,3.413028357371397,3.4759733242336925,3.36407086448238,3.378058671951294,172700,0.0,0.0
2024-08-08 00:00:00-04:00,3.4060345348046486,3.524931073692376,3.3640711093435085,3.4899613857269287,329100,0.0,0.0
2024-08-09 00:00:00-04:00,3.496955047396488,3.566894081645293,3.461985363524274,3.5529062747955322,268100,0.0,0.0
2024-08-12 00:00:00-04:00,3.5529070202184543,3.5878767114275356,3.5109435908649718,3.53891921043396,254200,0.0,0.0
2024-08-13 00:00:00-04:00,3.5668935775756836,3.5668935775756836,3.5039486223948835,3.5668935775756836,162200,0.0,0.0
2024-08-14 00:00:00-04:00,3.5738886906622365,3.6228458552699854,3.559900881703498,3.615852117538452,200500,0.0,0.0
2024-08-15 00:00:00-04:00,3.636833846091902,3.664809465408325,3.636833846091902,3.664809465408325,323300,0.0,0.0
2024-08-16 00:00:00-04:00,3.636833846091902,3.671803536985275,3.6228460364336903,3.664809465408325,175200,0.0,0.0
2024-08-19 00:00:00-04:00,3.6578151622120965,3.6927848477028204,3.6578151622120965,3.685790777206421,167400,0.0,0.0
2024-08-20 00:00:00-04:00,3.6927847862243652,3.6997785231086944,3.671802908580115,3.6927847862243652,222200,0.0,0.0
2024-08-21 00:00:00-04:00,3.6927848477028204,3.699778584703583,3.6787970402056582,3.685790777206421,231700,0.0,0.0
2024-08-22 00:00:00-04:00,3.6927845746513537,3.6927845746513537,3.6718026982092318,3.6787967681884766,177600,0.0,0.0
2024-08-23 00:00:00-04:00,3.692785029329732,3.7207606457000164,3.6857909584893345,3.713766574859619,576400,0.0,0.0
2024-08-26 00:00:00-04:00,3.72076126822515,3.7417428172654854,3.7137671962145657,3.7347490787506104,306600,0.0,0.0
2024-08-27 00:00:00-04:00,3.7277543211061035,3.7277543211061035,3.7137665131533764,3.7207605838775635,198200,0.0,0.0
2024-08-28 00:00:00-04:00,3.7207606457000164,3.734748453885159,3.6857909584893345,3.713766574859619,337900,0.0,0.0
2024-08-29 00:00:00-04:00,3.713765586068598,3.74174119499037,3.6997777816077124,3.7067718505859375,592500,0.0,0.0
2024-08-30 00:00:00-04:00,3.692515257220575,3.7424142360687256,3.692515257220575,3.7424142360687256,301400,0.1,0.0
2024-09-03 00:00:00-04:00,3.7281583257282898,3.7352865587502064,3.6711311019166937,3.7139015197753906,338900,0.0,0.0
2024-09-04 00:00:00-04:00,3.699643970815496,3.7566711831742015,3.699643970815496,3.7495429515838623,225900,0.0,0.0
2024-09-05 00:00:00-04:00,3.7566718158015773,3.7780571939919105,3.7424150103110403,3.7709286212921143,185300,0.0,0.0
2024-09-06 00:00:00-04:00,3.770927986263878,3.778056557763215,3.7281575769948487,3.7495429515838623,393700,0.0,0.0
2024-09-09 00:00:00-04:00,3.7637996232906863,3.8493404388427734,3.7637996232906863,3.8493404388427734,653800,0.0,0.0
2024-09-10 00:00:00-04:00,3.842212112438796,3.8635974876441024,3.7994417019371904,3.856468915939331,524600,0.0,0.0
2024-09-11 00:00:00-04:00,3.8564684975068833,3.884982101414186,3.8065698606235885,3.8778538703918457,359000,0.0,0.0
2024-09-12 00:00:00-04:00,3.8849822956743796,3.97052345158256,3.8849822956743796,3.9633948802948,783000,0.0,0.0
2024-09-13 00:00:00-04:00,3.9633949219232654,4.077449344453463,3.9633949219232654,4.034678936004639,659600,0.0,0.0
2024-09-16 00:00:00-04:00,4.070320882684591,4.134476661682129,4.056064080675024,4.134476661682129,532800,0.0,0.0
2024-09-17 00:00:00-04:00,4.13447732203266,4.198632771368008,4.113091945648193,4.113091945648193,429900,0.0,0.0
2024-09-18 00:00:00-04:00,4.1273482421219505,4.184375452252087,4.105963208277641,4.148733615875244,428400,0.0,0.0
2024-09-19 00:00:00-04:00,4.205761760993731,4.227146799592176,4.170119576784243,4.191504955291748,664100,0.0,0.0
2024-09-20 00:00:00-04:00,4.155862474608539,4.184376083978382,4.148734242220596,4.162991046905518,421800,0.0,0.0
2024-09-23 00:00:00-04:00,4.1843759130300935,4.205761289138317,4.177247680933367,4.198632717132568,373100,0.0,0.0
2024-09-24 00:00:00-04:00,4.205760962944656,4.22714599748526,4.198632391491791,4.212889194488525,389400,0.0,0.0
2024-09-25 00:00:00-04:00,4.220017592376537,4.241402626037598,4.2057607899661695,4.241402626037598,292500,0.0,0.0
2024-09-26 00:00:00-04:00,4.262788151644636,4.269916383149565,4.248531348725784,4.255659580230713,505800,0.0,0.0
2024-09-27 00:00:00-04:00,4.277409256553524,4.306408613219004,4.262909578220784,4.2701592445373535,310600,0.1,0.0
2024-09-30 00:00:00-04:00,4.2411603927612305,4.248410405640479,4.204911365463912,4.2411603927612305,301100,0.0,0.0
2024-10-01 00:00:00-04:00,4.233910083770752,4.241159749851396,4.183161038407893,4.233910083770752,420900,0.0,0.0
2024-10-02 00:00:00-04:00,4.219410433111824,4.226660099239204,4.190411077203118,4.204910755157471,467600,0.0,0.0
2024-10-03 00:00:00-04:00,4.204910728049001,4.241159749851396,4.190411050188126,4.233910083770752,211200,0.0,0.0
2024-10-04 00:00:00-04:00,4.248410194848969,4.299158899687168,4.24116018232944,4.277409553527832,398600,0.0,0.0
2024-10-07 00:00:00-04:00,4.291908893020123,4.335407927594025,4.277409214828823,4.313658237457275,287500,0.0,0.0
2024-10-08 00:00:00-04:00,4.313658237457275,4.335407927594025,4.306408571211424,4.313658237457275,174300,0.0,0.0
2024-10-09 00:00:00-04:00,4.3209087645615085,4.4079068440816265,4.31365875175168,4.4006571769714355,375000,0.0,0.0
2024-10-10 00:00:00-04:00,4.400656210866948,4.436905229859197,4.349907169438325,4.41515588760376,401700,0.0,0.0
2024-10-11 00:00:00-04:00,4.415156764724593,4.494904829770133,4.415156764724593,4.487655162811279,415800,0.0,0.0
2024-10-15 00:00:00-04:00,4.48765467224844,4.523903694479447,4.465904982350161,4.502154350280762,645300,0.0,0.0
2024-10-16 00:00:00-04:00,4.502154501810018,4.531153858850694,4.494904489700047,4.523903846740723,199000,0.0,0.0
2024-10-17 00:00:00-04:00,4.552904081306101,4.596403121948242,4.538404401092055,4.596403121948242,462400,0.0,0.0
2024-10-18 00:00:00-04:00,4.610903245789582,4.639902609007782,4.610903245789582,4.625402927398682,345800,0.0,0.0
2024-10-21 00:00:00-04:00,4.625402927398682,4.632652595353393,4.589153550526093,4.625402927398682,350600,0.0,0.0
2024-10-22 00:00:00-04:00,4.596403286584689,4.625402648051498,4.552904244384477,4.6036529541015625,380500,0.0,0.0
2024-10-23 00:00:00-04:00,4.603651535548973,4.610901546531512,4.531153154221342,4.589151859283447,509500,0.0,0.0
2024-10-24 00:00:00-04:00,4.603651987046323,4.618151664733887,4.5529032879896425,4.618151664733887,305800,0.0,0.0
2024-10-25 00:00:00-04:00,4.618152469419489,4.618152469419489,4.589153108991396,4.596403121948242,253100,0.0,0.0
2024-10-28 00:00:00-04:00,4.610901998739897,4.625401676427461,4.5964023210523335,4.618151664733887,350300,0.0,0.0
2024-10-29 00:00:00-04:00,4.603652789205443,4.618152469419489,4.596403121948242,4.596403121948242,484300,0.0,0.0
2024-10-30 00:00:00-04:00,4.603652297235652,4.625401988082262,4.596402630753188,4.610902309417725,318300,0.0,0.0
2024-10-31 00:00:00-04:00,4.662461606020418,4.662461606020418,4.5151485818262325,4.574073791503906,746200,0.1,0.0
2024-11-01 00:00:00-04:00,4.566708837735834,4.574074665964702,4.529880750257558,4.537246227264404,374300,0.0,0.0
2024-11-04 00:00:00-05:00,4.559342470784924,4.559342470784924,4.279447374717415,4.345738410949707,970200,0.0,0.0
2024-11-05 00:00:00-05:00,4.323640981497531,4.448857218474034,4.198424744521028,4.412028789520264,602600,0.0,0.0
2024-11-06 00:00:00-05:00,4.456224201876469,4.596171425307481,4.456224201876469,4.559343338012695,650100,0.0,0.0
2024-11-07 00:00:00-05:00,4.588805508911092,4.65509655140447,4.5667083776726365,4.632999420166016,443900,0.0,0.0
2024-11-08 00:00:00-05:00,4.618268669994914,4.6845597204344385,4.610903192847205,4.669828414916992,393100,0.0,0.0
2024-11-11 00:00:00-05:00,4.677192725911971,4.6919240277564995,4.640364646911621,4.640364646911621,440600,0.0,0.0
2024-11-12 00:00:00-05:00,4.6109019382369825,4.655095842764316,4.559342207344126,4.625633239746094,443400,0.0,0.0
2024-11-13 00:00:00-05:00,4.640364541255205,4.655095842764316,4.603536111871461,4.625633239746094,365400,0.0,0.0
2024-11-14 00:00:00-05:00,4.640364541255205,4.655095842764316,4.618267413380572,4.625633239746094,303800,0.0,0.0
2024-11-15 00:00:00-05:00,4.618267413380572,4.632998714889683,4.6109019382369825,4.625633239746094,279600,0.0,0.0
2024-11-18 00:00:00-05:00,4.632999975512361,4.669828414916992,4.632999975512361,4.669828414916992,366300,0.0,0.0
2024-11-19 00:00:00-05:00,4.640365185165516,4.691924571990967,4.632999357777891,4.691924571990967,254100,0.0,0.0
2024-11-20 00:00:00-05:00,4.691925150623642,4.706656455993652,4.669828368179639,4.706656455993652,396500,0.0,0.0
2024-11-21 00:00:00-05:00,4.699290956144711,4.728753566741943,4.699290956144711,4.728753566741943,308400,0.0,0.0
2024-11-22 00:00:00-05:00,4.7287535987409175,4.809775954042585,4.7287535987409175,4.802410125732422,652600,0.0,0.0
2024-11-25 00:00:00-05:00,4.824507000707163,4.927626132965088,4.824507000707163,4.927626132965088,615600,0.0,0.0
2024-11-26 00:00:00-05:00,4.927624595299458,4.934990069694195,4.883430695265343,4.912893295288086,464100,0.0,0.0
2024-11-27 00:00:00-05:00,4.890797695833397,4.934991609658223,4.890797695833397,4.927626132965088,319300,0.0,0.0
2024-11-28 00:00:00-05:00,4.9202593703522615,4.949721973971825,4.9055280685424805,4.9055280685424805,422100,0.0,0.0
2024-11-29 00:00:00-05:00,4.905528676866865,4.935440408826494,4.905528676866865,4.92048454284668,325500,0.1,0.0
2024-12-02 00:00:00-05:00,4.905528494038276,4.913006605037461,4.830749166926221,4.845705032348633,657000,0.0,0.0
2024-12-03 00:00:00-05:00,4.853182315826416,4.883094400344573,4.8457045621288195,4.853182315826416,292100,0.0,0.0
2024-12-04 00:00:00-05:00,4.875616290071053,4.883094400344573,4.8382264518552995,4.853182315826416,325600,0.0,0.0
2024-12-05 00:00:00-05:00,4.8457053782086295,4.860661244698508,4.800837778738992,4.83074951171875,342800,0.0,0.0
2024-12-06 00:00:00-05:00,4.853183006767376,4.860661118105544,4.808315408466288,4.82327127456665,233600,0.0,0.0
2024-12-09 00:00:00-05:00,4.830749385904819,4.830749385904819,4.800837653704093,4.82327127456665,240100,0.0,0.0
2024-12-10 00:00:00-05:00,4.82327127456665,4.838227140667013,4.770925921503368,4.82327127456665,330600,0.0,0.0
2024-12-11 00:00:00-05:00,4.83822617697154,4.845704286820192,4.815792560577393,4.815792560577393,297500,0.0,0.0
2024-12-12 00:00:00-05:00,4.830749682706332,4.830749682706332,4.733536368793196,4.74101448059082,338100,0.0,0.0
2024-12-13 00:00:00-05:00,4.755969602851317,4.785881332205808,4.636322328857411,4.71110200881958,524600,0.0,0.0
2024-12-16 00:00:00-05:00,4.718580158107772,4.785881733080659,4.711102403430768,4.755970001220703,399600,0.0,0.0
2024-12-17 00:00:00-05:00,4.748492327263658,4.748492327263658,4.68866885803451,4.703624725341797,279100,0.0,0.0
2024-12-18 00:00:00-05:00,4.67371214429828,4.748491467291865,4.5316312523225,4.554065227508545,477700,0.0,0.0
2024-12-19 00:00:00-05:00,4.561543721183314,4.628845301078595,4.382073316897229,4.42694091796875,902400,0.0,0.0
2024-12-20 00:00:00-05:00,4.397028598800781,4.59893295504286,4.359638757928713,4.569021224975586,454400,0.0,0.0
2024-12-23 00:00:00-05:00,4.591454740921195,4.7185797691345215,4.591454740921195,4.7185797691345215,326600,0.0,0.0
2024-12-24 00:00:00-05:00,4.703624725341797,4.718580592649084,4.696146969976155,4.703624725341797,126600,0.0,0.0
2024-12-27 00:00:00-05:00,4.711102141189155,4.726058006286621,4.696146276091689,4.726058006286621,496000,0.0,0.0
2024-12-30 00:00:00-05:00,4.688668470651025,4.696146581974819,4.658756738507794,4.666234493255615,526300,0.0,0.0
2024-12-31 00:00:00-05:00,4.635835599805095,4.6814339399808755,4.597837164183642,4.666234493255615,220500,0.1,0.0
2025-01-02 00:00:00-05:00,4.66623505649627,4.727032850735945,4.66623505649627,4.719433307647705,253600,0.0,0.0
2025-01-03 00:00:00-05:00,4.7498310823340315,4.787829875946045,4.734631637365896,4.787829875946045,262800,0.0,0.0
2025-01-06 00:00:00-05:00,4.787830955500248,4.787830955500248,4.727032799535664,4.7498321533203125,239500,0.0,0.0
2025-01-07 00:00:00-05:00,4.7574319197239,4.76503146250781,4.673834774800346,4.727032661437988,290900,0.0,0.0
2025-01-08 00:00:00-05:00,4.73463280815515,4.73463280815515,4.673835013248413,4.689034461975098,230900,0.0,0.0
2025-01-09 00:00:00-05:00,4.666234946156652,4.67383485144862,4.620636601555132,4.643435955047607,329000,0.0,0.0
2025-01-10 00:00:00-05:00,4.651035358655838,4.651035358655838,4.582638024993799,4.620636463165283,537800,0.0,0.0
2025-01-13 00:00:00-05:00,4.559838771820068,4.61303702128267,4.559838771820068,4.559838771820068,468800,0.0,0.0
2025-01-14 00:00:00-05:00,4.559838435240336,4.597837233820699,4.559838435240336,4.582637786865234,373400,0.0,0.0
2025-01-15 00:00:00-05:00,4.635835599805095,4.673834397809943,4.613036610908902,4.666234493255615,284100,0.0,0.0
2025-01-16 00:00:00-05:00,4.689033104190572,4.696632645161624,4.658634215539688,4.681433200836182,340700,0.0,0.0
2025-01-17 00:00:00-05:00,4.704233291260463,4.704233291260463,4.643435504359422,4.666234493255615,358300,0.0,0.0
2025-01-20 00:00:00-05:00,4.658635564521729,4.696634005146718,4.6510356589666655,4.689034461975098,326800,0.0,0.0
2025-01-21 00:00:00-05:00,4.704233670702834,4.734632566605322,4.681434317584256,4.727032661437988,437600,0.0,0.0
2025-01-22 00:00:00-05:00,4.7574323239584055,4.7574323239584055,4.704234070417134,4.734632968902588,199000,0.0,0.0
2025-01-23 00:00:00-05:00,4.711833213486744,4.742232109389232,4.704233670702834,4.727032661437988,279200,0.0,0.0
2025-01-24 00:00:00-05:00,4.742232084882857,4.742232084882857,4.696633741264762,4.704233646392822,446900,0.0,0.0
2025-01-27 00:00:00-05:00,4.689033320769003,4.6966328620910645,4.597836650604132,4.6966328620910645,372000,0.0,0.0
2025-01-28 00:00:00-05:00,4.719433118654078,4.727032661437988,4.673834774800346,4.727032661437988,284700,0.0,0.0
2025-01-29 00:00:00-05:00,4.734632968902588,4.742232512332224,4.71183361384677,4.734632968902588,381000,0.0,0.0
2025-01-30 00:00:00-05:00,4.71943309426552,4.742232084882857,4.704233646392822,4.704233646392822,434000,0.0,0.0
2025-01-31 00:00:00-05:00,4.634712592203881,4.711957728407173,4.596089839935303,4.596089839935303,766600,0.1,0.0
2025-02-03 00:00:00-05:00,3.893158300987662,4.51112008807586,3.4914832498804858,4.37980318069458,1836500,0.0,0.0
2025-02-04 00:00:00-05:00,4.565191790093572,4.642437294709232,4.518844708324495,4.557467460632324,745200,0.0,0.0
2025-02-05 00:00:00-05:00,4.572916507720947,4.596089864539055,4.487946673275534,4.572916507720947,262300,0.0,0.0
2025-02-06 00:00:00-05:00,4.580640817349932,4.619263569657761,4.542018433375965,4.557467460632324,105700,0.0,0.0
2025-02-07 00:00:00-05:00,4.557467376202977,4.580640732491285,4.52656932226266,4.5342936515808105,276100,0.0,0.0
2025-02-10 00:00:00-05:00,4.549742762837213,4.580640817349932,4.534293735580854,4.557467460632324,385300,0.0,0.0
2025-02-11 00:00:00-05:00,4.526568393461719,4.557466441062104,4.518843697394733,4.549741744995117,393900,0.0,0.0
2025-02-12 00:00:00-05:00,4.534292721194925,4.557466441062104,4.534292721194925,4.549741744995117,156900,0.0,0.0
2025-02-13 00:00:00-05:00,4.565191729883637,4.565191729883637,4.503395621673223,4.511120319366455,296100,0.0,0.0
2025-02-14 00:00:00-05:00,4.495671252103633,4.518844608308341,4.47249752756507,4.480222225189209,238700,0.0,0.0
2025-02-18 00:00:00-05:00,4.48794653057144,4.511120254986554,4.472497503739316,4.5033955574035645,369400,0.0,0.0
2025-02-19 00:00:00-05:00,4.5033955574035645,4.511120254986554,4.472497503739316,4.5033955574035645,145700,0.0,0.0
2025-02-20 00:00:00-05:00,4.511120777737355,4.526569806359721,4.45704899339213,4.49567174911499,370100,0.0,0.0
2025-02-21 00:00:00-05:00,4.495672093934628,4.495672093934628,4.426151275634766,4.426151275634766,586600,0.0,0.0
2025-02-24 00:00:00-05:00,4.441600305442077,4.457049335249388,4.379804186212833,4.426151275634766,534500,0.0,0.0
2025-02-25 00:00:00-05:00,4.4184270369248,4.441600768217225,4.402978005507839,4.410702705383301,535300,0.0,0.0
2025-02-26 00:00:00-05:00,4.418426576564148,4.433875606371459,4.395253216020143,4.426151275634766,302400,0.0,0.0
2025-02-27 00:00:00-05:00,4.426151736800263,4.464774499509651,4.387528974090876,4.410702705383301,592800,0.0,0.0
2025-02-28 00:00:00-05:00,4.426426394325946,4.426426394325946,4.245595464587422,4.394977569580078,746400,0.1,0.0
2025-03-03 00:00:00-05:00,4.371390743470068,4.394977549370792,4.088350947159182,4.096213340759277,961600,0.0,0.0
2025-03-04 00:00:00-05:00,3.978279496167197,4.025452726370819,3.8524842156242047,3.9389686584472656,1731400,0.0,0.0
2025-03-05 00:00:00-05:00,3.962554980440847,4.237732336741003,3.954692963066299,4.229870319366455,791100,0.0,0.0
2025-03-06 00:00:00-05:00,4.135524821620438,4.198422474817776,4.080489187622974,4.1433868408203125,534500,0.0,0.0
2025-03-07 00:00:00-05:00,4.135525102758838,4.253458023071289,4.111938293756581,4.253458023071289,370900,0.0,0.0
2025-03-10 00:00:00-04:00,4.182696869954303,4.245594505233401,4.096212433995803,4.159110069274902,797800,0.0,0.0
2025-03-11 00:00:00-04:00,4.096213643876732,4.190560124662092,4.017591576555598,4.088351249694824,632000,0.0,0.0
2025-03-12 00:00:00-04:00,4.127661652079936,4.190559293461041,4.111937241734659,4.151248455047607,319100,0.0,0.0
2025-03-13 00:00:00-04:00,4.159111297733639,4.182698105379773,4.088351249694824,4.088351249694824,287500,0.0,0.0
2025-03-14 00:00:00-04:00,4.104075112091942,4.198421955108643,4.0962130938652805,4.198421955108643,158900,0.0,0.0
2025-03-17 00:00:00-04:00,4.206283874698051,4.32421714452874,4.206283874698051,4.316354751586914,410800,0.0,0.0
2025-03-18 00:00:00-04:00,4.269181728363037,4.28490614011964,4.23773290484983,4.269181728363037,255900,0.0,0.0
2025-03-19 00:00:00-04:00,4.2849065188705655,4.347804546356201,4.2534576925775385,4.347804546356201,314800,0.0,0.0
2025-03-20 00:00:00-04:00,4.33994082301372,4.38711404800415,4.3084920063534335,4.38711404800415,154300,0.0,0.0
2025-03-21 00:00:00-04:00,4.371390763570895,4.394977569580078,4.332079920088341,4.394977569580078,199800,0.0,0.0
2025-03-24 00:00:00-04:00,4.426426670672209,4.481461929963603,4.418564276545103,4.473599910736084,354600,0.0,0.0
2025-03-25 00:00:00-04:00,4.489323440706208,4.50504785096667,4.465736637865759,4.481461048126221,391100,0.0,0.0
2025-03-26 00:00:00-04:00,4.505048489234834,4.505048489234834,4.434288445587829,4.4578752517700195,395400,0.0,0.0
2025-03-27 00:00:00-04:00,4.434286846539043,4.481460066992716,4.347802796490356,4.450011253356934,357700,0.0,0.0
2025-03-28 00:00:00-04:00,4.402838456334294,4.4185628646644375,4.3478032146285255,4.38711404800415,349200,0.0,0.0
2025-03-31 00:00:00-04:00,4.387114887882361,4.387114887882361,4.283040903301137,4.363097667694092,383500,0.1,0.0
2025-04-01 00:00:00-04:00,4.3230687307934765,4.33107421498173,4.267028814512904,4.3070573806762695,195900,0.0,0.0
2025-04-02 00:00:00-04:00,4.243012112816419,4.323068865904506,4.210989411581184,4.315062999725342,306700,0.0,0.0
2025-04-03 00:00:00-04:00,4.202984330231852,4.299052451876507,4.19497846255774,4.24301290512085,488500,0.0,0.0
2025-04-04 00:00:00-04:00,4.186972964491732,4.186972964491732,4.002842207669312,4.138938903808594,842700,0.0,0.0
2025-04-07 00:00:00-04:00,3.9227857779052058,4.08289932731325,3.882757199682788,4.050876617431641,1207100,0.0,0.0
2025-04-08 00:00:00-04:00,4.210990415703236,4.210990415703236,3.9307911404695917,4.002842426300049,837000,0.0,0.0
2025-04-09 00:00:00-04:00,3.9468024143615565,4.4031265790741045,3.898768352035098,4.251018524169922,965000,0.0,0.0
2025-04-10 00:00:00-04:00,4.2270003298687495,4.2270003298687495,4.05888097470836,4.130931854248047,678000,0.0,0.0
2025-04-11 00:00:00-04:00,4.162954813530935,4.202983379364014,4.114920763575658,4.202983379364014,470000,0.0,0.0
2025-04-14 00:00:00-04:00,4.291046619415283,4.307057971729713,4.2350066954444054,4.291046619415283,576500,0.0,0.0
2025-04-15 00:00:00-04:00,4.323068759238332,4.371102809906006,4.3070574090157745,4.371102809906006,234800,0.0,0.0
2025-04-16 00:00:00-04:00,4.379108655848889,4.379108655848889,4.283040546578588,4.347085952758789,205600,0.0,0.0
2025-04-17 00:00:00-04:00,4.347085340647468,4.347085340647468,4.291045809001063,4.339079856872559,114600,0.0,0.0
2025-04-21 00:00:00-04:00,4.347086277786682,4.3550921450281646,4.210989970348319,4.275035381317139,438000,0.0,0.0
2025-04-22 00:00:00-04:00,4.339079856872559,4.371102555453556,4.3070571582915615,4.339079856872559,266700,0.0,0.0
2025-04-23 00:00:00-04:00,4.387114887882361,4.42714346094922,4.355092182125179,4.363097667694092,579600,0.0,0.0
2025-04-24 00:00:00-04:00,4.387115134708225,4.403126488487639,4.36309791316871,4.395120620727539,266200,0.0,0.0
2025-04-25 00:00:00-04:00,4.411131992515556,4.419137477874756,4.379108905856494,4.419137477874756,220500,0.0,0.0
2025-04-28 00:00:00-04:00,4.427142983868806,4.451159819728194,4.403125766268695,4.443154335021973,437700,0.0,0.0
2025-04-29 00:00:00-04:00,4.451160907745361,4.459166776149216,4.435149552678467,4.451160907745361,385100,0.0,0.0
2025-04-30 00:00:00-04:00,4.434855578205863,4.4593122844030235,4.377789282525264,4.410398483276367,325800,0.1,0.0
2025-05-01 00:00:00-04:00,4.443008869960184,4.443008869960184,4.369638343052228,4.377790451049805,218600,0.0,0.0
2025-05-02 00:00:00-04:00,4.426702386157975,4.459311581771007,4.385941086007823,4.451159477233887,214700,0.0,0.0
2025-05-05 00:00:00-04:00,4.451160808826128,4.4837700141944055,4.43485620614199,4.459312915802002,222500,0.0,0.0
2025-05-06 00:00:00-04:00,4.4674654115102665,4.4674654115102665,4.426703710433725,4.459312915802002,80000,0.0,0.0
2025-05-07 00:00:00-04:00,4.459312785393012,4.491922378540039,4.434856076448216,4.491922378540039,176100,0.0,0.0
2025-05-08 00:00:00-04:00,4.516378393386821,4.565292192491492,4.483769193983707,4.52453088760376,355900,0.0,0.0
2025-05-09 00:00:00-04:00,4.5734451036542865,4.614206412258093,4.548988007506118,4.606054306030273,383600,0.0,0.0
2025-05-12 00:00:00-04:00,4.736492369867863,4.769101580879529,4.6549693423386955,4.712035655975342,536200,0.0,0.0
2025-05-13 00:00:00-04:00,4.752795686244448,4.760948181152344,4.695729776818589,4.760948181152344,345400,0.0,0.0
2025-05-14 00:00:00-04:00,4.760947713528538,4.769099818903376,4.7364906199393975,4.752795219421387,211800,0.0,0.0
2025-05-15 00:00:00-04:00,4.728338669404392,4.809861669483986,4.720186175030269,4.801709175109863,315600,0.0,0.0
2025-05-16 00:00:00-04:00,4.8017095864727,4.891385088608925,4.785404985059965,4.883232593536377,561600,0.0,0.0
2025-05-20 00:00:00-04:00,4.907689561415502,4.932146657259887,4.891384960430029,4.915842056274414,326300,0.0,0.0
2025-05-21 00:00:00-04:00,4.915842185094208,4.915842185094208,4.858775885783454,4.883232593536377,491100,0.0,0.0
2025-05-22 00:00:00-04:00,4.850622645035696,4.866927243941963,4.826165941042448,4.8587751388549805,303100,0.0,0.0
2025-05-23 00:00:00-04:00,4.850623717195219,4.88323292221554,4.834319114685059,4.834319114685059,389700,0.0,0.0
2025-05-26 00:00:00-04:00,4.866928445565134,4.907690147260835,4.866928445565134,4.899538040161133,204200,0.0,0.0
2025-05-27 00:00:00-04:00,4.907689561415502,4.923994162400975,4.899537455288941,4.915842056274414,557100,0.0,0.0
2025-05-28 00:00:00-04:00,4.9321471464880995,4.9321471464880995,4.907690048217773,4.907690048217773,529500,0.0,0.0
2025-05-29 00:00:00-04:00,4.932147026062012,4.948451628266664,4.891385326184192,4.932147026062012,392200,0.0,0.0
2025-05-30 00:00:00-04:00,4.973593235015869,4.990171863321962,4.940435978403684,4.973593235015869,295600,0.1,0.0
2025-06-02 00:00:00-04:00,4.948725177808616,4.95701468973334,4.915567920641091,4.9321465492248535,388200,0.0,0.0
2025-06-03 00:00:00-04:00,4.9404356777077645,4.990171559598904,4.9404356777077645,4.965303421020508,349900,0.0,0.0
2025-06-04 00:00:00-04:00,4.9818827468017535,4.9818827468017535,4.940435978403684,4.973593235015869,229100,0.0,0.0
2025-06-05 00:00:00-04:00,4.981882443583208,4.981882443583208,4.957014305004811,4.965303421020508,198400,0.0,0.0
2025-06-06 00:00:00-04:00,4.973592932301858,4.981882443583208,4.957014305004811,4.965303421020508,227500,0.0,0.0
2025-06-09 00:00:00-04:00,4.97359285274779,5.01503961796028,4.97359285274779,5.006750106811523,272800,0.0,0.0
2025-06-10 00:00:00-04:00,5.0150402315798495,5.0564866065979,4.990172090356463,5.0564866065979,310900,0.0,0.0
2025-06-11 00:00:00-04:00,5.0564866065979,5.07306523565826,5.031618860640209,5.0564866065979,265800,0.0,0.0
2025-06-12 00:00:00-04:00,5.056485955822787,5.081354093845618,5.048196839992273,5.064775466918945,319100,0.0,0.0
2025-06-13 00:00:00-04:00,5.056485430735116,5.0813535661755305,5.01503906535523,5.048196315765381,469000,0.0,0.0
2025-06-16 00:00:00-04:00,5.048196839992273,5.073064582749459,5.039907328896114,5.064775466918945,251800,0.0,0.0
2025-06-17 00:00:00-04:00,5.064774940970456,5.073064055940192,5.031617690560306,5.048196315765381,192300,0.0,0.0
2025-06-18 00:00:00-04:00,5.07306523565826,5.07306523565826,5.048197489700568,5.0564866065979,227900,0.0,0.0
2025-06-19 00:00:00-04:00,5.056485955822787,5.073064582749459,5.039907328896114,5.064775466918945,134300,0.0,0.0
2025-06-20 00:00:00-04:00,5.07306432723999,5.08135383791864,5.064775211826965,5.07306432723999,245700,0.0,0.0
2025-06-23 00:00:00-04:00,5.081353809351996,5.131089687347412,5.073064298719949,5.131089687347412,372300,0.0,0.0
2025-06-24 00:00:00-04:00,5.14766936028429,5.180826619024792,5.139379847966312,5.164247989654541,825400,0.0,0.0
2025-06-25 00:00:00-04:00,5.180825884280788,5.180825884280788,5.131090003223569,5.172536373138428,473300,0.0,0.0
2025-06-26 00:00:00-04:00,5.180825852493786,5.23056173324585,5.164247225576433,5.23056173324585,682900,0.0,0.0
2025-06-27 00:00:00-04:00,5.263718283370056,5.263718283370056,5.21398240926722,5.222271919250488,657200,0.0,0.0
2025-06-30 00:00:00-04:00,5.281234225076236,5.281234225076236,5.197004094221939,5.272811412811279,399300,0.1,0.0
2025-07-02 00:00:00-04:00,5.255964560884123,5.255964560884123,5.17173443682654,5.230695724487305,648500,0.0,0.0
2025-07-03 00:00:00-04:00,5.230696354446253,5.272811622367653,5.230696354446253,5.247542381286621,414100,0.0,0.0
2025-07-04 00:00:00-04:00,5.264387335143321,5.264387335143321,5.230695288329675,5.2391180992126465,179600,0.0,0.0
2025-07-07 00:00:00-04:00,5.230695609128094,5.230695609128094,5.205426371647657,5.2222723960876465,330200,0.0,0.0
2025-07-08 00:00:00-04:00,5.222272075805823,5.2391180992126465,5.205426052399,5.2391180992126465,255800,0.0,0.0
2025-07-09 00:00:00-04:00,5.2391180992126465,5.264387335143321,5.213849264922851,5.2391180992126465,315500,0.0,0.0
2025-07-10 00:00:00-04:00,5.272811775734445,5.272811775734445,5.239119319432757,5.264388561248779,316900,0.0,0.0
2025-07-11 00:00:00-04:00,5.230696354446253,5.2559651938863245,5.230696354446253,5.247542381286621,303000,0.0,0.0
2025-07-14 00:00:00-04:00,5.247540991967933,5.264387014348213,5.2391177799573665,5.2559638023376465,287800,0.0,0.0
2025-07-15 00:00:00-04:00,5.281233902544793,5.298079927686845,5.264387877402741,5.289657115936279,274300,0.0,0.0
2025-07-16 00:00:00-04:00,5.306503602608304,5.340195655822754,5.298080388484213,5.340195655822754,346000,0.0,0.0
2025-07-17 00:00:00-04:00,5.340194382682424,5.365463215748514,5.340194382682424,5.3570404052734375,278100,0.0,0.0
2025-07-18 00:00:00-04:00,5.37388662601245,5.382309436798096,5.357040602800283,5.382309436798096,398400,0.0,0.0
2025-07-21 00:00:00-04:00,5.4075792550300354,5.4496941167773185,5.382310016668931,5.4412713050842285,473800,0.0,0.0
2025-07-22 00:00:00-04:00,5.441271024355226,5.4665398597717285,5.4244250001972585,5.4665398597717285,200100,0.0,0.0
2025-07-23 00:00:00-04:00,5.491809368133545,5.5086553931237345,5.466540129827803,5.491809368133545,599300,0.0,0.0
2025-07-24 00:00:00-04:00,5.500232581449098,5.5086553931237345,5.474963343143356,5.491809368133545,902700,0.0,0.0
2025-07-25 00:00:00-04:00,5.5086553931237345,5.5086553931237345,5.4833865564589095,5.491809368133545,885300,0.0,0.0
2025-07-28 00:00:00-04:00,5.5086542759725585,5.525500297546387,5.483385444432234,5.525500297546387,677300,0.0,0.0
2025-07-29 00:00:00-04:00,5.533924143413843,5.542346954345703,5.525500930841101,5.542346954345703,777400,0.0,0.0
2025-07-30 00:00:00-04:00,5.542347585721344,5.576039636568695,5.53392477382997,5.5591936111450195,656900,0.0,0.0
2025-07-31 00:00:00-04:00,5.61050928893862,5.61050928893862,5.499325316988033,5.542088508605957,660700,0.1,0.0
2025-08-01 00:00:00-04:00,5.49932520982732,5.507878011112251,5.294062872829105,5.473667621612549,1069300,0.0,0.0
2025-08-05 00:00:00-04:00,5.490772496832131,5.507877690586562,5.439456915568838,5.482219696044922,411800,0.0,0.0
2025-08-06 00:00:00-04:00,5.507877349853516,5.533534934987916,5.482219356899153,5.507877349853516,191600,0.0,0.0
2025-08-07 00:00:00-04:00,5.533535003662109,5.542087804026363,5.490772225300745,5.533535003662109,315400,0.0,0.0
2025-08-08 00:00:00-04:00,5.542087804026363,5.550640196570649,5.456561839483666,5.533535003662109,375800,0.0,0.0
2025-08-11 00:00:00-04:00,5.524982929229736,5.567746117873245,5.524982929229736,5.524982929229736,375000,0.0,0.0
2025-08-12 00:00:00-04:00,5.5249826111178235,5.559192996934903,5.490772225300745,5.533535003662109,479300,0.0,0.0
2025-08-13 00:00:00-04:00,5.559193703689123,5.559193703689123,5.524983313522791,5.542088508605957,278800,0.0,0.0
2025-08-14 00:00:00-04:00,5.542087804026363,5.542087804026363,5.5164298107535705,5.533535003662109,302600,0.0,0.0
2025-08-15 00:00:00-04:00,5.550639857628714,5.559192657470703,5.524982273742633,5.559192657470703,340700,0.0,0.0
2025-08-18 00:00:00-04:00,5.559193837594104,5.567746639251709,5.550641035936499,5.567746639251709,341600,0.0,0.0
2025-08-19 00:00:00-04:00,5.567746639251709,5.567746639251709,5.550641035936499,5.567746639251709,324100,0.0,0.0
2025-08-20 00:00:00-04:00,5.576298056923429,5.610508441925049,5.559192864422619,5.610508441925049,425800,0.0,0.0
2025-08-21 00:00:00-04:00,5.610508441925049,5.627613634425858,5.593403249424239,5.610508441925049,283100,0.0,0.0
2025-08-22 00:00:00-04:00,5.627614156903693,5.6532721519470215,5.619061763769248,5.6532721519470215,357400,0.0,0.0
2025-08-25 00:00:00-04:00,5.6276143140832815,5.678929897783188,5.619061920709967,5.661824703216553,419000,0.0,0.0
2025-08-26 00:00:00-04:00,5.678928763470328,5.696033954620361,5.678928763470328,5.696033954620361,521000,0.0,0.0
2025-08-27 00:00:00-04:00,5.704587936401367,5.704587936401367,5.687482741706221,5.704587936401367,713000,0.0,0.0
2025-08-28 00:00:00-04:00,5.713140487670898,5.713140487670898,5.687482898829365,5.713140487670898,481900,0.0,0.0
2025-08-29 00:00:00-04:00,5.643679275534156,5.687092358645403,5.643679275534156,5.678409576416016,834700,0.1,0.0
2025-09-02 00:00:00-04:00,5.643678917584067,5.7305046642817965,5.626313768244521,5.669726848602295,646600,0.0,0.0
2025-09-03 00:00:00-04:00,5.6870927810668945,5.704457932797659,5.669727629336129,5.6870927810668945,438400,0.0,0.0
2025-09-04 00:00:00-04:00,5.695774555206299,5.695774555206299,5.652361887421201,5.695774555206299,353800,0.0,0.0
2025-09-05 00:00:00-04:00,5.69577581076254,5.713140964508057,5.6784106570170225,5.713140964508057,273900,0.0,0.0
2025-09-08 00:00:00-04:00,5.704458063356415,5.747870736667982,5.704458063356415,5.721823215484619,333900,0.0,0.0
2025-09-09 00:00:00-04:00,5.730505294003672,5.747870445251465,5.730505294003672,5.747870445251465,270900,0.0,0.0
2025-09-10 00:00:00-04:00,5.756553387989955,5.7652357568464,5.643679694731044,5.6870927810668945,831100,0.0,0.0
2025-09-11 00:00:00-04:00,5.7044577741409155,5.773918379132085,5.7044577741409155,5.747870445251465,397900,0.0,0.0
2025-09-12 00:00:00-04:00,5.765235424041748,5.773918206414844,5.756553055686502,5.765235424041748,313700,0.0,0.0
2025-09-15 00:00:00-04:00,5.739188324695927,5.782600997682861,5.739188324695927,5.773918628692627,302500,0.0,0.0
2025-09-16 00:00:00-04:00,5.7739184560039245,5.79128360748291,5.765235673255497,5.79128360748291,327300,0.0,0.0
2025-09-17 00:00:00-04:00,5.782600707333044,5.808648641031618,5.782600707333044,5.799965858459473,323900,0.0,0.0
2025-09-18 00:00:00-04:00,5.817331917667561,5.852062225341797,5.808649547757964,5.852062225341797,417400,0.0,0.0
2025-09-19 00:00:00-04:00,5.86074434564227,5.86074434564227,5.826014041900635,5.826014041900635,592400,0.0,0.0
2025-09-22 00:00:00-04:00,5.826013869334455,5.852061389360216,5.826013869334455,5.843379020690918,272200,0.0,0.0
2025-09-23 00:00:00-04:00,5.843378848636045,5.886791932757862,5.843378848636045,5.860743999481201,650700,0.0,0.0
2025-09-24 00:00:00-04:00,5.895474983818835,5.947570442386527,5.8867926143998375,5.938888072967529,628000,0.0,0.0
2025-09-25 00:00:00-04:00,5.93020528953063,5.938888072967529,5.904157767255735,5.938888072967529,568300,0.0,0.0
2025-09-26 00:00:00-04:00,5.938888072967529,5.938888072967529,5.912840136674732,5.938888072967529,804800,0.0,0.0
2025-09-29 00:00:00-04:00,5.947697950976645,6.000566326788288,5.938886344927787,5.982943534851074,547500,0.1,0.0
2025-09-30 00:00:00-04:00,5.965321386979566,5.974132993979799,5.912453005459813,5.947698593139648,640300,0.0,0.0
2025-10-01 00:00:00-04:00,5.912452685338094,5.974132670518501,5.912452685338094,5.965321063995361,399000,0.0,0.0
2025-10-02 00:00:00-04:00,5.9653218837820345,5.991756286823688,5.9653218837820345,5.974133491516113,245400,0.0,0.0
2025-10-03 00:00:00-04:00,5.9741333204587335,6.009378910064697,5.9741333204587335,6.009378910064697,394000,0.0,0.0
2025-10-06 00:00:00-04:00,6.009378587064642,6.03581256776802,6.009378587064642,6.02700138092041,422400,0.0,0.0
2025-10-07 00:00:00-04:00,6.035812067333238,6.035812067333238,6.000566482543945,6.000566482543945,317000,0.0,0.0
2025-10-08 00:00:00-04:00,6.018189943821505,6.027001551078438,5.991755962371826,5.991755962371826,360600,0.0,0.0
2025-10-09 00:00:00-04:00,6.000567474397185,6.009379082131264,5.956510696208539,5.974133491516113,434600,0.0,0.0
2025-10-10 00:00:00-04:00,5.9653207429138595,5.991755140899932,5.9565095570255036,5.982943534851074,539000,0.0,0.0
2025-10-14 00:00:00-04:00,5.99175545104298,6.018189430236816,5.947698258839221,6.018189430236816,490900,0.0,0.0
2025-10-15 00:00:00-04:00,6.0270016675002696,6.035812854766846,6.000567265379406,6.035812854766846,469300,0.0,0.0
2025-10-16 00:00:00-04:00,6.02700138092041,6.03581256776802,6.009378587064642,6.02700138092041,246300,0.0,0.0
2025-10-17 00:00:00-04:00,6.0270016675002696,6.04462446219399,6.00937887280655,6.035812854766846,413900,0.0,0.0
2025-10-20 00:00:00-04:00,6.035812079171424,6.088680456459055,6.027000893037076,6.079869270324707,445000,0.0,0.0
2025-10-21 00:00:00-04:00,6.079869557620434,6.088680744171143,6.062246764358483,6.088680744171143,298200,0.0,0.0
2025-10-22 00:00:00-04:00,6.088680744171143,6.088680744171143,6.079869557620434,6.088680744171143,260000,0.0,0.0
2025-10-23 00:00:00-04:00,6.08868167620813,6.141550064086914,6.079870488308631,6.141550064086914,265200,0.0,0.0
2025-10-24 00:00:00-04:00,6.159172705302419,6.212041512013517,6.141549909785582,6.203229904174805,461100,0.0,0.0
2025-10-27 00:00:00-04:00,6.212041642584056,6.282532826133054,6.212041642584056,6.273721218109131,792800,0.0,0.0
2025-10-28 00:00:00-04:00,6.273720743479358,6.353023529052734,6.273720743479358,6.353023529052734,718800,0.0,0.0
2025-10-29 00:00:00-04:00,6.379457018585311,6.46757140471736,6.3706458320684245,6.405891418457031,814400,0.0,0.0
2025-10-30 00:00:00-04:00,6.405891418457031,6.405891418457031,6.079869534282151,6.405891418457031,1050300,0.0,0.0
2025-10-31 00:00:00-04:00,6.459497872590772,6.486300955705998,6.388023552310908,6.4684319496154785,372100,0.1,0.0
2025-11-03 00:00:00-05:00,6.423760353880328,6.459497512025433,6.414825851333787,6.441628932952881,440500,0.0,0.0
2025-11-04 00:00:00-05:00,6.414826537845215,6.423761041347921,6.128929242087793,6.236140727996826,1287000,0.0,0.0
2025-11-05 00:00:00-05:00,6.227204975870062,6.35228544370448,6.227204975870062,6.33441686630249,573500,0.0,0.0
2025-11-06 00:00:00-05:00,6.3344179431976615,6.36122060084704,6.254009118208402,6.298680782318115,279900,0.0,0.0
2025-11-07 00:00:00-05:00,6.30761527416713,6.334418359599007,6.22720644389209,6.316549777984619,512600,0.0,0.0
2025-11-10 00:00:00-05:00,6.316549412938233,6.414826393127441,6.316549412938233,6.414826393127441,447700,0.0,0.0
2025-11-11 00:00:00-05:00,6.423760479604614,6.441629059026886,6.3969573974609375,6.3969573974609375,250400,0.0,0.0
2025-11-12 00:00:00-05:00,6.423760896428587,6.423760896428587,6.3880237352651354,6.414826393127441,452900,0.0,0.0
2025-11-13 00:00:00-05:00,6.414826393127441,6.432694973709167,6.37015515468341,6.414826393127441,353000,0.0,0.0
2025-11-14 00:00:00-05:00,6.432694973709167,6.432694973709167,6.37908923196399,6.414826393127441,345100,0.0,0.0
2025-11-17 00:00:00-05:00,6.42375999653558,6.432694072564601,6.388022840378483,6.405891418457031,284900,0.0,0.0
2025-11-18 00:00:00-05:00,6.396957514247964,6.4148260939964565,6.325483195253994,6.370154857635498,583800,0.0,0.0
2025-11-19 00:00:00-05:00,6.325482726118583,6.37908846138834,6.325482726118583,6.361219882965088,345800,0.0,0.0
2025-11-20 00:00:00-05:00,6.379088516826547,6.42376017628316,6.352285861968994,6.352285861968994,289800,0.0,0.0
2025-11-21 00:00:00-05:00,6.370155278015199,6.405892439870553,6.361220774541073,6.37908935546875,353900,0.0,0.0
2025-11-24 00:00:00-05:00,6.414825796111514,6.459497456418603,6.396957217192784,6.450562953948975,438600,0.0,0.0
2025-11-25 00:00:00-05:00,6.4684314636966525,6.486300468444824,6.459497387343088,6.486300468444824,537300,0.0,0.0
2025-11-26 00:00:00-05:00,6.49523490538778,6.513103485107422,6.477366325668138,6.513103485107422,528800,0.0,0.0
2025-11-27 00:00:00-05:00,6.513103068016278,6.539906148889577,6.495234489440918,6.495234489440918,721600,0.0,0.0
2025-11-28 00:00:00-05:00,6.513352646499815,6.522411326739899,6.431822364527837,6.47711706161499,580200,0.1,0.0
2025-12-01 00:00:00-05:00,6.458999156951904,6.477116949079532,6.440881364824276,6.458999156951904,375600,0.0,0.0
2025-12-02 00:00:00-05:00,6.47711706161499,6.4861757418550745,6.440881476730166,6.47711706161499,247600,0.0,0.0
2025-12-03 00:00:00-05:00,6.486176380346512,6.4952354934406085,6.4680585861206055,6.4680585861206055,311100,0.0,0.0
2025-12-04 00:00:00-05:00,6.4771168571552415,6.513352440896237,6.4771168571552415,6.486175537109375,333700,0.0,0.0
2025-12-05 00:00:00-05:00,6.513352144500951,6.549587726593018,6.504293032996829,6.549587726593018,312300,0.0,0.0
2025-12-08 00:00:00-05:00,6.549588790940137,6.585824378920702,6.549588790940137,6.56770658493042,366300,0.0,0.0
2025-12-09 00:00:00-05:00,6.576765697906702,6.594883491896984,6.56770658493042,6.56770658493042,287900,0.0,0.0
2025-12-10 00:00:00-05:00,6.5858236486011235,6.603941440582275,6.5677058566199715,6.603941440582275,347800,0.0,0.0
2025-12-11 00:00:00-05:00,6.567705472146274,6.594882374508183,6.567705472146274,6.5767645835876465,248500,0.0,0.0
2025-12-12 00:00:00-05:00,6.60394132759035,6.60394132759035,6.558646632431335,6.5858235359191895,386200,0.0,0.0
2025-12-15 00:00:00-05:00,6.594882488250732,6.6039411678861315,6.576764697017717,6.594882488250732,273800,0.0,0.0
2025-12-16 00:00:00-05:00,6.603942233528699,6.613001346588135,6.594883552431549,6.613001346588135,233100,0.0,0.0
2025-12-17 00:00:00-05:00,6.613000439407044,6.613000439407044,6.5858235359191895,6.5858235359191895,344900,0.0,0.0
2025-12-18 00:00:00-05:00,6.603941552955915,6.631118457371206,6.603941552955915,6.622059345245361,233200,0.0,0.0
2025-12-19 00:00:00-05:00,6.640177566366255,6.658295359825773,6.631118885617631,6.649236679077148,339400,0.0,0.0
2025-12-22 00:00:00-05:00,6.658294156632462,6.6945297370035135,6.658294156632462,6.685471057891846,413200,0.0,0.0
2025-12-23 00:00:00-05:00,6.7126485035659,6.730766296386719,6.6854720303157995,6.730766296386719,464100,0.0,0.0
2025-12-24 00:00:00-05:00,6.7398249977753295,6.785119261084148,6.730765885936229,6.776060581207275,463900,0.0,0.0
2025-12-29 00:00:00-05:00,6.785119438992751,6.839473247528076,6.776060758878356,6.839473247528076,777000,0.0,0.0
2025-12-30 00:00:00-05:00,6.839472680794865,6.866649150848389,6.830413569468888,6.866649150848389,504800,0.0,0.0
2025-12-31 00:00:00-05:00,6.85746955871582,6.912550022248355,6.80238953292042,6.85746955871582,552800,0.1,0.0
2026-01-02 00:00:00-05:00,6.839110034177516,6.976810327280769,6.839110034177516,6.9584503173828125,709700,0.0,0.0
2026-01-05 00:00:00-05:00,6.967630153500246,6.976809939069851,6.885009894688104,6.903369903564453,522500,0.0,0.0
2026-01-06 00:00:00-05:00,6.930909981000604,6.940089766365251,6.903369749432402,6.91254997253418,247800,0.0,0.0
2026-01-07 00:00:00-05:00,6.92173026206965,6.9400902718733954,6.885010242462158,6.885010242462158,375200,0.0,0.0
2026-01-08 00:00:00-05:00,6.885009548759003,6.940089572620621,6.885009548759003,6.921729564666748,327900,0.0,0.0
2026-01-09 00:00:00-05:00,6.930909677903059,7.03188950118385,6.930909677903059,7.004349708557129,563700,0.0,0.0
2026-01-12 00:00:00-05:00,6.967629608339199,7.06860943038969,6.967629608339199,7.05942964553833,575300,0.0,0.0
2026-01-13 00:00:00-05:00,7.077789415560816,7.169589449680608,7.077789415560816,7.123689651489258,675600,0.0,0.0
2026-01-14 00:00:00-05:00,7.132869243621826,7.142049465654712,6.9217289519733205,7.132869243621826,871600,0.0,0.0
2026-01-15 00:00:00-05:00,7.132870960446071,7.243031024932861,7.114510949698272,7.243031024932861,564000,0.0,0.0
2026-01-16 00:00:00-05:00,7.243030484661378,7.252210708219099,7.187950456526507,7.1971306800842285,529100,0.0,0.0
2026-01-19 00:00:00-05:00,7.2063104920649295,7.2063104920649295,7.160410687321156,7.169590473175049,638800,0.0,0.0
2026-01-20 00:00:00-05:00,7.132870092600988,7.151230101114953,7.059430058545128,7.08696985244751,1187100,0.0,0.0
2026-01-21 00:00:00-05:00,7.050249383542609,7.206309664777389,7.022709591405356,7.1879496574401855,753800,0.0,0.0
2026-01-22 00:00:00-05:00,7.18794991731709,7.243029941320093,7.18794991731709,7.224669933319092,469400,0.0,0.0
2026-01-23 00:00:00-05:00,7.233850349678616,7.243030135056097,7.197130332694431,7.215490341186523,576000,0.0,0.0
2026-01-26 00:00:00-05:00,7.206309427689672,7.261389447889148,7.178769636458479,7.252209663391113,411900,0.0,0.0
2026-01-27 00:00:00-05:00,7.26139031287748,7.316470339638176,7.252210527285935,7.307290554046631,599500,0.0,0.0
2026-01-28 00:00:00-05:00,7.32565019120679,7.3531904220581055,7.316469968343979,7.3531904220581055,598400,0.0,0.0
2026-01-29 00:00:00-05:00,7.353190680668568,7.399090921122689,7.34401045748289,7.389910697937012,1155200,0.0,0.0
2026-01-30 00:00:00-05:00,7.362023806238986,7.4363876114344105,7.3155462063702235,7.380614757537842,848100,0.1,0.0
2026-02-02 00:00:00-05:00,7.3155462063702235,7.399205708836698,7.278364303772511,7.380614757537842,705900,0.0,0.0
2026-02-03 00:00:00-05:00,7.3899107762325755,7.4085017294551205,7.269069801907678,7.334137916564941,574000,0.0,0.0
2026-02-04 00:00:00-05:00,7.306251410030258,7.315546664640351,7.120341442152435,7.204000949859619,1353400,0.0,0.0
2026-02-05 00:00:00-05:00,7.185409492075468,7.194704746031864,6.692748621575838,6.832180976867676,2667200,0.0,0.0
2026-02-06 00:00:00-05:00,6.813590312042098,7.045977432879787,6.7857041057578,6.999500274658203,1331400,0.0,0.0
2026-02-09 00:00:00-05:00,7.018091261516372,7.17611413214796,6.9995003094865815,7.138932228088379,886100,0.0,0.0
2026-02-10 00:00:00-05:00,7.20400069122999,7.250478292341679,7.1575230901183025,7.231887340545654,523400,0.0,0.0
2026-02-11 00:00:00-05:00,7.250478814961164,7.28766072123331,7.176114559173584,7.176114559173584,644400,0.0,0.0
2026-02-12 00:00:00-05:00,7.185409446118041,7.2040003971551645,6.990204238606636,7.064568042755127,785800,0.0,0.0
2026-02-13 00:00:00-05:00,7.064568659890683,7.176114375857654,7.008795801907197,7.148228168487549,367400,0.0,0.0
2026-02-17 00:00:00-05:00,7.120341251282202,7.157523155212402,7.045977443421802,7.157523155212402,661800,0.0,0.0
2026-02-18 00:00:00-05:00,7.1854102390042875,7.222592145181433,7.157523587749786,7.213296890258789,354700,0.0,0.0
2026-02-19 00:00:00-05:00,7.194704751768586,7.222591400146484,7.15752284942688,7.222591400146484,370400,0.0,0.0
2026-02-20 00:00:00-05:00,7.231887791551414,7.250478744506836,7.204001140496642,7.250478744506836,315900,0.0,0.0
2026-02-23 00:00:00-05:00,7.231887791551414,7.250478744506836,7.204001140496642,7.250478744506836,443500,0.0,0.0
2026-02-24 00:00:00-05:00,7.2597737564410085,7.2597737564410085,7.231887549562628,7.241182804107666,344800,0.0,0.0
2026-02-25 00:00:00-05:00,7.250478451670505,7.296955610560272,7.241182753946593,7.278364658355713,893300,0.0,0.0
2026-02-26 00:00:00-05:00,7.296955327319756,7.334137230285613,7.278364375836827,7.3248419761657715,1106500,0.0,0.0
2026-02-27 00:00:00-05:00,7.334256941518937,7.334256941518937,7.230692211512941,7.268352031707764,791500,0.1,0.0
2026-03-02 00:00:00-05:00,7.230692356608047,7.24952226708331,7.061223162330683,7.240107536315918,975600,0.0,0.0
2026-03-03 00:00:00-05:00,7.211862350304078,7.221277529886843,7.117712799178791,7.155372619628906,741000,0.0,0.0
2026-03-04 00:00:00-05:00,7.183617834713844,7.258937476927594,7.155372744413447,7.230692386627197,401700,0.0,0.0
2026-03-05 00:00:00-05:00,7.2024471973027415,7.240107015544445,7.136542290909537,7.1459574699401855,436500,0.0,0.0
2026-03-06 00:00:00-05:00,7.11771320516981,7.127128385289613,6.844679266862514,6.863509178161621,1534900,0.0,0.0
2026-03-09 00:00:00-04:00,6.581059151353903,6.628134147574179,6.053821258812825,6.543399333953857,2530000,0.0,0.0
2026-03-10 00:00:00-04:00,6.628134980717509,7.051808204193121,6.590475158583699,6.985903739929199,1316500,0.0,0.0
2026-03-11 00:00:00-04:00,7.0329779896864135,7.10829807964482,6.891753887248024,6.948243618011475,771100,0.0,0.0
2026-03-12 00:00:00-04:00,6.910584452691095,6.919999184240706,6.6752103277241295,6.703454971313477,722900,0.0,0.0
2026-03-13 00:00:00-04:00,6.807018931547497,6.872923840600545,6.750529201905085,6.769359111785889,459100,0.0,0.0
2026-03-16 00:00:00-04:00,6.816434352636307,6.957658915520978,6.816434352636307,6.92941427230835,469000,0.0,0.0
2026-03-17 00:00:00-04:00,6.948243473080975,7.00473320266613,6.948243473080975,6.97648811340332,436900,0.0,0.0
2026-03-18 00:00:00-04:00,6.919999033530272,6.995318680048834,6.872924478926423,6.938828945159912,307300,0.0,0.0
2026-03-19 00:00:00-04:00,6.8729244474065165,6.891754358949802,6.778774440749589,6.844679355621338,517200,0.0,0.0
2026-03-20 00:00:00-04:00,6.835263656039406,6.863508294882958,6.731698932752023,6.741113662719727,682100,0.0,0.0
2026-03-23 00:00:00-04:00,6.84467867490669,6.948243402565324,6.807018855565451,6.891753673553467,521500,0.0,0.0
2026-03-24 00:00:00-04:00,6.872923763882848,6.948243402565324,6.872923763882848,6.891753673553467,297800,0.0,0.0
2026-03-25 00:00:00-04:00,6.967073947864712,6.995318590477261,6.910584213699113,6.957658767700195,474000,0.0,0.0
2026-03-26 00:00:00-04:00,6.948243824749301,7.0047335571935445,6.9011688232421875,6.9011688232421875,387400,0.0,0.0
2026-03-27 00:00:00-04:00,6.872924745828884,6.9199993022608215,6.835264921107124,6.8823394775390625,508500,0.0,0.0
2026-03-30 00:00:00-04:00,6.929414151147449,6.957658793866219,6.83526459385071,6.854094505310059,653700,0.0,0.0
2026-03-31 00:00:00-04:00,6.920916867594553,6.968647510827637,6.8731862243614685,6.95910120010376,524600,0.1,0.0
2026-04-01 00:00:00-04:00,6.959101004076988,7.045015977399193,6.959101004076988,7.006831645965576,362800,0.0,0.0
2026-04-02 00:00:00-04:00,6.949555148815152,7.016377501227413,6.930462983098344,7.006831645965576,264900,0.0,0.0
2026-04-06 00:00:00-04:00,7.01637733642107,7.064107977188522,6.968647150846743,7.045015811920166,405500,0.0,0.0
2026-04-07 00:00:00-04:00,7.0068311176564,7.045015446210949,6.987738953379125,7.016376972198486,227500,0.0,0.0
2026-04-08 00:00:00-04:00,7.130930506505475,7.159568982721341,7.111838340759277,7.111838340759277,611500,0.0,0.0
2026-04-09 00:00:00-04:00,7.130929957585198,7.2454833984375,7.1118377933086645,7.2454833984375,568500,0.0,0.0
2026-04-10 00:00:00-04:00,7.255029823974461,7.340944797577209,7.23593765819531,7.3313984870910645,544800,0.0,0.0
2026-04-13 00:00:00-04:00,7.245483968681454,7.350490652870215,7.216845492416159,7.3313984870910645,629200,0.0,0.0
2026-04-14 00:00:00-04:00,7.350490622251534,7.379129098397535,7.321852601298668,7.340944766998291,371900,0.0,0.0
2026-04-15 00:00:00-04:00,7.369582510681667,7.417313150731497,7.312306015737743,7.407767295837402,517200,0.0,0.0
2026-04-16 00:00:00-04:00,7.417313659057072,7.445952136088255,7.398221492767334,7.398221492767334,444200,0.0,0.0
2026-04-17 00:00:00-04:00,7.436405658721924,7.474589990445817,7.417313492859977,7.436405658721924,678400,0.0,0.0
2026-04-20 00:00:00-04:00,7.42685960850088,7.48413610458374,7.4173132982238394,7.48413610458374,490900,0.0,0.0
2026-04-21 00:00:00-04:00,7.484135955762635,7.531866140619345,7.407767295837402,7.407767295837402,739700,0.0,0.0
2026-04-22 00:00:00-04:00,7.455497711224053,7.503228352749752,7.455497711224053,7.465044021606445,285300,0.0,0.0
2026-04-23 00:00:00-04:00,7.503228300430868,7.512774155553566,7.4364054937994615,7.474589824676514,307900,0.0,0.0
2026-04-24 00:00:00-04:00,7.484136445718047,7.541412944411626,7.465044279486854,7.512774467468262,439600,0.0,0.0
2026-04-27 00:00:00-04:00,7.512774137803767,7.60823496477086,7.512774137803767,7.589142799377441,662100,0.0,0.0
2026-04-28 00:00:00-04:00,7.579596387129089,7.608234405517578,7.560504223139065,7.608234405517578,605400,0.0,0.0
2026-04-29 00:00:00-04:00,7.608234934346641,7.636873409918812,7.598689079284668,7.598689079284668,548400,0.0,0.0
2026-04-30 00:00:00-04:00,7.6180242756835606,7.676029480505387,7.54068400258779,7.656694412231445,520900,0.1,0.0
2026-05-01 00:00:00-04:00,7.685696728646699,7.695364493206047,7.531016183572209,7.560019016265869,599200,0.0,0.0
2026-05-04 00:00:00-04:00,7.589021461884023,7.637359363182753,7.511681188593568,7.52134895324707,571800,0.0,0.0
2026-05-05 00:00:00-04:00,7.54068407537039,7.67602955459434,7.54068407537039,7.6180243492126465,331900,0.0,0.0
2026-05-06 00:00:00-04:00,7.598689006776614,7.676029277830319,7.598689006776614,7.637359142303467,274000,0.0,0.0
2026-05-07 00:00:00-04:00,7.637359235341586,7.676029371339517,7.637359235341586,7.647026538848877,326900,0.0,0.0
2026-05-08 00:00:00-04:00,7.6856968772851,7.6856968772851,7.656694505014932,7.6663618087768555,355200,0.0,0.0
2026-05-11 00:00:00-04:00,7.6856967841501636,7.69536454877933,7.6373593439575025,7.656694412231445,485300,0.0,0.0
2026-05-12 00:00:00-04:00,7.666361513456417,7.676029277830319,7.6276913779295645,7.637359142303467,379100,0.0,0.0
2026-05-13 00:00:00-04:00,7.6373593439575025,7.676029480505387,7.6373593439575025,7.656694412231445,469400,0.0,0.0
2026-05-14 00:00:00-04:00,7.676029682159424,7.695364750941311,7.656694613377538,7.676029682159424,394600,0.0,0.0
2026-05-15 00:00:00-04:00,7.656694613377538,7.695364750941311,7.656694613377538,7.676029682159424,516900,0.0,0.0
2026-05-19 00:00:00-04:00,7.685696529619247,7.734034429195469,7.666361461985633,7.724366664886475,524400,0.0,0.0
2026-05-20 00:00:00-04:00,7.7340344658374045,7.772704601287842,7.705031633757389,7.772704601287842,531100,0.0,0.0
2026-05-21 00:00:00-04:00,7.7727047458330425,7.830710411071777,7.763036981298458,7.830710411071777,677200,0.0,0.0
2026-05-22 00:00:00-04:00,7.830710738374782,7.946721151732409,7.830710738374782,7.908051013946533,726600,0.0,0.0
2026-05-25 00:00:00-04:00,7.966055536961177,8.043395810370992,7.927385400256269,8.02406120300293,811900,0.0,0.0
2026-05-26 00:00:00-04:00,8.06273078918457,8.072398553192878,7.995058285063857,8.06273078918457,439300,0.0,0.0
2026-05-27 00:00:00-04:00,8.072399692545725,8.101402066695373,8.053064161800057,8.082066535949707,506700,0.0,0.0
2026-05-28 00:00:00-04:00,8.101401511566628,8.101401511566628,8.024061237821217,8.072399139404297,939200,0.0,0.0
2026-05-29 00:00:00-04:00,8.121322957181043,8.150676874589408,8.072399139404297,8.072399139404297,614800,0.1,0.0
2026-06-01 00:00:00-04:00,8.072398806634771,8.101752722833076,7.974551175114863,7.994121074676514,806700,0.0,0.0
2026-06-02 00:00:00-04:00,7.994120778188721,8.052828608407959,7.984335828770802,8.02347469329834,725000,0.0,0.0
2026-06-03 00:00:00-04:00,7.994121227251602,8.091968860639021,7.994121227251602,8.043045043945312,268700,0.0,0.0
2026-06-04 00:00:00-04:00,8.043045473082893,8.072399391407625,8.033260522593237,8.062614440917969,250900,0.0,0.0
2026-06-05 00:00:00-04:00,8.072398906108466,8.072398906108466,7.925628390164168,7.935412406921387,646700,0.0,0.0
2026-06-08 00:00:00-04:00,7.945197410557893,8.052829060768703,7.945197410557893,8.043045043945312,245700,0.0,0.0
2026-06-09 00:00:00-04:00,8.072398255089642,8.111537118394615,7.994120528479695,8.033259391784668,340900,0.0,0.0
2026-06-10 00:00:00-04:00,8.0234748729903,8.111537553435529,8.00390590686034,8.052828788757324,275300,0.0,0.0
2026-06-11 00:00:00-04:00,8.062614116017057,8.12132288344496,8.062614116017057,8.11153793334961,361500,0.0,0.0
2026-06-12 00:00:00-04:00,8.121322810417025,8.170246627309648,8.121322810417025,8.150676727294922,350200,0.0,0.0
2026-06-15 00:00:00-04:00,8.189815521240234,8.209385421080668,8.170246554543986,8.189815521240234,502900,0.0,0.0
2026-06-16 00:00:00-04:00,8.199599968892054,8.20938491821289,8.189815019571217,8.20938491821289,217900,0.0,0.0
2026-06-17 00:00:00-04:00,8.219169471198935,8.307232154549755,8.219169471198935,8.297447204589844,735900,0.0,0.0
2026-06-18 00:00:00-04:00,8.307232383520448,8.444218887302366,8.297447433290836,8.434433937072754,742100,0.0,0.0
2026-06-19 00:00:00-04:00,8.463788229675396,8.56163587001903,8.454004212156436,8.493143081665039,393000,0.0,0.0
2026-06-22 00:00:00-04:00,8.493142165093243,8.620343710554796,8.493142165093243,8.600773811340332,576900,0.0,0.0
2026-06-23 00:00:00-04:00,8.581205221927204,8.659482955932617,8.542065421780302,8.659482955932617,495000,0.0,0.0
2026-06-24 00:00:00-04:00,8.610559463500977,8.698622150862972,8.551850694211568,8.610559463500977,390100,0.0,0.0
2026-06-25 00:00:00-04:00,8.66926637948527,8.737760091910323,8.659482363262375,8.71819019317627,678600,0.0,0.0
2026-06-26 00:00:00-04:00,8.718190895181984,8.776899662967354,8.718190895181984,8.727975845336914,598000,0.0,0.0
2026-06-29 00:00:00-04:00,8.72797507240054,8.767113936409972,8.679051259102717,8.757328987121582,669500,0.0,0.0
2026-06-30 00:00:00-04:00,8.757330320494592,8.77712040591914,8.658377062307228,8.737539291381836,621900,0.1,0.0
2026-07-02 00:00:00-04:00,8.757329565388446,8.777119649106583,8.648480802030253,8.678167343139648,753400,0.0,0.0
2026-07-03 00:00:00-04:00,8.668272384313216,8.806805810272403,8.668272384313216,8.796911239624023,216300,0.0,0.0
2026-07-06 00:00:00-04:00,8.787016091911754,8.915654952589813,8.787016091911754,8.876073837280273,451900,0.0,0.0
2026-07-07 00:00:00-04:00,8.856282224397837,9.004712104797363,8.856282224397837,9.004712104797363,304000,0.0,0.0
2026-07-08 00:00:00-04:00,8.975026153710008,9.044293813267872,8.876073837280273,8.876073837280273,374600,0.0,0.0
2026-07-09 00:00:00-04:00,8.876073808208853,9.024502754211426,8.866178293491823,9.024502754211426,288000,0.0,0.0
2026-07-10 00:00:00-04:00,9.024502559123135,9.18282701642014,9.014607044620021,9.083874702453613,665100,0.0,0.0
2026-07-13 00:00:00-04:00,9.123456001281738,9.143246086999978,9.083874886157037,9.123456001281738,461300,0.0,0.0
2026-07-14 00:00:00-04:00,9.143245318692127,9.163036346435547,9.12345523463685,9.163036346435547,444400,0.0,0.0
2026-07-15 00:00:00-04:00,9.192722115113487,9.301569938659668,9.192722115113487,9.301569938659668,326800,0.0,0.0
2026-07-16 00:00:00-04:00,9.321361535674122,9.380732736254444,9.291675935383958,9.370838165283203,282900,0.0,0.0
2026-07-17 00:00:00-04:00,9.31146525931347,9.440104108298819,9.271884147601682,9.410418510437012,464400,0.0,0.0
2026-07-20 00:00:00-04:00,9.440104886674288,9.529162631291024,9.212513711487713,9.321361541748047,721200,0.0,0.0
2026-07-23 00:00:00-04:00,9.400523375271556,9.430208974329197,9.311465634410453,9.39062786102295,355600,0.0,0.0
2026-07-24 00:00:00-04:00,9.370837396717688,9.479685217979751,9.370837396717688,9.459895133972168,275400,0.0,0.0
2026-07-27 00:00:00-04:00,9.489580905861404,9.548952102661133,9.489580905861404,9.548952102661133,512600,0.0,0.0
2026-07-28 00:00:00-04:00,9.548951913534813,9.558847427368164,9.529161829556251,9.558847427368164,253700,0.0,0.0
2026-07-29 00:00:00-04:00,9.568742955234232,9.568742955234232,9.449999620124306,9.459895133972168,460100,0.0,0.0
2026-07-30 00:00:00-04:00,9.529162034256178,9.539057548302099,9.400523182723695,9.449999809265137,530100,0.0,0.0
2026-07-31 00:00:00-04:00,,,,,0,0.1,0.0
2026-08-04 00:00:00-04:00,9.550000190734863,9.569999694824219,9.479999542236328,9.489999771118164,442800,0.0,0.0
2026-08-05 00:00:00-04:00,9.539999961853027,9.59000015258789,9.489999771118164,9.510000228881836,353700,0.0,0.0
2026-08-06 00:00:00-04:00,9.489999771118164,9.489999771118164,9.420000076293945,9.479999542236328,374700,0.0,0.0
2026-08-07 00:00:00-04:00,9.529999732971191,9.529999732971191,9.210000038146973,9.40999984741211,750300,0.0,0.0
2026-08-10 00:00:00-04:00,9.359999656677246,9.399999618530273,9.0600004196167,9.229999542236328,823700,0.0,0.0
2026-08-11 00:00:00-04:00,9.289999961853027,9.3100004196167,9.199999809265137,9.239999771118164,492600,0.0,0.0
2026-08-12 00:00:00-04:00,9.199999809265137,9.260000228881836,8.829999923706055,8.989999771118164,1630000,0.0,0.0
2026-08-13 00:00:00-04:00,8.90999984741211,9.199999809265137,8.90999984741211,9.130000114440918,526000,0.0,0.0
2026-08-14 00:00:00-04:00,9.15999984741211,9.199999809265137,9.109999656677246,9.180000305175781,201600,0.0,0.0
