Date,Open,High,Low,Close,Volume,Dividends,Stock Splits
2016-08-10 00:00:00-04:00,3.4789759104633546,3.4789759104633546,3.4531100495695273,3.4617321491241455,22680,0.0,0.0
2016-08-11 00:00:00-04:00,3.4703544133732342,3.483287674392923,3.4574215901236482,3.466043472290039,12724,0.0,0.0
2016-08-12 00:00:00-04:00,3.4703524845056033,3.4832857383368188,3.4272426598645556,3.4789745807647705,31305,0.0,0.0
2016-08-15 00:00:00-04:00,3.483287674392923,3.483287674392923,3.453110649040453,3.466043472290039,7986,0.0,0.0
2016-08-16 00:00:00-04:00,3.4789757024020074,3.4832868613639927,3.4660426632860517,3.470353603363037,15759,0.0,0.0
2016-08-17 00:00:00-04:00,3.4789750367837633,3.491908073425293,3.470352939394424,3.491908073425293,9264,0.0,0.0
2016-08-18 00:00:00-04:00,3.5134642066492443,3.5307084074062907,3.491909284030487,3.526397466659546,25502,0.0,0.0
2016-08-19 00:00:00-04:00,3.522086380174736,3.569507167143833,3.513464279617148,3.5565743446350098,20764,0.0,0.0
2016-08-22 00:00:00-04:00,3.5738185362080586,3.6039955615997314,3.547952451905181,3.6039955615997314,28643,0.0,0.0
2016-08-23 00:00:00-04:00,3.60399639022122,3.6212403774261475,3.599685229256162,3.6212403774261475,34180,0.0,0.0
2016-08-24 00:00:00-04:00,3.6212393548675244,3.6341721774554476,3.5996842127842386,3.612617254257202,54145,0.0,0.0
2016-08-25 00:00:00-04:00,3.599685229256162,3.6212403774261475,3.586752403016293,3.6212403774261475,25289,0.0,0.0
2016-08-26 00:00:00-04:00,3.612616510864796,3.616927669725341,3.5393296557404654,3.591061592102051,57606,0.0,0.0
2016-08-29 00:00:00-04:00,3.5718030501650055,3.6593471663098622,3.5718030501650055,3.6330838203430176,63356,0.236664,0.0
2016-08-30 00:00:00-04:00,3.628705508560284,3.641837177340301,3.5674245357513428,3.5674245357513428,41634,0.0,0.0
2016-08-31 00:00:00-04:00,3.5718024950618683,3.5980656147003174,3.5718024950618683,3.5980656147003174,9530,0.0,0.0
2016-09-01 00:00:00-04:00,3.5761785722792485,3.6024416840424776,3.5718014240264893,3.5718014240264893,7134,0.0,0.0
2016-09-02 00:00:00-04:00,3.5849341660044636,3.6068201360776277,3.5849341660044636,3.5980656147003174,9903,0.0,0.0
2016-09-06 00:00:00-04:00,3.6111966064438663,3.672477577819003,3.6111966064438663,3.6505916118621826,54411,0.0,0.0
2016-09-07 00:00:00-04:00,3.668101303544784,3.672478675842285,3.654969631145813,3.672478675842285,28803,0.0,0.0
2016-09-08 00:00:00-04:00,3.668101303544784,3.67685582589302,3.659347003443314,3.672478675842285,18634,0.0,0.0
2016-09-09 00:00:00-04:00,3.6768559895388337,3.6768559895388337,3.6155752193608217,3.6330838203430176,59256,0.0,0.0
2016-09-12 00:00:00-04:00,3.615573347476264,3.641836457599178,3.606818829270852,3.6243274211883545,26354,0.0,0.0
2016-09-13 00:00:00-04:00,3.624329800361113,3.624329800361113,3.5718035456346926,3.5761806964874268,57286,0.0,0.0
2016-09-14 00:00:00-04:00,3.5805570164391787,3.637460627528103,3.5761796446271528,3.5980656147003174,15919,0.0,0.0
2016-09-15 00:00:00-04:00,3.6155742196747016,3.6637233035563375,3.6155742196747016,3.646214485168457,11074,0.0,0.0
2016-09-16 00:00:00-04:00,3.641838661550426,3.6681017875671387,3.5980664885268445,3.6681017875671387,16611,0.0,0.0
2016-09-19 00:00:00-04:00,3.668098901734296,3.6768534183502197,3.6549672379337217,3.6768534183502197,27419,0.0,0.0
2016-09-20 00:00:00-04:00,3.676856311070573,3.676856311070573,3.6374615109221065,3.6681017875671387,34233,0.0,0.0
2016-09-21 00:00:00-04:00,3.6812323852215187,3.694363832473755,3.6724778648066443,3.694363832473755,26673,0.0,0.0
2016-09-22 00:00:00-04:00,3.6987428090288312,3.7162518585094326,3.6899882842885305,3.711874485015869,39930,0.0,0.0
2016-09-23 00:00:00-04:00,3.711874485015869,3.711874485015869,3.681234204041883,3.711874485015869,32317,0.0,0.0
2016-09-26 00:00:00-04:00,3.6943628575641756,3.7031173756688105,3.6899854873885296,3.698740005493164,10648,0.0,0.0
2016-09-27 00:00:00-04:00,3.698742143666557,3.7074966668320175,3.68123354182921,3.7031195163726807,44988,0.0,0.0
2016-09-28 00:00:00-04:00,3.7235580890334665,3.7235580890334665,3.6746810440658604,3.6924545764923096,36576,0.236664,0.0
2016-09-29 00:00:00-04:00,3.6924549451720616,3.6924549451720616,3.648020996865932,3.661351203918457,46053,0.0,0.0
2016-09-30 00:00:00-04:00,3.670237717360958,3.6924545764923096,3.6524639593276693,3.6924545764923096,21562,0.0,0.0
2016-10-03 00:00:00-04:00,3.683567999242621,3.6880113263115315,3.6702380180358887,3.6702380180358887,19539,0.0,0.0
2016-10-04 00:00:00-04:00,3.683567362440395,3.7191144240601455,3.674680709838867,3.674680709838867,33648,0.0,0.0
2016-10-05 00:00:00-04:00,3.6880109310150146,3.71467134178462,3.6835676044223584,3.6880109310150146,15014,0.0,0.0
2016-10-06 00:00:00-04:00,3.7013411363998174,3.7057846885993078,3.6880109310150146,3.6880109310150146,24757,0.0,0.0
2016-10-07 00:00:00-04:00,3.6880114357859037,3.7146718502044678,3.6880114357859037,3.7146718502044678,13310,0.0,0.0
2016-10-11 00:00:00-04:00,3.696897809807161,3.7191146683772764,3.6880109310150146,3.6880109310150146,22361,0.0,0.0
2016-10-12 00:00:00-04:00,3.7102278054143887,3.7146713576328367,3.6924544989679355,3.701341152191162,20923,0.0,0.0
2016-10-13 00:00:00-04:00,3.7013411363998174,3.7013411363998174,3.6746809512370455,3.6880109310150146,49353,0.0,0.0
2016-10-14 00:00:00-04:00,3.696896560523717,3.719113411586145,3.6924532354325827,3.710226535797119,28111,0.0,0.0
2016-10-17 00:00:00-04:00,3.7191150987964305,3.741332185544599,3.7191150987964305,3.7235584259033203,18048,0.0,0.0
2016-10-18 00:00:00-04:00,3.7457753155081,3.754662195396269,3.732445334086139,3.7502188682556152,36895,0.0,0.0
2016-10-19 00:00:00-04:00,3.7591054591266793,3.776878991929646,3.7546619067208042,3.7724356651306152,30719,0.0,0.0
2016-10-20 00:00:00-04:00,3.7768793903988143,3.781322717666626,3.754662302846021,3.781322717666626,37907,0.0,0.0
2016-10-21 00:00:00-04:00,3.776877886358874,3.790207862854004,3.776877886358874,3.790207862854004,23426,0.0,0.0
2016-10-24 00:00:00-04:00,3.7990946714522593,3.821311522833897,3.794651120690523,3.812424421310425,28004,0.0,0.0
2016-10-25 00:00:00-04:00,3.8168676850003256,3.8213112354278564,3.8079810353587518,3.8213112354278564,44668,0.0,0.0
2016-10-26 00:00:00-04:00,3.8213112354278564,3.834641435496961,3.8124241345727947,3.8213112354278564,47969,0.0,0.0
2016-10-27 00:00:00-04:00,3.8420542008655967,3.8600922290023245,3.8059788314760024,3.810488224029541,24863,0.236664,0.0
2016-10-28 00:00:00-04:00,3.8059794965872675,3.8104888899288416,3.7789226786151677,3.7879416942596436,27685,0.0,0.0
2016-10-31 00:00:00-04:00,3.7879429915632943,3.833037627307135,3.7789239728299635,3.81499981880188,14162,0.0,0.0
2016-11-01 00:00:00-04:00,3.8285269212177933,3.8285269212177933,3.783432300918069,3.7879416942596436,22574,0.0,0.0
2016-11-02 00:00:00-04:00,3.7834313477362675,3.7834313477362675,3.666185318703192,3.697751522064209,137998,0.0,0.0
2016-11-03 00:00:00-04:00,3.7112799276419692,3.742846131002987,3.6887329666144852,3.697751522064209,37428,0.0,0.0
2016-11-04 00:00:00-04:00,3.693244565455597,3.7293201825765303,3.693244565455597,3.702263355255127,37854,0.0,0.0
2016-11-07 00:00:00-05:00,3.760884929433382,3.8059793186636868,3.7563753073412984,3.7744131088256836,52335,0.0,0.0
2016-11-08 00:00:00-05:00,3.7744142992230207,3.792452335357666,3.7067724650829614,3.792452335357666,46319,0.0,0.0
2016-11-09 00:00:00-05:00,3.724810364038206,3.8330372030919064,3.6887347510203057,3.8195087909698486,81723,0.0,0.0
2016-11-10 00:00:00-05:00,3.8375459219771577,3.878131151199341,3.8104891024957026,3.878131151199341,87367,0.0,0.0
2016-11-11 00:00:00-05:00,3.873621528644872,3.878131151199341,3.819508118643301,3.878131151199341,37162,0.0,0.0
2016-11-14 00:00:00-05:00,3.8961683297342935,4.035961577570838,3.8961683297342935,4.01341438293457,138051,0.0,0.0
2016-11-15 00:00:00-05:00,4.01341684373341,4.121643719099634,4.01341684373341,4.117134094238281,114413,0.0,0.0
2016-11-16 00:00:00-05:00,4.112624573242624,4.112624573242624,4.058511363154322,4.067530155181885,41527,0.0,0.0
2016-11-17 00:00:00-05:00,4.067530697991746,4.1351727920325825,4.067530697991746,4.1126251220703125,76346,0.0,0.0
2016-11-18 00:00:00-05:00,4.044980403006667,4.072037220001221,3.977338360520282,4.072037220001221,177609,0.0,0.0
2016-11-21 00:00:00-05:00,4.07203648804885,4.166734872585027,4.053998460653954,4.126149654388428,59416,0.0,0.0
2016-11-22 00:00:00-05:00,4.130661829587736,4.166737448759496,4.121643039275506,4.157718658447266,50738,0.0,0.0
2016-11-23 00:00:00-05:00,4.157717814302066,4.189283802947419,4.130660990935908,4.166736602783203,71129,0.0,0.0
2016-11-24 00:00:00-05:00,4.166734872585027,4.193791684716094,4.126149654388428,4.126149654388428,64633,0.0,0.0
2016-11-25 00:00:00-05:00,4.144190117542771,4.171246945576565,4.1261520795459665,4.1486992835998535,57659,0.0,0.0
2016-11-28 00:00:00-05:00,4.183447525248951,4.183447525248951,4.050857547983536,4.096578598022461,63196,0.236664,0.0
2016-11-29 00:00:00-05:00,4.096578450636296,4.133155010782585,4.092006206512451,4.092006206512451,39344,0.0,0.0
2016-11-30 00:00:00-05:00,4.137726306915283,4.151442573401865,4.087433484558295,4.137726306915283,52548,0.0,0.0
2016-12-01 00:00:00-05:00,4.160585909559974,4.197162455311528,4.133153384175982,4.14686918258667,68733,0.0,0.0
2016-12-02 00:00:00-05:00,4.156015824051594,4.156015824051594,4.11486701462092,4.124011039733887,32476,0.0,0.0
2016-12-05 00:00:00-05:00,4.114864743434662,4.165157550219351,4.114864743434662,4.142297267913818,35777,0.0,0.0
2016-12-06 00:00:00-05:00,4.178875161027941,4.220023961025846,4.160587114994279,4.215451717376709,39877,0.0,0.0
2016-12-07 00:00:00-05:00,4.220024297515751,4.270317124540662,4.183447273969017,4.256600856781006,79274,0.0,0.0
2016-12-08 00:00:00-05:00,4.242884437710441,4.338897844322493,4.242884437710441,4.297749042510986,79487,0.0,0.0
2016-12-09 00:00:00-05:00,4.329754063615487,4.370902867733671,4.320609575401565,4.366330623626709,53879,0.0,0.0
2016-12-12 00:00:00-05:00,4.389190105953794,4.4211944159544325,4.366329818198853,4.370902061462402,42805,0.0,0.0
2016-12-13 00:00:00-05:00,4.389188646204093,4.453197709198736,4.384616404461172,4.430337429046631,48608,0.0,0.0
2016-12-14 00:00:00-05:00,4.457772464517318,4.457772464517318,4.343470987401743,4.402907848358154,87420,0.0,0.0
2016-12-15 00:00:00-05:00,4.412052054905232,4.498921459650344,4.412052054905232,4.439484596252441,38439,0.0,0.0
2016-12-16 00:00:00-05:00,4.448629170201433,4.494349299507233,4.448629170201433,4.457772731781006,41101,0.0,0.0
2016-12-19 00:00:00-05:00,4.453199487644844,4.517208576202393,4.434910977650644,4.517208576202393,63622,0.0,0.0
2016-12-20 00:00:00-05:00,4.508064212929947,4.521780014038086,4.494347483259007,4.521780014038086,62078,0.0,0.0
2016-12-21 00:00:00-05:00,4.535495758056641,4.549212021869447,4.508063694712373,4.535495758056641,51004,0.0,0.0
2016-12-22 00:00:00-05:00,4.526351326731693,4.567500114440918,4.512635064161952,4.567500114440918,28963,0.0,0.0
2016-12-23 00:00:00-05:00,4.558356433515453,4.613221493467173,4.549212411617295,4.562928676605225,87047,0.0,0.0
2016-12-28 00:00:00-05:00,4.621272274420086,4.630533215773675,4.570336391648514,4.584228038787842,28537,0.236664,0.0
2016-12-29 00:00:00-05:00,4.561076365752203,4.5981206088196265,4.431421279907227,4.431421279907227,77571,0.0,0.0
2016-12-30 00:00:00-05:00,4.445313684818782,4.491618878962956,4.3804861308861,4.468466281890869,40942,0.0,0.0
2017-01-03 00:00:00-05:00,4.473095331891109,4.588858744573582,4.473095331891109,4.584228038787842,74642,0.0,0.0
2017-01-04 00:00:00-05:00,4.598122529514927,4.644427735136995,4.565708979623116,4.630536079406738,80286,0.0,0.0
2017-01-05 00:00:00-05:00,4.625903270010171,4.64442515387771,4.607380915924712,4.621272563934326,47171,0.0,0.0
2017-01-06 00:00:00-05:00,4.621272993141373,4.639795348947121,4.602751107553589,4.607381343841553,25129,0.0,0.0
2017-01-09 00:00:00-05:00,4.612011285933328,4.625902932930688,4.598119638935968,4.616641521453857,9583,0.0,0.0
2017-01-10 00:00:00-05:00,4.616644423676481,4.630536079406738,4.612014185245184,4.630536079406738,23213,0.0,0.0
2017-01-11 00:00:00-05:00,4.625904635764994,4.699993133544922,4.625904635764994,4.699993133544922,36097,0.0,0.0
2017-01-12 00:00:00-05:00,4.699991795520686,4.713883443676914,4.6073809645518,4.635164260864258,37321,0.0,0.0
2017-01-13 00:00:00-05:00,4.653685719890603,4.704622071956539,4.649055484406705,4.6953606605529785,30666,0.0,0.0
2017-01-16 00:00:00-05:00,4.699992368194861,4.769450147221217,4.690730954816961,4.755558967590332,41527,0.0,0.0
2017-01-17 00:00:00-05:00,4.750929034545879,4.7694509238818315,4.699993133544922,4.699993133544922,38972,0.0,0.0
2017-01-18 00:00:00-05:00,4.718514919281006,4.750928456786147,4.704623268859374,4.718514919281006,27951,0.0,0.0
2017-01-19 00:00:00-05:00,4.704621549123194,4.727774134623341,4.653685202717909,4.681468963623047,49034,0.0,0.0
2017-01-20 00:00:00-05:00,4.6814700076546405,4.723144482761749,4.6814700076546405,4.709252834320068,22148,0.0,0.0
2017-01-23 00:00:00-05:00,4.713884252134151,4.732406139373779,4.709253545215241,4.732406139373779,23372,0.0,0.0
2017-01-24 00:00:00-05:00,4.737037316887725,4.778712272644043,4.723145664968952,4.778712272644043,37428,0.0,0.0
2017-01-25 00:00:00-05:00,4.792601882786676,4.875951766967773,4.792601882786676,4.875951766967773,48981,0.0,0.0
2017-01-26 00:00:00-05:00,4.894476166559598,4.926889710481223,4.885214750966481,4.917628765106201,74057,0.0,0.0
2017-01-27 00:00:00-05:00,4.9251227623626574,4.9251227623626574,4.873575787824503,4.88294792175293,47916,0.236664,0.0
2017-01-30 00:00:00-05:00,4.845462471236912,4.845462471236912,4.770484392978851,4.812659740447998,50738,0.0,0.0
2017-01-31 00:00:00-05:00,4.789227963761324,4.803286410831055,4.68613300249256,4.742366790771484,92158,0.0,0.0
2017-02-01 00:00:00-05:00,4.732994274359825,4.798600196838379,4.732994274359825,4.798600196838379,36043,0.0,0.0
2017-02-02 00:00:00-05:00,4.812659310307158,4.826717282343115,4.803286694464621,4.817345142364502,23426,0.0,0.0
2017-02-03 00:00:00-05:00,4.826715157344364,4.901693195891451,4.822029327349993,4.887634754180908,26780,0.0,0.0
2017-02-06 00:00:00-05:00,4.911064675599312,4.939181552539413,4.897006237129262,4.915750980377197,53293,0.0,0.0
2017-02-07 00:00:00-05:00,4.920438010507249,4.957927030291628,4.920438010507249,4.939182758331299,47224,0.0,0.0
2017-02-08 00:00:00-05:00,4.953242204503461,4.953242204503461,4.9110668702460885,4.943869590759277,26141,0.0,0.0
2017-02-09 00:00:00-05:00,4.953242825353041,4.976673410922702,4.897009039294754,4.911067485809326,55742,0.0,0.0
2017-02-10 00:00:00-05:00,4.934499021126687,4.957929611206055,4.934499021126687,4.957929611206055,41847,0.0,0.0
2017-02-13 00:00:00-05:00,5.0001043301298465,5.037593364715576,4.934498400638843,5.037593364715576,38652,0.0,0.0
2017-02-14 00:00:00-05:00,5.056338787078857,5.084455209829932,5.018849271682815,5.056338787078857,50738,0.0,0.0
2017-02-15 00:00:00-05:00,5.056338164923436,5.103198863742602,5.0516518571095625,5.089140892028809,55263,0.0,0.0
2017-02-16 00:00:00-05:00,4.948553888109732,4.948553888109732,4.864203253848313,4.934495449066162,289306,0.0,0.0
2017-02-17 00:00:00-05:00,4.929808942983643,4.929808942983643,4.915750980377197,4.915750980377197,67721,0.0,0.0
2017-02-21 00:00:00-05:00,4.929812712765226,4.986046509646885,4.929812712765226,4.957929611206055,126924,0.0,0.0
2017-02-22 00:00:00-05:00,4.967301799338963,4.971988107745024,4.953243825848727,4.962615966796875,51430,0.0,0.0
2017-02-23 00:00:00-05:00,4.976669958853008,4.986042091407112,4.948553085327148,4.948553085327148,94767,0.0,0.0
2017-02-24 00:00:00-05:00,4.946659303645634,4.946659303645634,4.908717555683515,4.918203353881836,49513,0.236664,0.0
2017-02-27 00:00:00-05:00,4.908716064410067,4.922944275774613,4.889745436997499,4.894488334655762,53559,0.0,0.0
2017-02-28 00:00:00-05:00,4.908716340760848,4.913459238686126,4.8897457122802725,4.889745712280273,29229,0.0,0.0
2017-03-01 00:00:00-05:00,4.91820428586768,5.013058914552856,4.91820428586768,4.9514031410217285,88591,0.0,0.0
2017-03-02 00:00:00-05:00,4.960885872968197,4.960885872968197,4.894488197277614,4.913458824157715,62397,0.0,0.0
2017-03-03 00:00:00-05:00,4.91346203832686,4.941918478872183,4.899233818054199,4.899233818054199,31891,0.0,0.0
2017-03-06 00:00:00-05:00,4.932430744171143,4.932430744171143,4.903974317558883,4.932430744171143,19379,0.0,0.0
2017-03-07 00:00:00-05:00,4.908717959124507,4.927689075469971,4.894490223878443,4.927689075469971,32956,0.0,0.0
2017-03-08 00:00:00-05:00,4.918201859726592,4.927687173432876,4.894488334655762,4.894488334655762,37428,0.0,0.0
2017-03-09 00:00:00-05:00,4.913459231519397,4.92294454574585,4.9087163336010375,4.92294454574585,12991,0.0,0.0
2017-03-10 00:00:00-05:00,4.927688670469768,4.937173987057701,4.908717555683515,4.918203353881836,42645,0.0,0.0
2017-03-13 00:00:00-04:00,4.922945771370608,4.946659303645634,4.918203353881836,4.918203353881836,21988,0.0,0.0
2017-03-14 00:00:00-04:00,4.932431569568929,4.932431569568929,4.913460454782675,4.918203353881836,37428,0.0,0.0
2017-03-15 00:00:00-04:00,4.9324323533694905,4.97037410736084,4.922946553663805,4.97037410736084,38493,0.0,0.0
2017-03-16 00:00:00-04:00,4.9751161858940405,5.01780035108123,4.960887488684465,4.984601020812988,37055,0.0,0.0
2017-03-17 00:00:00-04:00,5.003571379801648,5.003571379801648,4.960886739450658,4.989343166351318,33275,0.0,0.0
2017-03-20 00:00:00-04:00,4.99408613525166,4.99408613525166,4.913459751764295,4.979857921600342,46106,0.0,0.0
2017-03-21 00:00:00-04:00,4.994085192423715,4.994085192423715,4.913458824157715,4.913458824157715,52814,0.0,0.0
2017-03-22 00:00:00-04:00,4.885004338144707,4.885004338144707,4.728494437113286,4.847062587738037,151202,0.0,0.0
2017-03-23 00:00:00-04:00,4.837574885091705,4.908715451420316,4.813861362982168,4.8802595138549805,55263,0.0,0.0
2017-03-24 00:00:00-04:00,4.913460454782675,4.941916886156862,4.908717555683515,4.918203353881836,23745,0.0,0.0
2017-03-27 00:00:00-04:00,4.842322367860841,4.970375893807806,4.83757946630331,4.95614767074585,41314,0.0,0.0
2017-03-28 00:00:00-04:00,4.932434126179469,4.970375893807806,4.932434126179469,4.95614767074585,62983,0.0,0.0
2017-03-29 00:00:00-04:00,4.963826119675871,4.987829065771532,4.93982317358021,4.9446234703063965,32530,0.236664,0.0
2017-03-30 00:00:00-04:00,4.959026336669922,4.9830292876116875,4.944624468607195,4.959026336669922,17250,0.0,0.0
2017-03-31 00:00:00-04:00,4.973427598908649,4.973427598908649,4.920620918273926,4.920620918273926,19539,0.0,0.0
2017-04-03 00:00:00-04:00,4.95422688634624,4.95422688634624,4.9110212747681645,4.9254231452941895,27312,0.0,0.0
2017-04-04 00:00:00-04:00,4.925419499716242,4.968624591827393,4.925419499716242,4.968624591827393,23532,0.0,0.0
2017-04-05 00:00:00-04:00,4.968626416402057,5.016632796081622,4.9446234703063965,4.9446234703063965,33594,0.0,0.0
2017-04-06 00:00:00-04:00,4.954224777761865,5.011831747859244,4.949423993800326,5.007030963897705,20977,0.0,0.0
2017-04-07 00:00:00-04:00,5.0022316886058675,5.031035423278809,4.992630606210993,5.031035423278809,26460,0.0,0.0
2017-04-10 00:00:00-04:00,5.021433853395617,5.031035423278809,5.016633555942338,5.031035423278809,10116,0.0,0.0
2017-04-11 00:00:00-04:00,5.026233612255642,5.031034396217181,5.007030963897705,5.007030963897705,27312,0.0,0.0
2017-04-12 00:00:00-04:00,5.01663103520462,5.021431330245865,4.987827315004862,4.99262809753418,14162,0.0,0.0
2017-04-13 00:00:00-04:00,4.978227865202095,4.9878289459119936,4.911019325256348,4.911019325256348,82735,0.0,0.0
2017-04-17 00:00:00-04:00,4.920618797034786,4.99262809753418,4.906216936934907,4.99262809753418,36629,0.0,0.0
2017-04-18 00:00:00-04:00,4.973426267929832,4.978227051243951,4.920619601427127,4.954224109649658,28377,0.0,0.0
2017-04-19 00:00:00-04:00,4.97822617080124,4.983026465778234,4.963824310894129,4.973425388336182,8731,0.0,0.0
2017-04-20 00:00:00-04:00,4.978226750407972,5.002229690551759,4.978226750407972,5.002229690551758,22787,0.0,0.0
2017-04-21 00:00:00-04:00,5.002229690551759,5.016631552135655,4.987827828967862,5.002229690551758,16664,0.0,0.0
2017-04-24 00:00:00-04:00,5.031035003646747,5.045436382293701,5.026234219105579,5.045436382293701,74057,0.0,0.0
2017-04-25 00:00:00-04:00,5.055037881806914,5.0694397477439415,5.026234149932861,5.026234149932861,93543,0.0,0.0
2017-04-26 00:00:00-04:00,5.048584058924539,5.058302087258323,4.995134162949481,5.014570713043213,65379,0.236664,0.0
2017-04-27 00:00:00-04:00,5.024289120497752,5.038866410811477,4.985416510803218,4.999993801116943,85983,0.0,0.0
2017-04-28 00:00:00-04:00,5.004852771759033,5.053443905916009,4.995134742298127,5.004852771759033,38812,0.0,0.0
2017-05-01 00:00:00-04:00,5.029150101214246,5.029150101214246,5.0048547711431555,5.019432067871094,37907,0.0,0.0
2017-05-02 00:00:00-04:00,5.0194300626635036,5.02914809212441,5.004852771759033,5.004852771759033,40356,0.0,0.0
2017-05-03 00:00:00-04:00,5.014571480862295,5.029148278881851,4.999994189416497,5.009712219238281,29335,0.0,0.0
2017-05-04 00:00:00-04:00,5.0194300626635036,5.0194300626635036,4.999994003741692,5.004852771759033,32210,0.0,0.0
2017-05-05 00:00:00-04:00,5.014573297912728,5.029150101214246,5.0048547711431555,5.019432067871094,46266,0.0,0.0
2017-05-08 00:00:00-04:00,5.029148376293593,5.034007638011727,5.019430346283575,5.024289608001709,32157,0.0,0.0
2017-05-09 00:00:00-04:00,5.029147508830806,5.034006769710781,5.014570713043214,5.014570713043213,29921,0.0,0.0
2017-05-10 00:00:00-04:00,5.024291131129313,5.038868427276612,5.014573098173247,5.038868427276611,29442,0.0,0.0
2017-05-11 00:00:00-04:00,5.038866030590755,5.043724798044564,5.004852191283264,5.014570713043213,46212,0.0,0.0
2017-05-12 00:00:00-04:00,5.014571294646162,5.024289324107068,5.004852771759033,5.004852771759033,14641,0.0,0.0
2017-05-15 00:00:00-04:00,5.014573864588984,5.043727967913027,5.004855336721161,5.03400993347168,34766,0.0,0.0
2017-05-16 00:00:00-04:00,5.043726337639199,5.053444862365723,5.02914904397573,5.053444862365723,27472,0.0,0.0
2017-05-17 00:00:00-04:00,5.019430604532609,5.024289866500752,4.771617619256585,4.849362850189209,182666,0.0,0.0
2017-05-18 00:00:00-04:00,4.8445039784781265,4.975699621350173,4.8445039784781265,4.956263065338135,56754,0.0,0.0
2017-05-19 00:00:00-04:00,4.980557451393658,5.014571294646162,4.980557451393658,5.004852771759033,34659,0.0,0.0
2017-05-23 00:00:00-04:00,5.043727197041444,5.053445723423911,5.01943186793808,5.038868427276611,54198,0.0,0.0
2017-05-24 00:00:00-04:00,5.0485849380493155,5.0485849380493155,5.029148384571039,5.048584938049316,22627,0.0,0.0
2017-05-25 00:00:00-04:00,5.068019100841268,5.072878360748291,5.058301074453289,5.072878360748291,35937,0.0,0.0
2017-05-26 00:00:00-04:00,5.0777403898095965,5.0777403898095965,5.0437265387630585,5.0583038330078125,75228,0.0,0.0
2017-05-29 00:00:00-04:00,5.080927570640569,5.080927570640569,5.061253383251249,5.076009273529053,21030,0.236664,0.0
2017-05-30 00:00:00-04:00,5.076008481970895,5.0907638704761,5.06125259399414,5.061252593994141,38705,0.0,0.0
2017-05-31 00:00:00-04:00,5.076011214216809,5.080929513208717,5.012069331547477,5.03174352645874,32210,0.0,0.0
2017-06-01 00:00:00-04:00,5.0366610595267405,5.056335249495119,5.00714927510248,5.01698637008667,18740,0.0,0.0
2017-06-02 00:00:00-04:00,5.041579582096924,5.041579582096924,4.967800617218018,4.967800617218018,33594,0.0,0.0
2017-06-05 00:00:00-04:00,4.997311321747343,5.036660194396973,4.987473728981231,5.036660194396973,14854,0.0,0.0
2017-06-06 00:00:00-04:00,5.02682260163086,5.041578491308422,5.021904304719411,5.036660194396973,31571,0.0,0.0
2017-06-07 00:00:00-04:00,5.051418220841821,5.051418220841821,5.007150533083752,5.03174352645874,35937,0.0,0.0
2017-06-08 00:00:00-04:00,5.016985712417839,5.076009273529053,5.016985712417839,5.076009273529053,25502,0.0,0.0
2017-06-09 00:00:00-04:00,5.080928721398661,5.115359306335449,5.080928721398661,5.115359306335449,81670,0.0,0.0
2017-06-12 00:00:00-04:00,5.115359306335449,5.115359306335449,5.085847519095842,5.115359306335449,23159,0.0,0.0
2017-06-13 00:00:00-04:00,5.125196402258071,5.125196402258071,5.100603412715645,5.115359306335449,28377,0.0,0.0
2017-06-14 00:00:00-04:00,5.115358318745324,5.115358318745324,5.095683631226808,5.105520725250244,17676,0.0,0.0
2017-06-15 00:00:00-04:00,5.115359528959835,5.115359528959835,5.0907660388753415,5.110440731048584,26567,0.0,0.0
2017-06-16 00:00:00-04:00,5.110440508638268,5.115359306335449,5.100603412715645,5.115359306335449,19965,0.0,0.0
2017-06-19 00:00:00-04:00,5.125195559503521,5.135032653808594,5.1202767626151555,5.135032653808594,26567,0.0,0.0
2017-06-20 00:00:00-04:00,5.135032819617901,5.139951616665094,5.120276927947998,5.120276927947998,25076,0.0,0.0
2017-06-21 00:00:00-04:00,5.135033352916921,5.139952150474956,5.120277459714544,5.130114555358887,13896,0.0,0.0
2017-06-22 00:00:00-04:00,5.120279220178225,5.154709815979004,5.120279220178225,5.154709815979004,28963,0.0,0.0
2017-06-23 00:00:00-04:00,5.149789365410444,5.1596269607543945,5.14487056773847,5.1596269607543945,15333,0.0,0.0
2017-06-26 00:00:00-04:00,5.1645433139819765,5.174380406149529,5.149787425994873,5.149787425994873,66444,0.0,0.0
2017-06-27 00:00:00-04:00,5.159628615228229,5.174384014032108,5.149791016729779,5.154709815979004,78529,0.0,0.0
2017-06-28 00:00:00-04:00,5.197524013180939,5.197524013180939,5.162674932635727,5.172631740570068,25183,0.236664,0.0
2017-06-29 00:00:00-04:00,5.192541967038423,5.207477421965924,5.132800652878122,5.157692909240723,40622,0.0,0.0
2017-06-30 00:00:00-04:00,5.177609566768139,5.227394104003906,5.167652254881022,5.227394104003906,31039,0.0,0.0
2017-07-04 00:00:00-04:00,5.227394104003906,5.227394104003906,5.207479985779627,5.227394104003906,44136,0.0,0.0
2017-07-05 00:00:00-04:00,5.2323713302612305,5.237349985325464,5.212457721104028,5.2323713302612305,33594,0.0,0.0
2017-07-06 00:00:00-04:00,5.22739558899581,5.267223331208628,5.217438779830129,5.252287864685059,37747,0.0,0.0
2017-07-07 00:00:00-04:00,5.2522878646850595,5.2722019885665174,5.22739558899581,5.252287864685059,7720,0.0,0.0
2017-07-10 00:00:00-04:00,5.25726847646898,5.297096233488044,5.25228981726024,5.277182102203369,39398,0.0,0.0
2017-07-11 00:00:00-04:00,5.2672224044799805,5.287136524857697,5.2672224044799805,5.2672224044799805,14481,0.0,0.0
2017-07-12 00:00:00-04:00,5.2622443123058416,5.297093391418457,5.257265655768319,5.297093391418457,34127,0.0,0.0
2017-07-13 00:00:00-04:00,5.302071630645126,5.34687751375623,5.297092974499459,5.317006587982178,45999,0.0,0.0
2017-07-14 00:00:00-04:00,5.326963900273511,5.331942050869204,5.312028437386485,5.317006587982178,9956,0.0,0.0
2017-07-17 00:00:00-04:00,5.326963455473089,5.346877067293025,5.317006144013189,5.336920261383057,23585,0.0,0.0
2017-07-18 00:00:00-04:00,5.336918794938391,5.336918794938391,5.242327900909952,5.321983337402344,56754,0.0,0.0
2017-07-19 00:00:00-04:00,5.321983883043341,5.366790260245296,5.321983883043341,5.3518548011779785,49566,0.0,0.0
2017-07-20 00:00:00-04:00,5.3518548011779785,5.386703868635158,5.346876146305591,5.3518548011779785,41101,0.0,0.0
2017-07-21 00:00:00-04:00,5.366790772905202,5.371769428253174,5.31700573607517,5.371769428253174,37694,0.0,0.0
2017-07-24 00:00:00-04:00,5.37176751451551,5.396659771287503,5.351853405768089,5.361810207366943,44029,0.0,0.0
2017-07-25 00:00:00-04:00,5.37176751451551,5.376745662540081,5.356831553792659,5.361810207366943,29868,0.0,0.0
2017-07-26 00:00:00-04:00,5.361811704326454,5.386703968048096,5.346876244983498,5.386703968048096,53826,0.0,0.0
2017-07-27 00:00:00-04:00,5.409876753672999,5.409876753672999,5.173132069263064,5.314171314239502,88591,0.236664,0.0
2017-07-28 00:00:00-04:00,5.344393738809861,5.369579297864894,5.339356422396237,5.3595051765441895,24650,0.0,0.0
2017-07-31 00:00:00-04:00,5.339356405070976,5.344393721468254,5.314170846097665,5.329282283782959,41367,0.0,0.0
2017-08-01 00:00:00-04:00,5.334322475841252,5.359508048391764,5.314173710896752,5.339359283447266,33275,0.0,0.0
2017-08-02 00:00:00-04:00,5.344393299512275,5.379652976989746,5.329281863020074,5.379652976989746,34074,0.0,0.0
2017-08-03 00:00:00-04:00,5.379652976989746,5.399801729481514,5.374616172496678,5.379652976989746,22627,0.0,0.0
2017-08-04 00:00:00-04:00,5.399798436644975,5.43002129119926,5.379649696440056,5.424983978271484,40303,0.0,0.0
2017-08-08 00:00:00-04:00,5.419946665343708,5.43002129119926,5.389724322295609,5.424983978271484,47969,0.0,0.0
2017-08-09 00:00:00-04:00,5.414909863922118,5.424983978271484,5.379649696440056,5.424983978271484,58298,0.0,0.0
2017-08-10 00:00:00-04:00,5.359502258971396,5.3947619201527,5.314167970447211,5.319205284118652,111218,0.0,0.0
2017-08-11 00:00:00-04:00,5.324245004337175,5.349430561065674,5.288984815712081,5.349430561065674,66603,0.0,0.0
2017-08-14 00:00:00-04:00,5.389728052012846,5.414913611067881,5.359505176544189,5.3595051765441895,73258,0.0,0.0
2017-08-15 00:00:00-04:00,5.369577449382153,5.41491174697876,5.3645406462089955,5.41491174697876,54837,0.0,0.0
2017-08-16 00:00:00-04:00,5.394762494289127,5.40987392540542,5.379651063172834,5.384688377380371,20764,0.0,0.0
2017-08-17 00:00:00-04:00,5.389727590772056,5.399801711230642,5.364542033872345,5.369578838348389,20444,0.0,0.0
2017-08-18 00:00:00-04:00,5.389725691587907,5.399799808496663,5.359502829355321,5.384688377380371,17143,0.0,0.0
2017-08-21 00:00:00-04:00,5.4048371227042,5.4048371227042,5.379651063172834,5.384688377380371,32423,0.0,0.0
2017-08-22 00:00:00-04:00,5.38469031267407,5.414913185768958,5.379652996656088,5.409875869750977,31199,0.0,0.0
2017-08-23 00:00:00-04:00,5.4098754118783505,5.419949531555176,5.394763976609885,5.419949531555176,24650,0.0,0.0
2017-08-24 00:00:00-04:00,5.419949493484586,5.435061440153361,5.399801254272461,5.399801254272461,37215,0.0,0.0
2017-08-25 00:00:00-04:00,5.424983978271484,5.435058604127037,5.404835749572752,5.424983978271484,29708,0.0,0.0
2017-08-28 00:00:00-04:00,5.43002321408391,5.440097332000732,5.4199485846607205,5.440097332000732,25662,0.0,0.0
2017-08-29 00:00:00-04:00,5.422768844662577,5.463541507720947,5.387092958565642,5.463541507720947,46851,0.236664,0.0
2017-08-30 00:00:00-04:00,5.473734544099447,5.494121134400817,5.448251694381012,5.463541507720947,32157,0.0,0.0
2017-08-31 00:00:00-04:00,5.489025626200272,5.489025626200272,5.453349731857032,5.473735809326172,21243,0.0,0.0
2017-09-01 00:00:00-04:00,5.473735809326172,5.473735809326172,5.4482529537175015,5.473735809326172,22946,0.0,0.0
2017-09-05 00:00:00-04:00,5.4635431064999285,5.4635431064999285,5.438060249324527,5.453350067138672,44402,0.0,0.0
2017-09-06 00:00:00-04:00,5.458445072174073,5.478831663750583,5.458445072174073,5.458445072174072,13523,0.0,0.0
2017-09-07 00:00:00-04:00,5.468641263049355,5.468641263049355,5.417675018310547,5.417675018310547,28111,0.0,0.0
2017-09-08 00:00:00-04:00,5.427864770157254,5.432961028774871,5.381995337332967,5.387092113494873,63302,0.0,0.0
2017-09-11 00:00:00-04:00,5.376898765563966,5.402381612253601,5.371802506752624,5.376898765563965,82043,0.0,0.0
2017-09-12 00:00:00-04:00,5.387093655794474,5.43805936182762,5.387093655794474,5.422769546508789,28324,0.0,0.0
2017-09-13 00:00:00-04:00,5.432962960238303,5.448252776615389,5.402383327484131,5.402383327484131,16291,0.0,0.0
2017-09-14 00:00:00-04:00,5.2341975844633355,5.26987348583989,5.173038304909708,5.264776706695557,490074,0.0,0.0
2017-09-15 00:00:00-04:00,5.269873311555653,5.274969572986851,5.254583492172908,5.259680271148682,58883,0.0,0.0
2017-09-18 00:00:00-04:00,5.274970282112238,5.3004536628723145,5.264777240334994,5.3004536628723145,57819,0.0,0.0
2017-09-19 00:00:00-04:00,5.300452205555002,5.331031322479248,5.295355427295377,5.331031322479248,52761,0.0,0.0
2017-09-20 00:00:00-04:00,5.320839746426802,5.320839746426802,5.264777240334994,5.3004536628723145,73471,0.0,0.0
2017-09-21 00:00:00-04:00,5.2953541408138385,5.351416617871592,5.2953541408138385,5.336126804351807,56967,0.0,0.0
2017-09-22 00:00:00-04:00,5.341224878998498,5.341224878998498,5.264775792826629,5.331031322479248,108024,0.0,0.0
2017-09-25 00:00:00-04:00,5.320839133933165,5.320839133933165,5.290259494576881,5.295356273651123,139329,0.0,0.0
2017-09-26 00:00:00-04:00,5.295355010217814,5.295355010217814,5.264775378157607,5.285161972045898,109142,0.0,0.0
2017-09-27 00:00:00-04:00,5.285162247922409,5.3157413640343325,5.285162247922409,5.31064510345459,172657,0.0,0.0
2017-09-28 00:00:00-04:00,5.32921838760376,5.339536192742547,5.303423612817082,5.32921838760376,105735,0.236664,0.0
2017-09-29 00:00:00-04:00,5.334376335144044,5.334376335144044,5.318899369027022,5.334376335144043,34127,0.0,0.0
2017-10-02 00:00:00-04:00,5.334376335144044,5.3498533012610645,5.3137402056949155,5.334376335144043,52228,0.0,0.0
2017-10-03 00:00:00-04:00,5.334376073430148,5.349853038787842,5.334376073430148,5.349853038787842,65006,0.0,0.0
2017-10-04 00:00:00-04:00,5.355012420681085,5.360171584475605,5.318899845757482,5.324059009552002,75122,0.0,0.0
2017-10-05 00:00:00-04:00,5.339533068733985,5.344692230224609,5.324056632020334,5.344692230224609,68786,0.0,0.0
2017-10-06 00:00:00-04:00,5.344692230224609,5.344692230224609,5.329215269631847,5.344692230224609,35618,0.0,0.0
2017-10-10 00:00:00-04:00,5.3601722691301275,5.3756492386112145,5.34985446410254,5.370490074157715,68200,0.0,0.0
2017-10-11 00:00:00-04:00,5.3704879056533565,5.375647068023682,5.360170104791908,5.375647068023682,57446,0.0,0.0
2017-10-12 00:00:00-04:00,5.375647068023682,5.375647068023682,5.360170104791908,5.375647068023682,29176,0.0,0.0
2017-10-13 00:00:00-04:00,5.370486264181801,5.385963222683093,5.365327627267398,5.380804061889648,60481,0.0,0.0
2017-10-16 00:00:00-04:00,5.391125202178955,5.391125202178955,5.3704890720947995,5.391125202178955,71768,0.0,0.0
2017-10-17 00:00:00-04:00,5.396281020390941,5.406599341977829,5.380804061889649,5.380804061889648,74802,0.0,0.0
2017-10-18 00:00:00-04:00,5.396285270263058,5.406603599976199,5.380808299572799,5.401444435119629,33861,0.0,0.0
2017-10-19 00:00:00-04:00,5.396283579172088,5.416919708251953,5.391124939811587,5.416919708251953,51377,0.0,0.0
2017-10-20 00:00:00-04:00,5.427237939490159,5.483986644092637,5.427237939490159,5.437556266784668,89230,0.0,0.0
2017-10-23 00:00:00-04:00,5.45303201675415,5.47366761897873,5.442713691762647,5.45303201675415,65219,0.0,0.0
2017-10-24 00:00:00-04:00,5.463348868618643,5.473666667938232,5.447871907699696,5.473666667938232,52015,0.0,0.0
2017-10-25 00:00:00-04:00,5.468508676063706,5.499462604522704,5.468508676063706,5.499462604522705,93276,0.0,0.0
2017-10-26 00:00:00-04:00,5.50462267232438,5.530417442321777,5.499463508773172,5.530417442321777,57286,0.0,0.0
2017-10-27 00:00:00-04:00,5.5355725423991995,5.571685089110711,5.530413382635154,5.55620813369751,116649,0.0,0.0
2017-10-30 00:00:00-04:00,5.564563997308746,5.585444410038083,5.548903820281944,5.559344291687012,65698,0.236664,0.0
2017-10-31 00:00:00-04:00,5.5645619585326385,5.580222129821778,5.559342254823328,5.580222129821777,25183,0.0,0.0
2017-11-01 00:00:00-04:00,5.585445050238467,5.590664756458482,5.56456463511583,5.575004577636719,54305,0.0,0.0
2017-11-02 00:00:00-04:00,5.564564987607411,5.585445404052734,5.528024921429212,5.585445404052734,78156,0.0,0.0
2017-11-03 00:00:00-04:00,5.580222194700683,5.580222194700683,5.533241680287043,5.569782257080078,52601,0.0,0.0
2017-11-06 00:00:00-05:00,5.569785224238965,5.595885347234949,5.569785224238965,5.585445404052734,47330,0.0,0.0
2017-11-07 00:00:00-05:00,5.590662132321289,5.590662132321289,5.569782257080078,5.569782257080078,48715,0.0,0.0
2017-11-08 00:00:00-05:00,5.4131813755001,5.4131813755001,5.37142109259916,5.376640796661377,632970,0.0,0.0
2017-11-09 00:00:00-05:00,5.376643251076334,5.376643251076334,5.366203308105469,5.366203308105469,156739,0.0,0.0
2017-11-10 00:00:00-05:00,5.376641088196115,5.397521495819092,5.366201149424961,5.397521495819092,98334,0.0,0.0
2017-11-13 00:00:00-05:00,5.3870832839412355,5.392302989959717,5.371423105724114,5.392302989959717,91679,0.0,0.0
2017-11-14 00:00:00-05:00,5.376643251076334,5.387083724128081,5.360983601660477,5.366203308105469,120748,0.0,0.0
2017-11-15 00:00:00-05:00,5.350540374480524,5.350540374480524,5.162618847330957,5.256579875946045,204814,0.0,0.0
2017-11-16 00:00:00-05:00,5.267021144587382,5.350541726631563,5.251360969194005,5.329661846160889,121334,0.0,0.0
2017-11-17 00:00:00-05:00,5.34532195399465,5.355761894098036,5.329661778799202,5.340101718902588,45201,0.0,0.0
2017-11-20 00:00:00-05:00,5.355761894098036,5.355761894098036,5.334881483810527,5.340101718902588,54358,0.0,0.0
2017-11-21 00:00:00-05:00,5.360979018895475,5.381858886988314,5.360979018895475,5.3714189529418945,44562,0.0,0.0
2017-11-22 00:00:00-05:00,5.397521495819092,5.413181669016158,5.376641088196115,5.397521495819092,65911,0.0,0.0
2017-11-23 00:00:00-05:00,5.407962976366106,5.413183212280273,5.402742740451938,5.413183212280273,54997,0.0,0.0
2017-11-24 00:00:00-05:00,5.413180468214289,5.4184001714016485,5.392300065223196,5.402740001678467,29282,0.0,0.0
2017-11-27 00:00:00-05:00,5.4079599380493155,5.418399873931434,5.4027397050679955,5.407959938049316,51909,0.0,0.0
2017-11-28 00:00:00-05:00,5.407962976366106,5.418402918113621,5.402742740451938,5.413183212280273,47011,0.0,0.0
2017-11-29 00:00:00-05:00,5.42692232131958,5.43749067290423,5.39521672996489,5.42692232131958,58670,0.236664,0.0
2017-11-30 00:00:00-05:00,5.448057651519775,5.448057651519775,5.416352068155233,5.448057651519775,30560,0.0,0.0
2017-12-01 00:00:00-05:00,5.432205542545466,5.437489985970562,5.395216048371809,5.41635274887085,20923,0.0,0.0
2017-12-04 00:00:00-05:00,5.421638014689509,5.426922458916188,5.400500774383545,5.400500774383545,45414,0.0,0.0
2017-12-05 00:00:00-05:00,5.400499551394126,5.421636786913381,5.379362852475503,5.3899312019348145,52548,0.0,0.0
2017-12-06 00:00:00-05:00,5.384648190020261,5.38993209732738,5.363510950989621,5.368795394897461,44083,0.0,0.0
2017-12-07 00:00:00-05:00,5.368794101244661,5.442773078524286,5.368794101244661,5.384646892547607,59629,0.0,0.0
2017-12-08 00:00:00-05:00,5.3899312019348145,5.41106843745407,5.384647295505475,5.3899312019348145,43550,0.0,0.0
2017-12-11 00:00:00-05:00,5.39521686675762,5.416353570462829,5.389932422530941,5.400500774383545,33222,0.0,0.0
2017-12-12 00:00:00-05:00,5.405784398621329,5.41635274887085,5.395216048371809,5.41635274887085,20284,0.0,0.0
2017-12-13 00:00:00-05:00,5.426921635721042,5.432205542545466,5.405784398621329,5.41635274887085,30879,0.0,0.0
2017-12-14 00:00:00-05:00,5.421637192295946,5.432205542545466,5.411068842046426,5.41635274887085,23319,0.0,0.0
2017-12-15 00:00:00-05:00,5.426920684348537,5.4427729386434835,5.416351799351134,5.437489032745361,44668,0.0,0.0
2017-12-18 00:00:00-05:00,5.442773551556572,5.469194693824217,5.437489645063426,5.453342437744141,60268,0.0,0.0
2017-12-19 00:00:00-05:00,5.469194548134642,5.485047340393066,5.453342292476842,5.485047340393066,36949,0.0,0.0
2017-12-20 00:00:00-05:00,5.49561643600464,5.49561643600464,5.479763643141292,5.495616436004639,50365,0.0,0.0
2017-12-21 00:00:00-05:00,5.495613647002779,5.516750335693359,5.485044766057116,5.516750335693359,52601,0.0,0.0
2017-12-22 00:00:00-05:00,5.506186139852956,5.52203893661499,5.495617787545192,5.52203893661499,38546,0.0,0.0
2017-12-27 00:00:00-05:00,5.522034776166191,5.537887560984314,5.511465895220528,5.516750335693359,60907,0.0,0.0
2017-12-28 00:00:00-05:00,5.541357062641402,5.541357062641402,5.461125329368075,5.514613151550293,37108,0.236664,0.0
2017-12-29 00:00:00-05:00,5.509263765855736,5.5146127649613454,5.487868855745055,5.503915309906006,32157,0.0,0.0
2018-01-02 00:00:00-05:00,5.493217129748237,5.514612037034798,5.493217129748237,5.509263038635254,40942,0.0,0.0
2018-01-03 00:00:00-05:00,5.514612744659112,5.536007654691026,5.509263745573194,5.530659198760986,40462,0.0,0.0
2018-01-04 00:00:00-05:00,5.546705652862861,5.557403107878818,5.5199617437450295,5.530659198760986,40782,0.0,0.0
2018-01-05 00:00:00-05:00,5.54135504595168,5.5574014953976745,5.5306575940395915,5.5520524978637695,42432,0.0,0.0
2018-01-08 00:00:00-05:00,5.546707917840437,5.568102836608887,5.541358916570275,5.568102836608887,33115,0.0,0.0
2018-01-09 00:00:00-05:00,5.573451837879049,5.573451837879049,5.541358916570275,5.568102836608887,47756,0.0,0.0
2018-01-10 00:00:00-05:00,5.568099571551663,5.589495020930214,5.568099571551663,5.584146022796631,41793,0.0,0.0
2018-01-11 00:00:00-05:00,5.584146022796631,5.6001924740416,5.578797024663048,5.584146022796631,33169,0.0,0.0
2018-01-12 00:00:00-05:00,5.589497314616975,5.605543772446712,5.578799313959814,5.594845771789551,26673,0.0,0.0
2018-01-15 00:00:00-05:00,5.6001933442336,5.610891342163086,5.594844345268857,5.610891342163086,23852,0.0,0.0
2018-01-16 00:00:00-05:00,5.605543705911152,5.616241163285333,5.578799247741699,5.578799247741699,48022,0.0,0.0
2018-01-17 00:00:00-05:00,5.584148314288394,5.605543772446712,5.573450856787238,5.594845771789551,38759,0.0,0.0
2018-01-18 00:00:00-05:00,5.600194270720592,5.621589183807373,5.594845270870919,5.621589183807373,21030,0.0,0.0
2018-01-19 00:00:00-05:00,5.616240569508898,5.63228702545166,5.616240569508898,5.63228702545166,29335,0.0,0.0
2018-01-22 00:00:00-05:00,5.632284956597075,5.637633954331845,5.621586961127535,5.626935958862305,45254,0.0,0.0
2018-01-23 00:00:00-05:00,5.65903164278747,5.664380643153556,5.637636727635144,5.653683185577393,46691,0.0,0.0
2018-01-24 00:00:00-05:00,5.648335742249442,5.6697306632995605,5.648335742249442,5.6697306632995605,37854,0.0,0.0
2018-01-25 00:00:00-05:00,5.65368474409005,5.6697306632995605,5.65368474409005,5.6697306632995605,33594,0.0,0.0
2018-01-26 00:00:00-05:00,5.6697306632995605,5.6697306632995605,5.616242817518107,5.6697306632995605,78050,0.0,0.0
2018-01-29 00:00:00-05:00,5.642982408910875,5.664377856694214,5.626935958862305,5.626935958862305,63409,0.0,0.0
2018-01-30 00:00:00-05:00,5.630185467532825,5.651839733123779,5.624771626264998,5.651839733123779,53719,0.236664,0.0
2018-01-31 00:00:00-05:00,5.651839733123779,5.657253574391607,5.635598759060475,5.651839733123779,51590,0.0,0.0
2018-02-01 00:00:00-05:00,5.646428898088153,5.651842742238381,5.630188465118408,5.630188465118408,57339,0.0,0.0
2018-02-02 00:00:00-05:00,5.630187108828853,5.63560040193457,5.494845985340509,5.5381550788879395,170262,0.0,0.0
2018-02-05 00:00:00-05:00,5.484018157671462,5.63018696306772,5.446122907951167,5.467777729034424,115371,0.0,0.0
2018-02-06 00:00:00-05:00,5.424467774934005,5.548981189727783,5.364917713589952,5.548981189727783,170155,0.0,0.0
2018-02-07 00:00:00-05:00,5.55439586639896,5.597704958454875,5.55439586639896,5.586877822875977,53719,0.0,0.0
2018-02-08 00:00:00-05:00,5.59770524678303,5.608532382919616,5.538155173421285,5.554396152496338,50951,0.0,0.0
2018-02-09 00:00:00-05:00,5.570636007371182,5.570636007371182,5.484017286537822,5.548981189727783,70809,0.0,0.0
2018-02-12 00:00:00-05:00,5.608530453495104,5.619357585906982,5.570635215183448,5.619357585906982,43071,0.0,0.0
2018-02-13 00:00:00-05:00,5.6139457944267095,5.6139457944267095,5.592290974077361,5.608531951904297,25076,0.0,0.0
2018-02-14 00:00:00-05:00,5.603119102483695,5.678910712269634,5.59770580874213,5.6626691818237305,46053,0.0,0.0
2018-02-15 00:00:00-05:00,5.678911209106445,5.689737797536773,5.641015400898046,5.678911209106445,46159,0.0,0.0
2018-02-16 00:00:00-05:00,5.684324503321609,5.71139262361878,5.673497365150831,5.678911209106445,85770,0.0,0.0
2018-02-20 00:00:00-05:00,5.673496246337891,5.705978204185236,5.6626685605618805,5.673496246337891,39770,0.0,0.0
2018-02-21 00:00:00-05:00,5.689737174571894,5.716805841645788,5.6789105873269605,5.700564861297607,86515,0.0,0.0
2018-02-22 00:00:00-05:00,5.716806723684236,5.727633862340064,5.700565740830256,5.711392879486084,54358,0.0,0.0
2018-02-23 00:00:00-05:00,5.7222182070098215,5.738458633422852,5.7222182070098215,5.738458633422852,67668,0.0,0.0
2018-02-26 00:00:00-05:00,5.733045578002929,5.7438727126389155,5.722218443366943,5.73304557800293,86568,0.0,0.0
2018-02-27 00:00:00-05:00,5.74729208742032,5.74729208742032,5.719897478243345,5.7308549880981445,66656,0.236664,0.0
2018-02-28 00:00:00-05:00,5.741813866905269,5.741813866905269,5.6870251971575065,5.697983264923096,47650,0.0,0.0
2018-03-01 00:00:00-05:00,5.670586815921492,5.714417403712777,5.6322352602390735,5.643192768096924,107811,0.0,0.0
2018-03-02 00:00:00-05:00,5.6486730575561515,5.676067111478422,5.599363426680064,5.648673057556152,54092,0.0,0.0
2018-03-05 00:00:00-05:00,5.654152568353667,5.703461647033691,5.654152568353667,5.703461647033691,59363,0.0,0.0
2018-03-06 00:00:00-05:00,5.703461647033691,5.71989819204705,5.692504135811469,5.703461647033691,40356,0.0,0.0
2018-03-07 00:00:00-05:00,5.703460935281153,5.730854988098145,5.703460935281153,5.7308549880981445,31039,0.0,0.0
2018-03-08 00:00:00-05:00,5.730854128238649,5.736333160523965,5.708939111817186,5.725375652313232,22095,0.0,0.0
2018-03-09 00:00:00-05:00,5.730855418060342,5.763728506451056,5.730855418060342,5.747292518615723,46532,0.0,0.0
2018-03-12 00:00:00-04:00,5.763726022495137,5.763726022495137,5.7527685165405265,5.752768516540527,27685,0.0,0.0
2018-03-13 00:00:00-04:00,5.752770805859337,5.769207349512079,5.752770805859337,5.758249282836914,13683,0.0,0.0
2018-03-14 00:00:00-04:00,5.758249584996736,5.769207652246917,5.75277110773168,5.763728618621826,25928,0.0,0.0
2018-03-15 00:00:00-04:00,5.769208160446871,5.780165672302246,5.758250092231411,5.780165672302246,19166,0.0,0.0
2018-03-16 00:00:00-04:00,5.780164813450955,5.780164813450955,5.769207303223712,5.774686336517334,42060,0.0,0.0
2018-03-19 00:00:00-04:00,5.774686336517334,5.780164813450955,5.763728269930089,5.774686336517334,29442,0.0,0.0
2018-03-20 00:00:00-04:00,5.780165672302246,5.796602218265351,5.780165672302246,5.780165672302246,29655,0.0,0.0
2018-03-21 00:00:00-04:00,5.791121216827225,5.80207872390747,5.785642185107181,5.802078723907471,57073,0.0,0.0
2018-03-22 00:00:00-04:00,5.785642818636779,5.796600326916875,5.736333196836495,5.741812229156494,92531,0.0,0.0
2018-03-23 00:00:00-04:00,5.7637272457166855,5.7637272457166855,5.730854164516495,5.741812229156494,32370,0.0,0.0
2018-03-26 00:00:00-04:00,5.780165672302246,5.785644706409975,5.752771614483766,5.780165672302246,68786,0.0,0.0
2018-03-27 00:00:00-04:00,5.78016378631678,5.785642818636779,5.725375688556399,5.741812229156494,65166,0.0,0.0
2018-03-28 00:00:00-04:00,5.77841070849139,5.783955851526478,5.734046748559703,5.756228446960449,107545,0.236664,0.0
2018-03-29 00:00:00-04:00,5.7784121541562286,5.795048713684082,5.739593327547791,5.795048713684082,31412,0.0,0.0
2018-04-02 00:00:00-04:00,5.789501557691763,5.789501557691763,5.661955384061987,5.756228446960449,120429,0.0,0.0
2018-04-03 00:00:00-04:00,5.739593514200698,5.778412342071533,5.734048369597976,5.778412342071533,46798,0.0,0.0
2018-04-04 00:00:00-04:00,5.734047980916733,5.7506845398579065,5.667501745152042,5.72850227355957,78103,0.0,0.0
2018-04-05 00:00:00-04:00,5.739593514200698,5.778412342071533,5.734048369597976,5.778412342071533,41793,0.0,0.0
2018-04-06 00:00:00-04:00,5.76732138942542,5.7784122415683195,5.711866002450235,5.745139122009277,37215,0.0,0.0
2018-04-09 00:00:00-04:00,5.739591891594792,5.7673198592910175,5.734046748559703,5.756228446960449,31891,0.0,0.0
2018-04-10 00:00:00-04:00,5.767323493957519,5.77841435014754,5.745141218446927,5.7673234939575195,37641,0.0,0.0
2018-04-11 00:00:00-04:00,5.7562299702920265,5.76177567792493,5.689684294348914,5.700775146484375,60907,0.0,0.0
2018-04-12 00:00:00-04:00,5.711866668211236,5.711866668211236,5.58986559102817,5.639775276184082,130704,0.0,0.0
2018-04-13 00:00:00-04:00,5.6675025008595,5.684139062019,5.639775086637131,5.656411647796631,37055,0.0,0.0
2018-04-16 00:00:00-04:00,5.684140506640174,5.684140506640174,5.645322229489292,5.650867938995361,42432,0.0,0.0
2018-04-17 00:00:00-04:00,5.67304820895613,5.67304820895613,5.656411647796631,5.656411647796631,38173,0.0,0.0
2018-04-18 00:00:00-04:00,5.684140295903792,5.734049990216439,5.678595149733841,5.717413425445557,41900,0.0,0.0
2018-04-19 00:00:00-04:00,5.739593410523662,5.739593410523662,5.700775146484375,5.700775146484375,34659,0.0,0.0
2018-04-20 00:00:00-04:00,5.700776484211509,5.706322193145752,5.634230792652984,5.706322193145752,38918,0.0,0.0
2018-04-23 00:00:00-04:00,5.706320854117278,5.706320854117278,5.689684294348914,5.700775146484375,57978,0.0,0.0
2018-04-24 00:00:00-04:00,5.717414104934452,5.739595818511483,5.678595824609359,5.695232391357422,27738,0.0,0.0
2018-04-25 00:00:00-04:00,5.7007751503073365,5.745139122009277,5.689684298164438,5.745139122009277,76133,0.0,0.0
2018-04-26 00:00:00-04:00,5.7395934143726555,5.750684829645899,5.722957417723479,5.745139122009277,74163,0.0,0.0
2018-04-27 00:00:00-04:00,5.76535006920973,5.787804876163804,5.754122095669048,5.776577472686768,48395,0.236664,0.0
2018-04-30 00:00:00-04:00,5.726051626139756,5.765348381904137,5.726051626139756,5.73166561126709,49194,0.0,0.0
2018-05-01 00:00:00-04:00,5.737277624834281,5.754119006038809,5.737277624834281,5.748505592346191,41367,0.0,0.0
2018-05-02 00:00:00-04:00,5.7541220313255845,5.765350004740713,5.726053237915039,5.726053237915039,57233,0.0,0.0
2018-05-03 00:00:00-04:00,5.748510142269592,5.748510142269592,5.697985958666316,5.7204413414001465,65006,0.0,0.0
2018-05-04 00:00:00-04:00,5.742891608590236,5.754119006038809,5.726050227385709,5.748505592346191,49460,0.0,0.0
2018-05-07 00:00:00-04:00,5.759735629593659,5.7934184074401855,5.759735629593659,5.7934184074401855,27791,0.0,0.0
2018-05-08 00:00:00-04:00,5.804644766111556,5.815872166686699,5.77657597964195,5.799030780792236,34659,0.0,0.0
2018-05-09 00:00:00-04:00,5.804646402192757,5.815873805932425,5.782191024649765,5.810259819030762,32743,0.0,0.0
2018-05-10 00:00:00-04:00,5.810258501825589,5.821486473083496,5.799031100631212,5.821486473083496,41900,0.0,0.0
2018-05-11 00:00:00-04:00,5.815875944715786,5.8607861462538,5.815875944715786,5.855172157287598,42486,0.0,0.0
2018-05-14 00:00:00-04:00,5.860782441736859,5.872009842508716,5.821486254003606,5.866396427154541,47969,0.0,0.0
2018-05-15 00:00:00-04:00,5.866396427154541,5.877623827926398,5.855168456319177,5.866396427154541,26514,0.0,0.0
2018-05-16 00:00:00-04:00,5.872011184692383,5.872011184692383,5.827101001276189,5.872011184692383,37907,0.0,0.0
2018-05-17 00:00:00-04:00,5.872008591158791,5.8776225753801095,5.84955379440029,5.860781192779541,56701,0.0,0.0
2018-05-18 00:00:00-04:00,5.860783781354244,5.872011184692383,5.843942391315217,5.872011184692383,37907,0.0,0.0
2018-05-22 00:00:00-04:00,5.877626051710994,5.89446744427243,5.872012064169274,5.888854026794434,34287,0.0,0.0
2018-05-23 00:00:00-04:00,5.888855521020943,5.911310336758017,5.8439447494190615,5.855172157287598,74749,0.0,0.0
2018-05-24 00:00:00-04:00,5.669917089369015,5.6755310775006675,5.6250068945071465,5.653075695037842,922489,0.0,0.0
2018-05-25 00:00:00-04:00,5.658690004948722,5.714828184921605,5.653076585996145,5.692372798919678,269075,0.0,0.0
2018-05-28 00:00:00-04:00,5.7035975054475205,5.742893695831298,5.7035975054475205,5.742893695831299,142683,0.0,0.0
2018-05-29 00:00:00-04:00,5.726055592890632,5.726055592890632,5.675531971998073,5.692372798919678,177449,0.0,0.0
2018-05-30 00:00:00-04:00,5.7128332396933335,5.735571154954102,5.684411278544601,5.729886531829834,161104,0.236664,0.0
2018-05-31 00:00:00-04:00,5.729887261640856,5.729887261640856,5.67872795595154,5.684412002563477,129693,0.0,0.0
2018-06-01 00:00:00-04:00,5.712835062714301,5.718519687652588,5.684413092495842,5.718519687652588,79434,0.0,0.0
2018-06-04 00:00:00-04:00,5.724203195598854,5.729887242191496,5.6900966070974945,5.695781230926514,73844,0.0,0.0
2018-06-05 00:00:00-04:00,5.7071507875772065,5.71851945976424,5.695782115390172,5.71283483505249,28217,0.0,0.0
2018-06-06 00:00:00-04:00,5.724204312590875,5.724204312590875,5.718519687652588,5.718519687652588,38599,0.0,0.0
2018-06-07 00:00:00-04:00,5.724203195598854,5.724203195598854,5.6900966070974945,5.695781230926514,48661,0.0,0.0
2018-06-08 00:00:00-04:00,5.707149176026121,5.741255760192871,5.701464552919561,5.741255760192871,70330,0.0,0.0
2018-06-11 00:00:00-04:00,5.741255760192871,5.74694038329943,5.707149176026121,5.741255760192871,33381,0.0,0.0
2018-06-12 00:00:00-04:00,5.741256171413208,5.781046804300239,5.741256171413208,5.7583088874816895,52974,0.0,0.0
2018-06-13 00:00:00-04:00,5.763993015982042,5.775362262033094,5.741255678352526,5.769677639007568,17250,0.0,0.0
2018-06-14 00:00:00-04:00,5.76399174752017,5.76399174752017,5.752623081207275,5.752623081207275,45893,0.0,0.0
2018-06-15 00:00:00-04:00,5.752624841204311,5.763993510995413,5.746940794926931,5.7583088874816895,19379,0.0,0.0
2018-06-18 00:00:00-04:00,5.758310523569674,5.786733071977541,5.758310523569674,5.775364398956299,54624,0.0,0.0
2018-06-19 00:00:00-04:00,5.77536425013618,5.7867329228644735,5.7696796251537865,5.78104829788208,31358,0.0,0.0
2018-06-20 00:00:00-04:00,5.781047800421499,5.8037857211579755,5.769679128671482,5.792417049407959,78476,0.0,0.0
2018-06-21 00:00:00-04:00,5.781048446848667,5.786733071977541,5.7696797738274235,5.775364398956299,42698,0.0,0.0
2018-06-22 00:00:00-04:00,5.786732196807861,5.798100868109737,5.775363525505986,5.786732196807861,62397,0.0,0.0
2018-06-25 00:00:00-04:00,5.792416821077009,5.809469539411612,5.781047572538713,5.786732196807861,43657,0.0,0.0
2018-06-26 00:00:00-04:00,5.798099994659424,5.803784618072216,5.786731325070172,5.798099994659424,45520,0.0,0.0
2018-06-27 00:00:00-04:00,5.809468268477368,5.809468268477368,5.7696776390075675,5.769677639007568,78582,0.0,0.0
2018-06-28 00:00:00-04:00,5.819180168849013,5.819180168849013,5.634992052476028,5.738597393035889,177555,0.236664,0.0
2018-06-29 00:00:00-04:00,5.767375155998852,5.801909867580091,5.767375155998852,5.784642219543457,33861,0.0,0.0
2018-07-03 00:00:00-04:00,5.78464205542532,5.78464205542532,5.755862837678111,5.7673749923706055,74536,0.0,0.0
2018-07-04 00:00:00-04:00,5.77313232421875,5.778888403398558,5.755864671171523,5.77313232421875,34074,0.0,0.0
2018-07-05 00:00:00-04:00,5.784641810817646,5.79615396502334,5.77313024110394,5.778886318206787,20657,0.0,0.0
2018-07-06 00:00:00-04:00,5.77313232421875,5.796156056445785,5.76737682953114,5.77313232421875,33807,0.0,0.0
2018-07-09 00:00:00-04:00,5.778886375229856,5.801909514884448,5.77313029807021,5.796154022216797,30187,0.0,0.0
2018-07-10 00:00:00-04:00,5.801911633425453,5.830690860748292,5.796156138656211,5.830690860748291,47756,0.0,0.0
2018-07-11 00:00:00-04:00,5.8191791127614625,5.8191791127614625,5.796155383208688,5.801910877227783,27951,0.0,0.0
2018-07-12 00:00:00-04:00,5.790398301323665,5.819178104400635,5.790398301323665,5.819178104400635,27578,0.0,0.0
2018-07-13 00:00:00-04:00,5.819177792105651,5.836444854736328,5.81342171490076,5.836444854736328,18474,0.0,0.0
2018-07-16 00:00:00-04:00,5.836447586004031,5.859471321105957,5.813424435394377,5.859471321105957,37907,0.0,0.0
2018-07-17 00:00:00-04:00,5.859468880922398,5.865224958423822,5.842201232910156,5.842201232910156,23053,0.0,0.0
2018-07-18 00:00:00-04:00,5.853714517037805,5.8709821701049805,5.836446863970629,5.8709821701049805,29708,0.0,0.0
2018-07-19 00:00:00-04:00,5.865226675410722,5.8709821701049805,5.853714517037805,5.8709821701049805,27365,0.0,0.0
2018-07-20 00:00:00-04:00,5.853715241207407,5.8709828964107835,5.853715241207407,5.859471321105957,31997,0.0,0.0
2018-07-23 00:00:00-04:00,5.8709828964107835,5.8709828964107835,5.853715241207407,5.859471321105957,41687,0.0,0.0
2018-07-24 00:00:00-04:00,5.8709821701049805,5.8709821701049805,5.859470596224263,5.8709821701049805,27099,0.0,0.0
2018-07-25 00:00:00-04:00,5.870982220898422,5.8940059533512486,5.865226726154369,5.88824987411499,29229,0.0,0.0
2018-07-26 00:00:00-04:00,5.888248743646179,5.894004821777344,5.8709810937447795,5.894004821777344,37108,0.0,0.0
2018-07-27 00:00:00-04:00,5.894005902358614,5.899761397052873,5.8709821701049805,5.8709821701049805,48342,0.0,0.0
2018-07-30 00:00:00-04:00,5.8977854005904335,5.921097081354271,5.868646243487293,5.886129856109619,53080,0.236664,0.0
2018-07-31 00:00:00-04:00,5.903618335723878,5.903618335723878,5.880307225207576,5.903618335723877,22467,0.0,0.0
2018-08-01 00:00:00-04:00,5.8977874968938835,5.9210991859436035,5.8977874968938835,5.9210991859436035,35085,0.0,0.0
2018-08-02 00:00:00-04:00,5.92110467921044,5.932760238647461,5.915276603590446,5.932760238647461,26567,0.0,0.0
2018-08-03 00:00:00-04:00,5.932760238647461,5.932760238647461,5.92110467921044,5.932760238647461,23000,0.0,0.0
2018-08-07 00:00:00-04:00,5.932755637628482,5.932755637628482,5.915272016130507,5.92692756652832,28963,0.0,0.0
2018-08-08 00:00:00-04:00,5.932760238647461,5.932760238647461,5.915276603590446,5.932760238647461,60374,0.0,0.0
2018-08-09 00:00:00-04:00,5.926929697808059,5.932757771003952,5.909446070023102,5.915274143218994,44722,0.0,0.0
2018-08-10 00:00:00-04:00,5.909443945030345,5.932755637628482,5.9036158739301845,5.92692756652832,39398,0.0,0.0
2018-08-13 00:00:00-04:00,5.915272157704526,5.938583850860596,5.915272157704526,5.938583850860596,55423,0.0,0.0
2018-08-14 00:00:00-04:00,5.932760238647461,5.938588314267455,5.915276603590446,5.932760238647461,30719,0.0,0.0
2018-08-15 00:00:00-04:00,5.9210991859436035,5.9210991859436035,5.909443045517534,5.9210991859436035,30932,0.0,0.0
2018-08-16 00:00:00-04:00,5.9269277083812995,5.944411330297721,5.915272157704526,5.938583850860596,47117,0.0,0.0
2018-08-17 00:00:00-04:00,5.938585227494467,5.944412708282472,5.926929082313139,5.944412708282471,31252,0.0,0.0
2018-08-20 00:00:00-04:00,5.944411237135374,6.026001274199135,5.944411237135374,5.991034030914307,126977,0.0,0.0
2018-08-21 00:00:00-04:00,6.008517962594552,6.008517962594552,5.991034340049988,5.996862411499023,58564,0.0,0.0
2018-08-22 00:00:00-04:00,5.996862835188368,6.002690315246583,5.973551139547754,6.002690315246582,39930,0.0,0.0
2018-08-23 00:00:00-04:00,5.996862835188368,6.002690315246583,5.9793792114085536,6.002690315246582,42326,0.0,0.0
2018-08-24 00:00:00-04:00,6.002690315246583,6.008518387107382,5.985207283269354,6.002690315246582,50418,0.0,0.0
2018-08-27 00:00:00-04:00,6.002690315246583,6.014346458968182,5.973551139547754,6.002690315246582,55636,0.0,0.0
2018-08-28 00:00:00-04:00,5.996862411499023,6.0201735136900805,5.985206860403496,5.996862411499023,67934,0.0,0.0
2018-08-29 00:00:00-04:00,6.002689891145516,6.014346034043588,5.996862411499023,5.996862411499023,44615,0.0,0.0
2018-08-30 00:00:00-04:00,6.02400384386659,6.035803887081848,5.988603115081788,5.988603115081787,58351,0.236664,0.0
2018-08-31 00:00:00-04:00,5.988604372795966,6.01810478659924,5.9709040046861706,6.006304740905762,50631,0.0,0.0
2018-09-04 00:00:00-04:00,6.006300998936098,6.012201317676474,5.953199927689068,5.959100246429443,101635,0.0,0.0
2018-09-05 00:00:00-04:00,5.970902812264464,5.994503498077393,5.970902812264464,5.994503498077393,30081,0.0,0.0
2018-09-06 00:00:00-04:00,6.000403158297045,6.02400384386659,5.982702793904643,5.988603115081787,30134,0.0,0.0
2018-09-07 00:00:00-04:00,5.988602035643497,5.988602035643497,5.970901674441564,5.97680139541626,22946,0.0,0.0
2018-09-10 00:00:00-04:00,5.988599934699388,6.02990036358877,5.976799298612097,6.024000644683838,60374,0.0,0.0
2018-09-11 00:00:00-04:00,6.00040410250138,6.00630442460698,5.965003967285157,5.965003967285156,96790,0.0,0.0
2018-09-12 00:00:00-04:00,5.970903690251632,5.976803413218106,5.947303000968357,5.965003967285156,53559,0.0,0.0
2018-09-13 00:00:00-04:00,5.965002349302351,5.988602433045072,5.947301387786865,5.947301387786865,43391,0.0,0.0
2018-09-14 00:00:00-04:00,5.953199927689068,5.970900284771411,5.9472996089486925,5.959100246429443,35564,0.0,0.0
2018-09-17 00:00:00-04:00,5.970901261302862,5.994501940985434,5.970901261302862,5.982701301574707,21083,0.0,0.0
2018-09-18 00:00:00-04:00,5.98270285560141,5.994503498077393,5.98270285560141,5.994503498077393,21669,0.0,0.0
2018-09-19 00:00:00-04:00,5.988603176839401,6.006303541414338,5.98270285560141,5.994503498077393,84918,0.0,0.0
2018-09-20 00:00:00-04:00,6.006303801008499,6.047604254042344,6.0004034795154935,6.029903888702393,65538,0.0,0.0
2018-09-21 00:00:00-04:00,6.041704764126426,6.0594051301473515,6.018104076385498,6.018104076385498,75814,0.0,0.0
2018-09-24 00:00:00-04:00,6.035801562983525,6.07710199790362,6.01220148564027,6.071202278137207,80765,0.0,0.0
2018-09-25 00:00:00-04:00,6.071203645887543,6.071203645887543,6.047602964088612,6.065303325653076,47650,0.0,0.0
2018-09-26 00:00:00-04:00,6.047602964088612,6.065303325653076,6.047602964088612,6.065303325653076,129160,0.0,0.0
2018-09-27 00:00:00-04:00,6.074861316618467,6.080834854050714,6.0569413108953905,6.062914848327637,35564,0.236664,0.0
2018-09-28 00:00:00-04:00,6.056939173726077,6.056939173726077,6.021099174925939,6.033046245574951,87047,0.0,0.0
2018-10-01 00:00:00-04:00,6.01512834559761,6.050967750333102,6.01512834559761,6.027074813842773,176597,0.0,0.0
2018-10-02 00:00:00-04:00,6.027075489678365,6.027075489678365,6.015129020093605,6.021101951599121,51909,0.0,0.0
2018-10-03 00:00:00-04:00,6.021101276433361,6.027074813842773,6.01512834559761,6.027074813842773,18634,0.0,0.0
2018-10-04 00:00:00-04:00,6.015129279807121,6.02110221157053,5.919556305855051,5.991235733032227,137093,0.0,0.0
2018-10-05 00:00:00-04:00,5.997208420747893,6.01512842664392,5.555183023984468,5.812036037445068,341215,0.0,0.0
2018-10-09 00:00:00-04:00,5.764247724282322,5.776194190146742,5.125103005219547,5.220675945281982,568763,0.0,0.0
2018-10-10 00:00:00-04:00,5.035503821956055,5.071344133138257,4.29481315612793,4.29481315612793,963910,0.0,0.0
2018-10-11 00:00:00-04:00,4.18132202764318,5.095239291816165,4.061855787980323,4.426228046417236,791093,0.0,0.0
2018-10-12 00:00:00-04:00,4.742811433856794,5.041477035089935,4.58153171196985,4.868250846862793,501095,0.0,0.0
2018-10-15 00:00:00-04:00,4.898118059680182,5.3222234415979255,4.880198357449139,5.292356967926025,292501,0.0,0.0
2018-10-16 00:00:00-04:00,5.3640379197217625,5.668676853179932,5.256518474552339,5.668676853179932,255339,0.0,0.0
2018-10-17 00:00:00-04:00,5.6746503915791395,5.698543332028451,5.513370920538123,5.668676853179932,140287,0.0,0.0
2018-10-18 00:00:00-04:00,5.644780905919468,5.650754441778648,5.3102756358489565,5.399875640869141,217698,0.0,0.0
2018-10-19 00:00:00-04:00,5.352091054331977,5.531290520765883,5.346117516373817,5.381957530975342,80925,0.0,0.0
2018-10-22 00:00:00-04:00,5.411822796088144,5.411822796088144,4.874224517137141,4.910064220428467,266360,0.0,0.0
2018-10-23 00:00:00-04:00,4.551666725803542,5.059398686281291,4.551666725803542,4.981745719909668,358145,0.0,0.0
2018-10-24 00:00:00-04:00,4.993688001019724,5.005634461230494,4.599449354905025,4.617369651794434,212694,0.0,0.0
2018-10-25 00:00:00-04:00,4.689054086545897,4.951880134627805,4.689054086545897,4.880200386047363,160732,0.0,0.0
2018-10-26 00:00:00-04:00,4.868252425016011,4.868252425016011,4.617373517675986,4.814492702484131,180271,0.0,0.0
2018-10-29 00:00:00-04:00,4.981744355190781,5.059397300289847,4.671131664934121,4.742811679840088,163607,0.0,0.0
2018-10-30 00:00:00-04:00,4.758595017794614,4.867848536943002,4.734316492225798,4.8132219314575195,76399,0.236664,0.0
2018-10-31 00:00:00-04:00,4.90426465405696,5.013518132542079,4.90426465405696,4.977099895477295,145771,0.0,0.0
2018-11-01 00:00:00-04:00,5.049935475303641,5.116701160960381,4.98316948146961,5.0135178565979,94341,0.0,0.0
2018-11-02 00:00:00-04:00,5.056006168865088,5.110633071526125,5.013518988809651,5.068145275115967,47064,0.0,0.0
2018-11-05 00:00:00-05:00,5.09242179384061,5.147048363543429,5.043864774509833,5.140978813171387,35085,0.0,0.0
2018-11-06 00:00:00-05:00,5.1895364922128495,5.274510819531944,5.16525767272562,5.177396774291992,70596,0.0,0.0
2018-11-07 00:00:00-05:00,5.286650578458133,5.298789680118661,5.195605775117946,5.274510860443115,87420,0.0,0.0
2018-11-08 00:00:00-05:00,5.2563006107750345,5.450529271485336,5.2563006107750345,5.426250457763672,119151,0.0,0.0
2018-11-09 00:00:00-05:00,5.4141130818657635,5.450531005859375,5.3716259147762395,5.450531005859375,68999,0.0,0.0
2018-11-12 00:00:00-05:00,5.4565993961493895,5.4565993961493895,5.225953402043302,5.250232219696045,112922,0.0,0.0
2018-11-13 00:00:00-05:00,5.268442586890836,5.395904718658558,5.250233622873361,5.292720794677734,56914,0.0,0.0
2018-11-14 00:00:00-05:00,5.329140690268735,5.377697740124737,4.977101616546598,5.134912490844727,142523,0.0,0.0
2018-11-15 00:00:00-05:00,5.134912490844727,5.219887482181438,5.049937499508016,5.134912490844727,109142,0.0,0.0
2018-11-16 00:00:00-05:00,5.159188396330774,5.2441630363464355,5.128840024446298,5.2441630363464355,60481,0.0,0.0
2018-11-19 00:00:00-05:00,5.2441638778949935,5.274511946472268,5.116701435151287,5.159189224243164,65272,0.0,0.0
2018-11-20 00:00:00-05:00,5.092422561399463,5.092422561399463,4.8617765307253835,5.001378059387207,139542,0.0,0.0
2018-11-21 00:00:00-05:00,5.037794556728713,5.159187404576672,4.989237540860409,5.147047996520996,43870,0.0,0.0
2018-11-22 00:00:00-05:00,5.165258855511517,5.219885749600863,5.104562717426439,5.2077460289001465,50897,0.0,0.0
2018-11-23 00:00:00-05:00,5.171329845327079,5.207747787014524,5.134912519994466,5.189539432525635,52708,0.0,0.0
2018-11-26 00:00:00-05:00,5.262371758782587,5.298789680118661,5.225953837446513,5.274510860443115,49460,0.0,0.0
2018-11-27 00:00:00-05:00,5.280581525641066,5.335208415985107,5.244163598745039,5.335208415985107,47756,0.0,0.0
2018-11-28 00:00:00-05:00,5.371626325371837,5.462670525960556,5.341278258508931,5.456600666046143,173616,0.0,0.0
2018-11-29 00:00:00-05:00,5.47876289960446,5.47876289960446,5.392580032348633,5.392580032348633,49939,0.236664,0.0
2018-11-30 00:00:00-05:00,5.39257982173179,5.411047622930745,5.121719570968406,5.257149696350098,136827,0.0,0.0
2018-12-03 00:00:00-05:00,5.386424473161432,5.4356717419084895,5.232526836466383,5.312553882598877,60694,0.0,0.0
2018-12-04 00:00:00-05:00,5.3187084998741465,5.3187084998741465,5.041692738218723,5.090939998626709,230742,0.0,0.0
2018-12-05 00:00:00-05:00,5.109406819868025,5.195589670610491,5.109406819868025,5.152498245239258,55529,0.0,0.0
2018-12-06 00:00:00-05:00,4.986288746295581,5.029380172197219,4.740052160811053,4.973977088928223,223395,0.0,0.0
2018-12-07 00:00:00-05:00,4.98629043541089,5.078629147177758,4.820080816742137,4.850860595703125,126126,0.0,0.0
2018-12-10 00:00:00-05:00,4.789299685216331,4.820079140918004,4.586154527446236,4.721584320068359,224087,0.0,0.0
2018-12-11 00:00:00-05:00,4.826236396823001,4.900107612445859,4.660026786787636,4.684650421142578,119204,0.0,0.0
2018-12-12 00:00:00-05:00,4.74005140843485,4.770830859525644,4.450723755530863,4.469191551208496,163021,0.0,0.0
2018-12-13 00:00:00-05:00,4.419945631328583,4.463037063326682,3.8536014983566975,4.093682289123535,495026,0.0,0.0
2018-12-14 00:00:00-05:00,3.878223890253653,3.9520950715428897,3.705858529880505,3.7674174308776855,408298,0.0,0.0
2018-12-17 00:00:00-05:00,3.73663943710535,3.73663943710535,3.4103760719299316,3.4103760719299316,420915,0.0,0.0
2018-12-18 00:00:00-05:00,3.4288431752004827,3.8351331850381523,3.4226873464678675,3.693547248840332,456427,0.0,0.0
2018-12-19 00:00:00-05:00,3.385752225603136,3.4780909198236034,3.1641392344508183,3.1764512062072754,729494,0.0,0.0
2018-12-20 00:00:00-05:00,2.948682002333127,3.096424081424523,2.733224868774414,2.733224868774414,521912,0.0,0.0
2018-12-21 00:00:00-05:00,2.7455362183935814,2.800939602739984,2.1668804718076626,2.216127872467041,636910,0.0,0.0
2018-12-24 00:00:00-05:00,2.173037641905895,2.523924840387409,2.0129836977270954,2.4254302978515625,418413,0.0,0.0
2018-12-27 00:00:00-05:00,2.6470421540363716,2.82556336539853,2.4993000846494997,2.714757204055786,386256,0.0,0.0
2018-12-28 00:00:00-05:00,2.856342348503603,3.336503395243788,2.78862731707007,3.31803560256958,425601,0.0,0.0
2018-12-31 00:00:00-05:00,3.484246143572374,3.668923499901094,3.4657783454279154,3.601208448410034,366344,0.0,0.0
2019-01-02 00:00:00-05:00,3.416531477765378,3.6381441428424037,3.3365047601826108,3.5458054542541504,236971,0.0,0.0
2019-01-03 00:00:00-05:00,3.502713337788251,3.539648615150951,3.2564768009527665,3.311879873275757,128042,0.0,0.0
2019-01-04 00:00:00-05:00,3.3672848009802436,3.60120947750259,3.354972827846319,3.576585531234741,173616,0.0,0.0
2019-01-07 00:00:00-05:00,3.601208643119349,3.6073644719810223,3.4288432470868346,3.5642733573913574,111272,0.0,0.0
2019-01-08 00:00:00-05:00,3.5765849129309113,3.6196766551711295,3.47809070767687,3.5458054542541504,81883,0.0,0.0
2019-01-09 00:00:00-05:00,3.5704288615973776,3.625831941430592,3.496557671742527,3.619676113128662,175319,0.0,0.0
2019-01-10 00:00:00-05:00,3.6196771656232842,3.742795330250602,3.533494294105155,3.7120158672332764,154875,0.0,0.0
2019-01-11 00:00:00-05:00,3.693546845583065,4.0567453895229315,3.607364002504017,4.050589561462402,214877,0.0,0.0
2019-01-14 00:00:00-05:00,3.9274726549702668,4.309139426523413,3.859757900197201,4.302983283996582,256457,0.0,0.0
2019-01-15 00:00:00-05:00,4.358385157301073,4.715427858189012,4.204487274344292,4.666180610656738,312519,0.0,0.0
2019-01-16 00:00:00-05:00,4.74005278852466,5.0663161277771,4.7215849874700355,5.0663161277771,276156,0.0,0.0
2019-01-17 00:00:00-05:00,5.029379471967139,5.029379471967139,4.481503294008752,4.826234340667725,388439,0.0,0.0
2019-01-18 00:00:00-05:00,4.9247300696814165,5.084784133727283,4.9247300696814165,4.998600959777832,320398,0.0,0.0
2019-01-21 00:00:00-05:00,4.98628791664461,5.0601587862314705,4.98628791664461,5.041691303253174,87101,0.0,0.0
2019-01-22 00:00:00-05:00,5.023225092164826,5.023225092164826,4.77083232782257,4.789300441741943,268436,0.0,0.0
2019-01-23 00:00:00-05:00,4.826234237031446,4.986287944991834,4.789298958306984,4.918572902679443,110899,0.0,0.0
2019-01-24 00:00:00-05:00,4.90010688079402,4.937042170532481,4.807767875052903,4.906262397766113,89816,0.0,0.0
2019-01-25 00:00:00-05:00,4.9247300696814165,5.01091293107289,4.912418410944336,4.998600959777832,98228,0.0,0.0
2019-01-28 00:00:00-05:00,4.875482437503415,5.017068377521376,4.832391010096566,4.96782112121582,96258,0.0,0.0
2019-01-29 00:00:00-05:00,4.986288316358805,5.017067769681221,4.949352722325573,5.01091194152832,102061,0.0,0.0
2019-01-30 00:00:00-05:00,5.020918846130371,5.027171144585392,4.9708969662954745,5.020918846130371,48076,0.236664,0.0
2019-01-31 00:00:00-05:00,5.014662142121219,5.014662142121219,4.927124632543649,4.9646406173706055,61865,0.0,0.0
2019-02-01 00:00:00-05:00,4.977148221666118,5.002158676943003,4.927126676168067,4.970895290374756,60321,0.0,0.0
2019-02-04 00:00:00-05:00,4.939629911718643,4.945882840890159,4.870850548080262,4.889608383178711,71395,0.0,0.0
2019-02-05 00:00:00-05:00,4.883357427017095,5.03342206351125,4.883357427017095,4.970895290374756,108397,0.0,0.0
2019-02-06 00:00:00-05:00,4.977149135619946,5.002159595489502,4.9396324933990154,5.002159595489502,67402,0.0,0.0
2019-02-07 00:00:00-05:00,4.964642419217483,4.977147963679852,4.895862718354764,4.914620876312256,53293,0.0,0.0
2019-02-08 00:00:00-05:00,4.883357761111942,4.952137470245361,4.845841440685654,4.952137470245361,97003,0.0,0.0
2019-02-11 00:00:00-05:00,4.977148562177661,4.989653790671649,4.927127013257387,4.952137470245361,45786,0.0,0.0
2019-02-12 00:00:00-05:00,4.989654365554724,5.0271703728312565,4.977149135619946,5.002159595489502,79541,0.0,0.0
2019-02-13 00:00:00-05:00,5.020918846130371,5.020918846130371,4.983402198150012,5.020918846130371,54518,0.0,0.0
2019-02-14 00:00:00-05:00,5.002159595489502,5.020918075336067,4.952138040805992,5.002159595489502,58777,0.0,0.0
2019-02-15 00:00:00-05:00,5.002158709074169,5.083443641662598,4.9896534813554,5.083443641662598,134804,0.0,0.0
2019-02-19 00:00:00-05:00,5.058430165372971,5.139715049418749,5.058430165372971,5.114704608917236,66231,0.0,0.0
2019-02-20 00:00:00-05:00,5.127211285985942,5.277276203229198,5.127211285985942,5.271023273468018,86888,0.0,0.0
2019-02-21 00:00:00-05:00,5.264773600218333,5.421090890116047,5.264773600218333,5.327300071716309,180217,0.0,0.0
2019-02-22 00:00:00-05:00,5.377318377670846,5.477361421681841,5.364812520961483,5.383570671081543,120589,0.0,0.0
2019-02-25 00:00:00-05:00,5.4398473436119925,5.558648586273193,5.4398473436119925,5.558648586273193,95406,0.0,0.0
2019-02-26 00:00:00-05:00,5.56490209543904,5.61492364307608,5.533638707533929,5.608670711517334,120269,0.0,0.0
2019-02-27 00:00:00-05:00,5.606133535925044,5.631500956137359,5.530031919278358,5.574424743652344,75920,0.236664,0.0
2019-02-28 00:00:00-05:00,5.574422700311375,5.587106083773228,5.434903550260942,5.4539289474487305,106267,0.0,0.0
2019-03-01 00:00:00-05:00,5.4919787063679655,5.530029498031295,5.453928558694611,5.460269927978516,47916,0.0,0.0
2019-03-04 00:00:00-05:00,5.485638822942784,5.549056396899182,5.13049918520567,5.352461338043213,175639,0.0,0.0
2019-03-05 00:00:00-05:00,5.377825416428672,5.377825416428672,5.149521376620092,5.187572479248047,111698,0.0,0.0
2019-03-06 00:00:00-05:00,5.181236312298771,5.3397809811166335,5.149527185338044,5.289046764373779,118459,0.0,0.0
2019-03-07 00:00:00-05:00,5.282700896995682,5.282700896995682,4.946586714458721,5.003662586212158,212854,0.0,0.0
2019-03-08 00:00:00-05:00,4.914879799822387,4.921221816616028,4.388512369650469,4.762677192687988,406168,0.0,0.0
2019-03-11 00:00:00-04:00,5.060740797041605,5.2953863915477815,4.940246991540269,5.263677597045898,246608,0.0,0.0
2019-03-12 00:00:00-04:00,5.282702423090993,5.314411214114772,5.079765645346622,5.130499839782715,106853,0.0,0.0
2019-03-13 00:00:00-04:00,5.200261402080899,5.320755569339249,5.155868881932086,5.289046764373779,69372,0.0,0.0
2019-03-14 00:00:00-04:00,5.276361307505353,5.3144117965047,5.187576618510111,5.200259685516357,96577,0.0,0.0
2019-03-15 00:00:00-04:00,5.238310819040513,5.289045019041587,5.18757661903944,5.263677597045898,81723,0.0,0.0
2019-03-18 00:00:00-04:00,5.263676969378803,5.339778582300829,5.200259065942153,5.314411163330078,111910,0.0,0.0
2019-03-19 00:00:00-04:00,5.346119323051513,5.384170447016487,5.320752551065014,5.352461338043213,117927,0.0,0.0
2019-03-20 00:00:00-04:00,5.377829066766728,5.377829066766728,5.301727775839816,5.314411163330078,110260,0.0,0.0
2019-03-21 00:00:00-04:00,5.282702445983887,5.2953858336503155,5.174892362838767,5.282702445983887,149764,0.0,0.0
2019-03-22 00:00:00-04:00,5.2383104078436045,5.2383104078436045,5.079765803789322,5.105132579803467,213972,0.0,0.0
2019-03-25 00:00:00-04:00,5.01634932821861,5.086108948135368,4.800728772656415,4.9529314041137695,236705,0.0,0.0
2019-03-26 00:00:00-04:00,5.035373144716262,5.136841533588448,5.035373144716262,5.130499839782715,99985,0.0,0.0
2019-03-27 00:00:00-04:00,5.136844186021431,5.136844186021431,4.997325240278489,5.0607428550720215,145239,0.0,0.0
2019-03-28 00:00:00-04:00,5.058161376019398,5.058161376019398,4.967952366521953,5.038830757141113,65592,0.236664,0.0
2019-03-29 00:00:00-04:00,5.04527634607696,5.09038070361612,4.961510409588132,5.000171661376953,80073,0.0,0.0
2019-04-01 00:00:00-04:00,5.013058443933584,5.141928727410769,5.013058443933584,5.116154670715332,104776,0.0,0.0
2019-04-02 00:00:00-04:00,5.141928727410769,5.148372159794422,5.038832173468199,5.116154670715332,63196,0.0,0.0
2019-04-03 00:00:00-04:00,5.122601501237275,5.18703652213919,5.103270864102285,5.154819011688232,74110,0.0,0.0
2019-04-04 00:00:00-04:00,5.141927788364741,5.245023996318515,5.141927788364741,5.225693702697754,82043,0.0,0.0
2019-04-05 00:00:00-04:00,5.238581098210751,5.238581098210751,5.167702688973719,5.199920177459717,15919,0.0,0.0
2019-04-08 00:00:00-04:00,5.193478865212765,5.212809497059602,5.116156664986364,5.206366062164307,59256,0.0,0.0
2019-04-09 00:00:00-04:00,5.167703687666814,5.167703687666814,5.122598998773147,5.141929626464844,66976,0.0,0.0
2019-04-10 00:00:00-04:00,5.148373691210143,5.199921819934327,5.129043388309262,5.174148082733154,50791,0.0,0.0
2019-04-11 00:00:00-04:00,5.154817125510436,5.219252449996127,5.154817125510436,5.174148082733154,56701,0.0,0.0
2019-04-12 00:00:00-04:00,5.212809433973075,5.296575068081022,5.212809433973075,5.264357566833496,113934,0.0,0.0
2019-04-15 00:00:00-04:00,5.27724180667464,5.283684910720798,5.199919323548548,5.225693702697754,71927,0.0,0.0
2019-04-16 00:00:00-04:00,5.251469135284424,5.270800089513067,5.2128082083097445,5.251469135284424,66018,0.0,0.0
2019-04-17 00:00:00-04:00,5.290131633263706,5.309462264876601,5.25791413201618,5.264357566833496,59309,0.0,0.0
2019-04-18 00:00:00-04:00,5.264354041844615,5.309458709685828,5.264354041844615,5.277241230010986,86728,0.0,0.0
2019-04-22 00:00:00-04:00,5.257912713282981,5.309460832234265,5.2256952207286425,5.296573638916016,50738,0.0,0.0
2019-04-23 00:00:00-04:00,5.303016364117309,5.3674516677856445,5.303016364117309,5.3674516677856445,58937,0.0,0.0
2019-04-24 00:00:00-04:00,5.141928080081642,5.141928080081642,5.0710493513020705,5.0839362144470215,596607,0.0,0.0
2019-04-25 00:00:00-04:00,5.103268246363404,5.167703561374043,5.103268246363404,5.16126012802124,127989,0.0,0.0
2019-04-26 00:00:00-04:00,5.180590912381172,5.1999215414075515,5.135486220373252,5.193478107452393,131769,0.0,0.0
2019-04-29 00:00:00-04:00,5.2104955435411755,5.217040970922973,5.171219988042588,5.203949451446533,137679,0.236664,0.0
2019-04-30 00:00:00-04:00,5.21049559778783,5.217041025237772,5.151582762461238,5.164674282073975,90348,0.0,0.0
2019-05-01 00:00:00-04:00,5.177768519464378,5.197406140287049,5.099218368530273,5.099218368530273,102168,0.0,0.0
2019-05-02 00:00:00-04:00,5.099217219114436,5.105762980460986,5.027212847232886,5.053396224975586,91679,0.0,0.0
2019-05-03 00:00:00-04:00,5.073034690767359,5.1384933165508,5.066488927895988,5.11230993270874,59682,0.0,0.0
2019-05-06 00:00:00-04:00,5.020664882769254,5.0468485831120935,4.961752387888815,5.033756732940674,193900,0.0,0.0
2019-05-07 00:00:00-04:00,4.955208139466191,4.987937276336919,4.75228689262601,4.804653644561768,269501,0.0,0.0
2019-05-08 00:00:00-04:00,4.77847000661487,5.073032887015012,4.765378153170449,4.968299388885498,100677,0.0,0.0
2019-05-09 00:00:00-04:00,4.922478300128739,4.968299287716468,4.804653283310527,4.909387111663818,93862,0.0,0.0
2019-05-10 00:00:00-04:00,4.876656551376591,5.007573392016396,4.876656551376591,4.961752414703369,121174,0.0,0.0
2019-05-13 00:00:00-04:00,4.88320401465961,4.896295869471111,4.811199644087593,4.8635663986206055,77038,0.0,0.0
2019-05-14 00:00:00-04:00,4.876658655451612,5.027213170234483,4.876658655451612,5.02066707611084,55263,0.0,0.0
2019-05-15 00:00:00-04:00,4.974844118698657,5.07303183594082,4.929023472027857,5.0272111892700195,58032,0.0,0.0
2019-05-16 00:00:00-04:00,5.053395199434499,5.099216184274393,5.0272118270054795,5.059941291809082,41740,0.0,0.0
2019-05-17 00:00:00-04:00,5.0403036348822,5.05994158077099,4.994482979782028,5.046849727630615,47011,0.0,0.0
2019-05-21 00:00:00-04:00,5.086124420166016,5.11885355318129,5.0533952871507415,5.086124420166016,90295,0.0,0.0
2019-05-22 00:00:00-04:00,5.073032769198453,5.079578861946868,5.027212114098281,5.046849727630615,59096,0.0,0.0
2019-05-23 00:00:00-04:00,5.014119686583509,5.014119686583509,4.817744238468161,4.922477722167969,168132,0.0,0.0
2019-05-24 00:00:00-04:00,4.942116790133432,4.994483543896716,4.942116790133432,4.9879374504089355,74270,0.0,0.0
2019-05-27 00:00:00-04:00,5.001029014587402,5.0141205360896715,4.955208024616514,5.001029014587402,54198,0.0,0.0
2019-05-28 00:00:00-04:00,5.0141206394224636,5.040304015323072,4.955208126735215,4.9748454093933105,98388,0.0,0.0
2019-05-29 00:00:00-04:00,4.9093883917738665,4.9421175347178,4.79810877399402,4.876658916473389,148593,0.0,0.0
2019-05-30 00:00:00-04:00,4.893969114879151,4.947236760848896,4.840701468909407,4.854018211364746,106799,0.236664,0.0
2019-05-31 00:00:00-04:00,4.774118131899146,4.774118131899146,4.3346594176346676,4.401244163513184,327320,0.0,0.0
2019-06-03 00:00:00-04:00,4.387926720562643,4.481145627634918,4.288049778943133,4.447853088378906,198638,0.0,0.0
2019-06-04 00:00:00-04:00,4.561046998338857,4.70753288269043,4.541071542903652,4.70753288269043,148273,0.0,0.0
2019-06-05 00:00:00-04:00,4.734165713226261,4.754140824952573,4.607654981922154,4.740823745727539,75015,0.0,0.0
2019-06-06 00:00:00-04:00,4.7741175832712655,4.8007514109471305,4.720849927919535,4.760800838470459,53559,0.0,0.0
2019-06-07 00:00:00-04:00,4.760800876542394,4.800751449338549,4.69421613778313,4.70753288269043,48289,0.0,0.0
2019-06-10 00:00:00-04:00,4.747483461671697,4.8207265677643,4.707532553594193,4.767458915710449,108184,0.0,0.0
2019-06-11 00:00:00-04:00,4.7674601431722445,4.7807772286515275,4.714192477403748,4.7474846839904785,49673,0.0,0.0
2019-06-12 00:00:00-04:00,4.747482245967361,4.760799324607789,4.574362590160815,4.674239158630371,88645,0.0,0.0
2019-06-13 00:00:00-04:00,4.680898611590865,4.720849177718904,4.634289336046322,4.654264450073242,61013,0.0,0.0
2019-06-14 00:00:00-04:00,4.634290602356993,4.760801382800629,4.607656771635926,4.720850467681885,58458,0.0,0.0
2019-06-17 00:00:00-04:00,4.760800447651331,4.787434273140797,4.7275082503080545,4.734166622161865,42166,0.0,0.0
2019-06-18 00:00:00-04:00,4.767459061617339,4.827385425567627,4.767459061617339,4.827385425567627,57552,0.0,0.0
2019-06-19 00:00:00-04:00,4.847360428921194,4.907286453397517,4.8340436848483375,4.840702056884766,100730,0.0,0.0
2019-06-20 00:00:00-04:00,4.900628115818357,4.920603570142327,4.847360463003927,4.913945198059082,75601,0.0,0.0
2019-06-21 00:00:00-04:00,4.920603840535572,4.953896040855478,4.880653267766534,4.893970012664795,73418,0.0,0.0
2019-06-24 00:00:00-04:00,4.887311910980811,4.920604113145162,4.854019370742188,4.873994827270508,75335,0.0,0.0
2019-06-25 00:00:00-04:00,4.8673360658956035,4.8806531485428115,4.767459129301404,4.847360610961914,67029,0.0,0.0
2019-06-26 00:00:00-04:00,4.854017317842743,4.887309844001027,4.840700577838734,4.880651473999023,81777,0.0,0.0
2019-06-27 00:00:00-04:00,4.857617257780065,4.877942085266113,4.749218636504071,4.877942085266113,62291,0.236664,0.0
2019-06-28 00:00:00-04:00,4.877943090468883,4.925367583046744,4.816968939432929,4.85084342956543,45786,0.0,0.0
2019-07-02 00:00:00-04:00,4.877943666215462,4.9389178244482315,4.8643940061580935,4.911818504333496,39078,0.0,0.0
2019-07-03 00:00:00-04:00,4.918593826078184,4.945693492889404,4.891493815279622,4.945693492889404,37907,0.0,0.0
2019-07-04 00:00:00-04:00,4.966018328994655,4.966018328994655,4.925368656784154,4.945693492889404,27738,0.0,0.0
2019-07-05 00:00:00-04:00,4.9456929984642235,4.9456929984642235,4.891493326272829,4.911818504333496,38013,0.0,0.0
2019-07-08 00:00:00-04:00,4.905042597636345,4.9456922597111,4.8914925956156745,4.93214225769043,47650,0.0,0.0
2019-07-09 00:00:00-04:00,4.918591216012889,4.938915697345549,4.877941565373248,4.905041217803955,29761,0.0,0.0
2019-07-10 00:00:00-04:00,4.932143487490123,5.006667657217813,4.932143487490123,4.945693492889404,48129,0.0,0.0
2019-07-11 00:00:00-04:00,4.9524664407511345,4.99311575352011,4.89826712773436,4.9795660972595215,38705,0.0,0.0
2019-07-12 00:00:00-04:00,4.986340925389816,4.999890925637615,4.966016440998933,4.9795660972595215,16984,0.0,0.0
2019-07-15 00:00:00-04:00,4.999890567233435,4.999890567233435,4.959240913391113,4.959240913391113,17356,0.0,0.0
2019-07-16 00:00:00-04:00,4.9660162925720215,4.97956594842763,4.925366637030793,4.9660162925720215,47437,0.0,0.0
2019-07-17 00:00:00-04:00,4.959241268881428,4.986340925389816,4.94569161262084,4.9795660972595215,26141,0.0,0.0
2019-07-18 00:00:00-04:00,4.972792660629676,5.040541648864746,4.972792660629676,5.040541648864746,47863,0.0,0.0
2019-07-19 00:00:00-04:00,5.047317115607037,5.115066451758669,5.047317115607037,5.087966442108154,102327,0.0,0.0
2019-07-22 00:00:00-04:00,5.13538789305306,5.209912015362972,5.115063413867094,5.196362018585205,79541,0.0,0.0
2019-07-23 00:00:00-04:00,5.209914278459363,5.338638099808618,5.209914278459363,5.331862926483154,112922,0.0,0.0
2019-07-24 00:00:00-04:00,5.338636891380777,5.3725113743913395,5.3183117199923675,5.35218620300293,48981,0.0,0.0
2019-07-25 00:00:00-04:00,5.352187930091153,5.365737934060122,5.230239614306962,5.2708892822265625,106107,0.0,0.0
2019-07-26 00:00:00-04:00,5.297985930073778,5.3386359214782715,5.297985930073778,5.3386359214782715,52548,0.0,0.0
2019-07-29 00:00:00-04:00,5.345412254333496,5.352187083252394,5.304762936832856,5.345412254333496,99559,0.0,0.0
2019-07-30 00:00:00-04:00,5.335773798340113,5.342658924409191,5.246270655139732,5.2875800132751465,74589,0.236664,0.0
2019-07-31 00:00:00-04:00,5.273810037524321,5.308234618682725,5.253155708312988,5.253155708312988,44455,0.0,0.0
2019-08-01 00:00:00-04:00,5.232501998433745,5.322005862084586,5.005301523301662,5.10168981552124,149338,0.0,0.0
2019-08-02 00:00:00-04:00,5.081033029427779,5.156766606329516,4.970874876935443,5.087917804718018,108716,0.0,0.0
2019-08-06 00:00:00-04:00,4.922682084758095,4.984645773900974,4.846948143141597,4.908912181854248,176757,0.0,0.0
2019-08-07 00:00:00-04:00,4.8813728539288865,4.902027184472921,4.736790792271737,4.88825798034668,175479,0.0,0.0
2019-08-08 00:00:00-04:00,4.9089112391414895,5.025954167852929,4.9089112391414895,4.991529941558838,72779,0.0,0.0
2019-08-09 00:00:00-04:00,5.08791812479396,5.08791812479396,4.929566185738483,4.977760314941406,66656,0.0,0.0
2019-08-12 00:00:00-04:00,4.9502198326117695,4.9502198326117695,4.75744335590618,4.764328479766846,123943,0.0,0.0
2019-08-13 00:00:00-04:00,4.764329586428232,4.8882573003007375,4.750559685078073,4.853832721710205,86994,0.0,0.0
2019-08-14 00:00:00-04:00,4.71613512948026,4.723019904893724,4.461394943484965,4.530243396759033,266945,0.0,0.0
2019-08-15 00:00:00-04:00,4.4476249062123285,4.468279581386783,4.234194078405592,4.241078853607178,193794,0.0,0.0
2019-08-16 00:00:00-04:00,4.137806560653665,4.337467873443476,4.117151881818554,4.268619060516357,158495,0.0,0.0
2019-08-19 00:00:00-04:00,4.371891620434655,4.447625201387393,4.289273263823411,4.309927940368652,161370,0.0,0.0
2019-08-20 00:00:00-04:00,4.130920501895855,4.130920501895855,3.993223268355877,4.006992816925049,242029,0.0,0.0
2019-08-21 00:00:00-04:00,4.055187905189051,4.117151587698072,4.04141835332915,4.0896124839782715,82841,0.0,0.0
2019-08-22 00:00:00-04:00,4.144691068862545,4.1997699711666066,4.110266492745226,4.179115295410156,83587,0.0,0.0
2019-08-23 00:00:00-04:00,3.9932235424834457,4.055187214437717,3.9037200723609704,3.931259870529175,283343,0.0,0.0
2019-08-26 00:00:00-04:00,3.9243741608994918,3.986338173181784,3.766022267683006,3.8348710536956787,194486,0.0,0.0
2019-08-27 00:00:00-04:00,3.8211013517851002,3.8279864754366844,3.490627651446515,3.5319366455078125,177236,0.0,0.0
2019-08-28 00:00:00-04:00,3.4355495761168546,3.731599126832848,3.4286648003987317,3.697174549102783,244105,0.0,0.0
2019-08-29 00:00:00-04:00,3.77979382368324,4.24796493508489,3.77979382368324,4.220425128936768,314329,0.0,0.0
2019-08-30 00:00:00-04:00,4.330582946592018,4.426970861858084,4.199770451273306,4.261734485626221,168931,0.0,0.0
2019-09-03 00:00:00-04:00,4.172231612224897,4.172231612224897,4.013879625987283,4.117152690887451,111910,0.0,0.0
2019-09-04 00:00:00-04:00,4.1653472463467205,4.213541394675192,4.089613984196108,4.103383541107178,79807,0.0,0.0
2019-09-05 00:00:00-04:00,4.199769852827966,4.330582329506582,4.19288507762638,4.241078853607178,123570,0.0,0.0
2019-09-06 00:00:00-04:00,4.241079256745877,4.268618709739699,4.192885476183987,4.247964382171631,63196,0.0,0.0
2019-09-09 00:00:00-04:00,4.247964075999426,4.454510133351138,4.247964075999426,4.420085906982422,123410,0.0,0.0
2019-09-10 00:00:00-04:00,4.447625534350543,4.7436747550964355,4.440740758176621,4.7436747550964355,134537,0.0,0.0
2019-09-11 00:00:00-04:00,4.750560221093759,4.936451638092169,4.750560221093759,4.908912181854248,148806,0.0,0.0
2019-09-12 00:00:00-04:00,4.874486533208713,4.936450204354931,4.819407636729926,4.9295654296875,109195,0.0,0.0
2019-09-13 00:00:00-04:00,4.908911979610597,4.977760792153764,4.908911979610597,4.957106113433838,120589,0.0,0.0
2019-09-16 00:00:00-04:00,4.943337183890026,4.950221961141403,4.764330528365634,4.812524318695068,147635,0.0,0.0
2019-09-17 00:00:00-04:00,4.812522611265033,4.819407735643445,4.695480041237846,4.805637836456299,79647,0.0,0.0
2019-09-18 00:00:00-04:00,4.798753809992311,4.984645568916015,4.798753809992311,4.936451435089111,145558,0.0,0.0
2019-09-19 00:00:00-04:00,4.991529941558838,5.025954167852929,4.970874916384796,4.991529941558838,97429,0.0,0.0
2019-09-20 00:00:00-04:00,5.04660919818709,5.053493974015903,4.991530292417125,5.0121846199035645,79966,0.0,0.0
2019-09-23 00:00:00-04:00,5.012185298611678,5.039724755225823,4.991530968328402,5.005300521850586,54784,0.0,0.0
2019-09-24 00:00:00-04:00,5.012183774405681,5.032838447977644,4.915795530782968,4.9295654296875,114413,0.0,0.0
2019-09-25 00:00:00-04:00,4.895142426843818,4.963990889817227,4.83317839068404,4.957106113433838,101582,0.0,0.0
2019-09-26 00:00:00-04:00,4.936451434713912,4.9915306944903,4.929566658330523,4.957106113433838,85876,0.0,0.0
2019-09-27 00:00:00-04:00,4.989338872957295,4.989338872957295,4.84918937034888,4.912256717681885,77571,0.236664,0.0
2019-09-30 00:00:00-04:00,4.905249245387037,4.905249245387037,4.8632041105532755,4.884226322174072,58830,0.0,0.0
2019-10-01 00:00:00-04:00,4.877219791996063,4.877219791996063,4.393702469044747,4.4567694664001465,206039,0.0,0.0
2019-10-02 00:00:00-04:00,4.344649281372017,4.344649281372017,4.029311824922529,4.253551959991455,225471,0.0,0.0
2019-10-03 00:00:00-04:00,4.2535531136490174,4.561882893775002,4.169463173614657,4.407718181610107,238568,0.0,0.0
2019-10-04 00:00:00-04:00,4.42173404601063,4.589914321899414,4.42173404601063,4.589914321899414,100517,0.0,0.0
2019-10-07 00:00:00-04:00,4.5688904545750155,4.5688904545750155,4.330635457063767,4.3446502685546875,79807,0.0,0.0
2019-10-08 00:00:00-04:00,4.253551518261074,4.442754257118982,4.211506386115747,4.267566680908203,110367,0.0,0.0
2019-10-09 00:00:00-04:00,4.30961207973064,4.358664622386568,4.295596915059184,4.302604675292969,57606,0.0,0.0
2019-10-10 00:00:00-04:00,4.30961332336972,4.463778400263092,4.302605916909899,4.386695861816406,83906,0.0,0.0
2019-10-11 00:00:00-04:00,4.484800253139415,4.681010092987363,4.484800253139415,4.554875373840332,93809,0.0,0.0
2019-10-15 00:00:00-04:00,4.589912361019173,4.8071447539494185,4.589912361019173,4.751084804534912,89976,0.0,0.0
2019-10-16 00:00:00-04:00,4.744078482002968,4.849191000081951,4.744078482002968,4.786123275756836,42805,0.0,0.0
2019-10-17 00:00:00-04:00,4.8001381595034776,4.835175544852958,4.744078200625833,4.793130397796631,49673,0.0,0.0
2019-10-18 00:00:00-04:00,4.7721065410298635,4.828166484832764,4.7650994927996155,4.828166484832764,114892,0.0,0.0
2019-10-21 00:00:00-04:00,4.849189616133805,4.9052495623370485,4.849189616133805,4.891234397888184,75122,0.0,0.0
2019-10-22 00:00:00-04:00,4.88422578438281,4.898240946382914,4.835173606872559,4.835173606872559,65219,0.0,0.0
2019-10-23 00:00:00-04:00,4.84918944245817,4.84918944245817,4.77911433431583,4.84218168258667,92478,0.0,0.0
2019-10-24 00:00:00-04:00,4.849189408503966,4.863204216556645,4.779114300852295,4.828166484832764,32317,0.0,0.0
2019-10-25 00:00:00-04:00,4.8141527646153515,4.870212716942717,4.8141527646153515,4.8632049560546875,54784,0.0,0.0
2019-10-28 00:00:00-04:00,4.8912341499721865,4.940286689362785,4.863204178291286,4.912256717681885,67029,0.0,0.0
2019-10-29 00:00:00-04:00,4.940287453551109,4.961310024512683,4.891234906572818,4.905250072479248,101742,0.0,0.0
2019-10-30 00:00:00-04:00,4.888123035430908,4.888123035430908,4.709724268137929,4.888123035430908,96631,0.236664,0.0
2019-10-31 00:00:00-04:00,4.852443098536119,4.880986493575527,4.666908132237692,4.709723949432373,64048,0.0,0.0
2019-11-01 00:00:00-04:00,4.738269053178115,4.788220733326517,4.731133202390597,4.773948669433594,32636,0.0,0.0
2019-11-04 00:00:00-05:00,4.866716092218422,4.895259857177734,4.831036476598751,4.895259857177734,52335,0.0,0.0
2019-11-05 00:00:00-05:00,4.923803171991873,4.973754484365598,4.909531471975908,4.9594831466674805,42805,0.0,0.0
2019-11-06 00:00:00-05:00,4.97375501463552,5.009434993115099,4.9238036969363055,4.980891227722168,62238,0.0,0.0
2019-11-07 00:00:00-05:00,4.995163165803585,5.045114482245067,4.995163165803585,5.0308427810668945,61812,0.0,0.0
2019-11-08 00:00:00-05:00,5.030842292092995,5.045113991884026,4.930938944284404,4.973754405975342,84811,0.0,0.0
2019-11-11 00:00:00-05:00,4.973754024933854,4.988026085949338,4.945210627538512,4.966618537902832,36150,0.0,0.0
2019-11-12 00:00:00-05:00,4.988028334250652,4.995164549133875,4.9452128565411995,4.952348709106445,61865,0.0,0.0
2019-11-13 00:00:00-05:00,4.945209825730245,4.959481884431682,4.930937767028809,4.930937767028809,34287,0.0,0.0
2019-11-14 00:00:00-05:00,4.938075542449951,4.945211392903194,4.895259715094754,4.938075542449951,36629,0.0,0.0
2019-11-15 00:00:00-05:00,4.952347462329237,4.995163291577576,4.9380757607917145,4.980891227722168,48129,0.0,0.0
2019-11-18 00:00:00-05:00,4.995162981613736,5.016570894909485,4.980890918643949,5.002298831939697,62717,0.0,0.0
2019-11-19 00:00:00-05:00,5.009432792663574,5.023704487932089,5.002296945029317,5.009432792663574,60161,0.0,0.0
2019-11-20 00:00:00-05:00,4.980890918643949,5.016570894909485,4.980890918643949,5.002298831939697,117927,0.0,0.0
2019-11-21 00:00:00-05:00,5.016573011215294,5.045116424560547,5.009436795560965,5.045116424560547,44083,0.0,0.0
2019-11-22 00:00:00-05:00,5.0522501144844085,5.1022017875026995,5.0522501144844085,5.087929725646973,41367,0.0,0.0
2019-11-25 00:00:00-05:00,5.095065964823535,5.152153491973877,5.095065964823535,5.152153491973877,88698,0.0,0.0
2019-11-26 00:00:00-05:00,5.13788173799658,5.152153438477046,5.123610037516115,5.130745887756348,66497,0.0,0.0
2019-11-27 00:00:00-05:00,5.152153438477046,5.152153438477046,5.123610037516115,5.130745887756348,84332,0.0,0.0
2019-11-28 00:00:00-05:00,5.1641584797692115,5.1641584797692115,5.0479468575535895,5.091526031494141,47703,0.236664,0.0
2019-11-29 00:00:00-05:00,5.076996272580148,5.076996272580148,5.0552068833980535,5.069733142852783,46159,0.0,0.0
2019-12-02 00:00:00-05:00,5.062472091668787,5.091525362184088,5.011629790218423,5.026156425476074,61226,0.0,0.0
2019-12-03 00:00:00-05:00,4.989839349085553,4.989839349085553,4.837311001446022,4.888154029846191,173403,0.0,0.0
2019-12-04 00:00:00-05:00,4.866365776240422,4.982577394992983,4.866365776240422,4.938998222351074,80872,0.0,0.0
2019-12-05 00:00:00-05:00,4.960788650732634,4.975315290472754,4.888156558374072,4.909945964813232,88112,0.0,0.0
2019-12-06 00:00:00-05:00,4.960787078761305,5.0334195168848215,4.960787078761305,4.982576847076416,46691,0.0,0.0
2019-12-09 00:00:00-05:00,4.982576107702536,5.02615563786591,4.93899694631967,4.96078634262085,71182,0.0,0.0
2019-12-10 00:00:00-05:00,4.968050211939488,5.026156383706638,4.968050211939488,4.982576847076416,59629,0.0,0.0
2019-12-11 00:00:00-05:00,4.997101466949354,5.040680617224127,4.997101466949354,5.018890857696533,24437,0.0,0.0
2019-12-12 00:00:00-05:00,5.026156409345134,5.084262212628121,5.018892907349338,5.076998710632324,69106,0.0,0.0
2019-12-13 00:00:00-05:00,5.076999918315581,5.106053195648641,5.055210513486764,5.098789691925049,40036,0.0,0.0
2019-12-16 00:00:00-05:00,5.12784199896569,5.1568952728907105,5.106052596692837,5.135105133056641,66710,0.0,0.0
2019-12-17 00:00:00-05:00,5.156892039044741,5.185944557189941,5.135101912875086,5.185944557189941,80446,0.0,0.0
2019-12-18 00:00:00-05:00,5.2004743242691305,5.222264094811635,5.164158285885357,5.171421051025391,56701,0.0,0.0
2019-12-19 00:00:00-05:00,5.178684711456299,5.2004744826624645,5.171421208533836,5.178684711456299,36097,0.0,0.0
2019-12-20 00:00:00-05:00,5.193209171295166,5.200472302391988,5.178682540321065,5.193209171295166,63569,0.0,0.0
2019-12-23 00:00:00-05:00,5.20773596356218,5.20773596356218,5.171419566820663,5.200472831726074,72140,0.0,0.0
2019-12-24 00:00:00-05:00,5.200472831726074,5.222262596014885,5.193209699889969,5.200472831726074,55583,0.0,0.0
2019-12-27 00:00:00-05:00,5.222262647916905,5.222262647916905,5.193209751503242,5.207736015319824,152160,0.0,0.0
2019-12-30 00:00:00-05:00,5.197385545410776,5.204778221206581,5.1308469587238195,5.182599067687988,86036,0.236664,0.0
2019-12-31 00:00:00-05:00,5.175205373642636,5.189991474151611,5.153025472125149,5.189991474151611,55370,0.0,0.0
2020-01-02 00:00:00-05:00,5.21217376413826,5.278712002465737,5.204780334586265,5.249139785766602,60853,0.0,0.0
2020-01-03 00:00:00-05:00,5.182598280763195,5.1899913308135,5.145632655134668,5.175205230712891,110260,0.0,0.0
2020-01-06 00:00:00-05:00,5.14563241103782,5.167811560136608,5.1012733620862765,5.160418510437012,109355,0.0,0.0
2020-01-07 00:00:00-05:00,5.160421403334377,5.204780101776123,5.160421403334377,5.204780101776123,49194,0.0,0.0
2020-01-08 00:00:00-05:00,5.21217162932487,5.2491376358125885,5.197385527031429,5.23435115814209,75175,0.0,0.0
2020-01-09 00:00:00-05:00,5.241745234829612,5.271317820579391,5.241745234829612,5.256531715393066,58564,0.0,0.0
2020-01-10 00:00:00-05:00,5.271317820579391,5.300890406329169,5.249138662799904,5.256531715393066,65751,0.0,0.0
2020-01-13 00:00:00-05:00,5.278711150324185,5.323070218966432,5.278711150324185,5.315677165985107,62397,0.0,0.0
2020-01-14 00:00:00-05:00,5.323070356251832,5.345249891144981,5.315677303079837,5.330463409423828,58777,0.0,0.0
2020-01-15 00:00:00-05:00,5.330462963507775,5.345249443991975,5.308283805847168,5.308283805847168,66763,0.0,0.0
2020-01-16 00:00:00-05:00,5.330461192033857,5.3526407177006625,5.308282041744055,5.323068141937256,66656,0.0,0.0
2020-01-17 00:00:00-05:00,5.330463409423828,5.352642944316976,5.315677303079837,5.330463409423828,99506,0.0,0.0
2020-01-20 00:00:00-05:00,5.33785548454519,5.389607598020986,5.315676329093069,5.382214546203613,91679,0.0,0.0
2020-01-21 00:00:00-05:00,5.367428442568866,5.397001025215451,5.352641963557028,5.382214546203613,60907,0.0,0.0
2020-01-22 00:00:00-05:00,5.389608858788916,5.419181823730469,5.389608858788916,5.419181823730469,50684,0.0,0.0
2020-01-23 00:00:00-05:00,5.4117885970529365,5.45614767074585,5.374822952560304,5.45614767074585,65858,0.0,0.0
2020-01-24 00:00:00-05:00,5.456147708162652,5.4635407620364385,5.38221604329319,5.404395580291748,101475,0.0,0.0
2020-01-27 00:00:00-05:00,5.323068694382406,5.367427750319743,5.286103064685987,5.345248222351074,169995,0.0,0.0
2020-01-28 00:00:00-05:00,5.367429630959622,5.419181755893742,5.352643148673941,5.397002220153809,75228,0.0,0.0
2020-01-29 00:00:00-05:00,5.426574259429653,5.433967312134709,5.3600360343298785,5.37482213973999,163553,0.0,0.0
2020-01-30 00:00:00-05:00,5.379334738127725,5.379334738127725,5.326669872823288,5.3718109130859375,112869,0.236664,0.0
2020-01-31 00:00:00-05:00,5.356766750529773,5.379337856742885,5.258960788260698,5.296578407287598,186659,0.0,0.0
2020-02-03 00:00:00-05:00,5.274005773712035,5.36428824935094,5.2439112331680615,5.3266706466674805,91413,0.0,0.0
2020-02-04 00:00:00-05:00,5.401906857035091,5.432000637054443,5.3868595850276995,5.432000637054443,101688,0.0,0.0
2020-02-05 00:00:00-05:00,5.447045901718161,5.454569725948037,5.409428308559079,5.424475193023682,74536,0.0,0.0
2020-02-06 00:00:00-05:00,5.432001280662632,5.469619274139404,5.432001280662632,5.469619274139404,49460,0.0,0.0
2020-02-07 00:00:00-05:00,5.454571537146876,5.469618426607822,5.439524265688228,5.447047710418701,39398,0.0,0.0
2020-02-10 00:00:00-05:00,5.43952397644232,5.499712295081,5.43952397644232,5.45457124710083,59416,0.0,0.0
2020-02-11 00:00:00-05:00,5.484666074770883,5.484666074770883,5.424477744605755,5.462095737457275,44189,0.0,0.0
2020-02-12 00:00:00-05:00,5.477142720035655,5.4846661659319045,5.447048554452893,5.469619274139404,48289,0.0,0.0
2020-02-13 00:00:00-05:00,5.447047909061835,5.462095181069226,5.432000637054443,5.432000637054443,52441,0.0,0.0
2020-02-14 00:00:00-05:00,5.45457124710083,5.477141580092074,5.447047420772734,5.45457124710083,34925,0.0,0.0
2020-02-18 00:00:00-05:00,5.462094691431245,5.46961813576166,5.432000150114224,5.45457124710083,89816,0.0,0.0
2020-02-19 00:00:00-05:00,5.4696191832284775,5.4771426289996805,5.454572291686073,5.462095737457275,35192,0.0,0.0
2020-02-20 00:00:00-05:00,5.469619274139404,5.4921899938259156,5.462095828243155,5.469619274139404,80978,0.0,0.0
2020-02-21 00:00:00-05:00,5.477140708572959,5.492187976837158,5.4545703791730915,5.492187976837158,106906,0.0,0.0
2020-02-24 00:00:00-05:00,5.379335484415771,5.439523801114449,5.319146785719425,5.416953086853027,203962,0.0,0.0
2020-02-25 00:00:00-05:00,5.409430028537468,5.462094904904013,5.168676744573487,5.198770523071289,351224,0.0,0.0
2020-02-26 00:00:00-05:00,5.116011536544412,5.266482329267128,4.988111076231849,5.085916996002197,305491,0.0,0.0
2020-02-27 00:00:00-05:00,4.875855503075895,4.929520633838537,4.714860500040879,4.822190761566162,253848,0.236664,0.0
2020-02-28 00:00:00-05:00,4.592197140052644,4.592197140052644,4.224207984171869,4.3852033615112305,518558,0.0,0.0
2020-03-02 00:00:00-05:00,4.599864137796119,5.036851542289092,4.469534472240529,4.990852355957031,290052,0.0,0.0
2020-03-03 00:00:00-05:00,5.1671810639817295,5.1671810639817295,4.7608597338049785,4.84519100189209,235108,0.0,0.0
2020-03-04 00:00:00-05:00,4.9831882930644555,4.990854243139117,4.891190664119304,4.975521564483643,95193,0.0,0.0
2020-03-05 00:00:00-05:00,4.85285757622791,4.85285757622791,4.699528485813517,4.760859966278076,212960,0.0,0.0
2020-03-06 00:00:00-05:00,4.523201700144924,4.6841971752153455,4.461870201809461,4.622865676879883,286218,0.0,0.0
2020-03-09 00:00:00-04:00,3.833221019944583,4.208877055917583,3.833221019944583,4.009549140930176,377898,0.0,0.0
2020-03-10 00:00:00-04:00,4.369871572911361,4.461868791332582,4.2318755506530366,4.300873756408691,314808,0.0,0.0
2020-03-11 00:00:00-04:00,4.2165435193266445,4.231876196778022,3.9252183659669613,3.9865498542785645,262686,0.0,0.0
2020-03-12 00:00:00-04:00,3.15857345381598,3.6722252318193527,3.0435768422913902,3.0665762424468994,593253,0.0,0.0
2020-03-13 00:00:00-04:00,3.47289740494416,3.6645585350866106,3.1509070021370613,3.6492254734039307,429221,0.0,0.0
2020-03-16 00:00:00-04:00,3.1049073912865985,3.258236420463209,2.989910814030561,3.1202404499053955,443702,0.0,0.0
2020-03-17 00:00:00-04:00,3.166239041882527,3.2199039685426363,3.051242464626489,3.1202404499053955,246075,0.0,0.0
2020-03-18 00:00:00-04:00,2.782918073998159,3.1049083134720488,2.7292529367726055,2.9209136962890625,384020,0.0,0.0
2020-03-19 00:00:00-04:00,2.8059165088634104,3.0819086699203564,2.7905840327175286,2.936246156692505,237504,0.0,0.0
2020-03-20 00:00:00-04:00,3.0589102292178487,3.2045727879080785,2.9592464757069017,2.982245683670044,224833,0.0,0.0
2020-03-23 00:00:00-04:00,3.005245432213695,3.0359113707388787,2.7215872038378066,2.782918691635132,233457,0.0,0.0
2020-03-24 00:00:00-04:00,2.890248144918871,3.1125748354696405,2.874915081793253,3.0589098930358887,326734,0.0,0.0
2020-03-25 00:00:00-04:00,3.104907914175495,3.296569232923407,2.9975778481536985,3.281236171722412,321037,0.0,0.0
2020-03-26 00:00:00-04:00,3.357901651156648,3.8025554917531212,3.350234923756249,3.626227378845215,392911,0.0,0.0
2020-03-27 00:00:00-04:00,3.4498990247514154,3.6415594113019023,3.1585737191080194,3.5342295169830322,265721,0.0,0.0
2020-03-30 00:00:00-04:00,3.5265635941505953,3.595561816143472,3.388567928670997,3.488231897354126,136720,0.0,0.0
2020-03-31 00:00:00-04:00,3.4958962083326175,3.641558128655887,3.442231085448859,3.4728968143463135,201460,0.0,0.0
2020-04-01 00:00:00-04:00,3.373234491239712,3.411566568667553,3.2812368826081095,3.3195693492889404,175852,0.0,0.0
2020-04-02 00:00:00-04:00,3.2889025643231027,3.38856649071327,3.258237025272487,3.350234031677246,110154,0.0,0.0
2020-04-03 00:00:00-04:00,3.334901606608635,3.3425679432828135,3.1585733329584222,3.189239263534546,166961,0.0,0.0
2020-04-06 00:00:00-04:00,3.365567764351752,3.365567764351752,3.2812368826081095,3.3195693492889404,172657,0.0,0.0
2020-04-07 00:00:00-04:00,3.4652311314058433,3.64155922286202,3.388566980752791,3.434565782546997,195231,0.0,0.0
2020-04-08 00:00:00-04:00,3.472898878876246,3.5648961202580964,3.472898878876246,3.5265636444091797,100783,0.0,0.0
2020-04-09 00:00:00-04:00,3.6415605196526686,3.741224885200089,3.6338941797079083,3.664560317993164,220254,0.0,0.0
2020-04-13 00:00:00-04:00,3.725890088959239,3.725890088959239,3.4575644227411715,3.572561025619507,119045,0.0,0.0
2020-04-14 00:00:00-04:00,3.6185591653220217,3.710556353066916,3.610892830323161,3.6415581703186035,104936,0.0,0.0
2020-04-15 00:00:00-04:00,3.564895256681708,3.564895256681708,3.46523131072127,3.5342295169830322,93969,0.0,0.0
2020-04-16 00:00:00-04:00,3.5572284119570625,3.5572284119570625,3.4728975424945414,3.4805638790130615,39504,0.0,0.0
2020-04-17 00:00:00-04:00,3.6185596966108493,3.68755750023679,3.541895167607538,3.5878939628601074,82682,0.0,0.0
2020-04-20 00:00:00-04:00,3.541895022753788,3.5955601519360587,3.4805635577605925,3.5188956260681152,69425,0.0,0.0
2020-04-21 00:00:00-04:00,3.4652299880981445,3.518895109400952,3.4345646493569295,3.4652299880981445,116862,0.0,0.0
2020-04-22 00:00:00-04:00,3.5112296143400754,3.5418953496670893,3.457564480204568,3.4805638790130615,77304,0.0,0.0
2020-04-23 00:00:00-04:00,3.488231425030037,3.511230439993736,3.388567469841909,3.403900146484375,72566,0.0,0.0
2020-04-24 00:00:00-04:00,3.4115657120118357,3.472897176197039,3.3962326513390892,3.457564115524292,40249,0.0,0.0
2020-04-27 00:00:00-04:00,3.472899313068109,3.518897744883349,3.4422335621069053,3.495898723602295,71448,0.0,0.0
2020-04-28 00:00:00-04:00,3.549562016446181,3.6185598224720117,3.5418952908021457,3.572561025619507,61652,0.0,0.0
2020-04-29 00:00:00-04:00,3.6415613557421236,3.7488916966238595,3.618562330627349,3.7028932571411133,166535,0.0,0.0
2020-04-30 00:00:00-04:00,3.7028921835216586,3.7028921835216586,3.5495634476134303,3.580228805541992,88325,0.0,0.0
2020-05-01 00:00:00-04:00,3.511230532481723,3.511230532481723,3.388567559098877,3.449899435043335,126551,0.0,0.0
2020-05-04 00:00:00-04:00,3.380902544534235,3.449900786021514,3.350236399926653,3.396235227584839,33648,0.0,0.0
2020-05-05 00:00:00-04:00,3.4498978357804213,3.503562569818376,3.350233534915248,3.3732333183288574,77251,0.0,0.0
2020-05-06 00:00:00-04:00,3.3732333183288574,3.434564776588967,3.311901470815893,3.3732333183288574,35884,0.0,0.0
2020-05-07 00:00:00-04:00,3.4038993921694796,3.4422318537870993,3.3425679206848145,3.3425679206848145,32583,0.0,0.0
2020-05-08 00:00:00-04:00,3.365568017428788,3.4115668252035123,3.3195695989070826,3.3272359371185303,30027,0.0,0.0
2020-05-11 00:00:00-04:00,3.3272353671233534,3.3425680409195784,3.25057083038337,3.258237361907959,68467,0.0,0.0
2020-05-12 00:00:00-04:00,3.2659040775741097,3.2812367522348374,3.0895759834578933,3.1432409286499023,124049,0.0,0.0
2020-05-13 00:00:00-04:00,3.1202419362282905,3.1279084691896313,2.913248271043267,2.9669132232666016,155887,0.0,0.0
2020-05-14 00:00:00-04:00,2.9055802218376967,3.0129102649019077,2.8059161238549013,2.9515786170959473,128628,0.0,0.0
2020-05-15 00:00:00-04:00,2.9132471505340254,2.951579022091262,2.8749145004710375,2.936246156692505,38493,0.0,0.0
2020-05-19 00:00:00-04:00,3.173906689369698,3.173906689369698,3.0282445185059466,3.043577194213867,71448,0.0,0.0
2020-05-20 00:00:00-04:00,3.135575472971213,3.135575472971213,3.0742437839508057,3.0742437839508057,21296,0.0,0.0
2020-05-21 00:00:00-04:00,3.066577178545401,3.0742437124796704,2.974580133719926,3.0052456855773926,28909,0.0,0.0
2020-05-22 00:00:00-04:00,2.997578548803449,3.066576561829614,2.9515799383281722,3.020578145980835,39078,0.0,0.0
2020-05-25 00:00:00-04:00,3.0435778421273314,3.08191031806331,2.9975792213319323,3.0742437839508057,53719,0.0,0.0
2020-05-26 00:00:00-04:00,3.143240275552222,3.288902406202065,3.112574348723024,3.273569345474243,79487,0.0,0.0
2020-05-27 00:00:00-04:00,3.3195689018408348,3.411566108819049,3.17390617089249,3.2352378368377686,92957,0.0,0.0
2020-05-28 00:00:00-04:00,3.2352382261513086,3.258237627976738,3.120241606277147,3.1662402153015137,42965,0.0,0.0
2020-05-29 00:00:00-04:00,3.143241228715685,3.143241228715685,3.058910342272211,3.1125752925872803,33967,0.0,0.0
2020-06-01 00:00:00-04:00,3.1279083579647353,3.166240437528856,3.0972422272098252,3.1125752925872803,52335,0.0,0.0
2020-06-02 00:00:00-04:00,3.1202417526369683,3.150907688051472,3.097242155106215,3.1355748176574707,60481,0.0,0.0
2020-06-03 00:00:00-04:00,3.1815727576516,3.2505707614027832,3.1662398895542787,3.2429044246673584,109994,0.0,0.0
2020-06-04 00:00:00-04:00,3.219904930952658,3.2659039259314495,3.2045724516303364,3.2122387886047363,31465,0.0,0.0
2020-06-05 00:00:00-04:00,3.3732350084600227,3.449899564323721,3.3425688747121036,3.3885676860809326,73099,0.0,0.0
2020-06-08 00:00:00-04:00,3.4498998604705955,3.541896712599363,3.419233724090229,3.5265636444091797,100038,0.0,0.0
2020-06-09 00:00:00-04:00,3.472897176197039,3.4805635119069662,3.4115657120118357,3.457564115524292,47117,0.0,0.0
2020-06-10 00:00:00-04:00,3.442234055243025,3.4805661521227216,3.334903716876049,3.396235227584839,90029,0.0,0.0
2020-06-11 00:00:00-04:00,3.235238587067314,3.235238587067314,3.043577402811423,3.0972423553466797,191877,0.0,0.0
2020-06-12 00:00:00-04:00,3.173907489513757,3.258238589552747,3.0665773701148185,3.1509084701538086,131237,0.0,0.0
2020-06-15 00:00:00-04:00,3.081908387237663,3.2045714938030994,3.081908387237663,3.1202404499053955,78529,0.0,0.0
2020-06-16 00:00:00-04:00,3.2582382198905386,3.288903770184537,3.127908706665039,3.127908706665039,33275,0.0,0.0
2020-06-17 00:00:00-04:00,3.1815732342129723,3.1815732342129723,3.1279082851472197,3.1355748176574707,26833,0.0,0.0
2020-06-18 00:00:00-04:00,3.1125747780718696,3.1202413094933026,3.0359106316163795,3.051243305206299,51110,0.0,0.0
2020-06-19 00:00:00-04:00,3.1202417349794884,3.1202417349794884,3.074243124057792,3.081909656524658,11074,0.0,0.0
2020-06-22 00:00:00-04:00,3.104908316537444,3.104908316537444,3.0512433738853857,3.0665762424468994,13949,0.0,0.0
2020-06-23 00:00:00-04:00,3.0972422272098252,3.120241825276008,3.0665766803344328,3.1125752925872803,37747,0.0,0.0
2020-06-24 00:00:00-04:00,3.0742423799236374,3.0742423799236374,3.0129109135402654,3.0282437801361084,59256,0.0,0.0
2020-06-25 00:00:00-04:00,3.020577763399987,3.058909836627732,3.012911231978554,3.051243305206299,13949,0.0,0.0
2020-06-26 00:00:00-04:00,3.035910810743327,3.035910810743327,2.9515797386376956,2.974579334259033,46585,0.0,0.0
2020-06-29 00:00:00-04:00,2.9745800264820437,3.0359115172389637,2.951580425508403,2.989912509918213,23905,0.0,0.0
2020-06-30 00:00:00-04:00,2.974579158750809,3.051243305206299,2.9592460959079427,3.051243305206299,23479,0.0,0.0
2020-07-02 00:00:00-04:00,3.0359103792170288,3.089575510826031,2.943912982940674,2.943912982940674,65432,0.0,0.0
2020-07-03 00:00:00-04:00,2.959246959166283,2.989912509918213,2.928581019161293,2.989912509918213,14055,0.0,0.0
2020-07-06 00:00:00-04:00,3.012911053065129,3.028243920371022,2.9515793892150968,2.9592459201812744,16398,0.0,0.0
2020-07-07 00:00:00-04:00,2.9439138010517034,2.9745797380834964,2.8519165738358576,2.8672492504119873,103392,0.0,0.0
2020-07-08 00:00:00-04:00,2.8595833871855856,2.9515804287969347,2.8595833871855856,2.9132485389709473,42113,0.0,0.0
2020-07-09 00:00:00-04:00,2.8979143800758655,2.905580910854523,2.828916381573782,2.8442492485046387,97376,0.0,0.0
2020-07-10 00:00:00-04:00,2.867248716732075,2.905581179543638,2.8212501116858553,2.8979146480560303,19539,0.0,0.0
2020-07-13 00:00:00-04:00,2.9055814547889045,2.9055814547889045,2.8519163131713867,2.8519163131713867,37428,0.0,0.0
2020-07-14 00:00:00-04:00,2.8289181139002197,2.8365846493735836,2.798252555886492,2.813585042953491,52708,0.0,0.0
2020-07-15 00:00:00-04:00,2.813583616464433,2.936246759461916,2.813583616464433,2.9209136962890625,114253,0.0,0.0
2020-07-16 00:00:00-04:00,2.9055810659605887,2.936246606832836,2.874914941208938,2.8825814723968506,36789,0.0,0.0
2020-07-17 00:00:00-04:00,2.905580784538079,2.913247314983443,2.8519156552998752,2.8595821857452393,12884,0.0,0.0
2020-07-20 00:00:00-04:00,2.8365838407710515,2.8442501794324566,2.7752521583472056,2.782918691635132,78582,0.0,0.0
2020-07-21 00:00:00-04:00,2.7905852249230576,2.821250774195199,2.782918691635132,2.782918691635132,64474,0.0,0.0
2020-07-22 00:00:00-04:00,2.775252167955696,2.782918701270165,2.744586229324341,2.744586229324341,87793,0.0,0.0
2020-07-23 00:00:00-04:00,2.736919480575459,2.7445856229431485,2.6449220742600903,2.6525886058807373,100677,0.0,0.0
2020-07-24 00:00:00-04:00,2.644921904650003,2.6525884357790206,2.614256364013331,2.6295888423919678,12618,0.0,0.0
2020-07-27 00:00:00-04:00,2.621923311089645,2.621923311089645,2.53759242216444,2.5452587604522705,111698,0.0,0.0
2020-07-28 00:00:00-04:00,2.5222589031691274,2.5222589031691274,2.361263687158583,2.491593360900879,136188,0.0,0.0
2020-07-29 00:00:00-04:00,2.453261874263254,2.453261874263254,2.3535982870016237,2.3842642307281494,118778,0.0,0.0
2020-07-30 00:00:00-04:00,2.36126446723938,2.36126446723938,2.3075995072577875,2.36126446723938,48182,0.0,0.0
2020-07-31 00:00:00-04:00,2.345931389233971,2.345931389233971,2.3075993061065674,2.3075993061065674,58617,0.0,0.0
2020-08-04 00:00:00-04:00,2.3152656343563858,2.3459311813651746,2.3075991016343087,2.3305981159210205,30081,0.0,0.0
2020-08-05 00:00:00-04:00,2.3305986623379082,2.47626126119642,2.3152661771785197,2.4532618522644043,80446,0.0,0.0
2020-08-06 00:00:00-04:00,2.4762606923784394,2.698587417602539,2.4762606923784394,2.698587417602539,85983,0.0,0.0
2020-08-07 00:00:00-04:00,2.690921101613246,2.844250212121834,2.690921101613246,2.805917739868164,81351,0.0,0.0
2020-08-10 00:00:00-04:00,2.798251070425228,2.798251070425228,2.637255467962265,2.736919403076172,30560,0.0,0.0
2020-08-11 00:00:00-04:00,2.736919326091187,2.9592460057701064,2.7139199271539165,2.8825814723968506,173775,0.0,0.0
2020-08-12 00:00:00-04:00,2.9132486407519176,3.035911626687934,2.9132486407519176,3.0052456855773926,56434,0.0,0.0
2020-08-13 00:00:00-04:00,3.0282457006887697,3.0282457006887697,2.759920073146248,2.813585042953491,110154,0.0,0.0
2020-08-14 00:00:00-04:00,2.767584866963434,2.920913544457011,2.767584866963434,2.8825814723968506,44242,0.0,0.0
2020-08-17 00:00:00-04:00,2.9132484286266127,2.9132484286266127,2.759919318118025,2.805917739868164,30294,0.0,0.0
2020-08-18 00:00:00-04:00,2.7675856250592794,2.821250774195199,2.7599192863978743,2.782918691635132,43870,0.0,0.0
2020-08-19 00:00:00-04:00,2.798251758210984,2.805917707619347,2.7675856250592794,2.782918691635132,6549,0.0,0.0
2020-08-20 00:00:00-04:00,2.7599200174350287,2.7599200174350287,2.6449233500419025,2.6909217834472656,59309,0.0,0.0
2020-08-21 00:00:00-04:00,2.667921601961378,2.67558813394831,2.6372556686401367,2.6372556686401367,34180,0.0,0.0
2020-08-24 00:00:00-04:00,2.6295891884415656,2.744585808124931,2.6219230455566285,2.6832547187805176,72566,0.0,0.0
2020-08-25 00:00:00-04:00,2.6755869388580322,2.721585526354216,2.6295879621090466,2.6755869388580322,61971,0.0,0.0
2020-08-26 00:00:00-04:00,2.683255130567717,2.782918701270165,2.683255130567717,2.744586229324341,78156,0.0,0.0
2020-08-27 00:00:00-04:00,2.7675858084282416,2.8442503678809,2.7522529354630167,2.775252342224121,81670,0.0,0.0
2020-08-28 00:00:00-04:00,2.813585042953491,2.8365846493735836,2.782919484939764,2.813585042953491,28377,0.0,0.0
2020-08-31 00:00:00-04:00,2.798251221639397,2.8519161658584102,2.6525886741121223,2.667921543121338,32104,0.0,0.0
2020-09-01 00:00:00-04:00,2.637255791306252,2.690920739204932,2.637255791306252,2.660255193710327,15706,0.0,0.0
2020-09-02 00:00:00-04:00,2.6679227613711567,2.7369208007323467,2.6679227613711567,2.6909217834472656,23266,0.0,0.0
2020-09-03 00:00:00-04:00,2.6832544807132748,2.713920022664733,2.614256476099689,2.6449220180511475,39238,0.0,0.0
2020-09-04 00:00:00-04:00,2.6755876227568867,2.6755876227568867,2.453260573130985,2.621922492980957,50205,0.0,0.0
2020-09-08 00:00:00-04:00,2.483926274471052,2.6142559190985564,2.483926274471052,2.5299248695373535,39291,0.0,0.0
2020-09-09 00:00:00-04:00,2.506926290507072,2.629589454750964,2.4839272756435804,2.5452587604522705,46798,0.0,0.0
2020-09-10 00:00:00-04:00,2.560591366227248,2.560591366227248,2.491593360900879,2.491593360900879,35618,0.0,0.0
2020-09-11 00:00:00-04:00,2.545258303153409,2.545258303153409,2.4225953555745097,2.491593360900879,38972,0.0,0.0
2020-09-14 00:00:00-04:00,2.491594106773436,2.5375927258854656,2.491594106773436,2.5145931243896484,15759,0.0,0.0
2020-09-15 00:00:00-04:00,2.5145914710239308,2.5145914710239308,2.414927959124091,2.468592882156372,37002,0.0,0.0
2020-09-16 00:00:00-04:00,2.4685935579695575,2.4762600888595108,2.4302616820256304,2.445594549179077,31784,0.0,0.0
2020-09-17 00:00:00-04:00,2.414928563843255,2.4455944920603834,2.3995955024214632,2.4379279613494873,19539,0.0,0.0
2020-09-18 00:00:00-04:00,2.4149288003809115,2.4379282001398908,2.384263258413063,2.3995957374572754,37162,0.0,0.0
2020-09-21 00:00:00-04:00,2.3382646486430976,2.376597117626977,2.3152656343563858,2.3305981159210205,53613,0.0,0.0
2020-09-22 00:00:00-04:00,2.3305976700940154,2.353597263860586,2.3152651914623767,2.3229315280914307,38865,0.0,0.0
2020-09-23 00:00:00-04:00,2.3229315152671504,2.338264188440611,2.299932116254023,2.31526517868042,73471,0.0,0.0
2020-09-24 00:00:00-04:00,2.307598647467221,2.338264188440611,2.2616000440674346,2.31526517868042,75122,0.0,0.0
2020-09-25 00:00:00-04:00,2.299932116254023,2.31526517868042,2.299932116254023,2.31526517868042,9690,0.0,0.0
2020-09-28 00:00:00-04:00,2.3229319724519564,2.376597117626977,2.3152656343563858,2.3305981159210205,76293,0.0,0.0
2020-09-29 00:00:00-04:00,2.322931400902036,2.3382640733206217,2.2999320030212402,2.2999320030212402,19592,0.0,0.0
2020-09-30 00:00:00-04:00,2.315264389773062,2.368929311473697,2.315264389773062,2.3535964488983154,26034,0.0,0.0
2020-10-01 00:00:00-04:00,2.353597250867008,2.353597250867008,2.307598647467221,2.31526517868042,26780,0.0,0.0
2020-10-02 00:00:00-04:00,2.253933814708659,2.3075989565086616,2.253933814708659,2.2922658920288086,49034,0.0,0.0
2020-10-05 00:00:00-04:00,2.315265915650479,2.3305983990779398,2.2539342303018657,2.284599781036377,53826,0.0,0.0
2020-10-06 00:00:00-04:00,2.2769321515535337,2.299931544852628,2.2539329528808594,2.2539329528808594,55742,0.0,0.0
2020-10-07 00:00:00-04:00,2.269266879188512,2.315265488748588,2.246267282468733,2.2922658920288086,50791,0.0,0.0
2020-10-08 00:00:00-04:00,2.2999320030212402,2.2999320030212402,2.2769326051404444,2.2999320030212402,13896,0.0,0.0
2020-10-09 00:00:00-04:00,2.299932217277202,2.299932217277202,2.2156011487336977,2.246267080307007,95672,0.0,0.0
2020-10-13 00:00:00-04:00,2.230934265612996,2.24626713445603,2.1236041837117594,2.146603584289551,101529,0.0,0.0
2020-10-14 00:00:00-04:00,2.1542699888626733,2.207935522908515,2.10827137673732,2.1619365215301514,70649,0.0,0.0
2020-10-15 00:00:00-04:00,2.131270660294639,2.13893699720453,2.0776055234194977,2.10060453414917,51749,0.0,0.0
2020-10-16 00:00:00-04:00,2.0852725049608885,2.0929390381517052,2.031607356504725,2.039273500442505,57127,0.0,0.0
2020-10-19 00:00:00-04:00,2.0776055714135055,2.0852721031269748,1.977941632270813,1.977941632270813,90242,0.0,0.0
2020-10-20 00:00:00-04:00,1.9242763127889384,1.9396093747707037,1.8706113743586108,1.9012773036956787,175745,0.0,0.0
2020-10-21 00:00:00-04:00,1.8552789766155466,1.9089441176264776,1.839945912361145,1.839945912361145,91360,0.0,0.0
2020-10-22 00:00:00-04:00,1.8399461676260038,2.0699394385792544,1.8399461676260038,2.039273500442505,58990,0.0,0.0
2020-10-23 00:00:00-04:00,2.039273023552726,2.0776054859161377,2.0316068814076953,2.0776054859161377,41900,0.0,0.0
2020-10-26 00:00:00-04:00,2.0546059898916837,2.0546059898916837,1.9932743254666079,2.0086073875427246,53666,0.0,0.0
2020-10-27 00:00:00-04:00,2.000941165333765,2.000941165333765,1.9396096860691345,1.9856081008911133,15812,0.0,0.0
2020-10-28 00:00:00-04:00,1.9242761709140843,1.9472757621909964,1.8552785648420376,1.9319427013397217,37907,0.0,0.0
2020-10-29 00:00:00-04:00,1.8782775722396048,1.9472757621909964,1.8399455039907628,1.9319427013397217,67455,0.0,0.0
2020-10-30 00:00:00-04:00,1.9166100297413435,1.9319427013397217,1.901277163516517,1.9319427013397217,48715,0.0,0.0
2020-11-02 00:00:00-05:00,1.9242769054754676,2.0086079938437056,1.9242769054754676,1.9932749271392822,45786,0.0,0.0
2020-11-03 00:00:00-05:00,2.023940823313908,2.123604587035418,1.9932748851771585,2.039273500442505,53613,0.0,0.0
2020-11-04 00:00:00-05:00,2.039273023552726,2.115937559026603,2.0239403500097186,2.0776054859161377,18208,0.0,0.0
2020-11-05 00:00:00-05:00,2.1159381322909643,2.161936749261665,2.108271598815918,2.108271598815918,26460,0.0,0.0
2020-11-06 00:00:00-05:00,2.1312706218225568,2.1312706218225568,2.069938954518161,2.0776054859161377,38652,0.0,0.0
2020-11-09 00:00:00-05:00,2.20793532980196,2.422595500946045,2.1619363324466794,2.422595500946045,174201,0.0,0.0
2020-11-10 00:00:00-05:00,2.407263479937041,2.805918450840392,2.407263479937041,2.6909217834472656,166535,0.0,0.0
2020-11-11 00:00:00-05:00,2.729253290515118,2.759919031582501,2.6065903262455863,2.6142568588256836,46851,0.0,0.0
2020-11-12 00:00:00-05:00,2.6142562824934537,2.6142562824934537,2.414928620245723,2.445594549179077,63835,0.0,0.0
2020-11-13 00:00:00-05:00,2.4302616820256304,2.621922618756947,2.4302616820256304,2.445594549179077,87793,0.0,0.0
2020-11-16 00:00:00-05:00,2.5069261038518222,2.6755882583973754,2.5069261038518222,2.660255193710327,97749,0.0,0.0
2020-11-17 00:00:00-05:00,2.637255486593427,2.6602548863401134,2.522258877112942,2.6449220180511475,48342,0.0,0.0
2020-11-18 00:00:00-05:00,2.6295879621090466,2.7139189977916516,2.6295879621090466,2.6755869388580322,107492,0.0,0.0
2020-11-19 00:00:00-05:00,2.675588006116199,2.7215866119606438,2.6449220742600903,2.6525886058807373,67029,0.0,0.0
2020-11-20 00:00:00-05:00,2.637255791306252,2.6832547907408992,2.629589258962728,2.660255193710327,35458,0.0,0.0
2020-11-23 00:00:00-05:00,2.752251920340996,2.8135833895808107,2.660254716481274,2.759918451309204,158495,0.0,0.0
2020-11-24 00:00:00-05:00,2.805916667254138,2.9515791887044696,2.790584190242756,2.8595821857452393,200395,0.0,0.0
2020-11-25 00:00:00-05:00,2.882581193201986,2.89024772364735,2.713919664294908,2.8595821857452393,176278,0.0,0.0
2020-11-26 00:00:00-05:00,2.8365836143493652,2.8519164850747964,2.7982515348490398,2.8365836143493652,71768,0.0,0.0
2020-11-27 00:00:00-05:00,2.8567664298817173,2.8878184102731277,2.8257148436435076,2.8722925186157227,121387,0.086401,0.0
2020-11-30 00:00:00-05:00,2.8490045524430925,2.8490045524430925,2.70927166736963,2.7558493614196777,139010,0.0,0.0
2020-12-01 00:00:00-05:00,2.833478903790712,2.8878194455339914,2.8024267151907325,2.8412413597106934,140500,0.0,0.0
2020-12-02 00:00:00-05:00,2.8567668285986607,2.8878188133239746,2.8412407376976896,2.8878188133239746,148912,0.0,0.0
2020-12-03 00:00:00-05:00,2.8645304620464516,2.8645304620464516,2.8024266769245125,2.810189723968506,171060,0.0,0.0
2020-12-04 00:00:00-05:00,2.8024260313340372,2.8412406663823306,2.7869001378993956,2.8334782123565674,83640,0.0,0.0
2020-12-07 00:00:00-05:00,2.8024266769245125,2.8334788651004845,2.771375079978546,2.810189723968506,72300,0.0,0.0
2020-12-08 00:00:00-05:00,2.8800559552770815,3.2449149765818808,2.8412409225756097,3.175048351287842,750098,0.0,0.0
2020-12-09 00:00:00-05:00,3.3846470413187633,3.4855656297529296,3.260439714618446,3.3147802352905273,508708,0.0,0.0
2020-12-10 00:00:00-05:00,3.3303056180773387,3.3691206334770616,3.2216244026796366,3.268202066421509,172231,0.0,0.0
2020-12-11 00:00:00-05:00,3.26043979070125,3.2682028350221817,3.2216251603263895,3.2449142932891846,126711,0.0,0.0
2020-12-14 00:00:00-05:00,3.29925594176086,3.29925594176086,3.105181935313555,3.1983373165130615,241869,0.0,0.0
2020-12-15 00:00:00-05:00,3.21386347255919,3.244915662949872,3.1983375744405316,3.2216265201568604,90082,0.0,0.0
2020-12-16 00:00:00-05:00,3.244914599340904,3.2526774473174074,3.182810830145786,3.213862419128418,254381,0.0,0.0
2020-12-17 00:00:00-05:00,3.213862851905699,3.213862851905699,2.980974425100676,3.0306570529937744,554761,0.0,0.4
2020-12-18 00:00:00-05:00,2.9871836909090477,3.0586032619291164,2.9840787492254672,3.0554981231689453,235587,0.0,0.0
2020-12-21 00:00:00-05:00,3.0058156368075255,3.024446670902883,2.971658905196568,3.012026309967041,216687,0.0,0.0
2020-12-22 00:00:00-05:00,2.9996049404144287,3.0120258908518425,2.993394662272332,2.9996049404144287,67748,0.0,0.0
2020-12-23 00:00:00-05:00,3.0213405128022037,3.0554976248228947,3.0120250980410175,3.0337612628936768,99825,0.0,0.0
2020-12-24 00:00:00-05:00,3.0430779814936337,3.0430779814936337,3.005815715253804,3.0275518894195557,122452,0.0,0.0
2020-12-29 00:00:00-05:00,3.030657017269484,3.049288248855583,3.005815703615755,3.0461831092834473,237850,0.0,0.0
2020-12-30 00:00:00-05:00,3.057506561279297,3.0732344617225307,3.0260503611112655,3.057506561279297,128974,0.094666,0.0
2020-12-31 00:00:00-05:00,3.066943014100761,3.066943014100761,3.0386329527203606,3.0637974739074707,71342,0.0,0.0
2021-01-04 00:00:00-05:00,3.063798592185448,3.066944133526853,3.01976061412407,3.0386340618133545,94900,0.0,0.0
2021-01-05 00:00:00-05:00,3.03548852047195,3.0512166264606866,3.03548852047195,3.0386340618133545,72140,0.0,0.0
2021-01-06 00:00:00-05:00,3.0449258837098157,3.1707493646797533,3.0449258837098157,3.104691982269287,311587,0.0,0.0
2021-01-07 00:00:00-05:00,3.019760071185219,3.0354879747052945,2.991449804920918,3.0323424339294434,1019413,0.0,0.0
2021-01-08 00:00:00-05:00,3.035488994313268,3.0417800779781183,3.010324460012978,3.019761085510254,192729,0.0,0.0
2021-01-11 00:00:00-05:00,3.00717830657959,3.013469789082012,2.991450598527905,3.00717830657959,228799,0.0,0.0
2021-01-12 00:00:00-05:00,3.0166140230807703,3.063797526064942,3.01346848283393,3.05436110496521,325030,0.0,0.0
2021-01-13 00:00:00-05:00,3.044924259185791,3.051215739321069,3.0354876379052707,3.044924259185791,168505,0.0,0.0
2021-01-14 00:00:00-05:00,3.0512169792855373,3.1330018621826086,3.035488871478094,3.082672595977783,356708,0.0,0.0
2021-01-15 00:00:00-05:00,3.0543630786246014,3.117274722776609,3.0543630786246014,3.0795276165008545,99426,0.0,0.0
2021-01-18 00:00:00-05:00,3.092109785618523,3.092109785618523,3.0700905903807705,3.0795276165008545,80925,0.0,0.0
2021-01-19 00:00:00-05:00,3.0952551620800897,3.0984007037852264,3.0732359708623735,3.082672595977783,225871,0.0,0.0
2021-01-20 00:00:00-05:00,3.092109221093193,3.0984007037852264,3.0732359708623735,3.082672595977783,180484,0.0,0.0
2021-01-21 00:00:00-05:00,3.085816707074395,3.085816707074395,3.035487464202596,3.05436110496521,236652,0.0,0.0
2021-01-22 00:00:00-05:00,3.0449244490651175,3.0480699896881114,3.0103233025713747,3.0260508060455322,236785,0.0,0.0
2021-01-25 00:00:00-05:00,3.0260508688969185,3.0354878902435303,2.991449721684506,3.0354878902435303,164911,0.0,0.0
2021-01-26 00:00:00-05:00,3.0417789084421236,3.0449244490651175,3.0134688431943686,3.0260508060455322,99026,0.0,0.0
2021-01-27 00:00:00-05:00,3.013468696277646,3.0166142367472837,2.9631390505594277,2.966284990310669,211629,0.0,0.0
2021-01-28 00:00:00-05:00,3.0032687549112924,3.028774687737443,2.974575288687732,3.019209861755371,65751,0.094666,0.0
2021-01-29 00:00:00-05:00,3.0096444554700996,3.0096444554700996,2.9586332135462805,2.9809505939483643,121254,0.0,0.0
2021-02-01 00:00:00-05:00,3.0032690106164637,3.0032690106164637,2.9299409650819475,2.9650111198425293,150004,0.0,0.0
2021-02-02 00:00:00-05:00,2.977763429118735,3.031962625823915,2.977763429118735,3.019209861755371,74536,0.0,0.0
2021-02-03 00:00:00-05:00,3.028774919452611,3.028774919452611,3.016021952063875,3.0223982334136963,44189,0.0,0.0
2021-02-04 00:00:00-05:00,3.0351500382638017,3.04790259692907,3.025585416920368,3.0415263175964355,36336,0.0,0.0
2021-02-05 00:00:00-05:00,3.041526311176594,3.054279274503909,3.022397270874585,3.0447144508361816,35937,0.0,0.0
2021-02-08 00:00:00-05:00,3.044713558339572,3.0670307317593375,3.0287730670587503,3.0510902404785156,78263,0.0,0.0
2021-02-09 00:00:00-05:00,3.0510908968814348,3.0510908968814348,3.022397035149611,3.025585174560547,118725,0.0,0.0
2021-02-10 00:00:00-05:00,3.028774919452611,3.028774919452611,3.0032689846751395,3.0223982334136963,128042,0.0,0.0
2021-02-11 00:00:00-05:00,3.0223982334136963,3.028774919452611,3.006457530039143,3.0223982334136963,68946,0.0,0.0
2021-02-12 00:00:00-05:00,3.022397764886824,3.0351505279541016,3.0160214845254423,3.0351505279541016,152400,0.0,0.0
2021-02-16 00:00:00-05:00,3.041525419614523,3.0574665179286136,3.038337280889474,3.0510902404785156,110739,0.0,0.0
2021-02-17 00:00:00-05:00,3.0510901773078816,3.070219211606545,3.031960940664799,3.067030668258667,196456,0.0,0.0
2021-02-18 00:00:00-05:00,3.0702204263344197,3.1212312720946898,3.0670318817249993,3.108478307723999,216820,0.0,0.0
2021-02-19 00:00:00-05:00,3.1148553055962145,3.1403608322143555,3.1021025422871435,3.1403608322143555,145345,0.0,0.0
2021-02-22 00:00:00-05:00,3.140360056030912,3.162677234547397,3.140360056030912,3.1531124114990234,224407,0.0,0.0
2021-02-23 00:00:00-05:00,3.156300976600627,3.204123675748779,3.133983393247003,3.197746992111206,247566,0.0,0.0
2021-02-24 00:00:00-05:00,3.2041232734644214,3.271075003397011,3.2009351343903827,3.255134105682373,268330,0.0,0.0
2021-02-25 00:00:00-05:00,3.269982922926836,3.289351182645164,3.1892823188035457,3.218334913253784,175160,0.094666,0.0
2021-02-26 00:00:00-05:00,3.198966001111476,3.2344739236926356,3.163457668784907,3.2021939754486084,173296,0.0,0.0
2021-03-01 00:00:00-05:00,3.221565618770105,3.27966962768165,3.21188127582998,3.260301351547241,174893,0.0,0.0
2021-03-02 00:00:00-05:00,3.2602989296885747,3.28289557651471,3.2473872332270215,3.2732112407684326,81990,0.0,0.0
2021-03-03 00:00:00-05:00,3.2796677410894923,3.321632042077323,3.2796677410894923,3.3054921627044678,155594,0.0,0.0
2021-03-04 00:00:00-05:00,3.3054917342854,3.308719709741599,3.2409314056703225,3.253843307495117,120988,0.0,0.0
2021-03-05 00:00:00-05:00,3.273211500871383,3.311947822570801,3.2602991887654595,3.311947822570801,109408,0.0,0.0
2021-03-08 00:00:00-05:00,3.3216316626617957,3.4249283129585586,3.2925796782363355,3.405560255050659,161717,0.0,0.0
2021-03-09 00:00:00-05:00,3.4249277967864638,3.4346117218445564,3.379735531897121,3.4184720516204834,117927,0.0,0.0
2021-03-10 00:00:00-05:00,3.418472708420182,3.4991727140276243,3.415244732780619,3.4959447383880615,142284,0.0,0.0
2021-03-11 00:00:00-05:00,3.502401416336051,3.5669617544603636,3.4991730306587843,3.5314536094665527,87580,0.0,0.0
2021-03-12 00:00:00-05:00,3.5508213742354595,3.6831700077582785,3.5508213742354595,3.6089253425598145,85450,0.0,0.0
2021-03-15 00:00:00-04:00,3.6315220313631236,3.6315220313631236,3.583101169431107,3.6121537685394287,125913,0.0,0.0
2021-03-16 00:00:00-04:00,3.6089263234456204,3.6250666149610153,3.5927864416758917,3.605698347091675,99026,0.0,0.0
2021-03-17 00:00:00-04:00,3.608925118964563,3.6315217653918697,3.599241193134742,3.6153814792633057,75335,0.0,0.0
2021-03-18 00:00:00-04:00,3.6153819291606477,3.6960821406091973,3.6153819291606477,3.6476616859436035,134431,0.0,0.0
2021-03-19 00:00:00-04:00,3.663801360099708,3.679941645531972,3.615381323293939,3.634749174118042,117261,0.0,0.0
2021-03-22 00:00:00-04:00,3.6379780233937806,3.6702581922691206,3.6186101679159424,3.6444339752197266,91307,0.0,0.0
2021-03-23 00:00:00-04:00,3.634750093146297,3.6379780690998245,3.5314536333965565,3.5572774410247803,189534,0.0,0.0
2021-03-24 00:00:00-04:00,3.5605036959863727,3.612152515514882,3.5508201825519907,3.5637316703796387,71342,0.0,0.0
2021-03-25 00:00:00-04:00,3.560505939473478,3.599242476091532,3.537910104482901,3.5960144996643066,83188,0.0,0.0
2021-03-26 00:00:00-04:00,3.5960147683335055,3.6282949447631836,3.570190545240622,3.6282949447631836,115930,0.0,0.0
2021-03-29 00:00:00-04:00,3.618609298431289,3.6379771492553927,3.570188851880009,3.634749174118042,140287,0.0,0.0
2021-03-30 00:00:00-04:00,3.6236507754711678,3.6465027332305904,3.5910057135042917,3.646502733230591,36336,0.094666,0.0
2021-03-31 00:00:00-04:00,3.646502332586675,3.646502332586675,3.600798422089352,3.633444309234619,37667,0.0,0.0
2021-04-01 00:00:00-04:00,3.626914726434453,3.6399731636047363,3.604062772173367,3.6399731636047363,35671,0.0,0.0
2021-04-05 00:00:00-04:00,3.6432375779429402,3.656296014785767,3.604062681796996,3.6562960147857666,115531,0.0,0.0
2021-04-06 00:00:00-04:00,3.649766680695539,3.649766680695539,3.630179646513933,3.6399731636047363,71075,0.0,0.0
2021-04-07 00:00:00-04:00,3.6399738778993647,3.6497673969120106,3.6301803588867188,3.6301803588867188,42060,0.0,0.0
2021-04-08 00:00:00-04:00,3.6432386241477683,3.6562970647405013,3.6171221573449572,3.6497676372528076,128308,0.0,0.0
2021-04-09 00:00:00-04:00,3.653031037149346,3.67914707869538,3.6465016123803555,3.6660890579223633,116196,0.0,0.0
2021-04-12 00:00:00-04:00,3.6660906474288293,3.679148673863413,3.6628261408201834,3.6693551540374756,57899,0.0,0.0
2021-04-13 00:00:00-04:00,3.672618957243666,3.672618957243666,3.6399730723278676,3.6562960147857666,77464,0.0,0.0
2021-04-14 00:00:00-04:00,3.6660900888829993,3.6726195154881647,3.646502637832701,3.653032064437866,39930,0.0,0.0
2021-04-15 00:00:00-04:00,3.6628260778455406,3.6660905843980602,3.646503130700288,3.6497676372528076,53772,0.0,0.0
2021-04-16 00:00:00-04:00,3.6726195154881647,3.682412619439416,3.646502637832701,3.653032064437866,66151,0.0,0.0
2021-04-19 00:00:00-04:00,3.6660900888829993,3.6660900888829993,3.6399736256101343,3.653032064437866,47251,0.0,0.0
2021-04-20 00:00:00-04:00,3.6595615877201273,3.6595615877201273,3.613857667014387,3.626915693283081,130305,0.0,0.0
2021-04-21 00:00:00-04:00,3.6269152816678556,3.649767239427278,3.6236507754711678,3.646502733230591,64820,0.0,0.0
2021-04-22 00:00:00-04:00,3.6432375091078857,3.646502014661279,3.6269145669583907,3.6367084980010986,51244,0.0,0.0
2021-04-23 00:00:00-04:00,3.639973720837215,3.653032160006575,3.63344470844384,3.646502733230591,103685,0.0,0.0
2021-04-26 00:00:00-04:00,3.656296575433973,3.682412624359131,3.6497671488200845,3.682412624359131,73338,0.0,0.0
2021-04-27 00:00:00-04:00,3.68894131896017,3.698735250846413,3.672619204169935,3.6856768131256104,134963,0.0,0.0
2021-04-28 00:00:00-04:00,3.692206859588623,3.7020007942197566,3.6562972853442925,3.692206859588623,81857,0.0,0.0
2021-04-29 00:00:00-04:00,3.7172974049170695,3.7172974049170695,3.6941884086191745,3.704092264175415,58697,0.094666,0.0
2021-04-30 00:00:00-04:00,3.7106934705196943,3.7106934705196943,3.671077643806071,3.6842827796936035,83853,0.0,0.0
2021-05-03 00:00:00-04:00,3.6908869869554066,3.6974899768829346,3.6743805597646135,3.6974899768829346,106480,0.0,0.0
2021-05-04 00:00:00-04:00,3.6941886914447757,3.7139968231249383,3.6842844160790893,3.6974899768829346,82788,0.0,0.0
2021-05-05 00:00:00-04:00,3.7106948345462425,3.7106948345462425,3.6908867043825824,3.704092264175415,59895,0.0,0.0
2021-05-06 00:00:00-04:00,3.707392231202655,3.7172960832375943,3.7007896631793615,3.7139952182769775,67482,0.0,0.0
2021-05-07 00:00:00-04:00,3.7139946012230936,3.730500599487942,3.70739161524581,3.7271993160247803,67082,0.0,0.0
2021-05-10 00:00:00-04:00,3.7437079707595924,3.763516100210591,3.7238998413085938,3.7238998413085938,65885,0.0,0.0
2021-05-11 00:00:00-04:00,3.7172963927307445,3.7172963927307445,3.687584415101148,3.6941874027252197,123251,0.0,0.0
2021-05-12 00:00:00-04:00,3.723898606407227,3.723898606407227,3.6776802117498373,3.6842827796936035,128175,0.0,0.0
2021-05-13 00:00:00-04:00,3.6842828240700993,3.7139952182769775,3.6842828240700993,3.7139952182769775,50578,0.0,0.0
2021-05-14 00:00:00-04:00,3.7238993352077094,3.7470087465846356,3.7139959004048935,3.737104892730713,83720,0.0,0.0
2021-05-17 00:00:00-04:00,3.743707375070138,3.7602142168279697,3.7371048059874443,3.750309944152832,77065,0.0,0.0
2021-05-18 00:00:00-04:00,3.7569117581444194,3.793226718902588,3.7569117581444194,3.793226718902588,133899,0.0,0.0
2021-05-19 00:00:00-04:00,3.7734186384825636,3.7866241931915283,3.7503092320301383,3.7866241931915283,111272,0.0,0.0
2021-05-20 00:00:00-04:00,3.7932262091203675,3.803130059422855,3.766815522596111,3.7701168060302734,110074,0.0,0.0
2021-05-21 00:00:00-04:00,3.796528979014258,3.819638393703167,3.7866255427921067,3.8163371086120605,61625,0.0,0.0
2021-05-25 00:00:00-04:00,3.813034507854536,3.836143914569672,3.803130655998487,3.826240062713623,99958,0.0,0.0
2021-05-26 00:00:00-04:00,3.829541346665639,3.836143914569672,3.8097332239025197,3.826240062713623,77464,0.0,0.0
2021-05-27 00:00:00-04:00,3.846048539592248,3.862555381721702,3.8262408318982306,3.8361446857452393,113801,0.0,0.0
2021-05-28 00:00:00-04:00,3.8648473837775263,3.871522756084678,3.804772422172167,3.86818528175354,99958,0.094666,0.0
2021-05-31 00:00:00-04:00,3.8748615017114005,3.878198977137524,3.8448237992312726,3.8548362255096436,54970,0.0,0.0
2021-06-01 00:00:00-04:00,3.8615099094463883,3.86818528175354,3.8514974864529745,3.86818528175354,41394,0.0,0.0
2021-06-02 00:00:00-04:00,3.8681844555829574,3.8681844555829574,3.8548341374649038,3.861509084701538,51776,0.0,0.0
2021-06-03 00:00:00-04:00,3.868183999705922,3.874858946155894,3.858171156386229,3.871521472930908,82522,0.0,0.0
2021-06-04 00:00:00-04:00,3.871522756084678,3.874860230415816,3.8581724351152507,3.86818528175354,25156,0.0,0.0
2021-06-07 00:00:00-04:00,3.871522498349101,3.871522498349101,3.8581721782684326,3.8581721782684326,29948,0.0,0.0
2021-06-08 00:00:00-04:00,3.86818528175354,3.874860230415816,3.8548349607841126,3.86818528175354,53506,0.0,0.0
2021-06-09 00:00:00-04:00,3.8681865279927528,3.88821138043112,3.8615111535349516,3.874861478805542,53240,0.0,0.0
2021-06-10 00:00:00-04:00,3.884871902098555,3.884871902098555,3.874859481041482,3.878196954727173,29548,0.0,0.0
2021-06-11 00:00:00-04:00,3.8815338926058662,3.891546735925559,3.871521472930908,3.871521472930908,62025,0.0,0.0
2021-06-14 00:00:00-04:00,3.891548025716382,3.904897923040934,3.8648473837775263,3.86818528175354,128841,0.0,0.0
2021-06-15 00:00:00-04:00,3.8715222120643156,3.888209581375122,3.8715222120643156,3.888209581375122,35272,0.0,0.0
2021-06-16 00:00:00-04:00,3.891547441482544,3.8982223891427172,3.871522174857212,3.891547441482544,74802,0.0,0.0
2021-06-17 00:00:00-04:00,3.8882096425638473,3.898222487952719,3.8247972145400455,3.838146686553955,217086,0.0,0.0
2021-06-18 00:00:00-04:00,3.804771893914049,3.804771893914049,3.691296087830942,3.774733781814575,300007,0.0,0.0
2021-06-21 00:00:00-04:00,3.794759823998634,3.8147850949415076,3.764722129406776,3.8114476203918457,103818,0.0,0.0
2021-06-22 00:00:00-04:00,3.8214595090075307,3.8214595090075307,3.7914218186211768,3.804772138595581,95433,0.0,0.0
2021-06-23 00:00:00-04:00,3.8047726712925227,3.8147850949415076,3.8047726712925227,3.8114476203918457,67482,0.0,0.0
2021-06-24 00:00:00-04:00,3.821458599666876,3.8381459661079598,3.821458599666876,3.8314714431762695,62158,0.0,0.0
2021-06-25 00:00:00-04:00,3.8514976464748387,3.8514976464748387,3.7980972076682,3.8147850036621094,116196,0.0,0.0
2021-06-28 00:00:00-04:00,3.834810365884381,3.834810365884381,3.8047726712925227,3.8114476203918457,84385,0.0,0.0
2021-06-29 00:00:00-04:00,3.847220159762864,3.847220159762864,3.8100975075088104,3.840470314025879,32743,0.094666,0.0
2021-06-30 00:00:00-04:00,3.8404688853820983,3.8539681434631348,3.830344763099636,3.8539681434631348,33941,0.0,0.0
2021-07-02 00:00:00-04:00,3.8472182750701904,3.8472182750701904,3.8303443115508915,3.8472182750701904,47384,0.0,0.0
2021-07-05 00:00:00-04:00,3.840470314025879,3.853969577128602,3.8370956053430096,3.840470314025879,43258,0.0,0.0
2021-07-06 00:00:00-04:00,3.847219732295766,3.847219732295766,3.81684650078224,3.8269710540771484,72007,0.0,0.0
2021-07-07 00:00:00-04:00,3.843846120684263,3.847220829955012,3.810098171234131,3.810098171234131,93836,0.0,0.0
2021-07-08 00:00:00-04:00,3.7932225399188138,3.7932225399188138,3.712228705196816,3.7324769496917725,171433,0.0,0.0
2021-07-09 00:00:00-04:00,3.7696004705087285,3.8472200531780563,3.7696004705087285,3.8370954990386963,72806,0.0,0.0
2021-07-12 00:00:00-04:00,3.8303446769714355,3.8370940916746443,3.8202205549166224,3.8303446769714355,36070,0.0,0.0
2021-07-13 00:00:00-04:00,3.8370949656072466,3.8438448102188705,3.8067221641540527,3.8067221641540527,83188,0.0,0.0
2021-07-14 00:00:00-04:00,3.826972145959197,3.826972145959197,3.7965997625224563,3.810098171234131,85716,0.0,0.0
2021-07-15 00:00:00-04:00,3.8067221641540527,3.8235961331263493,3.803347456033828,3.8067221641540527,64021,0.0,0.0
2021-07-16 00:00:00-04:00,3.8067231216381967,3.8168472485453355,3.7594767677002654,3.7628514766693115,88512,0.0,0.0
2021-07-19 00:00:00-04:00,3.7324778943098122,3.7324778943098122,3.5873632968481606,3.631235361099243,275118,0.0,0.0
2021-07-20 00:00:00-04:00,3.688606129593053,3.7628505656799964,3.651483483178401,3.7054800987243652,106214,0.0,0.0
2021-07-21 00:00:00-04:00,3.7729741583846934,3.8370944609786393,3.769599450708288,3.8134710788726807,82655,0.0,0.0
2021-07-22 00:00:00-04:00,3.8134710788726807,3.820220922596611,3.7763492944322183,3.8134710788726807,70011,0.0,0.0
2021-07-23 00:00:00-04:00,3.8370964863259798,3.8404711957836692,3.796599972833703,3.816847801208496,77198,0.0,0.0
2021-07-26 00:00:00-04:00,3.8235963457692455,3.837095179000858,3.810097084166434,3.8269710540771484,94501,0.0,0.0
2021-07-27 00:00:00-04:00,3.830346610875205,3.8337213199306666,3.8202224837088212,3.8235971927642822,24624,0.0,0.0
2021-07-28 00:00:00-04:00,3.8235960829864433,3.840469623366297,3.8067221142354195,3.8337202072143555,54172,0.0,0.0
2021-07-29 00:00:00-04:00,3.863068979046821,3.863068979046821,3.835768075448586,3.842593193054199,36203,0.094666,0.0
2021-07-30 00:00:00-04:00,3.8221172660662184,3.842592615807184,3.8118791580200195,3.8118791580200195,48049,0.0,0.0
2021-08-03 00:00:00-04:00,3.8187047889795087,3.83235502243042,3.805054122352872,3.83235502243042,65485,0.0,0.0
2021-08-04 00:00:00-04:00,3.8118795493480846,3.835767893007308,3.80846699070759,3.8289427757263184,62956,0.0,0.0
2021-08-05 00:00:00-04:00,3.839179428680798,3.839179428680798,3.8152906609064634,3.8187036514282227,24890,0.0,0.0
2021-08-06 00:00:00-04:00,3.828941955016908,3.8630679672829213,3.8221168391988387,3.8562424182891846,63489,0.0,0.0
2021-08-09 00:00:00-04:00,3.852832078933716,3.8562446388077847,3.8187064801930277,3.852832078933716,50445,0.0,0.0
2021-08-10 00:00:00-04:00,3.846006882354602,3.8869584663771795,3.842594322548705,3.8801329135894775,66284,0.0,0.0
2021-08-11 00:00:00-04:00,3.8835427474814486,3.890368295478201,3.8596544124318255,3.886955738067627,70809,0.0,0.0
2021-08-12 00:00:00-04:00,3.8903709513686,3.8903709513686,3.8733077194913457,3.883545398712158,38067,0.0,0.0
2021-08-13 00:00:00-04:00,3.8869584663771795,3.890371026183076,3.8664826743658907,3.8801329135894775,67881,0.0,0.0
2021-08-16 00:00:00-04:00,3.8733067512512207,3.876719310138428,3.842593288090562,3.8733067512512207,61758,0.0,0.0
2021-08-17 00:00:00-04:00,3.8596571215781887,3.8801329135894775,3.842594322548705,3.8801329135894775,39531,0.0,0.0
2021-08-18 00:00:00-04:00,3.8835437088805818,3.9142575995304014,3.87330603411445,3.9108450412750244,63888,0.0,0.0
2021-08-19 00:00:00-04:00,3.8733063478231506,3.883544023418458,3.8562431219885593,3.869893789291382,105948,0.0,0.0
2021-08-20 00:00:00-04:00,3.873307155620503,3.907433181231091,3.873307155620503,3.9006080627441406,56301,0.0,0.0
2021-08-23 00:00:00-04:00,3.9040183299822893,3.914256434877875,3.897193215502287,3.90743088722229,82123,0.0,0.0
2021-08-24 00:00:00-04:00,3.9108450412750244,3.9142575995304014,3.907432049843935,3.9108450412750244,42326,0.0,0.0
2021-08-25 00:00:00-04:00,3.924496648265466,3.9552105530583654,3.921084521614591,3.948385000228882,67349,0.0,0.0
2021-08-26 00:00:00-04:00,3.9517975600556685,3.9654482325387246,3.9347347609217365,3.948385000228882,66949,0.0,0.0
2021-08-27 00:00:00-04:00,3.9688585732799475,3.979096680211842,3.9552083416049792,3.9756836891174316,120855,0.0,0.0
2021-08-30 00:00:00-04:00,3.981205668700377,3.9881054118641748,3.950156386551181,3.9605064392089844,66417,0.094666,0.0
2021-08-31 00:00:00-04:00,3.9536056518554688,3.974304875879974,3.9536056518554688,3.9536056518554688,26088,0.0,0.0
2021-09-01 00:00:00-04:00,3.96740495163704,3.96740495163704,3.936356113604574,3.9398059844970703,37002,0.0,0.0
2021-09-02 00:00:00-04:00,3.957055869006766,3.957055869006766,3.9398060762306253,3.9467058181762695,18767,0.0,0.0
2021-09-03 00:00:00-04:00,3.9398060762306253,3.953605998033944,3.919106412481662,3.9467058181762695,56568,0.0,0.0
2021-09-07 00:00:00-04:00,3.960506008005135,3.963955879211426,3.950155956474203,3.963955879211426,36736,0.0,0.0
2021-09-08 00:00:00-04:00,3.9639537429674436,3.967403174402716,3.9501538276672363,3.9501538276672363,37135,0.0,0.0
2021-09-09 00:00:00-04:00,3.9536055739277876,3.9639551857360438,3.92945604179654,3.932905912399292,42326,0.0,0.0
2021-09-10 00:00:00-04:00,3.9363565617708196,3.9536063561092623,3.915656896147102,3.9225566387176514,65219,0.0,0.0
2021-09-13 00:00:00-04:00,3.936354064823477,3.946703672114235,3.9225541505240082,3.9294543266296387,38998,0.0,0.0
2021-09-14 00:00:00-04:00,3.9432554922933423,3.9467053628681734,3.915656089782715,3.915656089782715,125114,0.0,0.0
2021-09-15 00:00:00-04:00,3.9260057332818046,3.932905912399292,3.901856201150557,3.932905912399292,68280,0.0,0.0
2021-09-16 00:00:00-04:00,3.9398056536047963,3.9467053948103,3.9191059920763007,3.932905912399292,82123,0.0,0.0
2021-09-17 00:00:00-04:00,3.936356113604574,3.9432558553895665,3.9225561921225696,3.9398059844970703,51377,0.0,0.0
2021-09-20 00:00:00-04:00,3.884606798961782,3.908756330787322,3.8432079143408404,3.8639075756073,239314,0.0,0.0
2021-09-21 00:00:00-04:00,3.8846070225541176,3.9122064265273195,3.8846070225541176,3.898406505584717,59629,0.0,0.0
2021-09-22 00:00:00-04:00,3.905306616120757,3.929456148910301,3.905306616120757,3.9260058403015137,59762,0.0,0.0
2021-09-23 00:00:00-04:00,3.939806433056094,3.943256304341369,3.908757153576553,3.9225566387176514,48981,0.0,0.0
2021-09-24 00:00:00-04:00,3.922556695117344,3.9260065664522217,3.8949572865262447,3.908757209777832,83054,0.0,0.0
2021-09-27 00:00:00-04:00,3.9225567121625358,3.950156120873566,3.919106840812667,3.943256378173828,167706,0.0,0.0
2021-09-28 00:00:00-04:00,3.9418596162510737,3.9593016806418855,3.9209296703338623,3.9209296703338623,88645,0.094666,0.0
2021-09-29 00:00:00-04:00,3.9418596162510737,3.966278329280956,3.9209296703338623,3.9209296703338623,31012,0.0,0.0
2021-09-30 00:00:00-04:00,3.9453495587279406,3.9453495587279406,3.889535903930664,3.889535903930664,51776,0.0,0.0
2021-10-01 00:00:00-04:00,3.910463852637347,3.9244175896943387,3.882556821316403,3.903487205505371,56168,0.0,0.0
2021-10-04 00:00:00-04:00,3.9034884083744616,3.924418799013178,3.8860463423766682,3.8965113162994385,90242,0.0,0.0
2021-10-05 00:00:00-04:00,3.9034892817009914,3.9244196770224593,3.886047211800889,3.913954257965088,87580,0.0,0.0
2021-10-06 00:00:00-04:00,3.9069763950854144,3.9174413681030273,3.90348807074621,3.9174413681030273,43790,0.0,0.0
2021-10-07 00:00:00-04:00,3.9244184595745737,3.9453479628166623,3.913953043763823,3.9174413681030273,93037,0.0,0.0
2021-10-08 00:00:00-04:00,3.938373327255249,3.941861653377527,3.9069783921547496,3.938373327255249,40063,0.0,0.0
2021-10-12 00:00:00-04:00,3.941859638477458,3.9523250542882087,3.9174413681030273,3.9174413681030273,56035,0.0,0.0
2021-10-13 00:00:00-04:00,3.927906729179691,3.9348833785473603,3.913953430444352,3.9313950538635254,45387,0.0,0.0
2021-10-14 00:00:00-04:00,3.9453482851802564,3.9558137018461075,3.9069767143137724,3.9418599605560303,88112,0.0,0.0
2021-10-15 00:00:00-04:00,3.95581312570869,3.966278098057215,3.9313944141023556,3.96278977394104,92371,0.0,0.0
2021-10-18 00:00:00-04:00,3.97325625826747,3.997674976444768,3.9697674904193745,3.9872095584869385,101023,0.0,0.0
2021-10-19 00:00:00-04:00,3.9941866043207384,4.0151165567235765,3.9941866043207384,4.00465202331543,52308,0.0,0.0
2021-10-20 00:00:00-04:00,4.011629421856209,4.043025245364363,4.011629421856209,4.039536476135254,95965,0.0,0.0
2021-10-21 00:00:00-04:00,4.039534987988549,4.063953706836142,4.0290700125366845,4.053488731384277,60294,0.0,0.0
2021-10-22 00:00:00-04:00,4.056978916444745,4.063955569944414,4.053490589694911,4.06046724319458,63489,0.0,0.0
2021-10-25 00:00:00-04:00,4.063953128014751,4.081395194076859,4.056976478707179,4.074418544769287,139356,0.0,0.0
2021-10-26 00:00:00-04:00,4.081395829632146,4.091861248016357,4.07441917923817,4.091861248016357,106081,0.0,0.0
2021-10-27 00:00:00-04:00,4.0883724800261225,4.095349130420099,4.084884154829134,4.091861248016357,125513,0.0,0.0
2021-10-28 00:00:00-04:00,4.1257147093610085,4.1257147093610085,4.08692601701513,4.104557037353516,79727,0.094666,0.0
2021-10-29 00:00:00-04:00,4.101030833285838,4.115136097157977,4.0939784251504845,4.104557037353516,42991,0.0,0.0
2021-11-01 00:00:00-04:00,4.111608528910577,4.12218713760376,4.101029472616113,4.12218713760376,66417,0.0,0.0
2021-11-02 00:00:00-04:00,4.122186209971543,4.136291465989573,4.1151338057631195,4.13276481628418,93569,0.0,0.0
2021-11-03 00:00:00-04:00,4.1151347788092165,4.143344402313232,4.1151347788092165,4.143344402313232,74669,0.0,0.0
2021-11-04 00:00:00-04:00,4.143343600929062,4.185658923203248,4.139817398673079,4.182132720947266,87979,0.0,0.0
2021-11-05 00:00:00-04:00,4.182132771863264,4.2209214447525065,4.178606121963146,4.203289985656738,51377,0.0,0.0
2021-11-08 00:00:00-05:00,4.227973465087546,4.266762586159086,4.206816698578332,4.217395305633545,86116,0.0,0.0
2021-11-09 00:00:00-05:00,4.22797302235238,4.231499671936035,4.206816258058612,4.231499671936035,66018,0.0,0.0
2021-11-10 00:00:00-05:00,4.2315011403413525,4.263237416797965,4.217396327516778,4.24913215637207,80526,0.0,0.0
2021-11-11 00:00:00-05:00,4.242078313063951,4.259709770723783,4.242078313063951,4.245604515075684,34340,0.0,0.0
2021-11-12 00:00:00-05:00,4.256183568712051,4.256183568712051,4.231499707028753,4.245604515075684,35937,0.0,0.0
2021-11-15 00:00:00-05:00,4.252657796720111,4.256184447060808,4.213869566586326,4.224447727203369,111671,0.0,0.0
2021-11-16 00:00:00-05:00,4.224447258802669,4.23150011110079,4.217395301706971,4.227973461151123,60427,0.0,0.0
2021-11-17 00:00:00-05:00,4.23150011110079,4.235026313449245,4.217395301706971,4.227973461151123,57366,0.0,0.0
2021-11-18 00:00:00-05:00,4.238553462828624,4.238553462828624,4.189186171318785,4.210343837738037,110606,0.0,0.0
2021-11-19 00:00:00-05:00,4.1715532264609365,4.196237087249756,4.1257121543684026,4.196237087249756,100357,0.0,0.0
2021-11-22 00:00:00-05:00,4.217395280270403,4.227973439660787,4.196237618686005,4.206816673278809,59895,0.0,0.0
2021-11-23 00:00:00-05:00,4.210342460041101,4.2456044798659915,4.210342460041101,4.231499671936035,114865,0.0,0.0
2021-11-24 00:00:00-05:00,4.231499707028753,4.252656919099149,4.2244468554041195,4.245604515075684,20497,0.0,0.0
2021-11-25 00:00:00-05:00,4.2561842615276815,4.3161301530862115,4.2561842615276815,4.312603950500488,95033,0.0,0.0
2021-11-26 00:00:00-05:00,4.2279736028061325,4.298498994941762,4.192711578140158,4.2632365226745605,339671,0.0,0.0
2021-11-29 00:00:00-05:00,4.297445542406535,4.297445542406535,4.226178296624397,4.258248805999756,55769,0.094666,0.0
2021-11-30 00:00:00-05:00,4.219049797407357,4.219049797407357,4.101457817042,4.112148284912109,183545,0.0,0.0
2021-12-01 00:00:00-05:00,4.16560025604404,4.222614138184973,4.019501080539532,4.037318229675293,98361,0.0,0.0
2021-12-02 00:00:00-05:00,4.044443948433607,4.140655445373866,4.037317271396948,4.112148284912109,86382,0.0,0.0
2021-12-03 00:00:00-05:00,4.133528768337207,4.133528768337207,4.097894478523671,4.112148284912109,43923,0.0,0.0
2021-12-06 00:00:00-05:00,4.12283850793017,4.186979509117946,4.119275169232531,4.172726154327393,44988,0.0,0.0
2021-12-07 00:00:00-05:00,4.2261780801361315,4.24043143809937,4.21192426985765,4.222614288330078,40063,0.0,0.0
2021-12-08 00:00:00-05:00,4.24755827252076,4.24755827252076,4.158473877359982,4.204797744750977,36469,0.0,0.0
2021-12-09 00:00:00-05:00,4.190542913424354,4.190542913424354,4.144219057314648,4.1762895584106445,25555,0.0,0.0
2021-12-10 00:00:00-05:00,4.197669590931208,4.197669590931208,4.165599542150362,4.1762895584106445,83720,0.0,0.0
2021-12-13 00:00:00-05:00,4.169165495727861,4.172728836716151,4.119277817260942,4.137094974517822,76000,0.0,0.0
2021-12-14 00:00:00-05:00,4.115712252548244,4.137092739241511,4.094332218170166,4.094332218170166,99559,0.0,0.0
2021-12-15 00:00:00-05:00,4.0800772472933655,4.115711080087517,4.048006752547122,4.108584403991699,170501,0.0,0.0
2021-12-16 00:00:00-05:00,4.115710522454692,4.140654337725508,4.048006204087476,4.080076694488525,130571,0.0,0.0
2021-12-17 00:00:00-05:00,4.055135184729672,4.101459051728222,4.00881177004638,4.0765156745910645,112603,0.0,0.0
2021-12-20 00:00:00-05:00,4.02306426621567,4.058698563125899,4.012374248531727,4.030190944671631,164645,0.0,0.0
2021-12-21 00:00:00-05:00,4.048007428577121,4.083641719637372,4.044444089934123,4.069387912750244,73072,0.0,0.0
2021-12-22 00:00:00-05:00,4.055133975212234,4.09433160365259,4.055133975212234,4.06226110458374,103951,0.0,0.0
2021-12-23 00:00:00-05:00,4.06938695779413,4.137091280753305,4.06938695779413,4.119274139404297,144147,0.0,0.0
2021-12-24 00:00:00-05:00,4.119276175782744,4.140656665508066,4.115712836214399,4.126402854919434,12911,0.0,0.0
2021-12-29 00:00:00-05:00,4.126402532191411,4.158473490428735,4.126402532191411,4.1335296630859375,175293,0.0,0.0
2021-12-30 00:00:00-05:00,4.150101130077507,4.175318873983476,4.103268569065489,4.146498203277588,121254,0.094666,0.0
2021-12-31 00:00:00-05:00,4.1392927169799805,4.142894728341258,4.1212799164808,4.1392927169799805,34473,0.0,0.0
2022-01-04 00:00:00-05:00,4.16811393234064,4.254574582043048,4.160908992519346,4.2365617752075195,275916,0.0,0.0
2022-01-05 00:00:00-05:00,4.250972417198447,4.301407914131536,4.218549728393555,4.218549728393555,83986,0.0,0.0
2022-01-06 00:00:00-05:00,4.2401637878699585,4.286996806222605,4.232958848825626,4.2833943367004395,96098,0.0,0.0
2022-01-07 00:00:00-05:00,4.286995354346268,4.344635304462252,4.28339288604415,4.32662296295166,156259,0.0,0.0
2022-01-10 00:00:00-05:00,4.32662469291951,4.359047377884629,4.308612344206818,4.35544490814209,88245,0.0,0.0
2022-01-11 00:00:00-05:00,4.377059181467638,4.398674452254921,4.355443910680355,4.395071983337402,64820,0.0,0.0
2022-01-12 00:00:00-05:00,4.37345706153179,4.3950723340438715,4.37345706153179,4.3842644691467285,178886,0.0,0.0
2022-01-13 00:00:00-05:00,4.384264154998058,4.416686375519703,4.384264154998058,4.398674488067627,90109,0.0,0.0
2022-01-14 00:00:00-05:00,4.369855794983498,4.463520934655573,4.351842986718973,4.456315994262695,174228,0.0,0.0
2022-01-17 00:00:00-05:00,4.456315676144204,4.474328483122867,4.441905339104813,4.470726013183594,120456,0.0,0.0
2022-01-18 00:00:00-05:00,4.449110507965088,4.456315447473922,4.4166873656107875,4.449110507965088,120855,0.0,0.0
2022-01-19 00:00:00-05:00,4.459917091986029,4.467122487443884,4.36985445022583,4.36985445022583,258214,0.0,0.0
2022-01-20 00:00:00-05:00,4.3914705865687855,4.4094829374295985,4.294202520073412,4.312215328216553,148273,0.0,0.0
2022-01-21 00:00:00-05:00,4.297805443962362,4.297805443962362,4.186127039588662,4.218549728393555,367356,0.0,0.0
2022-01-24 00:00:00-05:00,4.15370375972254,4.214946658448446,3.8907198165361576,4.1609086990356445,432575,0.0,0.0
2022-01-25 00:00:00-05:00,4.139295024050519,4.297806019118628,4.103269860255365,4.22575569152832,182081,0.0,0.0
2022-01-26 00:00:00-05:00,4.283394267348446,4.3770598452549665,4.283394267348446,4.32302188873291,155062,0.0,0.0
2022-01-27 00:00:00-05:00,4.373457199770015,4.402277411603018,4.294201502908701,4.351841926574707,142018,0.0,0.0
2022-01-28 00:00:00-05:00,4.364948611922859,4.364948611922859,4.2411721985537065,4.35402774810791,76000,0.094666,0.0
2022-01-31 00:00:00-05:00,4.328543855810026,4.419556284354468,4.328543855810026,4.364948272705078,163447,0.0,0.0
2022-02-01 00:00:00-05:00,4.372230255164284,4.419556928227283,4.372230255164284,4.408635139465332,131237,0.0,0.0
2022-02-02 00:00:00-05:00,4.415914786740751,4.426836109197783,4.397712120543537,4.41227388381958,25821,0.0,0.0
2022-02-03 00:00:00-05:00,4.4049947551644655,4.430478313140971,4.3977138706289916,4.4013543128967285,77464,0.0,0.0
2022-02-04 00:00:00-05:00,4.42319500347022,4.459599406187903,4.4086327802810565,4.441397666931152,111671,0.0,0.0
2022-02-07 00:00:00-05:00,4.455960922093609,4.455960922093609,4.426837387134162,4.434118270874023,77464,0.0,0.0
2022-02-08 00:00:00-05:00,4.455960861054478,4.477803974077143,4.437758651954162,4.47416353225708,121653,0.0,0.0
2022-02-09 00:00:00-05:00,4.481443825875595,4.510567818703956,4.466882060512528,4.488724708557129,109275,0.0,0.0
2022-02-10 00:00:00-05:00,4.48508299990042,4.506926103875206,4.466880798339844,4.466880798339844,91174,0.0,0.0
2022-02-11 00:00:00-05:00,4.470523090437017,4.4887252995373315,4.434118210134099,4.47416353225708,103951,0.0,0.0
2022-02-14 00:00:00-05:00,4.437759197676446,4.4450405443142635,4.386792081723436,4.4013543128967285,149205,0.0,0.0
2022-02-15 00:00:00-05:00,4.441399236304839,4.4559605404350755,4.426837007970096,4.452320098876953,67082,0.0,0.0
2022-02-16 00:00:00-05:00,4.452320480223678,4.452320480223678,4.408634715682213,4.434118270874023,96364,0.0,0.0
2022-02-17 00:00:00-05:00,4.434119187654642,4.434119187654642,4.372230738865423,4.375871181488037,97030,0.0,0.0
2022-02-18 00:00:00-05:00,4.3685885058002585,4.408633820339046,4.3685885058002585,4.39407205581665,68413,0.0,0.0
2022-02-22 00:00:00-05:00,4.379509333020826,4.394071557995612,4.357666688711869,4.361306667327881,128841,0.0,0.0
2022-02-23 00:00:00-05:00,4.383150943254875,4.390431826633885,4.364948272705078,4.364948272705078,98228,0.0,0.0
2022-02-24 00:00:00-05:00,4.273936059635945,4.375869807366827,4.241171624218795,4.368588924407959,168105,0.0,0.0
2022-02-25 00:00:00-05:00,4.389192040986789,4.484848833230057,4.389192040986789,4.448057651519775,87447,0.094666,0.0
2022-02-28 00:00:00-05:00,4.429660797119141,4.451735687814476,4.4075859064238045,4.429660797119141,72939,0.0,0.0
2022-03-01 00:00:00-05:00,4.429660683028136,4.4333397535483225,4.315608562891046,4.334003448486328,201513,0.0,0.0
2022-03-02 00:00:00-05:00,4.352400310983577,4.418624530226408,4.352400310983577,4.378154277801514,78662,0.0,0.0
2022-03-03 00:00:00-05:00,4.381833539356207,4.400229364168967,4.308251174116736,4.330325603485107,143083,0.0,0.0
2022-03-04 00:00:00-05:00,4.319287023096725,4.319287023096725,4.286174922508014,4.297212600708008,131237,0.0,0.0
2022-03-07 00:00:00-05:00,4.278817117889973,4.278817117889973,4.0764654280612165,4.124294281005859,302669,0.0,0.0
2022-03-08 00:00:00-05:00,4.091183527786944,4.1500491452113835,4.010242544943872,4.131653785705566,314648,0.0,0.0
2022-03-09 00:00:00-05:00,4.186840809514676,4.249385972990982,4.186840809514676,4.208915710449219,126312,0.0,0.0
2022-03-10 00:00:00-05:00,4.190520211520255,4.278818878353156,4.164766239108215,4.249385833740234,93436,0.0,0.0
2022-03-11 00:00:00-05:00,4.319288447632086,4.322967519243592,4.219952580109837,4.245706081390381,121387,0.0,0.0
2022-03-14 00:00:00-04:00,4.27145978359814,4.30457189304486,4.260422102445393,4.275138854980469,64687,0.0,0.0
2022-03-15 00:00:00-04:00,4.286177230181503,4.319289348597745,4.271460940665789,4.304573059082031,55769,0.0,0.0
2022-03-16 00:00:00-04:00,4.311931869112596,4.374477043216025,4.311931869112596,4.359760284423828,144014,0.0,0.0
2022-03-17 00:00:00-04:00,4.363438541574584,4.39655065536499,4.363438541574584,4.39655065536499,44056,0.0,0.0
2022-03-18 00:00:00-04:00,4.396550101815973,4.396550101815973,4.341363096778359,4.378154277801514,158655,0.0,0.0
2022-03-21 00:00:00-04:00,4.385511193174764,4.411264685778972,4.378153052430704,4.381832122802734,89310,0.0,0.0
2022-03-22 00:00:00-04:00,4.4002288510327245,4.448057242759099,4.389191637635652,4.440699100494385,115930,0.0,0.0
2022-03-23 00:00:00-04:00,4.253064353520659,4.256743425243675,4.20891502583866,4.230989456176758,1073318,0.0,0.0
2022-03-24 00:00:00-04:00,4.256743425243675,4.256743425243675,4.223631779736529,4.230989456176758,401163,0.0,0.0
2022-03-25 00:00:00-04:00,4.238347938167369,4.245706081390381,4.223631651721343,4.245706081390381,510172,0.0,0.0
2022-03-28 00:00:00-04:00,4.245705681946931,4.264101505279541,4.242026610681559,4.264101505279541,137359,0.0,0.0
2022-03-29 00:00:00-04:00,4.286176069127455,4.286176069127455,4.260422102445393,4.275138854980469,364827,0.0,0.0
2022-03-30 00:00:00-04:00,4.284810799170887,4.307127219627941,4.277371520226532,4.295969009399414,182480,0.094666,0.0
2022-03-31 00:00:00-04:00,4.292248612627641,4.292248612627641,4.266212794786591,4.273651599884033,85051,0.0,0.0
2022-04-01 00:00:00-04:00,4.288529210078919,4.288529210078919,4.262493392237869,4.273651599884033,90375,0.0,0.0
2022-04-04 00:00:00-04:00,4.28481002681651,4.288529429555581,4.255054332778685,4.26249361038208,203909,0.0,0.0
2022-04-05 00:00:00-04:00,4.262492462773361,4.269931266248724,4.243894981959828,4.24761438369751,131104,0.0,0.0
2022-04-06 00:00:00-04:00,4.240177112478576,4.240177112478576,4.202982137410506,4.217860221862793,127776,0.0,0.0
2022-04-07 00:00:00-04:00,4.217858719428435,4.236456200337901,4.2104199159146996,4.221578121185303,62158,0.0,0.0
2022-04-08 00:00:00-04:00,4.217859572498472,4.281089887278801,4.217859572498472,4.2513346672058105,110739,0.0,0.0
2022-04-11 00:00:00-04:00,4.258773019001332,4.258773019001332,4.221578525743144,4.225297927856445,131769,0.0,0.0
2022-04-12 00:00:00-04:00,4.243895221335763,4.25133402523071,4.21042013168335,4.21042013168335,71874,0.0,0.0
2022-04-13 00:00:00-04:00,4.210419316082943,4.210419316082943,4.191821837822942,4.202980041503906,78928,0.0,0.0
2022-04-14 00:00:00-04:00,4.206701608233599,4.221579692925471,4.165788173675537,4.165788173675537,172631,0.0,0.0
2022-04-18 00:00:00-04:00,4.184385845278948,4.191824179763605,4.162068953323678,4.180665969848633,85450,0.0,0.0
2022-04-19 00:00:00-04:00,4.184384318051036,4.22157833752577,4.184384318051036,4.21042013168335,68813,0.0,0.0
2022-04-20 00:00:00-04:00,4.217860002699292,4.24761569793244,4.214140599810808,4.229018211364746,86914,0.0,0.0
2022-04-21 00:00:00-04:00,4.2438954105481255,4.2476148126614275,4.214139721516541,4.225297927856445,85983,0.0,0.0
2022-04-22 00:00:00-04:00,4.217859293644028,4.225298098170476,4.1918230056762695,4.1918230056762695,119790,0.0,0.0
2022-04-25 00:00:00-04:00,4.184385661509051,4.184385661509051,4.102556903891711,4.165788173675537,194326,0.0,0.0
2022-04-26 00:00:00-04:00,4.165785734720751,4.165785734720751,4.128590780830362,4.143468856811523,111139,0.0,0.0
2022-04-27 00:00:00-04:00,4.139750458669102,4.139750458669102,4.083958958568526,4.091397762298584,380666,0.0,0.0
2022-04-28 00:00:00-04:00,4.127517986751592,4.138805963275489,4.078604536204884,4.116230487823486,142816,0.094666,0.0
2022-04-29 00:00:00-04:00,4.119993451311783,4.119993451311783,3.9958290387405198,4.0108795166015625,199118,0.0,0.0
2022-05-02 00:00:00-04:00,3.9694917876179887,3.9694917876179887,3.7776018726602523,3.796414375305176,344064,0.0,0.0
2022-05-03 00:00:00-04:00,3.8001778679679643,3.8716665951646494,3.8001778679679643,3.837803840637207,135762,0.0,0.0
2022-05-04 00:00:00-04:00,3.852854071623873,3.9393925666809086,3.807703334430698,3.939392566680908,176491,0.0,0.0
2022-05-05 00:00:00-04:00,3.920578249045457,3.9619664679296083,3.8039393092395914,3.811464309692383,204042,0.0,0.0
2022-05-06 00:00:00-04:00,3.781364784141858,3.8114650304429336,3.728689054617504,3.758789300918579,304533,0.0,0.0
2022-05-09 00:00:00-04:00,3.721163369220595,3.721163369220595,3.4464974727828563,3.491647720336914,356708,0.0,0.0
2022-05-10 00:00:00-04:00,3.5179853606998432,3.6270995428280806,3.5104603599727637,3.5142228603363037,283237,0.0,0.0
2022-05-11 00:00:00-04:00,3.533035600951943,3.612049302575981,3.499172858882145,3.5142228603363037,203510,0.0,0.0
2022-05-12 00:00:00-04:00,3.5066977760239566,3.5744239749430617,3.476597535035165,3.5330355167388916,135363,0.0,0.0
2022-05-13 00:00:00-04:00,3.5894743010968444,3.6233375252748043,3.5819492993670576,3.619574546813965,145878,0.0,0.0
2022-05-16 00:00:00-04:00,3.630862810784358,3.7738395264108453,3.6120500661915576,3.76255202293396,195125,0.0,0.0
2022-05-17 00:00:00-04:00,3.834040317245056,3.852853059768677,3.7813645904193245,3.8528530597686768,152000,0.0,0.0
2022-05-18 00:00:00-04:00,3.852851980717177,3.867901979482714,3.800175791048306,3.82651424407959,139888,0.0,0.0
2022-05-19 00:00:00-04:00,3.8114638437607584,3.886715033079271,3.8077013439943084,3.8641395568847656,95699,0.0,0.0
2022-05-20 00:00:00-04:00,3.882952856086635,3.931866073510146,3.807701660512802,3.845327138900757,124848,0.0,0.0
2022-05-24 00:00:00-04:00,3.8829529017760773,3.9506783815946225,3.879190401652594,3.9431533813476562,95699,0.0,0.0
2022-05-25 00:00:00-04:00,3.9469161906520682,4.0334553718566895,3.9469161906520682,4.0334553718566895,62158,0.0,0.0
2022-05-26 00:00:00-04:00,4.056030913801588,4.138807366798977,4.048505911964358,4.1237568855285645,138158,0.0,0.0
2022-05-27 00:00:00-04:00,4.135043396516972,4.195243867418881,4.135043396516972,4.187718868255615,156925,0.0,0.0
2022-05-30 00:00:00-04:00,4.216641278316644,4.254697576152861,4.2052245338851035,4.239475250244141,137093,0.094666,0.0
2022-05-31 00:00:00-04:00,4.209030237802198,4.209030237802198,4.17097393885893,4.182391166687012,100624,0.0,0.0
2022-06-01 00:00:00-04:00,4.186198282505786,4.186198282505786,4.056806528838273,4.121501922607422,127909,0.0,0.0
2022-06-02 00:00:00-04:00,4.110085173659561,4.121501922607422,4.053000945855653,4.121501922607422,65219,0.0,0.0
2022-06-03 00:00:00-04:00,4.094862561693904,4.125307223472847,4.064417416850387,4.068222999572754,25289,0.0,0.0
2022-06-06 00:00:00-04:00,4.091057463128264,4.136724944265777,4.060612314681712,4.102474212646484,130704,0.0,0.0
2022-06-07 00:00:00-04:00,4.075835497188537,4.113891332340272,4.0606126800631674,4.094863414764404,62424,0.0,0.0
2022-06-08 00:00:00-04:00,4.098666159844251,4.098666159844251,3.9844975123363797,4.014942646026611,129773,0.0,0.0
2022-06-09 00:00:00-04:00,4.014944304775305,4.018749887675787,3.9692765853726297,3.980693817138672,86116,0.0,0.0
2022-06-10 00:00:00-04:00,3.927414606650904,3.927414606650904,3.79421752543987,3.8398847579956055,238116,0.0,0.0
2022-06-13 00:00:00-04:00,3.729522119826074,3.767578677479887,3.577296613807796,3.687659978866577,216021,0.0,0.0
2022-06-14 00:00:00-04:00,3.6724365450874807,3.6800477094179334,3.565879036799879,3.5772955417633057,122186,0.0,0.0
2022-06-15 00:00:00-04:00,3.592518780555764,3.6914653778076176,3.592518780555764,3.691465377807617,176358,0.0,0.0
2022-06-16 00:00:00-04:00,3.634379925826148,3.634379925826148,3.3870139501365704,3.4060418605804443,446684,0.0,0.0
2022-06-17 00:00:00-04:00,3.4174590607279334,3.5468505413670717,3.409847896615379,3.470737934112549,150536,0.0,0.0
2022-06-20 00:00:00-04:00,3.478349130706753,3.706687211990356,3.478349130706753,3.7066872119903564,178221,0.0,0.0
2022-06-21 00:00:00-04:00,3.7675785522162246,3.8246630245005244,3.7637724859724346,3.7980237007141113,124582,0.0,0.0
2022-06-22 00:00:00-04:00,3.7371326107513605,3.7713835789068,3.6800481468901904,3.691465377807617,178088,0.0,0.0
2022-06-23 00:00:00-04:00,3.6990766528672463,3.7181048080525763,3.5772960732294745,3.581101655960083,161450,0.0,0.0
2022-06-24 00:00:00-04:00,3.61535282645365,3.702882194413266,3.61535282645365,3.6457977294921875,109009,0.0,0.0
2022-06-27 00:00:00-04:00,3.6724358871642875,3.729520334012664,3.630573766249711,3.6648247241973877,165177,0.0,0.0
2022-06-28 00:00:00-04:00,3.706687337545954,3.740938062975273,3.672436853648907,3.6990764141082764,111804,0.0,0.0
2022-06-29 00:00:00-04:00,3.712956428527832,3.720667552140357,3.647410899003951,3.712956428527832,82256,0.094666,0.0
2022-06-30 00:00:00-04:00,3.6628342756894456,3.6782562809050168,3.608855666856366,3.658978223800659,130837,0.0,0.0
2022-07-04 00:00:00-04:00,3.6666886834999164,3.6666886834999164,3.6281323341553655,3.6474106311798096,55636,0.0,0.0
2022-07-05 00:00:00-04:00,3.5934323422244003,3.601143465928386,3.543309304035422,3.578009605407715,114333,0.0,0.0
2022-07-06 00:00:00-04:00,3.5780102441412938,3.5780102441412938,3.4893313268973873,3.504754066467285,80126,0.0,0.0
2022-07-07 00:00:00-04:00,3.5355989209164775,3.628133403564491,3.5355989209164775,3.585721969604492,51377,0.0,0.0
2022-07-08 00:00:00-04:00,3.597286276254519,3.608853445984907,3.5625859905845862,3.604997396469116,32476,0.0,0.0
2022-07-11 00:00:00-04:00,3.5857212185204146,3.5857212185204146,3.547164865887415,3.578009605407715,104350,0.0,0.0
2022-07-12 00:00:00-04:00,3.5394541135080404,3.6127110199030823,3.5394541135080404,3.5625879764556885,54305,0.0,0.0
2022-07-13 00:00:00-04:00,3.547164583506741,3.547164583506741,3.4854748646727445,3.5124642848968506,80792,0.0,0.0
2022-07-14 00:00:00-04:00,3.462343002263068,3.462343002263068,3.342818576265238,3.358241319656372,301072,0.0,0.0
2022-07-15 00:00:00-04:00,3.3929409980773926,3.4314973598991814,3.3312515043348947,3.3929409980773926,150669,0.0,0.0
2022-07-18 00:00:00-04:00,3.4469193455917955,3.5278871363633924,3.4314970956957938,3.450774908065796,115265,0.0,0.0
2022-07-19 00:00:00-04:00,3.489330696075722,3.558732032775879,3.489330696075722,3.558732032775879,74935,0.0,0.0
2022-07-20 00:00:00-04:00,3.585721475142293,3.6589778896860223,3.574154299349764,3.6435556411743164,145345,0.0,0.0
2022-07-21 00:00:00-04:00,3.6435551153763446,3.6551218000909467,3.6165656949669263,3.6358439922332764,105681,0.0,0.0
2022-07-22 00:00:00-04:00,3.643554789538834,3.6551214732190456,3.593431759478297,3.6204209327697754,66816,0.0,0.0
2022-07-25 00:00:00-04:00,3.624277341125934,3.7091006867578176,3.624277341125934,3.6435556411743164,184876,0.0,0.0
2022-07-26 00:00:00-04:00,3.6589781584003624,3.6821117775712233,3.5008978972066296,3.566443681716919,253422,0.0,0.0
2022-07-27 00:00:00-04:00,3.593432090152167,3.631987950671834,3.5587317912140324,3.616565704345703,145212,0.0,0.0
2022-07-28 00:00:00-04:00,3.622819018342824,3.6345436896748122,3.568105704392369,3.607187032699585,113934,0.094666,0.0
2022-07-29 00:00:00-04:00,3.6345438886018564,3.6345438886018564,3.6032786754231436,3.6150033473968506,139223,0.0,0.0
2022-08-02 00:00:00-04:00,3.6110957563545774,3.6110957563545774,3.525117463133932,3.53684139251709,144946,0.0,0.0
2022-08-03 00:00:00-04:00,3.556381085574936,3.572013069268528,3.493850918475018,3.540748357772827,132301,0.0,0.0
2022-08-04 00:00:00-04:00,3.54465659508493,3.5563812655479325,3.525116552470061,3.529024362564087,64687,0.0,0.0
2022-08-05 00:00:00-04:00,3.52120799826748,3.548564653215141,3.4508622078151303,3.529024362564087,187671,0.0,0.0
2022-08-08 00:00:00-04:00,3.572013715271305,3.603278680457483,3.5290248222036906,3.5759217739105225,116063,0.0,0.0
2022-08-09 00:00:00-04:00,3.5720135094088055,3.587646239137165,3.548564910888672,3.548564910888672,136161,0.0,0.0
2022-08-10 00:00:00-04:00,3.5954623222351074,3.618910920535263,3.575921534276077,3.5954623222351074,179419,0.0,0.0
2022-08-11 00:00:00-04:00,3.6150033160933392,3.657992704801066,3.595462527021327,3.622819185256958,98627,0.0,0.0
2022-08-12 00:00:00-04:00,3.638451839663722,3.681440731400295,3.626727168036658,3.67753267288208,165576,0.0,0.0
2022-08-15 00:00:00-04:00,3.7009810408002215,3.7322457529334834,3.681440254667189,3.697072982788086,189801,0.0,0.0
2022-08-16 00:00:00-04:00,3.7048895498330934,3.783051711735712,3.7048895498330934,3.7635114192962646,118193,0.0,0.0
2022-08-17 00:00:00-04:00,3.751787662506104,3.7674201472718325,3.732246870521754,3.7517876625061035,84119,0.0,0.0
2022-08-18 00:00:00-04:00,3.7791447564733955,3.8065014219109146,3.763512517958402,3.7986855506896973,100091,0.0,0.0
2022-08-19 00:00:00-04:00,3.783050953432801,3.7947756226187046,3.7244293437563893,3.771326780319214,266067,0.0,0.0
2022-08-22 00:00:00-04:00,3.732246870521754,3.751787662506104,3.67362523867746,3.7517876625061035,135629,0.0,0.0
2022-08-23 00:00:00-04:00,3.7517874657637025,3.8065007875202284,3.7439713478088383,3.743971347808838,97296,0.0,0.0
2022-08-24 00:00:00-04:00,3.6110958549782746,3.6110958549782746,3.5720142703678874,3.5798308849334717,768786,0.0,0.0
2022-08-25 00:00:00-04:00,3.583737810447488,3.595461984478099,3.5798297524372846,3.5915539264678955,243706,0.0,0.0
2022-08-26 00:00:00-04:00,3.595461984478099,3.5993700424883026,3.575921198354726,3.5915539264678955,343265,0.0,0.0
2022-08-29 00:00:00-04:00,3.5837373997210795,3.595461572408002,3.556380748748779,3.5563807487487793,477563,0.0,0.0
2022-08-30 00:00:00-04:00,3.5825371708480254,3.590463030643874,3.5389441874145193,3.566685199737549,159321,0.094666,0.0
2022-08-31 00:00:00-04:00,3.570648065769807,3.582537106769709,3.534981194288877,3.5627222061157227,335013,0.0,0.0
2022-09-01 00:00:00-04:00,3.546870231628418,3.546870231628418,3.467611126511329,3.546870231628418,188736,0.0,0.0
2022-09-02 00:00:00-04:00,3.534980535507202,3.5864993682139863,3.519128567634443,3.534980535507202,131902,0.0,0.0
2022-09-06 00:00:00-04:00,3.5587587172045816,3.5587587172045816,3.4596839779806046,3.511202812194824,236785,0.0,0.0
2022-09-07 00:00:00-04:00,3.4953521705718673,3.5508339510571347,3.4953521705718673,3.519129753112793,111405,0.0,0.0
2022-09-08 00:00:00-04:00,3.515165891951445,3.6023518472961493,3.5032771038288684,3.5825366973876953,170102,0.0,0.0
2022-09-09 00:00:00-04:00,3.614240820736446,3.6499074384517023,3.582536881079819,3.6102778911590576,245969,0.0,0.0
2022-09-12 00:00:00-04:00,3.6380189007478165,3.665759912741223,3.626129608157754,3.657834053039551,295216,0.0,0.0
2022-09-13 00:00:00-04:00,3.6261304422452,3.6261304422452,3.5587601162468188,3.586500883102417,247566,0.0,0.0
2022-09-14 00:00:00-04:00,3.586499801318588,3.6063149521914544,3.558759042830341,3.5785739421844482,97030,0.0,0.0
2022-09-15 00:00:00-04:00,3.582537989161511,3.6221675487116083,3.5627230836270436,3.5746123790740967,256484,0.0,0.0
2022-09-16 00:00:00-04:00,3.538944291982928,3.5587594450956055,3.523092823441633,3.527055501937866,152533,0.0,0.0
2022-09-19 00:00:00-04:00,3.5151664603740174,3.546870152012969,3.503277670328956,3.527055501937866,166109,0.0,0.0
2022-09-20 00:00:00-04:00,3.5230917930603027,3.531017399253593,3.4834614984254255,3.5230917930603027,139090,0.0,0.0
2022-09-21 00:00:00-04:00,3.5270553161039544,3.5468699651350604,3.4834623336791988,3.483462333679199,166774,0.0,0.0
2022-09-22 00:00:00-04:00,3.5032769414003964,3.5032769414003964,3.4715732563580466,3.479498863220215,163846,0.0,0.0
2022-09-23 00:00:00-04:00,3.4438331527746744,3.4438331527746744,3.348721318130609,3.3685364723205566,358838,0.0,0.0
2022-09-26 00:00:00-04:00,3.356647953578659,3.41609317835449,3.344759160142352,3.37250018119812,132035,0.0,0.0
2022-09-27 00:00:00-04:00,3.38835228460517,3.459685802459717,3.3764632392033107,3.459685802459717,230130,0.0,0.0
2022-09-28 00:00:00-04:00,3.458076036452187,3.5304544154238693,3.417866137826046,3.5264337062835693,143349,0.094666,0.0
2022-09-29 00:00:00-04:00,3.4982868285499955,3.5143706876808163,3.4701398198689275,3.4902443885803223,146809,0.0,0.0
2022-09-30 00:00:00-04:00,3.478182593768694,3.498287677764893,3.4500353230527,3.4982876777648926,106879,0.0,0.0
2022-10-03 00:00:00-04:00,3.4781817768019163,3.5183921905517526,3.450034512697244,3.510349750518799,180217,0.0,0.0
2022-10-04 00:00:00-04:00,3.558601919958157,3.5988118213383267,3.5505599907225474,3.574686288833618,145745,0.0,0.0
2022-10-05 00:00:00-04:00,3.5545811379011063,3.5545811379011063,3.530454838550926,3.534475803375244,80526,0.0,0.0
2022-10-06 00:00:00-04:00,3.52643300928558,3.542516608274175,3.450033425869736,3.4741597175598145,242908,0.0,0.0
2022-10-07 00:00:00-04:00,3.46611779046449,3.4781806811074762,3.441991498774412,3.4741597175598145,129906,0.0,0.0
2022-10-11 00:00:00-04:00,3.4339503210025977,3.4339503210025977,3.3776563002800413,3.39374041557312,204175,0.0,0.0
2022-10-12 00:00:00-04:00,3.397760560223244,3.4580757866078646,3.3776554847617035,3.4058024883270264,367888,0.0,0.0
2022-10-13 00:00:00-04:00,3.3575522068355372,3.4580773751186378,3.3374468669362742,3.4379725456237793,272456,0.0,0.0
2022-10-14 00:00:00-04:00,3.4822036666015332,3.4862246327786615,3.413846731185913,3.413846731185913,134564,0.0,0.0
2022-10-17 00:00:00-04:00,3.458076346818044,3.5304547322857593,3.458076346818044,3.4942657947540283,96631,0.0,0.0
2022-10-18 00:00:00-04:00,3.538496768199563,3.570664997198381,3.5224131641044223,3.534475803375244,137093,0.0,0.0
2022-10-19 00:00:00-04:00,3.530454635620117,3.5666438273630967,3.498286663672451,3.530454635620117,111937,0.0,0.0
2022-10-20 00:00:00-04:00,3.5344757953548354,3.5666440242806576,3.5063287864463413,3.5586020946502686,132568,0.0,0.0
2022-10-21 00:00:00-04:00,3.5384976386723084,3.5907709598541255,3.5304557070453506,3.590770959854126,136161,0.0,0.0
2022-10-24 00:00:00-04:00,3.5907709821957194,3.6108763217926025,3.574687374043929,3.6108763217926025,166375,0.0,0.0
2022-10-25 00:00:00-04:00,3.6068544474817217,3.6309804916381836,3.5907700777745686,3.6309804916381836,385857,0.0,0.0
2022-10-26 00:00:00-04:00,3.618917375582025,3.699337693652167,3.618917375582025,3.679232358932495,398235,0.0,0.0
2022-10-27 00:00:00-04:00,3.6953174836785294,3.711401856820881,3.647065129858041,3.6752121448516846,393577,0.0,0.0
2022-10-28 00:00:00-04:00,3.677658762710942,3.677658762710942,3.6531952170471844,3.665426731109619,180351,0.094666,0.0
2022-10-31 00:00:00-04:00,3.6531957536946624,3.66135009760081,3.608346085902405,3.628732204437256,175559,0.0,0.0
2022-11-01 00:00:00-04:00,3.6531955872231108,3.6613499307576753,3.616500265009161,3.640963554382324,94634,0.0,0.0
2022-11-02 00:00:00-04:00,3.6409628893239265,3.685812546880201,3.6287313762562885,3.6491172313690186,150802,0.0,0.0
2022-11-03 00:00:00-04:00,3.612421088998658,3.6491158733146705,3.567571965672271,3.620575428009033,230795,0.0,0.0
2022-11-04 00:00:00-04:00,3.6654262601323326,3.6695034309625947,3.575727466788927,3.6246542930603027,293752,0.0,0.0
2022-11-07 00:00:00-05:00,3.628731063245086,3.6491169165993504,3.62057646313398,3.636885404586792,107012,0.0,0.0
2022-11-08 00:00:00-05:00,3.6654271025249576,3.6654271025249576,3.616500265009161,3.640963554382324,243972,0.0,0.0
2022-11-09 00:00:00-05:00,3.620575747307413,3.6328075156710202,3.5757266200257836,3.5961127281188965,104350,0.0,0.0
2022-11-10 00:00:00-05:00,3.677658465308016,3.706198921248481,3.640962891010414,3.6980440616607666,315048,0.0,0.0
2022-11-11 00:00:00-05:00,3.68988904268479,3.710275411605835,3.6735801028095785,3.710275411605835,257415,0.0,0.0
2022-11-14 00:00:00-05:00,3.698044121084134,3.7306617485731617,3.6858126078142837,3.714353322982788,224140,0.0,0.0
2022-11-15 00:00:00-05:00,3.75104947145719,3.763281506667853,3.7184318322300065,3.7428951263427734,198053,0.0,0.0
2022-11-16 00:00:00-05:00,3.734738506200326,3.7592015266418453,3.7143523970630308,3.7592015266418457,77464,0.0,0.0
2022-11-17 00:00:00-05:00,3.714353664333356,3.759202809213888,3.714353664333356,3.7347397804260254,74802,0.0,0.0
2022-11-18 00:00:00-05:00,3.742892846347499,3.7592015266418453,3.734738506200326,3.7592015266418457,155993,0.0,0.0
2022-11-21 00:00:00-05:00,3.751048589433605,3.7714349649650214,3.730662213902189,3.7551257610321045,161583,0.0,0.0
2022-11-22 00:00:00-05:00,3.7755110079563545,3.8652100563049316,3.7714340960665917,3.8652100563049316,264470,0.0,0.0
2022-11-23 00:00:00-05:00,3.8692879930274646,3.9508324574329476,3.8692879930274646,3.9263694286346436,164778,0.0,0.0
2022-11-24 00:00:00-05:00,3.954909086227417,3.963063426974213,3.9141366061852927,3.954909086227417,254487,0.0,0.0
2022-11-25 00:00:00-05:00,3.9752962905106033,3.9875283241271973,3.950832999585874,3.9875283241271973,249829,0.0,0.0
2022-11-28 00:00:00-05:00,3.9752946696535685,3.979371840017047,3.877441545852556,3.905982255935669,493535,0.0,0.0
2022-11-29 00:00:00-05:00,3.908461670925872,3.945645525454462,3.891935105462603,3.941514015197754,212428,0.094666,0.0
2022-11-30 00:00:00-05:00,3.9332505503304724,3.9415135699103843,3.8464877958686405,3.92498779296875,235454,0.0,0.0
2022-12-01 00:00:00-05:00,3.9249886314129685,3.92911987986724,3.867146695342998,3.8836724758148193,91307,0.0,0.0
2022-12-02 00:00:00-05:00,3.8754089333035004,3.8836719535373203,3.842356590150011,3.87954044342041,104084,0.0,0.0
2022-12-05 00:00:00-05:00,3.8712777356628836,3.9249881545346272,3.7390673124596914,3.7886462211608887,283104,0.0,0.0
2022-12-06 00:00:00-05:00,3.792777927216038,3.8423568384778237,3.7721201130781834,3.7803828716278076,91174,0.0,0.0
2022-12-07 00:00:00-05:00,3.792777927216038,3.825830272505668,3.7555940715424816,3.7803828716278076,145478,0.0,0.0
2022-12-08 00:00:00-05:00,3.792777927216038,3.8175675139560443,3.7638570923103325,3.7803828716278076,265268,0.0,0.0
2022-12-09 00:00:00-05:00,3.780383107362754,3.801041185007019,3.7721203482978853,3.784515142440796,138823,0.0,0.0
2022-12-12 00:00:00-05:00,3.788646311736752,3.8051723528140284,3.763856987902617,3.7969093322753906,139622,0.0,0.0
2022-12-13 00:00:00-05:00,3.842357355443923,3.8754097051805485,3.801041459391182,3.8340938091278076,156126,0.0,0.0
2022-12-14 00:00:00-05:00,3.834093125334263,3.8712777660337547,3.8134358365376846,3.8630142211914062,152133,0.0,0.0
2022-12-15 00:00:00-05:00,3.809303522109985,3.838224878061108,3.801040502310975,3.8093035221099854,161717,0.0,0.0
2022-12-16 00:00:00-05:00,3.8010407516725278,3.8134358066205936,3.7721199182604894,3.7886462211608887,233990,0.0,0.0
2022-12-19 00:00:00-05:00,3.8010409479838887,3.8216990243399698,3.767988602694258,3.7803828716278076,137625,0.0,0.0
2022-12-20 00:00:00-05:00,3.7886469809747556,3.825830842185117,3.7721206747600027,3.792778491973877,201513,0.0,0.0
2022-12-21 00:00:00-05:00,3.817567224833722,3.858882587762196,3.809303680255254,3.8258299827575684,167307,0.0,0.0
2022-12-22 00:00:00-05:00,3.82170033454895,3.8382266439686603,3.7845162039091815,3.82170033454895,220813,0.0,0.0
2022-12-23 00:00:00-05:00,3.825829587209638,3.871277242164982,3.8010402671282084,3.858882188796997,186606,0.0,0.0
2022-12-28 00:00:00-05:00,3.8712799396867617,3.891937240082038,3.829963765586034,3.8423588275909424,218683,0.0,0.0
2022-12-29 00:00:00-05:00,3.8051723981511865,3.809303908469731,3.7803828118034732,3.8010408878326416,110473,0.0,0.0
2022-12-30 00:00:00-05:00,3.792778191962062,3.817567780432448,3.7886466812897464,3.813436269760132,60694,0.0,0.0
2023-01-03 00:00:00-05:00,3.82996309593133,3.846489667569357,3.7969107393102264,3.82170033454895,126977,0.0,0.0
2023-01-04 00:00:00-05:00,3.834094132753154,3.8506207023438224,3.8175683498173387,3.846489191055298,96231,0.0,0.0
2023-01-05 00:00:00-05:00,3.842357292715602,3.867146882386197,3.8382257818432555,3.8547518253326416,72673,0.0,0.0
2023-01-06 00:00:00-05:00,3.8795409651423025,3.8836724758148193,3.8547516388889567,3.8836724758148193,138557,0.0,0.0
2023-01-09 00:00:00-05:00,3.9125927391625033,3.9291190405405163,3.891934665776345,3.92498779296875,165177,0.0,0.0
2023-01-10 00:00:00-05:00,3.908461580895799,3.933250904083252,3.9001985605727194,3.933250904083252,186207,0.0,0.0
2023-01-11 00:00:00-05:00,3.9332501338337,3.9580397143848143,3.9332501338337,3.9539082050323486,142949,0.0,0.0
2023-01-12 00:00:00-05:00,3.9539091700697373,3.9869615151747633,3.941514114550736,3.9745664596557617,340736,0.0,0.0
2023-01-13 00:00:00-05:00,3.966303268909653,3.9828295707702637,3.9332506651884316,3.9828295707702637,143216,0.0,0.0
2023-01-16 00:00:00-05:00,3.9869621690394914,3.999356702154754,3.9663043516291183,3.995225191116333,231727,0.0,0.0
2023-01-17 00:00:00-05:00,4.003487346370625,4.007619380950928,3.9869613057951083,4.007619380950928,129639,0.0,0.0
2023-01-18 00:00:00-05:00,4.011750698991096,4.015882208937137,3.9580402830379677,3.962171792984009,210697,0.0,0.0
2023-01-19 00:00:00-05:00,3.9415140055520492,3.9456455157986468,3.8960671306212618,3.916724681854248,227867,0.0,0.0
2023-01-20 00:00:00-05:00,3.924988145978385,3.953908979327377,3.912593091057339,3.933250904083252,205107,0.0,0.0
2023-01-23 00:00:00-05:00,3.945645228763447,3.974566060603932,3.9373822088713655,3.962171792984009,149205,0.0,0.0
2023-01-24 00:00:00-05:00,3.9539091700697373,3.978698494453063,3.945645624911586,3.9745664596557617,73604,0.0,0.0
2023-01-25 00:00:00-05:00,3.9704347788202563,3.9828295707702637,3.945645194920242,3.9828295707702637,141618,0.0,0.0
2023-01-26 00:00:00-05:00,3.9869620202752034,4.003488063812256,3.962172692751366,4.003488063812256,154263,0.0,0.0
2023-01-27 00:00:00-05:00,4.007619380950928,4.015882401238686,3.995224326082867,4.007619380950928,187804,0.0,0.0
2023-01-30 00:00:00-05:00,4.0394315796673474,4.0394315796673474,4.00594425201416,4.00594425201416,189268,0.094666,0.0
2023-01-31 00:00:00-05:00,4.010131359100342,4.014317243126347,3.9975731756839123,4.010131359100342,116862,0.0,0.0
2023-02-01 00:00:00-05:00,4.005945536815356,4.018503189086914,3.9933873532053754,4.018503189086914,93303,0.0,0.0
2023-02-02 00:00:00-05:00,4.035248070935594,4.03943395614624,4.005946608791784,4.03943395614624,176757,0.0,0.0
2023-02-03 00:00:00-05:00,4.031061088675889,4.060362808514548,4.031061088675889,4.051990509033203,86116,0.0,0.0
2023-02-06 00:00:00-05:00,4.039432657901246,4.064548492431641,4.026874474966853,4.064548492431641,74403,0.0,0.0
2023-02-07 00:00:00-05:00,4.060362608566307,4.072920260162307,4.039432657901246,4.064548492431641,126312,0.0,0.0
2023-02-08 00:00:00-05:00,4.0645481999907,4.085477352142334,4.0561759015240195,4.085477352142334,113534,0.0,0.0
2023-02-09 00:00:00-05:00,4.089664472326543,4.114779778042769,4.043618948172458,4.047804832458496,127909,0.0,0.0
2023-02-10 00:00:00-05:00,4.056176107239697,4.081291675567627,4.0352466883574145,4.081291675567627,103951,0.0,0.0
2023-02-13 00:00:00-05:00,4.098036081666403,4.114779618159972,4.085477897957801,4.102221965789795,145878,0.0,0.0
2023-02-14 00:00:00-05:00,4.102221559588937,4.1189656257629395,4.085477493414936,4.1189656257629395,90242,0.0,0.0
2023-02-15 00:00:00-05:00,4.106408105128522,4.14826774597168,4.106408105128522,4.14826774597168,111538,0.0,0.0
2023-02-16 00:00:00-05:00,4.131525310454597,4.152455271985234,4.118967918008752,4.144083499908447,111005,0.0,0.0
2023-02-17 00:00:00-05:00,4.139894962310791,4.160824913122288,4.12315169240151,4.139894962310791,247699,0.0,0.0
2023-02-21 00:00:00-05:00,4.1440817934439735,4.16501121501755,4.118966221886456,4.131523609161377,253422,0.0,0.0
2023-02-22 00:00:00-05:00,4.123151293832235,4.156638627421301,4.093849578063984,4.114778995513916,142284,0.0,0.0
2023-02-23 00:00:00-05:00,4.144081193685568,4.144081193685568,4.093849792171123,4.1189656257629395,195524,0.0,0.0
2023-02-24 00:00:00-05:00,4.114778581598883,4.16500997543335,4.098035049323208,4.16500997543335,209366,0.0,0.0
2023-02-27 00:00:00-05:00,4.176034572820055,4.188753017847948,4.154836177825928,4.154836177825928,165710,0.094666,0.0
2023-02-28 00:00:00-05:00,4.16331520922469,4.16331520922469,4.112440085090504,4.120919227600098,149604,0.0,0.0
2023-03-01 00:00:00-05:00,4.129397604011065,4.13363717475558,4.0615639339456555,4.074282646179199,185009,0.0,0.0
2023-03-02 00:00:00-05:00,4.0785233929337315,4.0785233929337315,4.044606545883741,4.07004451751709,136294,0.0,0.0
2023-03-03 00:00:00-05:00,4.082763163400905,4.142117977142334,4.082763163400905,4.142117977142334,65086,0.0,0.0
2023-03-06 00:00:00-05:00,4.154836792912591,4.167555508900006,4.1166803758736785,4.129398822784424,108343,0.0,0.0
2023-03-07 00:00:00-05:00,4.13363717475558,4.13363717475558,4.0615639339456555,4.074282646179199,141086,0.0,0.0
2023-03-08 00:00:00-05:00,4.087002363358926,4.112440330559328,4.070043808250871,4.078522682189941,74802,0.0,0.0
2023-03-09 00:00:00-05:00,4.082762072555995,4.082762072555995,4.014927864074707,4.014927864074707,291223,0.0,0.0
2023-03-10 00:00:00-05:00,3.9937292252516188,3.997969333903638,3.9089367389678955,3.9089367389678955,443090,0.0,0.0
2023-03-13 00:00:00-04:00,3.9046974461704274,3.9640522446056514,3.7732691368988127,3.8411030769348145,718075,0.0,0.0
2023-03-14 00:00:00-04:00,3.900458105412415,3.9386150520961265,3.8368637324261146,3.8453428745269775,258081,0.0,0.0
2023-03-15 00:00:00-04:00,3.6969555818344055,3.8156651721431225,3.6376007866800473,3.722393274307251,460659,0.0,0.0
2023-03-16 00:00:00-04:00,3.709674962174528,3.756310509118015,3.709674962174528,3.739352226257324,216820,0.0,0.0
2023-03-17 00:00:00-04:00,3.735113408353295,3.735113408353295,3.6799981627768488,3.7266342639923096,347258,0.0,0.0
2023-03-20 00:00:00-04:00,3.7266327271308057,3.7520706878765204,3.709674714478992,3.743591547012329,212161,0.0,0.0
2023-03-21 00:00:00-04:00,3.8199050948267206,3.8919788773995276,3.80718638195618,3.8538224697113037,318109,0.0,0.0
2023-03-22 00:00:00-04:00,3.862301576313969,3.8834996999810025,3.8495823254065082,3.8665411472320557,158921,0.0,0.0
2023-03-23 00:00:00-04:00,3.866541135500417,3.887739259103132,3.832624030105433,3.8707807064056396,160918,0.0,0.0
2023-03-24 00:00:00-04:00,3.82414586955788,3.8792603015899663,3.807187044625477,3.879260301589966,135629,0.0,0.0
2023-03-27 00:00:00-04:00,3.900458850774662,3.900458850774662,3.8623024349526287,3.887740135192871,111005,0.0,0.0
2023-03-28 00:00:00-04:00,3.896217823028564,3.921655782840157,3.879259003769796,3.8962178230285645,122984,0.0,0.0
2023-03-29 00:00:00-04:00,3.9131781927075453,3.9258966394993324,3.8962193667296074,3.9174177646636963,131636,0.0,0.0
2023-03-30 00:00:00-04:00,3.941488623136019,3.9500849920672887,3.902804144555271,3.9156992435455322,107012,0.094666,0.0
2023-03-31 00:00:00-04:00,3.9028017520904537,3.9414862069571615,3.9028017520904537,3.902801752090454,87047,0.0,0.0
2023-04-03 00:00:00-04:00,3.89420658071365,3.898504763860417,3.85982084274292,3.85982084274292,135230,0.0,0.0
2023-04-04 00:00:00-04:00,3.8598213170342563,3.8770145973272085,3.773856279552638,3.8039441108703613,181815,0.0,0.0
2023-04-05 00:00:00-04:00,3.8039441108703613,3.8082422945452854,3.769558368674342,3.8039441108703613,144946,0.0,0.0
2023-04-06 00:00:00-04:00,3.799645185470581,3.808241551142341,3.786750091369791,3.799645185470581,47517,0.0,0.0
2023-04-10 00:00:00-04:00,3.7953476831604127,3.85552307204222,3.791049499553846,3.838329792022705,125913,0.0,0.0
2023-04-11 00:00:00-04:00,3.872716383989701,3.8770151138305664,3.85122546275202,3.8770151138305664,84652,0.0,0.0
2023-04-12 00:00:00-04:00,3.9028022798681548,3.9028022798681548,3.8555220005391417,3.8684165477752686,102487,0.0,0.0
2023-04-13 00:00:00-04:00,3.85982084274292,3.877014120923177,3.8469257477094296,3.85982084274292,87580,0.0,0.0
2023-04-14 00:00:00-04:00,3.889909143462474,3.919996976852417,3.8813127755205743,3.919996976852417,143349,0.0,0.0
2023-04-17 00:00:00-04:00,3.911399446821725,3.9242939949035645,3.8856098050649135,3.9242939949035645,101555,0.0,0.0
2023-04-18 00:00:00-04:00,3.9328906653100146,3.9457857608795166,3.9242945714557607,3.9457857608795166,114732,0.0,0.0
2023-04-19 00:00:00-04:00,3.941487921372452,3.962978839874268,3.9371897376720892,3.9629788398742676,94634,0.0,0.0
2023-04-20 00:00:00-04:00,3.95438207365893,3.95438207365893,3.928592428464476,3.9371893405914307,154795,0.0,0.0
2023-04-21 00:00:00-04:00,3.9371880515022144,3.9586789608001713,3.915696869407745,3.958678960800171,162648,0.0,0.0
2023-04-24 00:00:00-04:00,3.958679927423274,3.971575021743774,3.9371890128777056,3.9715750217437744,170900,0.0,0.0
2023-04-25 00:00:00-04:00,3.9672768388346604,3.971575021743774,3.945785378695933,3.9715750217437744,191930,0.0,0.0
2023-04-26 00:00:00-04:00,3.96297902580881,3.971575939206145,3.9371899223966613,3.9543826580047607,170767,0.0,0.0
2023-04-27 00:00:00-04:00,3.943922602837883,3.956996202468872,3.943922602837883,3.956996202468872,91307,0.094666,0.0
2023-04-28 00:00:00-04:00,3.926490353528936,3.9482799600207863,3.922132487547474,3.9395642280578613,117261,0.0,0.0
2023-05-01 00:00:00-04:00,3.9352080971470853,3.9526395687586366,3.922134216853762,3.9308505058288574,210964,0.0,0.0
2023-05-02 00:00:00-04:00,3.909059944023027,3.909059944023027,3.8785543207552045,3.900343656539917,122984,0.0,0.0
2023-05-03 00:00:00-04:00,3.900345118641488,3.9177771469731346,3.8741981824828833,3.8785557746887207,111139,0.0,0.0
2023-05-04 00:00:00-04:00,3.891627260396253,3.891627260396253,3.7913952264940916,3.8219008445739746,273121,0.0,0.0
2023-05-05 00:00:00-04:00,3.8741966285710348,3.895985687199654,3.8524067401885986,3.8524067401885986,110872,0.0,0.0
2023-05-08 00:00:00-04:00,3.89598623878208,3.89598623878208,3.865480888580101,3.8829126358032227,96364,0.0,0.0
2023-05-09 00:00:00-04:00,3.878554114049602,3.878554114049602,3.848048768992159,3.8611223697662354,64687,0.0,0.0
2023-05-10 00:00:00-04:00,3.8785557746887203,3.8785557746887203,3.852408285360683,3.8785557746887207,68946,0.0,0.0
2023-05-11 00:00:00-04:00,3.8698387243636994,3.8698387243636994,3.8001120126301995,3.8131861686706543,364694,0.0,0.0
2023-05-12 00:00:00-04:00,3.8262594949571818,3.848049386245083,3.8001120126301995,3.8131861686706543,114466,0.0,0.0
2023-05-15 00:00:00-04:00,3.813185111742331,3.8306163008210525,3.8088266921573783,3.8219008445739746,106879,0.0,0.0
2023-05-16 00:00:00-04:00,3.826260512717356,3.8306183815002437,3.8131871829534085,3.830618381500244,80126,0.0,0.0
2023-05-17 00:00:00-04:00,3.8306154697957004,3.843689619375951,3.82190001543938,3.8349733352661133,121653,0.0,0.0
2023-05-18 00:00:00-04:00,3.8349733352661133,3.8611210812576036,3.8349733352661133,3.8349733352661133,122452,0.0,0.0
2023-05-19 00:00:00-04:00,3.856764279236196,3.8741962990934966,3.8262586593627934,3.826258659362793,128974,0.0,0.0
2023-05-23 00:00:00-04:00,3.8306163008210525,3.839332033652696,3.8175429781581527,3.8219008445739746,226270,0.0,0.0
2023-05-24 00:00:00-04:00,3.8131856396032315,3.817543506622315,3.7913957513386083,3.8175435066223145,104084,0.0,0.0
2023-05-25 00:00:00-04:00,3.8175424930076938,3.8262579481471723,3.8044683422526195,3.808826208114624,133499,0.0,0.0
2023-05-26 00:00:00-04:00,3.8175416868742618,3.8785523492280336,3.8175416868742618,3.8480470180511475,304267,0.0,0.0
2023-05-29 00:00:00-04:00,3.8567655086517334,3.8829129936035156,3.8480497725293623,3.8567655086517334,157990,0.0,0.0
2023-05-30 00:00:00-04:00,3.8726802344811424,3.8726802344811424,3.84173401989901,3.8549964427948,175825,0.094666,0.0
2023-05-31 00:00:00-04:00,3.8373124599456787,3.846154635927672,3.8284708451222804,3.8373124599456787,107811,0.0,0.0
2023-06-01 00:00:00-04:00,3.8284708451222804,3.846154635927672,3.8284708451222804,3.8373124599456787,93702,0.0,0.0
2023-06-02 00:00:00-04:00,3.8461546897888184,3.8594171122096417,3.81962956436787,3.8461546897888184,207503,0.0,0.0
2023-06-05 00:00:00-04:00,3.8505750696232375,3.854995876605877,3.8417334556579585,3.841733455657959,110074,0.0,0.0
2023-06-06 00:00:00-04:00,3.837312513683,3.850575497262426,3.832891706209392,3.8461546897888184,69079,0.0,0.0
2023-06-07 00:00:00-04:00,3.8638377189636235,3.8638377189636235,3.841733682743851,3.863837718963623,68680,0.0,0.0
2023-06-08 00:00:00-04:00,3.8638377689710923,3.8638377689710923,3.8505753470675805,3.859416961669922,74004,0.0,0.0
2023-06-09 00:00:00-04:00,3.8594172504267297,3.8726802344811424,3.85057563516287,3.8549964427948,109275,0.0,0.0
2023-06-12 00:00:00-04:00,3.8594172504267297,3.8638380580586595,3.85057563516287,3.8549964427948,86648,0.0,0.0
2023-06-13 00:00:00-04:00,3.8815212285187286,3.8815212285187286,3.8594169117196686,3.863837718963623,69478,0.0,0.0
2023-06-14 00:00:00-04:00,3.890362707967722,3.899204883307283,3.868258953094483,3.8682589530944824,118060,0.0,0.0
2023-06-15 00:00:00-04:00,3.885942035762683,3.885942035762683,3.8638377189636235,3.863837718963623,177822,0.0,0.0
2023-06-16 00:00:00-04:00,3.877100977082842,3.92573014079773,3.872680169525062,3.9124677181243896,217619,0.0,0.0
2023-06-19 00:00:00-04:00,3.934571457174508,3.938992264081378,3.903625528247155,3.921308755874634,113934,0.0,0.0
2023-06-20 00:00:00-04:00,3.9213093332399502,3.9213093332399502,3.8992052954510497,3.9124677181243896,64154,0.0,0.0
2023-06-21 00:00:00-04:00,3.9080473294978084,3.934572458267212,3.899205713434453,3.934572458267212,153464,0.0,0.0
2023-06-22 00:00:00-04:00,3.9301500320434566,3.9301500320434566,3.899203829614062,3.930150032043457,156792,0.0,0.0
2023-06-23 00:00:00-04:00,3.916887948967764,3.925729562781503,3.903625528247155,3.921308755874634,143615,0.0,0.0
2023-06-26 00:00:00-04:00,3.921309079126487,3.956675817876156,3.903625850041297,3.9522550106048584,180883,0.0,0.0
2023-06-27 00:00:00-04:00,3.95667558414428,3.9699385663332682,3.9434131631138354,3.96551775932312,138690,0.0,0.0
2023-06-28 00:00:00-04:00,3.9566766431945783,3.9610980125467012,3.894784486748536,3.9257307052612305,253556,0.0,0.0
2023-06-29 00:00:00-04:00,3.9329066257017464,3.9912049036353765,3.9329066257017464,3.9418752193450928,153464,0.094666,0.0
2023-06-30 00:00:00-04:00,3.9642972481294994,3.9777505630232635,3.950843364000105,3.973266124725342,65618,0.0,0.0
2023-07-04 00:00:00-04:00,3.9508436479389815,3.973266410275696,3.946359209318773,3.9642975330352783,151335,0.0,0.0
2023-07-05 00:00:00-04:00,3.955328226089478,3.9642971023555194,3.955328226089478,3.9553282260894775,74137,0.0,0.0
2023-07-06 00:00:00-04:00,3.955328226089478,3.955328226089478,3.937389904321785,3.9553282260894775,186340,0.0,0.0
2023-07-07 00:00:00-04:00,3.9508432187208475,3.982234854887603,3.9463587805878264,3.9553282260894775,100224,0.0,0.0
2023-07-10 00:00:00-04:00,3.950843814525363,3.9912046176625506,3.9463593757160695,3.9777510166168213,182480,0.0,0.0
2023-07-11 00:00:00-04:00,3.9732650126872273,4.00017191956186,3.968780575644411,3.9867188930511475,122319,0.0,0.0
2023-07-12 00:00:00-04:00,4.000173996928045,4.009142875671387,3.991205118184704,4.009142875671387,161051,0.0,0.0
2023-07-13 00:00:00-04:00,4.0136263899365945,4.0360491508624605,3.9956886365844104,4.031564712524414,125780,0.0,0.0
2023-07-14 00:00:00-04:00,4.036049416741783,4.067440771793864,4.027080539474856,4.0629563331604,161317,0.0,0.0
2023-07-17 00:00:00-04:00,4.0584713722627335,4.0764096937238685,4.05398693420635,4.071924686431885,98228,0.0,0.0
2023-07-18 00:00:00-04:00,4.07640959603849,4.143677019125678,4.067440150905062,4.139192581176758,257415,0.0,0.0
2023-07-19 00:00:00-04:00,4.139192773383214,4.161614679551202,4.112285575204648,4.157130241394043,86382,0.0,0.0
2023-07-20 00:00:00-04:00,4.161614679551202,4.170584125101132,4.152645803236884,4.157130241394043,133233,0.0,0.0
2023-07-21 00:00:00-04:00,4.161615181661851,4.17506906699219,4.134708264854697,4.143677711486816,166375,0.0,0.0
2023-07-24 00:00:00-04:00,4.17506906699219,4.17506906699219,4.12125494876004,4.143677711486816,275384,0.0,0.0
2023-07-25 00:00:00-04:00,4.152646805461,4.152646805461,4.107802128448529,4.112286567687988,230396,0.0,0.0
2023-07-26 00:00:00-04:00,4.116769920849123,4.121254358905507,4.036048897363014,4.071924686431885,226669,0.0,0.0
2023-07-27 00:00:00-04:00,4.080893744397151,4.089862619658539,4.049502111746747,4.053986549377441,238648,0.0,0.0
2023-07-28 00:00:00-04:00,4.088552939349877,4.106744540650628,4.0794572830200195,4.0794572830200195,147741,0.094666,0.0
2023-07-31 00:00:00-04:00,4.088552040735284,4.088552040735284,4.038525075993285,4.052168846130371,114599,0.0,0.0
2023-08-01 00:00:00-04:00,4.043074205796538,4.043074205796538,3.983951576116781,4.0248823165893555,212827,0.0,0.0
2023-08-02 00:00:00-04:00,4.006689765469522,4.01123816998145,3.9566633772988347,3.9612112045288086,300141,0.0,0.0
2023-08-03 00:00:00-04:00,3.9475666626660946,3.9703063733162547,3.943018835992439,3.956662893295288,145878,0.0,0.0
2023-08-04 00:00:00-04:00,3.970306081791026,3.9975933284702956,3.970306081791026,3.983950138092041,119790,0.0,0.0
2023-08-08 00:00:00-04:00,3.9794020652770996,3.9839498913351425,3.956662357705081,3.9794020652770996,142417,0.0,0.0
2023-08-09 00:00:00-04:00,3.9794030906731765,3.997594110951832,3.965759031701499,3.993046283721924,88645,0.0,0.0
2023-08-10 00:00:00-04:00,3.988498230464301,4.038524612178951,3.983950403821236,4.029428958892822,161184,0.0,0.0
2023-08-11 00:00:00-04:00,4.029428728487588,4.038524381253622,4.020333075721554,4.0339765548706055,102753,0.0,0.0
2023-08-14 00:00:00-04:00,4.0157851654902945,4.043072700500488,3.9930454567681606,4.043072700500488,93170,0.0,0.0
2023-08-15 00:00:00-04:00,4.024881651613234,4.024881651613234,3.9884987451329925,3.993046283721924,165576,0.0,0.0
2023-08-16 00:00:00-04:00,3.9930459875772244,4.011237872429607,3.9884984493255615,3.9884984493255615,96498,0.0,0.0
2023-08-17 00:00:00-04:00,3.9884979644317657,3.9975933284702956,3.9657582554513007,3.983950138092041,85317,0.0,0.0
2023-08-18 00:00:00-04:00,3.965758737580561,4.015785699322224,3.956663083795325,3.9884984493255615,209499,0.0,0.0
2023-08-21 00:00:00-04:00,3.9884987523980855,4.006689772709876,3.9566633844487873,3.965759038925171,208834,0.0,0.0
2023-08-22 00:00:00-04:00,3.979402603945448,3.979402603945448,3.9475666626660946,3.956662893295288,115398,0.0,0.0
2023-08-23 00:00:00-04:00,3.9612116906183594,4.002142429351807,3.9612116906183594,4.002142429351807,115265,0.0,0.0
2023-08-24 00:00:00-04:00,4.006690427382173,4.0248823165893555,4.006690427382173,4.0248823165893555,126578,0.0,0.0
2023-08-25 00:00:00-04:00,4.024881101131081,4.029428927738984,3.9839503730190193,4.011237621307373,147342,0.0,0.0
2023-08-28 00:00:00-04:00,4.024881651613234,4.024881651613234,3.965759031701499,3.993046283721924,257149,0.0,0.0
2023-08-29 00:00:00-04:00,3.9794030978070203,3.9975941181182866,3.961211211572822,3.997594118118286,281507,0.0,0.0
2023-08-30 00:00:00-04:00,3.991133791719746,3.9957474637558117,3.9357650418694656,3.954221487045288,364694,0.094666,0.0
2023-08-31 00:00:00-04:00,3.949607733106892,3.9542216982279688,3.654309865617473,3.8019587993621826,721003,0.0,0.0
2023-09-01 00:00:00-04:00,3.778889295743206,3.797345746337844,3.6358548784408917,3.7050652503967285,692786,0.0,0.0
2023-09-05 00:00:00-04:00,3.6912219966597157,3.6912219966597157,3.3728542934533996,3.4697487354278564,887245,0.0,0.0
2023-09-06 00:00:00-04:00,3.4189943101325837,3.4512923549841066,3.2944155096226218,3.3174853324890137,649661,0.0,0.0
2023-09-07 00:00:00-04:00,3.188292956043667,3.271345499840689,3.1190826004923524,3.1236965656280518,782229,0.0,0.0
2023-09-08 00:00:00-04:00,3.049871244449701,3.47897601091536,3.040643610043981,3.405151128768921,856099,0.0,0.0
2023-09-11 00:00:00-04:00,3.451293528554998,3.525117865346254,3.4282234050053138,3.5066614151000977,293219,0.0,0.0
2023-09-12 00:00:00-04:00,3.50666192492942,3.5112764774198735,3.4097674505011097,3.4928200244903564,243839,0.0,0.0
2023-09-13 00:00:00-04:00,3.48359101790544,3.5343449257885076,3.4789770529013975,3.502046585083008,349920,0.0,0.0
2023-09-14 00:00:00-04:00,3.5066606480789653,3.612783603169103,3.5066606480789653,3.594327449798584,367090,0.0,0.0
2023-09-15 00:00:00-04:00,3.594327403541746,3.594327403541746,3.538959529819959,3.5528011322021484,266067,0.0,0.0
2023-09-18 00:00:00-04:00,3.5620304753661127,3.571258994851369,3.5205044803922334,3.5389609336853027,176091,0.0,0.0
2023-09-19 00:00:00-04:00,3.529730912789511,3.529730912789511,3.478977005596561,3.511275053024292,113268,0.0,0.0
2023-09-20 00:00:00-04:00,3.5112755118667853,3.552801494603611,3.4835914257626897,3.5435738563537598,164512,0.0,0.0
2023-09-21 00:00:00-04:00,3.534346101881732,3.534346101881732,3.3959253486677965,3.423609733581543,307195,0.0,0.0
2023-09-22 00:00:00-04:00,3.474363088607788,3.5112756933858775,3.4512932596939523,3.474363088607788,237051,0.0,0.0
2023-09-25 00:00:00-04:00,3.4651349482470577,3.4743628792565535,3.4328368968751883,3.4605209827423096,169836,0.0,0.0
2023-09-26 00:00:00-04:00,3.4328373686140257,3.4328373686140257,3.3959250538263026,3.414381504058838,149205,0.0,0.0
2023-09-27 00:00:00-04:00,3.4374507312694984,3.442064696991328,3.368240659764756,3.3866968154907227,312519,0.0,0.0
2023-09-28 00:00:00-04:00,3.403597241149668,3.403597241149668,3.286232209462741,3.3331780433654785,255552,0.094666,0.0
2023-09-29 00:00:00-04:00,3.333177361554321,3.3378719141889714,3.197033845382819,3.2205069065093994,408617,0.0,0.0
2023-10-02 00:00:00-04:00,3.2064235969847386,3.2111178526123023,2.8918840377601467,2.934135913848877,754411,0.0,0.0
2023-10-03 00:00:00-04:00,2.9059681134157174,2.9059681134157174,2.5585664028084927,2.6008176803588867,998649,0.0,0.0
2023-10-04 00:00:00-04:00,2.605512742148363,2.8449385820324475,2.605512742148363,2.8355488777160645,446417,0.0,0.0
2023-10-05 00:00:00-04:00,2.8778005042330626,3.098447511825578,2.8543274373372673,3.0796689987182617,582579,0.0,0.0
2023-10-06 00:00:00-04:00,3.042111781954793,3.0608905918392617,2.882494877470634,3.0468063354492188,351517,0.0,0.0
2023-10-10 00:00:00-04:00,3.0515003204345703,3.0984467404926352,3.032722407908664,3.0515003204345703,353913,0.0,0.0
2023-10-11 00:00:00-04:00,3.093753364844404,3.159477716102425,3.0608908912619817,3.150088310241699,253023,0.0,0.0
2023-10-12 00:00:00-04:00,3.1594774070357365,3.1594774070357365,3.013944163034855,3.0468063354492188,209366,0.0,0.0
2023-10-13 00:00:00-04:00,3.084363401197413,3.131309830639358,2.985776286708731,3.0233333110809326,255419,0.0,0.0
2023-10-16 00:00:00-04:00,3.0515010455272114,3.1547824195178533,3.032723128539327,3.1453936100006104,263006,0.0,0.0
2023-10-17 00:00:00-04:00,3.1219206781959215,3.1406994916472266,3.0937536498327196,3.1172261238098145,133899,0.0,0.0
2023-10-18 00:00:00-04:00,3.121920668643811,3.121920668643811,3.0092501719082283,3.042112350463867,149738,0.0,0.0
2023-10-19 00:00:00-04:00,3.0045544953827337,3.0233327058563395,2.9435244174835336,2.952913522720337,206305,0.0,0.0
2023-10-20 00:00:00-04:00,2.94352464442584,2.94352464442584,2.863716051946558,2.901272773742676,281773,0.0,0.0
2023-10-23 00:00:00-04:00,2.8871892811238484,2.9341357074917993,2.7932970242946804,2.8590216636657715,301871,0.0,0.0
2023-10-24 00:00:00-04:00,2.8824950609749758,2.924746343067977,2.8214649678020156,2.854327440261841,210298,0.0,0.0
2023-10-25 00:00:00-04:00,2.859020984414275,2.868409790731868,2.802685464929051,2.8261585235595703,272722,0.0,0.0
2023-10-26 00:00:00-04:00,2.816769566657491,2.8543265816125625,2.7979910591799557,2.830853223800659,367489,0.0,0.0
2023-10-27 00:00:00-04:00,2.8402439613859713,2.8402439613859713,2.675931886482136,2.6994049549102783,631560,0.0,0.0
2023-10-30 00:00:00-04:00,2.6734853834977184,2.759881736431907,2.6446873099866064,2.716683864593506,346992,0.094666,0.0
2023-10-31 00:00:00-04:00,2.740683716444597,2.750283177905568,2.7022846520856763,2.7214841842651367,94767,0.0,0.0
2023-11-01 00:00:00-04:00,2.7262834883828924,2.836678496424327,2.7262834883828924,2.8030800819396973,142284,0.0,0.0
2023-11-02 00:00:00-04:00,2.83187929735173,2.951874397105514,2.83187929735173,2.9374752044677734,331951,0.0,0.0
2023-11-03 00:00:00-04:00,2.966272687801201,3.047869611081408,2.9614729583813877,3.019070625305176,460127,0.0,0.0
2023-11-06 00:00:00-05:00,3.043070537058068,3.043070537058068,2.9566738657505023,2.990272283554077,159986,0.0,0.0
2023-11-07 00:00:00-05:00,2.975873835470117,2.9950724554854693,2.9134764164903064,2.971074104309082,137359,0.0,0.0
2023-11-08 00:00:00-05:00,2.9614741580971713,3.0046726542615603,2.9566744267329503,2.999872922897339,129773,0.0,0.0
2023-11-09 00:00:00-05:00,2.99987206931235,3.0286704493033727,2.99987206931235,3.0142712593078613,187139,0.0,0.0
2023-11-10 00:00:00-05:00,3.023870806943815,3.071869022206093,2.9998721562557584,3.0670692920684814,149738,0.0,0.0
2023-11-13 00:00:00-05:00,3.0670692920684814,3.086268212618927,3.0286705370814264,3.0670692920684814,142949,0.0,0.0
2023-11-14 00:00:00-05:00,3.0958672213949456,3.167864381473984,3.0958672213949456,3.163064956665039,249829,0.0,0.0
2023-11-15 00:00:00-05:00,3.1822639935804373,3.2734603881835938,3.177464263503618,3.2734603881835938,265535,0.0,0.0
2023-11-16 00:00:00-05:00,3.2782597973004153,3.2782597973004153,3.2014632097039684,3.254260540008545,256351,0.0,0.0
2023-11-17 00:00:00-05:00,3.259060937815226,3.2878596259898543,3.249461476633267,3.2782604694366455,196456,0.0,0.0
2023-11-20 00:00:00-05:00,3.307059476092236,3.3502573601999046,3.302259745039026,3.3310587406158447,312253,0.0,0.0
2023-11-21 00:00:00-05:00,3.383855495017217,3.383855495017217,3.335857888250785,3.3598568439483643,372813,0.0,0.0
2023-11-22 00:00:00-05:00,3.359857368084961,3.4126547133015315,3.350257296902359,3.3982558250427246,288028,0.0,0.0
2023-11-23 00:00:00-05:00,3.436653455191684,3.4750516016862925,3.4222542644919787,3.45585298538208,199118,0.0,0.0
2023-11-24 00:00:00-05:00,3.47025203704834,3.475051767510611,3.451052810570513,3.47025203704834,172498,0.0,0.0
2023-11-27 00:00:00-05:00,3.4654524005349567,3.4654524005349567,3.4222545205746737,3.4510529041290283,403692,0.0,0.0
2023-11-28 00:00:00-05:00,3.441452469612038,3.441452469612038,3.2878586970657855,3.34545636177063,483153,0.0,0.0
2023-11-29 00:00:00-05:00,3.353278726468001,3.4021599859998295,3.3190611312505105,3.372831106185913,334081,0.094666,0.0
2023-11-30 00:00:00-05:00,3.3972725868225098,3.3972725868225098,3.338614510301238,3.3972725868225098,185009,0.0,0.0
2023-12-01 00:00:00-05:00,3.3826076798958375,3.3972725868225098,3.348390391032492,3.3972725868225098,223874,0.0,0.0
2023-12-04 00:00:00-05:00,3.3923844913383414,3.3972725868225098,3.3581672024749953,3.3972725868225098,322634,0.0,0.0
2023-12-05 00:00:00-05:00,3.3679430112564352,3.382607296044869,3.353278726468001,3.372831106185913,199650,0.0,0.0
2023-12-06 00:00:00-05:00,3.3972721076319026,3.416824176573643,3.377719107979044,3.407047986984253,382796,0.0,0.0
2023-12-07 00:00:00-05:00,3.4119365408245175,3.421713352203369,3.4021603499198285,3.421713352203369,146809,0.0,0.0
2023-12-08 00:00:00-05:00,3.4217133793974974,3.470594644546509,3.4217133793974974,3.470594644546509,273521,0.0,0.0
2023-12-11 00:00:00-05:00,3.48037083929646,3.495035746260081,3.3874964043890916,3.4608187675476074,288428,0.0,0.0
2023-12-12 00:00:00-05:00,3.4657060564316793,3.4852590560913086,3.4266009878235404,3.4852590560913086,140154,0.0,0.0
2023-12-13 00:00:00-05:00,3.465704696167661,3.509698152542114,3.4412639215415113,3.5096981525421143,273654,0.0,0.0
2023-12-14 00:00:00-05:00,3.519476213209458,3.666120602997519,3.514587498115304,3.656344413757324,604008,0.0,0.0
2023-12-15 00:00:00-05:00,3.666120602997519,3.680784886857811,3.6319036304198096,3.656344413757324,394375,0.0,0.0
2023-12-18 00:00:00-05:00,3.675896791240775,3.734554857377119,3.675896791240775,3.710113763809204,328225,0.0,0.0
2023-12-19 00:00:00-05:00,3.7198907915611437,3.788325050946286,3.7198907915611437,3.778548240661621,312253,0.0,0.0
2023-12-20 00:00:00-05:00,3.788325050946286,3.8958643798107615,3.773660145756335,3.778548240661621,614390,0.0,0.0
2023-12-21 00:00:00-05:00,3.812765531698814,3.817654247483961,3.739443481559633,3.7687723636627197,367356,0.0,0.0
2023-12-22 00:00:00-05:00,3.7785493291221592,3.8567604213216935,3.7736612328087933,3.8127663135528564,289093,0.0,0.0
2023-12-27 00:00:00-05:00,3.8225415161349936,3.881199577892891,3.8225415161349936,3.861646890640259,359370,0.0,0.0
2023-12-28 00:00:00-05:00,3.8795309269731315,3.889465570449829,3.8000525180979285,3.889465570449829,144680,0.094666,0.0
2023-12-29 00:00:00-05:00,3.859661803782559,3.8745634555816646,3.8447598367180085,3.874563455581665,103153,0.0,0.0
2024-01-02 00:00:00-05:00,3.819922575969304,3.864629107477992,3.800052971380393,3.824889898300171,283104,0.0,0.0
2024-01-03 00:00:00-05:00,3.8099880465187446,3.8099880465187446,3.710640028790741,3.8050200939178467,342067,0.0,0.0
2024-01-04 00:00:00-05:00,3.795086231727217,3.8248904855538504,3.7404447319019813,3.819923162460327,165976,0.0,0.0
2024-01-05 00:00:00-05:00,3.800052533810624,3.859661340713501,3.780183246775073,3.859661340713501,143083,0.0,0.0
2024-01-08 00:00:00-05:00,3.8745630110055638,3.8795309633212702,3.8298567996761577,3.869596004486084,230662,0.0,0.0
2024-01-09 00:00:00-05:00,3.854693392592223,3.8596607135439536,3.8099871887612897,3.8298561573028564,280708,0.0,0.0
2024-01-10 00:00:00-05:00,3.8397914231471346,3.859661340713501,3.8099878078592146,3.859661340713501,186074,0.0,0.0
2024-01-11 00:00:00-05:00,3.859660723214801,3.859660723214801,3.7901172839202517,3.8149545192718506,230529,0.0,0.0
2024-01-12 00:00:00-05:00,3.8248889546455564,3.83979091796163,3.7950847127480434,3.8099873065948486,155328,0.0,0.0
2024-01-15 00:00:00-05:00,3.809988246573014,3.824889898300171,3.7851510043877927,3.824889898300171,67748,0.0,0.0
2024-01-16 00:00:00-05:00,3.809987527030056,3.809987527030056,3.7702476948264945,3.7851502895355225,334613,0.0,0.0
2024-01-17 00:00:00-05:00,3.7851508802939393,3.7851508802939393,3.690770498039899,3.7255420684814453,371748,0.0,0.0
2024-01-18 00:00:00-05:00,3.7404431862939305,3.7752147488459484,3.7106392600482248,3.720573902130127,273254,0.0,0.0
2024-01-19 00:00:00-05:00,3.7404431284824105,3.8149545192718506,3.7205738446257026,3.8149545192718506,203510,0.0,0.0
2024-01-22 00:00:00-05:00,3.8348231315612793,3.8397904520639314,3.800051572777386,3.8348231315612793,148273,0.0,0.0
2024-01-23 00:00:00-05:00,3.839790689534776,3.84972596168518,3.819921406295357,3.8497259616851807,267531,0.0,0.0
2024-01-24 00:00:00-05:00,3.8546932721733924,3.8944321538111706,3.8348233584564837,3.879530191421509,370151,0.0,0.0
2024-01-25 00:00:00-05:00,3.899400343448753,3.899400343448753,3.874563103401205,3.89443302154541,187006,0.0,0.0
2024-01-26 00:00:00-05:00,3.8894654409271805,3.894432762500113,3.874562845677592,3.884498119354248,393044,0.0,0.0
2024-01-29 00:00:00-05:00,3.89443302154541,3.899400343448753,3.8795310558353813,3.89443302154541,279643,0.0,0.0
2024-01-30 00:00:00-05:00,3.8924132512442244,3.912607721922039,3.882316336320236,3.902510166168213,214424,0.094666,0.0
2024-01-31 00:00:00-05:00,3.887365441162539,3.9025108160707487,3.846977454325675,3.867171287536621,200848,0.0,0.0
2024-02-01 00:00:00-05:00,3.857073615579293,3.887364679878619,3.8065887220236894,3.841928243637085,398768,0.0,0.0
2024-02-02 00:00:00-05:00,3.811637925791547,3.8823169828598028,3.771249618539711,3.867171287536621,265801,0.0,0.0
2024-02-05 00:00:00-05:00,3.831830671917904,3.841928227333011,3.7863942358691896,3.8116371631622314,209899,0.0,0.0
2024-02-06 00:00:00-05:00,3.831831161337116,3.8368796192745735,3.8065891920647767,3.826782703399658,93170,0.0,0.0
2024-02-07 00:00:00-05:00,3.8520251582652234,3.8520251582652234,3.821733773550988,3.841928243637085,142284,0.0,0.0
2024-02-08 00:00:00-05:00,3.8419289019521847,3.8419289019521847,3.8015402752743035,3.8217344284057617,83321,0.0,0.0
2024-02-09 00:00:00-05:00,3.831831216812134,3.831831216812134,3.79144323231281,3.831831216812134,144414,0.0,0.0
2024-02-12 00:00:00-05:00,3.8217344284057617,3.846977360131308,3.811637832462479,3.8217344284057617,279377,0.0,0.0
2024-02-13 00:00:00-05:00,3.8015388093691427,3.8116363626636174,3.720762548406275,3.725811004638672,436435,0.0,0.0
2024-02-14 00:00:00-05:00,3.7561031673780323,3.8065887014911386,3.7561031673780323,3.7964911460876465,191398,0.0,0.0
2024-02-15 00:00:00-05:00,3.8166854049804533,3.897461357932313,3.791442479112523,3.8924129009246826,258081,0.0,0.0
2024-02-16 00:00:00-05:00,3.8873653411865234,3.9075598147080486,3.8116378277631067,3.8873653411865234,250627,0.0,0.0
2024-02-20 00:00:00-05:00,3.892412900924683,3.912607369784983,3.877267850316683,3.8924129009246826,289493,0.0,0.0
2024-02-21 00:00:00-05:00,3.912606897560426,3.912606897560426,3.8823155183408256,3.9075584411621094,345794,0.0,0.0
2024-02-22 00:00:00-05:00,3.9277537420228614,3.9479478956159184,3.9126083671392977,3.932802200317383,261142,0.0,0.0
2024-02-23 00:00:00-05:00,3.942897844002419,3.9731885815291057,3.9126067860608895,3.968140125274658,362431,0.0,0.0
2024-02-26 00:00:00-05:00,3.9681416838544545,3.993384615871126,3.9479478509050665,3.9580447673797607,191797,0.0,0.0
2024-02-27 00:00:00-05:00,3.963093696013058,3.963093696013058,3.9176572460689267,3.9277541637420654,290158,0.0,0.0
2024-02-28 00:00:00-05:00,3.946228107060868,3.946228107060868,3.9000430308428307,3.9359652996063232,212428,0.094666,0.0
2024-02-29 00:00:00-05:00,3.9410968661784347,3.9564912402050902,3.9103068153664102,3.9359652996063232,170767,0.0,0.0
2024-03-01 00:00:00-05:00,3.9205699485106327,3.9410968661784347,3.8897798976986078,3.9359652996063232,183412,0.0,0.0
2024-03-04 00:00:00-05:00,3.9308322897833485,3.9564904431647134,3.915437593168297,3.9462273120880127,292288,0.0,0.0
2024-03-05 00:00:00-05:00,3.9257001618660823,4.002674285293583,3.9257001618660823,3.9667530059814453,222144,0.0,0.0
2024-03-06 00:00:00-05:00,4.012939795540301,4.018071362554827,3.9667547153404477,4.002676010131836,171566,0.0,0.0
2024-03-07 00:00:00-05:00,4.0129389660788854,4.02833366394043,3.9975439425277024,4.02833366394043,132568,0.0,0.0
2024-03-08 00:00:00-05:00,4.023201914173345,4.048860394149571,4.012938782734554,4.043728828430176,151601,0.0,0.0
2024-03-11 00:00:00-04:00,4.023200988769531,4.0437278983048275,3.9564896726932397,4.023200988769531,226536,0.0,0.0
2024-03-12 00:00:00-04:00,4.023201595147998,4.059123203714561,4.018070029835517,4.0488600730896,188603,0.0,0.0
2024-03-13 00:00:00-04:00,4.0437272366758465,4.0693847294835015,4.033463457897994,4.053990364074707,260610,0.0,0.0
2024-03-14 00:00:00-04:00,4.053991027382927,4.053991027382927,3.9872797113066354,4.023200988769531,179419,0.0,0.0
2024-03-15 00:00:00-04:00,4.023201595147998,4.059123203714561,4.023201595147998,4.0488600730896,131370,0.0,0.0
2024-03-18 00:00:00-04:00,4.048859934913161,4.069385869772994,4.038596153259277,4.038596153259277,272855,0.0,0.0
2024-03-19 00:00:00-04:00,4.048860860299525,4.0745190175401795,4.038597076299804,4.059123992919922,157590,0.0,0.0
2024-03-20 00:00:00-04:00,4.053991890094604,4.130966025939962,4.053991890094604,4.120703220367432,370151,0.0,0.0
2024-03-21 00:00:00-04:00,4.136097374064101,4.202808700828748,4.136097374064101,4.197677135467529,294817,0.0,0.0
2024-03-22 00:00:00-04:00,4.197677774225865,4.218204690173513,4.16175648554161,4.182283401489258,200715,0.0,0.0
2024-03-25 00:00:00-04:00,4.197677428257741,4.2233359082327295,4.1925458625385925,4.213072776794434,235055,0.0,0.0
2024-03-26 00:00:00-04:00,4.228467983386288,4.233599549723674,4.187415126997542,4.192546367645264,269394,0.0,0.0
2024-03-27 00:00:00-04:00,4.216521162990992,4.242580890655518,4.164400715288459,4.242580890655518,220281,0.094666,0.0
2024-03-28 00:00:00-04:00,4.226945054056802,4.25300544330365,4.211309217458087,4.242580890655518,179552,0.0,0.0
2024-04-01 00:00:00-04:00,4.2425813545098485,4.2477939621949865,4.195673178002768,4.221733570098877,274718,0.0,0.0
2024-04-02 00:00:00-04:00,4.18003713693528,4.1956726424565565,4.1591886936030615,4.174825191497803,139090,0.0,0.0
2024-04-03 00:00:00-04:00,4.164401452225689,4.258217811584473,4.164401452225689,4.258217811584473,159986,0.0,0.0
2024-04-04 00:00:00-04:00,4.273852996137156,4.273852996137156,4.200884764570195,4.216521263122559,221612,0.0,0.0
2024-04-05 00:00:00-04:00,4.232157748517168,4.2686417044949065,4.206097354658644,4.258217811584473,107279,0.0,0.0
2024-04-08 00:00:00-04:00,4.258216593413947,4.325972870322031,4.253004979240863,4.305124759674072,213226,0.0,0.0
2024-04-09 00:00:00-04:00,4.315549904998506,4.331185411251431,4.279065623646611,4.29991340637207,152932,0.0,0.0
2024-04-10 00:00:00-04:00,4.242581641427602,4.310337937719082,4.237369694972386,4.258217811584473,405955,0.0,0.0
2024-04-11 00:00:00-04:00,4.26864106535656,4.284277563963417,4.2217332234918405,4.237369060516357,287895,0.0,0.0
2024-04-12 00:00:00-04:00,4.242582628528815,4.242582628528815,4.091434161413221,4.133130073547363,718075,0.0,0.0
2024-04-15 00:00:00-04:00,4.1487658146859525,4.226946007691115,4.081009515098318,4.096645355224609,331020,0.0,0.0
2024-04-16 00:00:00-04:00,4.0966448653356675,4.11228136517457,4.028888573850531,4.075797080993652,277114,0.0,0.0
2024-04-17 00:00:00-04:00,4.101856708526611,4.1800375518039905,4.086220870662323,4.101856708526611,276848,0.0,0.0
2024-04-18 00:00:00-04:00,4.112281926181457,4.174826280113534,4.091433477412857,4.127917766571045,235321,0.0,0.0
2024-04-19 00:00:00-04:00,4.1279168582274455,4.169612754215785,4.10706907562886,4.153976917266846,196323,0.0,0.0
2024-04-22 00:00:00-04:00,4.169611993819261,4.211308543785894,4.148764215022607,4.180036544799805,172764,0.0,0.0
2024-04-23 00:00:00-04:00,4.216522642009473,4.263430499050524,4.195674190982575,4.253006935119629,222943,0.0,0.0
2024-04-24 00:00:00-04:00,4.263429944476751,4.294702286158012,4.247794435218589,4.284278392791748,251559,0.0,0.0
2024-04-25 00:00:00-04:00,4.237369105444799,4.268641110616575,4.211309376794295,4.263429164886475,218950,0.0,0.0
2024-04-26 00:00:00-04:00,4.273853302001953,4.2790659096140145,4.247793902644765,4.273853302001953,370018,0.0,0.0
2024-04-29 00:00:00-04:00,4.2717356486246,4.287616165143251,4.261149085550014,4.282322883605957,193794,0.094666,0.0
2024-04-30 00:00:00-04:00,4.27173536855132,4.27173536855132,4.218802220695525,4.245269298553467,198985,0.0,0.0
2024-05-01 00:00:00-04:00,4.234682747507204,4.308789703987416,4.224096183418639,4.266442775726318,222676,0.0,0.0
2024-05-02 00:00:00-04:00,4.261149850542715,4.2717364155178785,4.208216689713449,4.250563621520996,165443,0.0,0.0
2024-05-03 00:00:00-04:00,4.271734608483409,4.292908401383664,4.255855103691476,4.277028560638428,166641,0.0,0.0
2024-05-06 00:00:00-04:00,4.298202879254372,4.340549468994141,4.2664425170078,4.340549468994141,197387,0.0,0.0
2024-05-07 00:00:00-04:00,4.335256099700928,4.335256099700928,4.298202792432913,4.335256099700928,206571,0.0,0.0
2024-05-08 00:00:00-04:00,4.319377131626627,4.351137161254883,4.282323483765802,4.351137161254883,361766,0.0,0.0
2024-05-09 00:00:00-04:00,4.351135697877828,4.388189333276747,4.329961903975599,4.3776021003723145,332351,0.0,0.0
2024-05-10 00:00:00-04:00,4.38289605277785,4.419949352223451,4.356428978376725,4.3776021003723145,263804,0.0,0.0
2024-05-13 00:00:00-04:00,4.393484460260217,4.4146575927734375,4.377604274921816,4.4146575927734375,156659,0.0,0.0
2024-05-14 00:00:00-04:00,4.414657029095507,4.414657029095507,4.382897670334303,4.409363746643066,199916,0.0,0.0
2024-05-15 00:00:00-04:00,4.419950008392334,4.45170936014727,4.3934829300620075,4.419950008392334,513633,0.0,0.0
2024-05-16 00:00:00-04:00,4.425243727624116,4.446416854858398,4.4199504458155445,4.446416854858398,210431,0.0,0.0
2024-05-17 00:00:00-04:00,4.446417754063202,4.457004655774749,4.42524462254705,4.4517107009887695,168238,0.0,0.0
2024-05-21 00:00:00-04:00,4.441123760440833,4.488764306588346,4.435830478408915,4.478177070617676,200848,0.0,0.0
2024-05-22 00:00:00-04:00,4.483470656038726,4.520523968722906,4.467590808868408,4.467590808868408,306796,0.0,0.0
2024-05-23 00:00:00-04:00,4.478176881663225,4.488764117187171,4.425243727624116,4.446416854858398,322235,0.0,0.0
2024-05-24 00:00:00-04:00,4.4464171699611805,4.472883916833046,4.435830605593805,4.457004070281982,118592,0.0,0.0
2024-05-27 00:00:00-04:00,4.4781770501190525,4.499350850056636,4.457003922088299,4.48876428604126,168105,0.0,0.0
2024-05-28 00:00:00-04:00,4.4940566491054765,4.4940566491054765,4.40936247453363,4.430536270141602,366557,0.0,0.0
2024-05-29 00:00:00-04:00,4.36701780903161,4.414657694234741,4.36701780903161,4.382898330688477,317976,0.0,0.0
2024-05-30 00:00:00-04:00,4.382897670334303,4.430537548359718,4.367017151070093,4.409363746643066,294550,0.0,0.0
2024-05-31 00:00:00-04:00,4.450212478637695,4.450212478637695,4.401839899397002,4.450212478637695,111139,0.094666,0.0
2024-06-03 00:00:00-04:00,4.455586627232714,4.466335443921947,4.412589313796839,4.460960865020752,89709,0.0,0.0
2024-06-04 00:00:00-04:00,4.439462480146389,4.439462480146389,4.4072143225382385,4.428713321685791,175293,0.0,0.0
2024-06-05 00:00:00-04:00,4.450212478637695,4.450212478637695,4.407214478817884,4.450212478637695,112336,0.0,0.0
2024-06-06 00:00:00-04:00,4.434088058148671,4.450212478637695,4.417964319886027,4.450212478637695,73871,0.0,0.0
2024-06-07 00:00:00-04:00,4.4394626375695525,4.455587058058577,4.412589740465145,4.450212478637695,114865,0.0,0.0
2024-06-10 00:00:00-04:00,4.42871251465227,4.444836249404979,4.412588779899562,4.423337936401367,149072,0.0,0.0
2024-06-11 00:00:00-04:00,4.4233374127585305,4.4233374127585305,4.35346688042885,4.374965190887451,467847,0.0,0.0
2024-06-12 00:00:00-04:00,4.41796283514388,4.4287119903731815,4.369590613272801,4.374965190887451,175692,0.0,0.0
2024-06-13 00:00:00-04:00,4.369591236114502,4.380341075102236,4.3319685052230525,4.369591236114502,212960,0.0,0.0
2024-06-14 00:00:00-04:00,4.326593642341203,4.412588596343994,4.272847520954799,4.412588596343994,388918,0.0,0.0
2024-06-17 00:00:00-04:00,4.358842104644553,4.396464494641176,4.337343108770589,4.391089916229248,159055,0.0,0.0
2024-06-18 00:00:00-04:00,4.396465174126666,4.471710306862375,4.391090594884082,4.455586910247803,263804,0.0,0.0
2024-06-19 00:00:00-04:00,4.455586910247803,4.471710306862375,4.423338752565942,4.455586910247803,109674,0.0,0.0
2024-06-20 00:00:00-04:00,4.471710022823142,4.471710022823142,4.412589313796839,4.460960865020752,186340,0.0,0.0
2024-06-21 00:00:00-04:00,4.4502101129109155,4.4502101129109155,4.396462982821255,4.439460277557373,167839,0.0,0.0
2024-06-24 00:00:00-04:00,4.4394617701427554,4.482458738221816,4.434087191772013,4.477084159851074,218950,0.0,0.0
2024-06-25 00:00:00-04:00,4.4770844540787635,4.4770844540787635,4.439462061897954,4.466335296630859,268729,0.0,0.0
2024-06-26 00:00:00-04:00,4.460960139703068,4.460960139703068,4.3964641800358,4.412588596343994,532799,0.0,0.0
2024-06-27 00:00:00-04:00,4.423337643830752,4.434086799621582,4.401838650022907,4.434086799621582,378536,0.0,0.0
2024-06-28 00:00:00-04:00,4.470110723677482,4.470110723677482,4.4155310067068525,4.453737258911133,296946,0.094666,0.0
2024-07-02 00:00:00-04:00,4.4264455159843985,4.453735885660674,4.393697210934315,4.448277950286865,306263,0.0,0.0
2024-07-03 00:00:00-04:00,4.45373611725846,4.459193706512451,4.437361617478315,4.459193706512451,111671,0.0,0.0
2024-07-04 00:00:00-04:00,4.459193474630867,4.459193474630867,4.442819322105825,4.448277950286865,131503,0.0,0.0
2024-07-05 00:00:00-04:00,4.453735969075253,4.453735969075253,4.410071792459759,4.415529727935791,156126,0.0,0.0
2024-07-08 00:00:00-04:00,4.420988082885742,4.426446018879635,4.415530146891849,4.420988082885742,61359,0.0,0.0
2024-07-09 00:00:00-04:00,4.431904817876925,4.470110723677482,4.420988943763543,4.453737258911133,140687,0.0,0.0
2024-07-10 00:00:00-04:00,4.464651642170077,4.486484077607848,4.442819553135941,4.459193706512451,218284,0.0,0.0
2024-07-11 00:00:00-04:00,4.4701096084406595,4.4919420440279465,4.453736147759285,4.4810261726379395,318908,0.0,0.0
2024-07-12 00:00:00-04:00,4.4919420440279465,4.4919420440279465,4.4701096084406595,4.4810261726379395,183811,0.0,0.0
2024-07-15 00:00:00-04:00,4.481026533431775,4.502858277969592,4.45919409608663,4.491942405700684,255419,0.0,0.0
2024-07-16 00:00:00-04:00,4.502858247336152,4.55743864752037,4.497400311238828,4.551980018615723,414340,0.0,0.0
2024-07-17 00:00:00-04:00,4.541064290625704,4.568354664786269,4.53560635435506,4.562896728515625,284568,0.0,0.0
2024-07-18 00:00:00-04:00,4.568354519715016,4.579270391909663,4.524690684532769,4.551980018615723,288694,0.0,0.0
2024-07-19 00:00:00-04:00,4.541064146421077,4.551980018615723,4.53014827422643,4.551980018615723,57632,0.0,0.0
2024-07-22 00:00:00-04:00,4.557439093167064,4.633851245212496,4.551980463728648,4.579270839691162,382663,0.0,0.0
2024-07-23 00:00:00-04:00,4.601102932618956,4.601102932618956,4.562897029798089,4.579270839691162,286431,0.0,0.0
2024-07-24 00:00:00-04:00,4.568354519715016,4.579270391909663,4.5465220825184,4.551980018615723,259545,0.0,0.0
2024-07-25 00:00:00-04:00,4.562896396860023,4.606560230255127,4.551979832304864,4.606560230255127,259545,0.0,0.0
2024-07-26 00:00:00-04:00,4.61201810836792,4.622933979979073,4.584728082936394,4.61201810836792,322501,0.0,0.0
2024-07-29 00:00:00-04:00,4.61747640519835,4.639308842934947,4.606560532733722,4.622934341430664,367755,0.0,0.0
2024-07-30 00:00:00-04:00,4.633850632289715,4.644766504107914,4.612018195846018,4.628392696380615,357240,0.0,0.0
2024-07-31 00:00:00-04:00,4.664959065597669,4.664959065597669,4.626176920136228,4.659418106079102,128708,0.094666,0.0
2024-08-01 00:00:00-04:00,4.648338266934032,4.648338266934032,4.526450862594293,4.53753137588501,722999,0.0,0.0
2024-08-02 00:00:00-04:00,4.4821273522387175,4.4821273522387175,4.365780584870877,4.376861095428467,965507,0.0,0.0
2024-08-06 00:00:00-04:00,4.293757436917231,4.432265264934165,4.088764768436735,4.2826762199401855,876464,0.0,0.0
2024-08-07 00:00:00-04:00,4.32699932970643,4.448886738771345,4.2826762199401855,4.2826762199401855,344064,0.0,0.0
2024-08-08 00:00:00-04:00,4.326998094662739,4.415643234008319,4.304836721919273,4.376861095428467,348057,0.0,0.0
2024-08-09 00:00:00-04:00,4.399023598431369,4.4655070304870605,4.365781706589335,4.4655070304870605,349254,0.0,0.0
2024-08-12 00:00:00-04:00,4.4655070304870605,4.487668760552919,4.432265138645026,4.4655070304870605,202844,0.0,0.0
2024-08-13 00:00:00-04:00,4.4821275510567755,4.498748317630424,4.432264196450925,4.476587295532227,324498,0.0,0.0
2024-08-14 00:00:00-04:00,4.498748400717689,4.554152011871338,4.4710464193267105,4.554152011871338,159853,0.0,0.0
2024-08-15 00:00:00-04:00,4.581853274406839,4.587394233271464,4.559692251974797,4.576313018798828,217885,0.0,0.0
2024-08-16 00:00:00-04:00,4.565234409943359,4.587396144866943,4.55415389411002,4.587396144866943,137492,0.0,0.0
2024-08-19 00:00:00-04:00,4.598474502563477,4.598474502563477,4.570772872234248,4.598474502563477,107412,0.0,0.0
2024-08-20 00:00:00-04:00,4.598475322041644,4.648338335845832,4.570773686775803,4.615096092224121,249962,0.0,0.0
2024-08-21 00:00:00-04:00,4.615095977873177,4.6206362344633956,4.587395046550456,4.609555721282959,112470,0.0,0.0
2024-08-22 00:00:00-04:00,4.604015350341797,4.609555606794411,4.576313716450368,4.604015350341797,134963,0.0,0.0
2024-08-23 00:00:00-04:00,4.620635874690919,4.648337858741814,4.604015106214392,4.626176834106445,329822,0.0,0.0
2024-08-26 00:00:00-04:00,4.63171671231094,4.6538777351379395,4.620635497640813,4.6538777351379395,153198,0.0,0.0
2024-08-27 00:00:00-04:00,4.648337726093515,4.648337726093515,4.6206357428331435,4.642797470092773,95566,0.0,0.0
2024-08-28 00:00:00-04:00,4.631715890753256,4.65387690964941,4.620634678048677,4.637256145477295,355643,0.0,0.0
2024-08-29 00:00:00-04:00,4.648337858741814,4.648337858741814,4.620635874690919,4.626176834106445,434971,0.0,0.0
2024-08-30 00:00:00-04:00,4.668928065163379,4.668928065163379,4.635176877737654,4.646427154541016,180750,0.094666,0.0
2024-09-03 00:00:00-04:00,4.595800319189894,4.635177003097897,4.573299407958984,4.573299407958984,224806,0.0,0.0
2024-09-04 00:00:00-04:00,4.590176582336426,4.601426504988794,4.573300448802821,4.590176582336426,152932,0.0,0.0
2024-09-05 00:00:00-04:00,4.578924546512799,4.584550399097911,4.562049130851354,4.573299407958984,369353,0.0,0.0
2024-09-06 00:00:00-04:00,4.590175317499726,4.607050375336169,4.55079863548029,4.56204891204834,338074,0.0,0.0
2024-09-09 00:00:00-04:00,4.590175835948479,4.6183018875610005,4.578924844078396,4.607050895690918,104217,0.0,0.0
2024-09-10 00:00:00-04:00,4.618301041892473,4.62392617978181,4.578924005620294,4.612675189971924,217352,0.0,0.0
2024-09-11 00:00:00-04:00,4.612676015511302,4.6239270073347996,4.5789248251191585,4.618301868438721,194060,0.0,0.0
2024-09-12 00:00:00-04:00,4.62392579641493,4.635176071260851,4.607049670114896,4.629550933837891,118193,0.0,0.0
2024-09-13 00:00:00-04:00,4.623926600934292,4.663303283777337,4.623926600934292,4.646427154541016,162914,0.0,0.0
2024-09-16 00:00:00-04:00,4.668928840438637,4.685804258445843,4.6464279260799985,4.680179119110107,203643,0.0,0.0
2024-09-17 00:00:00-04:00,4.685804258445843,4.697055251148709,4.657678918782865,4.680179119110107,268862,0.0,0.0
2024-09-18 00:00:00-04:00,4.691429138183594,4.697054991239421,4.6689285820857105,4.691429138183594,191531,0.0,0.0
2024-09-19 00:00:00-04:00,4.70268032831929,4.725180885364793,4.697055189057914,4.713930606842041,461990,0.0,0.0
2024-09-20 00:00:00-04:00,4.713929762868785,4.7251800393773085,4.708304624614524,4.719554901123047,130970,0.0,0.0
2024-09-23 00:00:00-04:00,4.725181179113969,4.747682094573975,4.713930899891825,4.747682094573975,263538,0.0,0.0
2024-09-24 00:00:00-04:00,4.747682094573975,4.753307234185047,4.736431815351829,4.747682094573975,259545,0.0,0.0
2024-09-25 00:00:00-04:00,4.742056587342154,4.753306865692139,4.7364314481671626,4.753306865692139,463587,0.0,0.0
2024-09-26 00:00:00-04:00,4.75893237379612,4.764557513407192,4.742056954962902,4.747682094573975,318375,0.0,0.0
2024-09-27 00:00:00-04:00,4.768239974975586,4.785371143001915,4.762528860780805,4.768239974975586,205773,0.094666,0.0
2024-09-30 00:00:00-04:00,4.768239447493744,4.779660224914551,4.739686779089135,4.779660224914551,212028,0.0,0.0
2024-10-01 00:00:00-04:00,4.773950024408151,4.773950024408151,4.716845047773974,4.739686965942383,191132,0.0,0.0
2024-10-02 00:00:00-04:00,4.739686653859025,4.7625282080971285,4.7225551257541625,4.72826623916626,202445,0.0,0.0
2024-10-03 00:00:00-04:00,4.728266025103619,4.751107215881348,4.7225549119500805,4.751107215881348,90907,0.0,0.0
2024-10-04 00:00:00-04:00,4.751107818988922,4.785370877996826,4.751107818988922,4.773950099945068,286298,0.0,0.0
2024-10-07 00:00:00-04:00,4.7853715155782846,4.802502322512037,4.7625292315787355,4.79108190536499,251692,0.0,0.0
2024-10-08 00:00:00-04:00,4.796792507171631,4.796792507171631,4.779661337054311,4.796792507171631,144946,0.0,0.0
2024-10-09 00:00:00-04:00,4.802501456323422,4.848186016082764,4.796791429992952,4.848186016082764,406754,0.0,0.0
2024-10-10 00:00:00-04:00,4.825344774351828,4.848187059145902,4.813923994381168,4.831055164337158,156526,0.0,0.0
2024-10-11 00:00:00-04:00,4.842475750385904,4.905290390732939,4.842475750385904,4.899580001831055,923182,0.0,0.0
2024-10-15 00:00:00-04:00,4.945263987013454,4.996658942151967,4.945263987013454,4.968106269836426,824022,0.0,0.0
2024-10-16 00:00:00-04:00,4.96810616589627,4.990947723388672,4.956684662297394,4.990947723388672,547174,0.0,0.0
2024-10-17 00:00:00-04:00,4.990948802537246,5.04805379589457,4.979528021321631,5.036633014678955,459195,0.0,0.0
2024-10-18 00:00:00-04:00,5.053762560302213,5.110866810431695,5.048052171531895,5.105156421661377,572197,0.0,0.0
2024-10-21 00:00:00-04:00,5.088025356993525,5.1394195818056865,5.076604941651043,5.082314968109131,450677,0.0,0.0
2024-10-22 00:00:00-04:00,5.0823144766375865,5.088024864969773,4.973815648620956,5.059472560882568,623840,0.0,0.0
2024-10-23 00:00:00-04:00,5.059472297816774,5.065182685852051,5.0252092447526095,5.065182685852051,398901,0.0,0.0
2024-10-24 00:00:00-04:00,5.065182949214755,5.070893337546941,5.036631007553822,5.059472560882568,345794,0.0,0.0
2024-10-25 00:00:00-04:00,5.076604941651043,5.110866912531102,5.0480522723764585,5.082314968109131,466516,0.0,0.0
2024-10-28 00:00:00-04:00,5.076605490014108,5.116578578948975,5.0708943756602,5.116578578948975,182746,0.0,0.0
2024-10-29 00:00:00-04:00,5.1337089035086025,5.156550820184774,5.1165777378211885,5.145129680633545,343132,0.0,0.0
2024-10-30 00:00:00-04:00,5.133709043785566,5.2136555731235354,5.12799865506706,5.190814018249512,458263,0.0,0.0
2024-10-31 00:00:00-04:00,5.2000787582921975,5.211660068301845,5.101635785607057,5.113217830657959,444155,0.094666,0.0
2024-11-01 00:00:00-04:00,5.113218838635149,5.142172119366875,5.095846135154713,5.119009494781494,229731,0.0,0.0
2024-11-04 00:00:00-05:00,5.095845481552709,5.113218182804892,4.962658937186706,4.968449592590332,493269,0.0,0.0
2024-11-05 00:00:00-05:00,4.951078694674112,5.084265267777792,4.9279157005410745,5.008985996246338,358039,0.0,0.0
2024-11-06 00:00:00-05:00,5.188498713140247,5.229033675576297,5.142172359246288,5.211661338806152,1328737,0.0,0.0
2024-11-07 00:00:00-05:00,5.234823648977589,5.234823648977589,5.211660658813166,5.22903299331665,415804,0.0,0.0
2024-11-08 00:00:00-05:00,5.234823921712216,5.263777936566753,5.176916259523831,5.257986545562744,465185,0.0,0.0
2024-11-11 00:00:00-05:00,5.286940077257608,5.391173345142131,5.281149421824169,5.350638389587402,529472,0.0,0.0
2024-11-12 00:00:00-05:00,5.350638060209862,5.3969636683462925,5.327474704860699,5.339056015014648,501654,0.0,0.0
2024-11-13 00:00:00-05:00,5.350639365057792,5.431709290947038,5.327476004059835,5.420128345489502,390249,0.0,0.0
2024-11-14 00:00:00-05:00,5.420128558567752,5.454872131347656,5.420128558567752,5.454872131347656,321170,0.0,0.0
2024-11-15 00:00:00-05:00,5.449081474630883,5.454872131347656,5.420128558567752,5.454872131347656,199251,0.0,0.0
2024-11-18 00:00:00-05:00,5.449080444262394,5.5069881030425565,5.449080444262394,5.501197814941406,270459,0.0,0.0
2024-11-19 00:00:00-05:00,5.478035932177413,5.524361557144122,5.478035932177413,5.518570899963379,267930,0.0,0.0
2024-11-20 00:00:00-05:00,5.518568648931401,5.58226695449924,5.518568648931401,5.570684909820557,216288,0.0,0.0
2024-11-21 00:00:00-05:00,5.582268540469515,5.732827813655278,5.576477884005613,5.721245765686035,502453,0.0,0.0
2024-11-22 00:00:00-05:00,5.732826999913851,5.8023152351379395,5.721244953588611,5.8023152351379395,446684,0.0,0.0
2024-11-25 00:00:00-05:00,5.84864006194194,5.923919677734375,5.84864006194194,5.923919677734375,435104,0.0,0.0
2024-11-26 00:00:00-05:00,5.889176350141617,5.900757660329707,5.7965240310337345,5.860222339630127,583910,0.0,0.0
2024-11-27 00:00:00-05:00,5.860223510098844,5.912340151395825,5.860223510098844,5.883386135101318,189002,0.0,0.0
2024-11-28 00:00:00-05:00,5.883385126235438,5.900757827049686,5.860222505204821,5.877594470977783,437899,0.0,0.0
2024-11-29 00:00:00-05:00,5.892841247642401,5.8987046916597725,5.810751914978027,5.810751914978027,397836,0.094666,0.0
2024-12-02 00:00:00-05:00,5.804887850916677,5.857659213576683,5.646572646515599,5.705207824707031,736309,0.0,0.0
2024-12-03 00:00:00-05:00,5.693481809794911,5.74038973624708,5.582074507602437,5.658300399780273,635952,0.0,0.0
2024-12-04 00:00:00-05:00,5.693480789326097,5.705207675802173,5.646572499141109,5.681753158569336,253023,0.0,0.0
2024-12-05 00:00:00-05:00,5.675889434220693,5.769706382084527,5.675889434220693,5.72866153717041,338473,0.0,0.0
2024-12-06 00:00:00-05:00,5.763843824263605,5.775571457754869,5.716935523141128,5.746253490447998,215755,0.0,0.0
2024-12-09 00:00:00-05:00,5.757979793141191,5.775570869445801,5.740389461117363,5.775570869445801,116329,0.0,0.0
2024-12-10 00:00:00-05:00,5.775570691475083,5.781434135302346,5.74038928423074,5.763843059539795,247433,0.0,0.0
2024-12-11 00:00:00-05:00,5.7579791829300495,5.828341619989759,5.7579791829300495,5.787296772003174,326627,0.0,0.0
2024-12-12 00:00:00-05:00,5.799023299334928,5.799023299334928,5.705207466684348,5.711070537567139,248098,0.0,0.0
2024-12-13 00:00:00-05:00,5.7227972864425825,5.734524916488379,5.517574180570104,5.640707969665527,573395,0.0,0.0
2024-12-16 00:00:00-05:00,5.6055286039153955,5.7110720956877286,5.552757230169659,5.564484119415283,645535,0.0,0.0
2024-12-17 00:00:00-05:00,5.54102960316085,5.54102960316085,5.353396795230326,5.417895793914795,488743,0.0,0.0
2024-12-18 00:00:00-05:00,5.3944407158972005,5.535165586384213,5.154036193990647,5.177490711212158,812442,0.0,0.0
2024-12-19 00:00:00-05:00,5.177490711212158,5.335805911404791,5.142309679660577,5.177490711212158,873668,0.0,0.0
2024-12-20 00:00:00-05:00,5.177492129972323,5.365124225616455,5.1247200099735775,5.365124225616455,584442,0.0,0.0
2024-12-23 00:00:00-05:00,5.3827141275868495,5.517574818028193,5.35339653764651,5.505847930908203,376806,0.0,0.0
2024-12-24 00:00:00-05:00,5.605527877807617,5.605527877807617,5.505848215710455,5.605527877807617,173696,0.0,0.0
2024-12-27 00:00:00-05:00,5.570348308318955,5.658300721941992,5.541030340924036,5.564484119415283,693451,0.0,0.0
2024-12-30 00:00:00-05:00,5.529303625268067,5.535167070074959,5.458941171164041,5.476531505584717,438431,0.0,0.0
2024-12-31 00:00:00-05:00,5.497929275860619,5.52764778597888,5.480097641668489,5.486042022705078,199384,0.094666,0.0
2025-01-02 00:00:00-05:00,5.575196365810375,5.575196365810375,5.408772959665409,5.462265968322754,381332,0.0,0.0
2025-01-03 00:00:00-05:00,5.480096852498065,5.545477867126465,5.456322349610669,5.545477867126465,277380,0.0,0.0
2025-01-06 00:00:00-05:00,5.545477689580201,5.59897069659354,5.53359043851709,5.5573649406433105,498726,0.0,0.0
2025-01-07 00:00:00-05:00,5.587085215573478,5.598972470402587,5.4800984131936525,5.49793004989624,385458,0.0,0.0
2025-01-08 00:00:00-05:00,5.480097024347075,5.491985030622276,5.414716762127141,5.450378894805908,446551,0.0,0.0
2025-01-09 00:00:00-05:00,5.450378709803633,5.491984844207764,5.444435084097145,5.491984844207764,136694,0.0,0.0
2025-01-10 00:00:00-05:00,5.46820973057408,5.474153356436709,5.361223710588029,5.414716720581055,626901,0.0,0.0
2025-01-13 00:00:00-05:00,5.361224645471717,5.402830410994646,5.295843240664213,5.319617748260498,572197,0.0,0.0
2025-01-14 00:00:00-05:00,5.3255610539362985,5.414716571102603,5.3255610539362985,5.408772945404053,310789,0.0,0.0
2025-01-15 00:00:00-05:00,5.497928526150625,5.59897091865317,5.474153268622773,5.581140041351318,691588,0.0,0.0
2025-01-16 00:00:00-05:00,5.575196715344386,5.694071123228351,5.575196715344386,5.676239490509033,505913,0.0,0.0
2025-01-17 00:00:00-05:00,5.700013461571424,5.735675587265157,5.670294583392471,5.71190071105957,389451,0.0,0.0
2025-01-20 00:00:00-05:00,5.705957947622894,5.7951130867004395,5.705957947622894,5.7951130867004395,260077,0.0,0.0
2025-01-21 00:00:00-05:00,5.795112799304213,5.8664374351501465,5.783225925840554,5.8664374351501465,340603,0.0,0.0
2025-01-22 00:00:00-05:00,5.860495430363361,5.860495430363361,5.80700203643738,5.824832916259766,271790,0.0,0.0
2025-01-23 00:00:00-05:00,5.8248324098443,5.866438169708708,5.812945157662862,5.842663288116455,319839,0.0,0.0
2025-01-24 00:00:00-05:00,5.8248317851956335,5.854550666920963,5.807000908835642,5.836719036102295,286697,0.0,0.0
2025-01-27 00:00:00-05:00,5.777283526170659,5.83672016947469,5.765396272955734,5.824832916259766,333948,0.0,0.0
2025-01-28 00:00:00-05:00,5.818888159742303,5.854550666920963,5.812944534288972,5.836719036102295,260077,0.0,0.0
2025-01-29 00:00:00-05:00,5.8248317851956335,5.854550666920963,5.8248317851956335,5.836719036102295,344995,0.0,0.0
2025-01-30 00:00:00-05:00,5.842663308625693,5.854551315307617,5.8367196825141106,5.854551315307617,233058,0.0,0.0
2025-01-31 00:00:00-05:00,5.870204059908807,5.870204059908807,5.665499591554035,5.683562278747559,554628,0.094666,0.0
2025-02-03 00:00:00-05:00,5.051386795478256,5.575189502545376,4.9972002558344295,5.478858470916748,1395154,0.0,0.0
2025-02-04 00:00:00-05:00,5.557127096565598,5.695603362909979,5.557127096565598,5.575188636779785,560085,0.0,0.0
2025-02-05 00:00:00-05:00,5.599273293596736,5.641418553278474,5.587231244948485,5.635397911071777,275118,0.0,0.0
2025-02-06 00:00:00-05:00,5.671520704349838,5.785914803192158,5.6414178790315885,5.761832237243652,306263,0.0,0.0
2025-02-07 00:00:00-05:00,5.791935738392828,5.809998429196615,5.719688032117099,5.7377495765686035,400099,0.0,0.0
2025-02-10 00:00:00-05:00,5.767852110515643,5.779893391886128,5.701623916625977,5.701623916625977,320771,0.0,0.0
2025-02-11 00:00:00-05:00,5.7196879386901855,5.725708198664066,5.659479989307488,5.7196879386901855,427251,0.0,0.0
2025-02-12 00:00:00-05:00,5.671520518111227,5.7076451300825095,5.665499876821803,5.695603847503662,148140,0.0,0.0
2025-02-13 00:00:00-05:00,5.719686500376753,5.719686500376753,5.5992717782439705,5.641417026519775,358305,0.0,0.0
2025-02-14 00:00:00-05:00,5.683563427959095,5.689584070162738,5.647438810502383,5.659480094909668,267930,0.0,0.0
2025-02-18 00:00:00-05:00,5.647437386224127,5.701623916625977,5.635396486970974,5.701623916625977,349920,0.0,0.0
2025-02-19 00:00:00-05:00,5.689583778381348,5.695604420276231,5.6655004465669965,5.689583778381348,253556,0.0,0.0
2025-02-20 00:00:00-05:00,5.68958387706136,5.68958387706136,5.653459260830698,5.671521186828613,196456,0.0,0.0
2025-02-21 00:00:00-05:00,5.671520615935326,5.671520615935326,5.605293178491984,5.611313819885254,213626,0.0,0.0
2025-02-24 00:00:00-05:00,5.617334746941914,5.65947962095541,5.557127947830091,5.623355388641357,400498,0.0,0.0
2025-02-25 00:00:00-05:00,5.599272252328327,5.6353968630854565,5.563148023688555,5.629375457763672,174228,0.0,0.0
2025-02-26 00:00:00-05:00,5.659478569776484,5.671519850938848,5.641417030150262,5.665499210357666,217219,0.0,0.0
2025-02-27 00:00:00-05:00,5.659478566134374,5.665499206711681,5.6052924188212785,5.641417026519775,339538,0.0,0.0
2025-02-28 00:00:00-05:00,5.523024047811934,5.657285137962065,5.498612834877583,5.59625768661499,479559,0.094666,0.0
2025-03-03 00:00:00-05:00,5.596256797897416,5.638976510579864,5.26670644393282,5.339940071105957,1058811,0.0,0.0
2025-03-04 00:00:00-05:00,5.236193106119718,5.272810120110525,4.9371566115920364,5.17516565322876,1302117,0.0,0.0
2025-03-05 00:00:00-05:00,5.156856008881478,5.309425974559296,5.150753303212563,5.303323268890381,633024,0.0,0.0
2025-03-06 00:00:00-05:00,5.248397446909938,5.260603632180814,5.1385475893590575,5.223986625671387,540386,0.0,0.0
2025-03-07 00:00:00-05:00,5.217884298389589,5.291117154736653,5.095828634050885,5.2483978271484375,459594,0.0,0.0
2025-03-10 00:00:00-04:00,5.138548292549214,5.175165304069536,4.955464396925167,4.998183727264404,790614,0.0,0.0
2025-03-11 00:00:00-04:00,5.004286042527405,5.059211942843512,4.796791338531568,4.857819557189941,932632,0.0,0.0
2025-03-12 00:00:00-04:00,4.924949914842326,4.973773111552115,4.888334066613342,4.961566925048828,602011,0.0,0.0
2025-03-13 00:00:00-04:00,4.967668397849766,5.004285011641084,4.918845987910848,4.924948692321777,421128,0.0,0.0
2025-03-14 00:00:00-04:00,4.9737727761662125,5.1263419633267935,4.967669296000293,5.1202392578125,502719,0.0,0.0
2025-03-17 00:00:00-04:00,5.138547752781916,5.333836652855961,5.138547752781916,5.3094258308410645,503251,0.0,0.0
2025-03-18 00:00:00-04:00,5.321631684944501,5.321631684944501,5.230089932789145,5.266706943511963,211363,0.0,0.0
2025-03-19 00:00:00-04:00,5.2972196451819915,5.3094258308410645,5.230089497315214,5.3094258308410645,351384,0.0,0.0
2025-03-20 00:00:00-04:00,5.260603044302974,5.333835887160582,5.242294155768498,5.321630477905273,171300,0.0,0.0
2025-03-21 00:00:00-04:00,5.291116380548528,5.2972190854073595,5.25449976406977,5.285013675689697,232526,0.0,0.0
2025-03-24 00:00:00-04:00,5.333836591021365,5.358247800079077,5.297219583771892,5.339940071105957,502852,0.0,0.0
2025-03-25 00:00:00-04:00,5.352145378010486,5.4009674078517715,5.339939967381615,5.3887619972229,264736,0.0,0.0
2025-03-26 00:00:00-04:00,5.394864095414395,5.400966800042049,5.309425068649965,5.321630477905273,167573,0.0,0.0
2025-03-27 00:00:00-04:00,5.303322564917734,5.327733384353058,5.248397059210939,5.285013675689697,452008,0.0,0.0
2025-03-28 00:00:00-04:00,5.26670610906048,5.297219246959439,5.175164371408902,5.205677509307861,307860,0.0,0.0
2025-03-31 00:00:00-04:00,5.135064191940204,5.227978021890201,5.066926387373375,5.203200817108154,196323,0.094666,0.0
2025-04-01 00:00:00-04:00,5.215590122674243,5.215590122674243,5.104092886891393,5.128870487213135,275251,0.0,0.0
2025-04-02 00:00:00-04:00,5.079315411539581,5.1474528312683105,5.073121207873244,5.1474528312683105,292820,0.0,0.0
2025-04-03 00:00:00-04:00,4.961624956919589,5.104093219557688,4.949235762818238,4.9987897872924805,681871,0.0,0.0
2025-04-04 00:00:00-04:00,4.893487542692869,4.899681746620985,4.627133235586656,4.720047473907471,1232373,0.0,0.0
2025-04-07 00:00:00-04:00,4.453692244775478,4.65810370205985,4.181143766107309,4.602355480194092,914131,0.0,0.0
2025-04-08 00:00:00-04:00,4.738629121145569,4.763406324947667,4.428915056451705,4.466080665588379,924113,0.0,0.0
2025-04-09 00:00:00-04:00,4.422720865446888,5.048343985417528,4.397943268446509,4.843932151794434,699973,0.0,0.0
2025-04-10 00:00:00-04:00,4.943041277175239,4.943041277175239,4.589967349529009,4.75101900100708,536260,0.0,0.0
2025-04-11 00:00:00-04:00,4.744824110666586,4.763407114883091,4.651909875850076,4.732435703277588,565941,0.0,0.0
2025-04-14 00:00:00-04:00,4.825348854064941,4.850126056409673,4.738628842424842,4.825348854064941,441227,0.0,0.0
2025-04-15 00:00:00-04:00,4.856321568619278,4.9430416036505695,4.812961747670147,4.912069797515869,417269,0.0,0.0
2025-04-16 00:00:00-04:00,4.918263763396736,4.9368463714476025,4.775794742875753,4.843932151794434,372547,0.0,0.0
2025-04-17 00:00:00-04:00,4.874904722545719,4.881099713474279,4.812962282788469,4.868710517883301,233724,0.0,0.0
2025-04-21 00:00:00-04:00,4.8625147598453005,4.8625147598453005,4.781988945559376,4.843932151794434,250627,0.0,0.0
2025-04-22 00:00:00-04:00,4.88109857020037,4.918264182602844,4.856320971088083,4.893486976623535,260344,0.0,0.0
2025-04-23 00:00:00-04:00,4.9925961283557685,5.017373732997094,4.943042098472316,4.955430507659912,335811,0.0,0.0
2025-04-24 00:00:00-04:00,4.980206820524902,5.029760837554932,4.9430408163361745,5.029760837554932,111804,0.0,0.0
2025-04-25 00:00:00-04:00,5.017372730338348,5.042149543762207,4.998789334004478,5.042149543762207,225205,0.0,0.0
2025-04-28 00:00:00-04:00,5.073122012018056,5.091705412228752,5.0359563909958736,5.085511207580566,358305,0.0,0.0
2025-04-29 00:00:00-04:00,5.066926879541777,5.14125850110801,5.054538865646902,5.128870487213135,331685,0.0,0.0
2025-04-30 00:00:00-04:00,5.069744148609604,5.082324787928854,5.013134465336577,5.076034069061279,290291,0.094666,0.0
2025-05-01 00:00:00-04:00,5.1074842631545465,5.126354822162219,5.0634540233578,5.09490442276001,203643,0.0,0.0
2025-05-02 00:00:00-04:00,5.126355476554772,5.170385322764109,5.1137748361384165,5.164095401763916,190732,0.0,0.0
2025-05-05 00:00:00-04:00,5.151513413327272,5.220703723848003,5.132644054472309,5.176673889160156,178221,0.0,0.0
2025-05-06 00:00:00-04:00,5.164094565008123,5.182964324951172,5.151513926630252,5.182964324951172,61758,0.0,0.0
2025-05-07 00:00:00-04:00,5.201833480631127,5.283603628509391,5.201833480631127,5.277313709259033,203244,0.0,0.0
2025-05-08 00:00:00-04:00,5.327633572253325,5.409403721816581,5.296183975353475,5.396823883056641,282971,0.0,0.0
2025-05-09 00:00:00-04:00,5.409403679121204,5.484883908708738,5.409403679121204,5.453433513641357,351916,0.0,0.0
2025-05-12 00:00:00-04:00,5.623263278811597,5.6358439148767765,5.560363691356314,5.610683441162109,382529,0.0,0.0
2025-05-13 00:00:00-04:00,5.661003629715308,5.673584265868358,5.610683480350203,5.667293548583984,269128,0.0,0.0
2025-05-14 00:00:00-04:00,5.692454416491135,5.711324175726601,5.667294338302609,5.705034255981445,262739,0.0,0.0
2025-05-15 00:00:00-04:00,5.711324006287764,5.793094158172607,5.711324006287764,5.793094158172607,288960,0.0,0.0
2025-05-16 00:00:00-04:00,5.811965426920529,5.811965426920529,5.786804947189719,5.805675506591797,227069,0.0,0.0
2025-05-20 00:00:00-04:00,5.799384038250212,5.805674756181722,5.761644521155827,5.78680419921875,183013,0.0,0.0
2025-05-21 00:00:00-04:00,5.749063862040861,5.755353781532886,5.610684036384766,5.62955379486084,368022,0.0,0.0
2025-05-22 00:00:00-04:00,5.572944344501566,5.72390481363272,5.572944344501566,5.705034255981445,242109,0.0,0.0
2025-05-23 00:00:00-04:00,5.654714459906532,5.711324136431346,5.629553982683211,5.698744297027588,223475,0.0,0.0
2025-05-26 00:00:00-04:00,5.736484090576254,5.761644166297463,5.723904252319582,5.74277400970459,88378,0.0,0.0
2025-05-27 00:00:00-04:00,5.736484877952403,5.780514717102051,5.730194957960728,5.780514717102051,146410,0.0,0.0
2025-05-28 00:00:00-04:00,5.774224202090348,5.786804040777377,5.749063726300533,5.76164436340332,151335,0.0,0.0
2025-05-29 00:00:00-04:00,5.786804040777377,5.786804040777377,5.749063726300533,5.76164436340332,176624,0.0,0.0
2025-05-30 00:00:00-04:00,5.778226243096993,5.816492934247028,5.752716060140419,5.803737640380859,209766,0.094666,0.0
2025-06-02 00:00:00-04:00,5.790982439585407,5.803738544991358,5.752716956798343,5.797360897064209,147342,0.0,0.0
2025-06-03 00:00:00-04:00,5.778226950970144,5.810115999093725,5.778226950970144,5.790982246398926,91440,0.0,0.0
2025-06-04 00:00:00-04:00,5.797361083201582,5.816494027597334,5.771849681122233,5.77822732925415,63356,0.0,0.0
2025-06-05 00:00:00-04:00,5.77822720533217,5.78460485332731,5.752717018127441,5.752717018127441,132301,0.0,0.0
2025-06-06 00:00:00-04:00,5.790982439585407,5.803738544991358,5.77822714373111,5.797360897064209,97829,0.0,0.0
2025-06-09 00:00:00-04:00,5.816493305029474,5.842004299163818,5.797360363010558,5.842004299163818,138025,0.0,0.0
2025-06-10 00:00:00-04:00,5.848382619743427,5.87389321203865,5.848382619743427,5.867515563964844,152266,0.0,0.0
2025-06-11 00:00:00-04:00,5.8738931630150315,5.880270811035609,5.8547602189533,5.861137866973877,117261,0.0,0.0
2025-06-12 00:00:00-04:00,5.8547602189533,5.8738931630150315,5.848382570932722,5.861137866973877,83321,0.0,0.0
2025-06-13 00:00:00-04:00,5.835625891815633,5.854759643548569,5.816493354410076,5.848381996154785,90242,0.0,0.0
2025-06-16 00:00:00-04:00,5.848382045697941,5.854759693145752,5.842004398250132,5.854759693145752,73338,0.0,0.0
2025-06-17 00:00:00-04:00,5.8483822301852975,5.854759877834291,5.835626125335693,5.835626125335693,120589,0.0,0.0
2025-06-18 00:00:00-04:00,5.835625891815633,5.854759643548569,5.835625891815633,5.848381996154785,106214,0.0,0.0
2025-06-19 00:00:00-04:00,5.842004398250132,5.854759693145752,5.829248293802919,5.854759693145752,98361,0.0,0.0
2025-06-20 00:00:00-04:00,5.848382434989268,5.886649131774902,5.842004787116936,5.886649131774902,161184,0.0,0.0
2025-06-23 00:00:00-04:00,5.867515934005904,5.9504265785217285,5.84200534010183,5.9504265785217285,363363,0.0,0.0
2025-06-24 00:00:00-04:00,5.963181287465983,5.995069931477513,5.956803639618841,5.988692283630371,290824,0.0,0.0
2025-06-25 00:00:00-04:00,5.995068471678023,6.07797908782959,5.982313179089654,6.07797908782959,382529,0.0,0.0
2025-06-26 00:00:00-04:00,6.084358177719152,6.135379764953905,6.065225234297052,6.12262487411499,385591,0.0,0.0
2025-06-27 00:00:00-04:00,6.148135870120277,6.186402566516115,6.109869578500257,6.12262487411499,489009,0.0,0.0
2025-06-30 00:00:00-04:00,6.17173994881366,6.204053107804778,6.145890077875424,6.165277481079102,189268,0.094666,0.0
2025-07-02 00:00:00-04:00,6.158815200040786,6.210515763802815,6.158815200040786,6.1975908279418945,225471,0.0,0.0
2025-07-03 00:00:00-04:00,6.1975905279828805,6.275141369872517,6.1975905279828805,6.262215614318848,178620,0.0,0.0
2025-07-04 00:00:00-04:00,6.268678771683187,6.288066174132407,6.262215483881824,6.27514123916626,121920,0.0,0.0
2025-07-07 00:00:00-04:00,6.281603516345472,6.3074529753355,6.236365425016177,6.242827892303467,207503,0.0,0.0
2025-07-08 00:00:00-04:00,6.242827892303467,6.255752826878047,6.236365425016177,6.242827892303467,121387,0.0,0.0
2025-07-09 00:00:00-04:00,6.268679353842087,6.300991284099049,6.2492911292740345,6.281604290008545,133632,0.0,0.0
2025-07-10 00:00:00-04:00,6.2945284597264015,6.333304086349322,6.281603934450693,6.3139166831970215,171167,0.0,0.0
2025-07-11 00:00:00-04:00,6.313916814371334,6.320379282223028,6.268679129250306,6.300991058349609,165976,0.0,0.0
2025-07-14 00:00:00-04:00,6.281603566174532,6.333303715042097,6.281603566174532,6.32037878036499,95965,0.0,0.0
2025-07-15 00:00:00-04:00,6.352692181730933,6.3591554704709665,6.320379839622809,6.326842308044434,143748,0.0,0.0
2025-07-16 00:00:00-04:00,6.352691173553467,6.3914663880887606,6.333303771365389,6.352691173553467,191531,0.0,0.0
2025-07-17 00:00:00-04:00,6.352690927712327,6.397929428211253,6.352690927712327,6.39146614074707,134032,0.0,0.0
2025-07-18 00:00:00-04:00,6.391466593307889,6.423779751643817,6.391466593307889,6.410854816436768,146676,0.0,0.0
2025-07-21 00:00:00-04:00,6.423779751643817,6.443167974772695,6.410854816436768,6.410854816436768,135097,0.0,0.0
2025-07-22 00:00:00-04:00,6.430242432264631,6.430242432264631,6.404392560994193,6.4237799644470215,87713,0.0,0.0
2025-07-23 00:00:00-04:00,6.430242552559454,6.456092834472656,6.430242552559454,6.456092834472656,319174,0.0,0.0
2025-07-24 00:00:00-04:00,6.4496296688219426,6.507792280436922,6.443167201993512,6.4754791259765625,329023,0.0,0.0
2025-07-25 00:00:00-04:00,6.475479709408158,6.507792866779888,6.456092307176088,6.481942176818848,332218,0.0,0.0
2025-07-28 00:00:00-04:00,6.481942522674082,6.50779321401443,6.475480054918576,6.494868278503418,176890,0.0,0.0
2025-07-29 00:00:00-04:00,6.494868596303636,6.5465687510365855,6.494868596303636,6.514256000518799,244771,0.0,0.0
2025-07-30 00:00:00-04:00,6.520718006701123,6.553030754930064,6.5142555390871655,6.540105819702148,254354,0.0,0.0
2025-07-31 00:00:00-04:00,6.530944296021425,6.544031767295089,6.432783069840911,6.4785919189453125,196456,0.094666,0.0
2025-08-01 00:00:00-04:00,6.360799912493829,6.45241637384798,6.216831484173223,6.314991474151611,477696,0.0,0.0
2025-08-05 00:00:00-04:00,6.3542550350810325,6.511311328238662,6.3542550350810325,6.386974334716797,341002,0.0,0.0
2025-08-06 00:00:00-04:00,6.439328332761805,6.491680298482924,6.413151726905834,6.465503692626953,125913,0.0,0.0
2025-08-07 00:00:00-04:00,6.511312932755254,6.517856877361009,6.4458730713673775,6.491681098937988,315314,0.0,0.0
2025-08-08 00:00:00-04:00,6.504767724920612,6.51131166825553,6.445871819576103,6.498223781585693,254887,0.0,0.0
2025-08-11 00:00:00-04:00,6.491681098937988,6.511312932755254,6.4458730713673775,6.491681098937988,197254,0.0,0.0
2025-08-12 00:00:00-04:00,6.491680345677512,6.524400895570217,6.478592457984651,6.517856121063232,132834,0.0,0.0
2025-08-13 00:00:00-04:00,6.517857215146132,6.537489465311156,6.491681435366564,6.504769325256348,170102,0.0,0.0
2025-08-14 00:00:00-04:00,6.498224289523942,6.524400895570217,6.498224289523942,6.517856121063232,106347,0.0,0.0
2025-08-15 00:00:00-04:00,6.524401664733887,6.537489138639357,6.504769000219541,6.524401664733887,133899,0.0,0.0
2025-08-18 00:00:00-04:00,6.530944455572044,6.544031927165435,6.5113117945260734,6.537487983703613,134298,0.0,0.0
2025-08-19 00:00:00-04:00,6.517857215146132,6.55057735520094,6.504769325256348,6.504769325256348,324099,0.0,0.0
2025-08-20 00:00:00-04:00,6.517856121063232,6.5374883679328,6.498224289523942,6.517856121063232,117927,0.0,0.0
2025-08-21 00:00:00-04:00,6.530944624930023,6.55057604049431,6.517855907006463,6.544032096862793,138158,0.0,0.0
2025-08-22 00:00:00-04:00,6.563664236491037,6.629104921875114,6.537488460733746,6.622560977935791,322768,0.0,0.0
2025-08-25 00:00:00-04:00,6.622561652150375,6.64873743057251,6.616017707544841,6.64873743057251,227867,0.0,0.0
2025-08-26 00:00:00-04:00,6.655281911111743,6.69454516167586,6.648737136135392,6.68800163269043,266067,0.0,0.0
2025-08-27 00:00:00-04:00,6.674914014739897,6.759986540285261,6.674914014739897,6.746898651123047,252225,0.0,0.0
2025-08-28 00:00:00-04:00,6.753442303546187,6.766530192142211,6.714177807097502,6.740353584289551,276183,0.0,0.0
2025-08-29 00:00:00-04:00,6.750953804925854,6.803954124450684,6.731078001833892,6.803954124450684,208701,0.094666,0.0
2025-09-02 00:00:00-04:00,6.770829780212159,6.777454348110838,6.6714536931999415,6.757579803466797,286165,0.0,0.0
2025-09-03 00:00:00-04:00,6.744329826721436,6.797330154176883,6.73107900902807,6.757579803466797,276981,0.0,0.0
2025-09-04 00:00:00-04:00,6.790704685970437,6.969581882237298,6.770829301782794,6.949706077575684,424323,0.0,0.0
2025-09-05 00:00:00-04:00,6.949706493173943,7.055708408355713,6.883456189692581,7.055708408355713,348323,0.0,0.0
2025-09-08 00:00:00-04:00,7.042456696848106,7.042456696848106,6.989456376695992,7.009332180023193,165310,0.0,0.0
2025-09-09 00:00:00-04:00,7.0358324936907914,7.1153340339660645,7.015957949569955,7.1153340339660645,353647,0.0,0.0
2025-09-10 00:00:00-04:00,7.108708825967776,7.221334462804081,7.108708825967776,7.1749587059021,415938,0.0,0.0
2025-09-11 00:00:00-04:00,7.155083088533142,7.294210346534249,7.148458101144691,7.2743353843688965,602011,0.0,0.0
2025-09-12 00:00:00-04:00,7.267709556032567,7.314084467751724,7.241209606478763,7.2743353843688965,275517,0.0,0.0
2025-09-15 00:00:00-04:00,7.2875849700880355,7.347209853400939,7.280959983053268,7.294209957122803,328890,0.0,0.0
2025-09-16 00:00:00-04:00,7.314085323865851,7.320711152977735,7.2610854185546,7.287586212158203,187272,0.0,0.0
2025-09-17 00:00:00-04:00,7.287586835843805,7.380337519024251,7.287586835843805,7.360461711883545,321570,0.0,0.0
2025-09-18 00:00:00-04:00,7.36708751041601,7.519463932478258,7.36708751041601,7.499588966369629,308925,0.0,0.0
2025-09-19 00:00:00-04:00,7.512837507714793,7.598964026285404,7.512837507714793,7.592339038848877,227335,0.0,0.0
2025-09-22 00:00:00-04:00,7.5989655214769405,7.651965431397546,7.565839736828512,7.645340442657471,195790,0.0,0.0
2025-09-23 00:00:00-04:00,7.6519646362783496,7.863967617723643,7.6519646362783496,7.777841091156006,611595,0.0,0.0
2025-09-24 00:00:00-04:00,7.784466079207676,7.863967617723643,7.757966127000996,7.777841091156006,462256,0.0,0.0
2025-09-25 00:00:00-04:00,7.771218744807328,7.791092872619629,7.698342177455997,7.791092872619629,344995,0.0,0.0
2025-09-26 00:00:00-04:00,7.870593492040137,8.045495550953294,7.870593492040137,8.038207054138184,527802,0.0,1.1
2025-09-29 00:00:00-04:00,8.086860766371302,8.086860766371302,7.968910905641944,7.991027355194092,402083,0.104132,0.0
2025-09-30 00:00:00-04:00,7.932052761866725,7.932052761866725,7.666668115945506,7.843591213226318,809248,0.0,0.0
2025-10-01 00:00:00-04:00,7.79936116151004,7.82147591151397,7.769873693950852,7.806732177734375,207515,0.0,0.0
2025-10-02 00:00:00-04:00,7.806730223710006,7.828846669509113,7.740384288973681,7.777243614196777,137940,0.0,0.0
2025-10-03 00:00:00-04:00,7.806731257453475,7.939423995162141,7.806731257453475,7.909937381744385,408617,0.0,0.0
2025-10-06 00:00:00-04:00,7.9246826171875,7.968912120372288,7.843592075575138,7.9246826171875,394581,0.0,0.0
2025-10-07 00:00:00-04:00,7.902564452317257,7.961539378895857,7.843590376403996,7.887820720672607,266805,0.0,0.0
2025-10-08 00:00:00-04:00,7.88045050550812,7.887821521413384,7.8141045570373535,7.8141045570373535,456049,0.0,0.0
2025-10-09 00:00:00-04:00,7.82884965403693,7.850964406936165,7.769874711197445,7.7993621826171875,182226,0.0,0.0
2025-10-10 00:00:00-04:00,7.77724344236143,7.909936159567532,7.629806995391846,7.629806995391846,753104,0.0,0.0
2025-10-14 00:00:00-04:00,7.651924163848329,7.991027466157861,7.651924163848329,7.895194053649902,692241,0.0,0.0
2025-10-15 00:00:00-04:00,7.946794594976806,8.049999001492873,7.946794594976806,7.9836530685424805,454355,0.0,0.0
2025-10-16 00:00:00-04:00,7.991027926344274,8.027886409791225,7.740386155710819,7.791988372802734,497552,0.0,0.0
2025-10-17 00:00:00-04:00,7.740384881125488,7.821474552154541,7.68878267253075,7.821474552154541,310244,0.0,0.0
2025-10-20 00:00:00-04:00,7.828848395041878,7.991027760438469,7.828848395041878,7.976284027099609,376915,0.0,0.0
2025-10-21 00:00:00-04:00,7.96153915794942,7.983653904137334,7.917307964242962,7.939423561096191,147741,0.0,0.0
2025-10-22 00:00:00-04:00,7.932052802588608,7.932052802588608,7.777245304339497,7.873077869415283,353562,0.0,0.0
2025-10-23 00:00:00-04:00,7.85833581041375,7.932053633941282,7.85833581041375,7.9246826171875,221188,0.0,0.0
2025-10-24 00:00:00-04:00,7.909938152734758,8.057373786190334,7.909938152734758,8.013142585754395,581405,0.0,0.0
2025-10-27 00:00:00-04:00,8.042629471041359,8.13109016418457,8.03525675416981,8.13109016418457,387563,0.0,0.0
2025-10-28 00:00:00-04:00,8.116347354694426,8.160577701659799,8.101604472816229,8.145833969116211,228932,0.0,0.0
2025-10-29 00:00:00-04:00,8.160577623202478,8.160577623202478,8.050000480854072,8.108975410461426,246840,0.0,0.0
2025-10-30 00:00:00-04:00,8.07211715067752,8.219552777393542,8.07211715067752,8.175321578979492,578259,0.0,0.0
2025-10-31 00:00:00-04:00,8.164883791738882,8.18725268809598,8.127600003299856,8.13505744934082,143143,0.104132,0.0
2025-11-03 00:00:00-05:00,8.164883010509355,8.164883010509355,8.090317161648786,8.105230331420898,250470,0.0,0.0
2025-11-04 00:00:00-05:00,8.08286264680998,8.08286264680998,8.023209958794459,8.03812313079834,222398,0.0,0.0
2025-11-05 00:00:00-05:00,8.06794777778824,8.082860946655273,8.030664855620655,8.082860946655273,100430,0.0,0.0
2025-11-06 00:00:00-05:00,8.082862179042342,8.090317904171313,8.03066608004943,8.060491561889648,81433,0.0,0.0
2025-11-07 00:00:00-05:00,8.06794795159798,8.06794795159798,8.00083955069191,8.053034782409668,178959,0.0,0.0
2025-11-10 00:00:00-05:00,8.082862034222863,8.172339338581812,8.082862034222863,8.164883613586426,157179,0.0,0.0
2025-11-11 00:00:00-05:00,8.179796784460061,8.179796784460061,8.14997044271279,8.164883613586426,53482,0.0,0.0
2025-11-12 00:00:00-05:00,8.16488384574579,8.261818598739218,8.16488384574579,8.254361152648926,328273,0.0,0.0
2025-11-13 00:00:00-05:00,8.239447926851136,8.246905372892101,8.12014427814179,8.13505744934082,193721,0.0,0.0
2025-11-14 00:00:00-05:00,8.067948754380513,8.179796673980684,8.038122413036088,8.127599716186523,134552,0.0,0.0
2025-11-17 00:00:00-05:00,8.127599225637702,8.17979618028147,8.067948267431982,8.105230331420898,95711,0.0,0.0
2025-11-18 00:00:00-05:00,8.06049153844218,8.112688497724701,7.985927403837813,8.015753746032715,253374,0.0,0.0
2025-11-19 00:00:00-05:00,8.023208444033044,8.06794795159798,8.023208444033044,8.053034782409668,161535,0.0,0.0
2025-11-20 00:00:00-05:00,8.135054926120533,8.172336982113022,8.06794653698111,8.07540225982666,117249,0.0,0.0
2025-11-21 00:00:00-05:00,8.053034048453554,8.164881946730706,8.053034048453554,8.097773551940918,101761,0.0,0.0
2025-11-24 00:00:00-05:00,8.090316599235747,8.172338166839129,8.090316599235747,8.120142936706543,200497,0.0,0.0
2025-11-25 00:00:00-05:00,8.157424970781742,8.231990814208984,8.120142909509424,8.231990814208984,208120,0.0,0.0
2025-11-26 00:00:00-05:00,8.217078155090249,8.306556312310457,8.217078155090249,8.291643142700195,324159,0.0,0.0
2025-11-27 00:00:00-05:00,8.299099727505327,8.314012897115587,8.291643142700195,8.291643142700195,162261,0.0,0.0
2025-11-28 00:00:00-05:00,8.33387565612793,8.348959738886224,8.22074590574322,8.33387565612793,105754,0.104132,0.0
2025-12-01 00:00:00-05:00,8.296168855096766,8.303710898780992,8.198123157504597,8.213207244873047,245751,0.0,0.0
2025-12-02 00:00:00-05:00,8.265999491272892,8.281083576471454,8.220747235677205,8.273542404174805,159115,0.0,0.0
2025-12-03 00:00:00-05:00,8.273542298109476,8.3187928125198,8.235831215293889,8.311251640319824,147741,0.0,0.0
2025-12-04 00:00:00-05:00,8.303709959489565,8.364045431835637,8.273542658467857,8.34142017364502,266079,0.0,0.0
2025-12-05 00:00:00-05:00,8.348960982530173,8.386671195043142,8.311251640319824,8.311251640319824,214049,0.0,0.0
2025-12-08 00:00:00-05:00,8.326336087982837,8.38667156032891,8.326336087982837,8.34142017364502,182589,0.0,0.0
2025-12-09 00:00:00-05:00,8.356503668699805,8.40175505218549,8.356503668699805,8.371587753295898,129591,0.0,0.0
2025-12-10 00:00:00-05:00,8.40929866344759,8.891985109066791,8.40929866344759,8.778855323791504,1198626,0.0,0.0
2025-12-11 00:00:00-05:00,8.695893314636384,8.703435357995788,8.620473751345047,8.658183097839355,624360,0.0,0.0
2025-12-12 00:00:00-05:00,8.703434011622646,8.71851722570545,8.635555631888407,8.66572380065918,547525,0.0,0.0
2025-12-15 00:00:00-05:00,8.733600780787775,8.793937114672616,8.72605873905217,8.786395072937012,574387,0.0,0.0
2025-12-16 00:00:00-05:00,8.785641660916097,9.084303419319756,8.710976656466503,9.001341819763184,612590,0.0,1.1
2025-12-17 00:00:00-05:00,9.06771219596677,9.06771219596677,8.860307756748904,8.934972763061523,329670,0.0,0.0
2025-12-18 00:00:00-05:00,9.00134145814522,9.00134145814522,8.926676456695203,8.943268775939941,194590,0.0,0.0
2025-12-19 00:00:00-05:00,8.98475007708245,9.01793384552002,8.959861162876004,9.01793384552002,129250,0.0,0.0
2025-12-22 00:00:00-05:00,9.017935225778825,9.100896835327148,8.993046307762954,9.100896835327148,305140,0.0,0.0
2025-12-23 00:00:00-05:00,9.125784873962402,9.158969514583987,9.092600233340818,9.125784873962402,237270,0.0,0.0
2025-12-24 00:00:00-05:00,9.10919255365161,9.158969514583987,9.10919255365161,9.125784873962402,151030,0.0,0.0
2025-12-29 00:00:00-05:00,9.125784873962402,9.208746475516364,9.117488278655674,9.125784873962402,206470,0.0,0.0
2025-12-30 00:00:00-05:00,9.125784873962402,9.158969514583987,9.10919255365161,9.125784873962402,242440,0.0,0.0
2025-12-31 00:00:00-05:00,9.139211654663086,9.214742700567237,9.105642496569473,9.139211654663086,99660,0.114545,0.0
2026-01-02 00:00:00-05:00,9.114034652709961,9.147603808690956,9.105641923521217,9.114034652709961,249040,0.0,0.0
2026-01-05 00:00:00-05:00,9.11403549085965,9.197958388529898,9.11403549085965,9.189565658569336,257950,0.0,0.0
2026-01-06 00:00:00-05:00,9.214742354656979,9.273488819309055,9.206349625255106,9.239919662475586,264660,0.0,0.0
2026-01-07 00:00:00-05:00,9.239920058252574,9.239920058252574,9.206350019594174,9.231527328491211,119790,0.0,0.0
2026-01-08 00:00:00-05:00,9.239919284353089,9.315449443943985,9.19795739983494,9.265095710754395,133430,0.0,0.0
2026-01-09 00:00:00-05:00,9.265096928527047,9.332235248270932,9.265096928527047,9.315450668334961,271040,0.0,0.0
2026-01-12 00:00:00-05:00,9.290272517338774,9.298665246740647,9.214742354656979,9.239919662475586,211970,0.0,0.0
2026-01-13 00:00:00-05:00,9.290273787202599,9.323843829011683,9.214743614196777,9.214743614196777,225390,0.0,0.0
2026-01-14 00:00:00-05:00,9.231526114454224,9.23991884311186,9.063680345170864,9.088857650756836,428780,0.0,0.0
2026-01-15 00:00:00-05:00,9.09724955095557,9.22313433101263,9.09724955095557,9.181173324584961,138930,0.0,0.0
2026-01-16 00:00:00-05:00,9.231528369106577,9.265097531161977,9.214743788078877,9.248312950134277,128700,0.0,0.0
2026-01-19 00:00:00-05:00,9.231528404702784,9.231528404702784,9.105643606316054,9.155998229980469,343420,0.0,0.0
2026-01-20 00:00:00-05:00,9.06368170623065,9.17278191284148,9.004935237966263,9.097249984741211,563420,0.0,0.0
2026-01-21 00:00:00-05:00,9.088859439442164,9.197958770753603,9.088859439442164,9.164389610290527,182050,0.0,0.0
2026-01-22 00:00:00-05:00,9.189566302936747,9.248312775618727,9.189566302936747,9.214743614196777,116820,0.0,0.0
2026-01-23 00:00:00-05:00,9.231527842674536,9.231527842674536,9.122427632022399,9.147604942321777,220550,0.0,0.0
2026-01-26 00:00:00-05:00,9.147604649927748,9.206350238103386,9.147604649927748,9.189565658569336,129030,0.0,0.0
2026-01-27 00:00:00-05:00,9.2063513665897,9.231528679170468,9.197959515987565,9.223135948181152,181720,0.0,0.0
2026-01-28 00:00:00-05:00,9.223135638399151,9.265097531161977,9.189566476343751,9.248312950134277,201960,0.0,0.0
2026-01-29 00:00:00-05:00,9.231528542045375,9.281882286071777,9.197959379361107,9.281882286071777,253330,0.0,0.0
2026-01-30 00:00:00-05:00,9.30395205282573,9.329418605226099,9.185106063715295,9.295462608337402,281160,0.114545,0.0
2026-02-02 00:00:00-05:00,9.26150808857275,9.312441196599412,9.227551199001034,9.269996643066406,192940,0.0,0.0
2026-02-03 00:00:00-05:00,9.253018543042264,9.32093054038332,9.244529098108456,9.261507987976074,131340,0.0,0.0
2026-02-04 00:00:00-05:00,9.30395195150653,9.329418503629569,9.253017956728153,9.28697395324707,162360,0.0,0.0
2026-02-05 00:00:00-05:00,9.253019264625994,9.295463821007957,8.718211798592801,8.87950325012207,583880,0.0,0.0
2026-02-06 00:00:00-05:00,8.913458556336991,9.286974541712793,8.862523667798845,9.261507987976074,344740,0.0,0.0
2026-02-09 00:00:00-05:00,9.303951958953574,9.371863952045768,9.210572523185657,9.346397399902344,250910,0.0,0.0
2026-02-10 00:00:00-05:00,9.35488631477913,9.363375759509411,9.261507765940019,9.312440872192383,214720,0.0,0.0
2026-02-11 00:00:00-05:00,9.36337565797264,9.36337565797264,9.236040222125563,9.30395221710205,222310,0.0,0.0
2026-02-12 00:00:00-05:00,9.329418010293956,9.329418010293956,9.10021549117754,9.134171485900879,290070,0.0,0.0
2026-02-13 00:00:00-05:00,9.16812790445137,9.16812790445137,9.006837367325442,9.100215911865234,212190,0.0,0.0
2026-02-17 00:00:00-05:00,9.13417218047757,9.18510617643568,9.08323818451946,9.176617622375488,137280,0.0,0.0
2026-02-18 00:00:00-05:00,9.210572242736816,9.253017682393184,9.151149695856628,9.210572242736816,109670,0.0,0.0
2026-02-19 00:00:00-05:00,9.202082162569551,9.227549602709585,9.151149063353904,9.168127059936523,211310,0.0,0.0
2026-02-20 00:00:00-05:00,9.159638047261325,9.202082595448418,9.142660049880037,9.193594932556152,69960,0.0,0.0
2026-02-23 00:00:00-05:00,9.091729164123535,9.176619171719544,9.091729164123535,9.091729164123535,356950,0.0,0.0
2026-02-24 00:00:00-05:00,9.125684113130204,9.125684113130204,9.015326659966364,9.083239555358887,215380,0.0,0.0
2026-02-25 00:00:00-05:00,9.066259760475404,9.168127747611951,9.04079231842513,9.15114974975586,171710,0.0,0.0
2026-02-26 00:00:00-05:00,9.193595307785579,9.278485298156738,9.168127865408087,9.278485298156738,362780,0.0,0.0
2026-02-27 00:00:00-05:00,9.275050512277135,9.335166071560398,9.120465586307468,9.180582046508789,294360,0.114545,0.0
2026-03-02 00:00:00-05:00,9.017408961428524,9.103288960973758,8.957292511287909,9.060348510742188,249590,0.0,0.0
2026-03-03 00:00:00-05:00,8.965880191482997,8.965880191482997,8.656712188613282,8.828473091125488,512710,0.0,0.0
2026-03-04 00:00:00-05:00,8.905764603039632,8.905764603039632,8.845648152281507,8.854236602783203,147620,0.0,0.0
2026-03-05 00:00:00-05:00,8.845648541292665,8.8628245421335,8.622360530361783,8.656712532043457,397100,0.0,0.0
2026-03-06 00:00:00-05:00,8.605184508146534,8.605184508146534,7.840852022168834,8.05555248260498,954580,0.0,0.0
2026-03-09 00:00:00-04:00,7.471568294259098,7.832264346730844,7.213928256779279,7.737796783447266,1246190,0.0,0.0
2026-03-10 00:00:00-04:00,7.900968944789002,8.476365521779314,7.883793841930061,8.304605484008789,589710,0.0,0.0
2026-03-11 00:00:00-04:00,8.364721046769418,8.519305981681,8.192961008998893,8.304605484008789,298430,0.0,0.0
2026-03-12 00:00:00-04:00,8.098492198586316,8.175783753288572,7.892379283905029,7.892379283905029,335830,0.0,0.0
2026-03-13 00:00:00-04:00,8.00402442965958,8.081316891922079,7.909556865692139,7.909556865692139,186230,0.0,0.0
2026-03-16 00:00:00-04:00,7.961083323879443,8.296015760289862,7.961083323879443,8.244487762451172,286220,0.0,0.0
2026-03-17 00:00:00-04:00,8.30460359173819,8.493539590235184,8.30460359173819,8.330368041992188,230340,0.0,0.0
2026-03-18 00:00:00-04:00,8.356132492246184,8.381896041582277,8.278839141484193,8.330368041992188,308990,0.0,0.0
2026-03-19 00:00:00-04:00,8.278838536453577,8.278838536453577,8.098491001527302,8.184370994567871,217360,0.0,0.0
2026-03-20 00:00:00-04:00,8.158609079994632,8.201548634650004,8.012612612146725,8.098492622375488,187990,0.0,0.0
2026-03-23 00:00:00-04:00,8.244489921248162,8.330369940133423,8.132845446238266,8.304605484008789,145200,0.0,0.0
2026-03-24 00:00:00-04:00,8.192959142167378,8.330368041992188,8.192959142167378,8.330368041992188,163570,0.0,0.0
2026-03-25 00:00:00-04:00,8.373308521311598,8.442013429314802,8.321780515997698,8.38189697265625,353980,0.0,0.0
2026-03-26 00:00:00-04:00,8.304605484008789,8.373309499117,8.278841027884155,8.304605484008789,80850,0.0,0.0
2026-03-27 00:00:00-04:00,8.296015398271303,8.296015398271303,8.210135405621086,8.287426948547363,301950,0.0,0.0
2026-03-30 00:00:00-04:00,8.313192367553711,8.338956818816273,8.227312364875072,8.313192367553711,278740,0.0,0.0
2026-03-31 00:00:00-04:00,8.361920168675633,8.46633529663086,8.292309170572711,8.46633529663086,168740,0.114545,0.0
2026-04-01 00:00:00-04:00,8.553347595191694,8.553347595191694,8.457633274947057,8.492438316345215,287760,0.0,0.0
2026-04-02 00:00:00-04:00,8.30971109514603,8.535944768935074,8.28360685863215,8.51854133605957,268180,0.0,0.0
2026-04-06 00:00:00-04:00,8.562049237175756,8.675165176391602,8.518542474770012,8.675165176391602,152570,0.0,0.0
2026-04-07 00:00:00-04:00,8.614255596296841,8.71867071606778,8.588151359954422,8.701268196105957,205260,0.0,0.0
2026-04-08 00:00:00-04:00,9.040617291520071,9.101526564415867,8.96230549962538,9.014513969421387,319990,0.0,0.0
2026-04-09 00:00:00-04:00,9.023214559573896,9.232045695431566,9.005812040985697,9.179837226867676,181060,0.0,0.0
2026-04-10 00:00:00-04:00,9.171135341616436,9.292953882280916,9.136331217882802,9.284252166748047,225940,0.0,0.0
2026-04-13 00:00:00-04:00,9.145034024308062,9.301656723022461,9.110228980149305,9.301656723022461,247500,0.0,0.0
2026-04-14 00:00:00-04:00,9.284253497099686,9.414772859200026,9.284253497099686,9.397370338439941,126500,0.0,0.0
2026-04-15 00:00:00-04:00,9.432174682617188,9.484383158889436,9.414773074259013,9.432174682617188,176110,0.0,0.0
2026-04-16 00:00:00-04:00,9.475680959846043,9.501785196654144,9.36256503447597,9.423474311828613,133540,0.0,0.0
2026-04-17 00:00:00-04:00,9.484382629394531,9.571395230324812,9.4408758725297,9.484382629394531,336270,0.0,0.0
2026-04-20 00:00:00-04:00,9.458278392715757,9.484382629394531,9.432174156036982,9.484382629394531,128920,0.0,0.0
2026-04-21 00:00:00-04:00,9.510486611139092,9.54529073777888,9.362564737123055,9.388668060302734,192280,0.0,0.0
2026-04-22 00:00:00-04:00,9.466980372740807,9.493084610146246,9.423474527464284,9.45827865600586,79970,0.0,0.0
2026-04-23 00:00:00-04:00,9.484382629394531,9.527888473459981,9.397370028464248,9.484382629394531,177650,0.0,0.0
2026-04-24 00:00:00-04:00,9.501785149580588,9.545290993646038,9.449577589022418,9.484382629394531,142010,0.0,0.0
2026-04-27 00:00:00-04:00,9.501784153780156,9.545289993286133,9.484381635417908,9.545289993286133,153230,0.0,0.0
2026-04-28 00:00:00-04:00,9.536590137836866,9.623602738291638,9.527888421391701,9.606200218200684,235950,0.0,0.0
2026-04-29 00:00:00-04:00,9.606199829584158,9.6323031522649,9.55399227142334,9.55399227142334,234850,0.0,0.0
2026-04-30 00:00:00-04:00,9.612087885845003,9.620890617370605,9.568076075008456,9.620890617370605,96140,0.114545,0.0
2026-05-01 00:00:00-04:00,9.620890008412617,9.656098162099314,9.532867315706689,9.58568000793457,146520,0.0,0.0
2026-05-04 00:00:00-04:00,9.58568012451079,9.594482855586273,9.480052891979089,9.532867431640625,145420,0.0,0.0
2026-05-05 00:00:00-04:00,9.532867315706689,9.594482738903,9.480052776687456,9.58568000793457,83050,0.0,0.0
2026-05-06 00:00:00-04:00,9.603286334719693,9.682506303591547,9.603286334719693,9.638494491577148,172920,0.0,0.0
2026-05-07 00:00:00-04:00,9.638494263124805,9.673703342543492,9.594483375549316,9.594483375549316,145090,0.0,0.0
2026-05-08 00:00:00-04:00,9.638494491577148,9.664901763464938,9.6208908748463,9.638494491577148,112310,0.0,0.0
2026-05-11 00:00:00-04:00,9.620889980698934,9.673702672774684,9.585679980322311,9.61208724975586,86900,0.0,0.0
2026-05-12 00:00:00-04:00,9.612087826424293,9.647296905517578,9.576878747331007,9.647296905517578,118910,0.0,0.0
2026-05-13 00:00:00-04:00,9.902562634359946,10.210642520817505,9.902562634359946,9.990585327148438,1258510,0.0,0.0
2026-05-14 00:00:00-04:00,10.03459687143412,10.201840460423268,10.03459687143412,10.175434112548828,727320,0.0,0.0
2026-05-15 00:00:00-04:00,10.184235544341957,10.21064281463623,10.11381738808483,10.21064281463623,398310,0.0,0.0
2026-05-19 00:00:00-04:00,10.302186330216763,10.408693559801586,10.176313646127959,10.263456344604492,451700,0.0,1.1
2026-05-20 00:00:00-04:00,10.244091348248219,10.331234050622045,10.234408620563185,10.321551322937012,131200,0.0,0.0
2026-05-21 00:00:00-04:00,10.32155107630084,10.40869377659237,10.31186834884718,10.350598335266113,164000,0.0,0.0
2026-05-22 00:00:00-04:00,10.389328002929688,10.418376184399445,10.35059801769903,10.389328002929688,89900,0.0,0.0
2026-05-25 00:00:00-04:00,10.408693488206522,10.553930702404616,10.408693488206522,10.505518913269043,223900,0.0,0.0
2026-05-26 00:00:00-04:00,10.573297263271032,10.573297263271032,10.457107295074136,10.486154556274414,209300,0.0,0.0
2026-05-27 00:00:00-04:00,10.486153530682895,10.553930774653228,10.418376286712563,10.49583625793457,248400,0.0,0.0
2026-05-28 00:00:00-04:00,10.515200221574846,10.534565675033111,10.428058451199586,10.447422981262207,382400,0.0,0.0
2026-05-29 00:00:00-04:00,10.482692925031019,10.521880525460242,10.384724391111009,10.433708190917969,174900,0.126,0.0
2026-06-01 00:00:00-04:00,10.423912331967452,10.443505665668903,10.306349526840384,10.35533332824707,262600,0.0,0.0
2026-06-02 00:00:00-04:00,10.37492640121789,10.423911131288389,10.345535936897996,10.414113998413086,198000,0.0,0.0
2026-06-03 00:00:00-04:00,10.443505494492435,10.453302628335639,10.365130292359014,10.39452075958252,90600,0.0,0.0
2026-06-04 00:00:00-04:00,10.384724057020769,10.541474453694793,10.384724057020769,10.512083053588867,166900,0.0,0.0
2026-06-05 00:00:00-04:00,10.482692755779064,10.541474622626861,10.414114689711699,10.472895622253418,148600,0.0,0.0
2026-06-08 00:00:00-04:00,10.443505081784172,10.541474547732427,10.443505081784172,10.4924898147583,81900,0.0,0.0
2026-06-09 00:00:00-04:00,10.472895417476956,10.570864882205662,10.433707818446685,10.521880149841309,120500,0.0,0.0
2026-06-10 00:00:00-04:00,10.53167724609375,10.561067711686455,10.463099181608753,10.53167724609375,162900,0.0,0.0
2026-06-11 00:00:00-04:00,10.502286577412638,10.600255105595872,10.502286577412638,10.58066177368164,269000,0.0,0.0
2026-06-12 00:00:00-04:00,10.639443024408617,10.727615356445312,10.610052558498408,10.727615356445312,326300,0.0,0.0
2026-06-15 00:00:00-04:00,10.776600667623853,10.903960605812506,10.776600667623853,10.815788269042969,271000,0.0,0.0
2026-06-16 00:00:00-04:00,10.874569134107254,11.050912857055664,10.85497486805408,11.050912857055664,237300,0.0,0.0
2026-06-17 00:00:00-04:00,11.070507297970583,11.364414753268324,11.070507297970583,11.237054824829102,186700,0.0,0.0
2026-06-18 00:00:00-04:00,11.403602303150743,11.481977499655748,11.29583570722683,11.472180366516113,180000,0.0,0.0
2026-06-19 00:00:00-04:00,11.560352943602096,11.68771287422529,11.55055581025276,11.638728141784668,128300,0.0,0.0
2026-06-22 00:00:00-04:00,11.628930915109153,11.697508979392026,11.57994618306165,11.658321380615234,173800,0.0,0.0
2026-06-23 00:00:00-04:00,11.638728104718973,11.668118570367325,11.54075864014973,11.64852523803711,205300,0.0,0.0
2026-06-24 00:00:00-04:00,11.609337546042003,11.697508942280512,11.579946146323115,11.668118476867676,130900,0.0,0.0
2026-06-25 00:00:00-04:00,11.668118346865306,11.707305945081156,11.638727881779928,11.697508811950684,157700,0.0,0.0
2026-06-26 00:00:00-04:00,11.668118108033621,11.805275166134683,11.658320975103683,11.756290435791016,232000,0.0,0.0
2026-06-29 00:00:00-04:00,11.756290979423493,11.854260444641113,11.756290979423493,11.854260444641113,236100,0.0,0.0
2026-06-30 00:00:00-04:00,11.850299968472287,11.899800156063847,11.790899554534903,11.840399742126465,107900,0.126,0.0
2026-07-02 00:00:00-04:00,11.820600101294636,11.909700256251492,11.77110085444093,11.781000137329102,203500,0.0,0.0
2026-07-03 00:00:00-04:00,11.800800056600451,11.939400396267638,11.790899830023315,11.889900207519531,186700,0.0,0.0
2026-07-06 00:00:00-04:00,11.92949990716634,12.117599487304688,11.919599680807073,12.117599487304688,178300,0.0,0.0
2026-07-07 00:00:00-04:00,12.077999943065251,12.266100473836365,12.077999943065251,12.226500511169434,167700,0.0,0.0
2026-07-08 00:00:00-04:00,12.177000033589213,12.177000033589213,11.919599810277658,11.969099998474121,187800,0.0,0.0
2026-07-09 00:00:00-04:00,12.008700507342676,12.236400061628235,12.008700507342676,12.206700325012207,170100,0.0,0.0
2026-07-10 00:00:00-04:00,12.177000459883793,12.44429997488226,12.177000459883793,12.424500465393066,144200,0.0,0.0
2026-07-13 00:00:00-04:00,12.414599694779136,12.474000108919968,12.355199280638303,12.394800186157227,144200,0.0,0.0
2026-07-14 00:00:00-04:00,12.374999748542908,12.69179943998159,12.374999748542908,12.67199993133545,160800,0.0,0.0
2026-07-15 00:00:00-04:00,12.711600573957666,12.969000809114,12.711600573957666,12.899700164794922,218900,0.0,0.0
2026-07-16 00:00:00-04:00,12.869999752235271,13.0482000509287,12.830399790763126,12.879899978637695,155900,0.0,0.0
2026-07-17 00:00:00-04:00,12.771000051831324,12.870000432815717,12.701700351624812,12.761100769042969,314900,0.0,0.0
2026-07-20 00:00:00-04:00,12.810599731141762,12.870000147241877,12.493800029641374,12.503700256347656,238200,0.0,0.0
2026-07-21 00:00:00-04:00,12.572999688067226,12.7016998001036,12.563099461571143,12.662099838256836,114000,0.0,0.0
2026-07-22 00:00:00-04:00,12.672000614984535,12.771000051831324,12.662100388058574,12.761100769042969,124900,0.0,0.0
2026-07-23 00:00:00-04:00,12.7016998001036,12.711600026599683,12.543299952716543,12.662099838256836,220900,0.0,0.0
2026-07-24 00:00:00-04:00,12.662100380869262,12.751200534877107,12.662100380869262,12.691800117492676,148800,0.0,0.0
2026-07-27 00:00:00-04:00,12.790800636895387,12.889801018895357,12.75120067292292,12.820500373840332,208900,0.0,0.0
2026-07-28 00:00:00-04:00,12.830400333176597,12.860100069501891,12.711600443737819,12.840300559997559,173500,0.0,0.0
2026-07-29 00:00:00-04:00,12.780899545439175,12.790799771797099,11.79089956894799,12.048299789428711,535800,0.0,0.0
2026-07-30 00:00:00-04:00,12.236400202705715,12.523500177671005,12.236400202705715,12.474000930786133,243400,0.0,0.0
2026-07-31 00:00:00-04:00,12.489999771118164,12.630000114440918,12.489999771118164,12.520000457763672,84900,0.126,0.0
2026-08-04 00:00:00-04:00,12.75,12.850000381469727,12.550000190734863,12.770000457763672,177100,0.0,0.0
2026-08-05 00:00:00-04:00,12.699999809265137,12.800000190734863,12.609999656677246,12.710000038146973,114700,0.0,0.0
2026-08-06 00:00:00-04:00,12.680000305175781,12.699999809265137,12.5600004196167,12.600000381469727,112000,0.0,0.0
2026-08-07 00:00:00-04:00,12.600000381469727,12.600000381469727,12.350000381469727,12.449999809265137,276000,0.0,0.0
2026-08-10 00:00:00-04:00,12.420000076293945,12.489999771118164,12.300000190734863,12.420000076293945,134000,0.0,0.0
