Date,Open,High,Low,Close,Volume,Dividends,Stock Splits
2016-08-15 00:00:00-04:00,0.9628093838691711,0.9628093838691711,0.9577417083661388,0.9628093838691711,6742,0.0,0.0
2016-08-16 00:00:00-04:00,0.9628089112939833,0.9628089112939833,0.9501402378082275,0.9501402378082275,2298,0.0,0.0
2016-08-17 00:00:00-04:00,0.9476065752928344,0.9476065752928344,0.9400054812431335,0.9400054812431335,15781,0.0,0.0
2016-08-18 00:00:00-04:00,0.9400055800253739,0.9400055800253739,0.9324045777320862,0.9324045777320862,15322,0.0,0.0
2016-08-19 00:00:00-04:00,0.9298706891768657,0.9400054812431335,0.9298706891768657,0.9400054812431335,39223,0.0,0.0
2016-08-22 00:00:00-04:00,0.9425393708633877,0.94507325425659,0.9324045777320862,0.9324045777320862,12564,0.0,0.0
2016-08-23 00:00:00-04:00,0.9450731549418036,0.9450731549418036,0.9400054812431335,0.9400054812431335,2451,0.0,0.0
2016-08-24 00:00:00-04:00,0.9476063687314379,0.9552077387897109,0.9450729489326476,0.9450729489326477,29571,0.0,0.0
2016-08-25 00:00:00-04:00,0.9501407041652544,0.9628093838691711,0.9450734914382805,0.9628093838691711,46578,0.0,0.0
2016-08-26 00:00:00-04:00,0.9881460957689235,0.9957471911040092,0.9780113019888091,0.9906799793243408,14862,0.0,0.0
2016-08-29 00:00:00-04:00,0.990679575223148,1.0109492470705106,0.9856119027346267,1.005881667137146,6129,0.0,0.0
2016-08-30 00:00:00-04:00,1.0084154147516917,1.0388199675233623,1.0084154147516917,1.0236175060272217,73390,0.0,0.0
2016-08-31 00:00:00-04:00,1.0261516037122835,1.0261516037122835,1.013482928276062,1.013482928276062,12257,0.0,0.0
2016-09-01 00:00:00-04:00,0.9982805848121643,0.9982805848121643,0.990679585057291,0.9982805848121643,4903,0.0,0.0
2016-09-02 00:00:00-04:00,1.0134828662189015,1.0388202155398982,1.0134828662189015,1.0286853313446045,2298,0.0,0.0
2016-09-06 00:00:00-04:00,1.0109494924545288,1.0109494924545288,1.0109494924545288,1.0109494924545288,153,0.0,0.0
2016-09-07 00:00:00-04:00,1.0109494924545288,1.0109494924545288,1.0109494924545288,1.0109494924545288,0,0.0,0.0
2016-09-08 00:00:00-04:00,0.9957467849358863,1.0084154571038282,0.9932133651898303,1.005881667137146,9040,0.0,0.0
2016-09-09 00:00:00-04:00,1.0058817263849085,1.0261513994261817,1.0008144238185428,1.021084189414978,47803,0.0,0.0
2016-09-12 00:00:00-04:00,0.9957468509674072,0.9957468509674072,0.9932134310533511,0.9957468509674072,15015,0.0,0.0
2016-09-13 00:00:00-04:00,0.9932139560039784,0.9932139560039784,0.9476069126913441,0.9628093838691711,24668,0.0,0.0
2016-09-14 00:00:00-04:00,0.9704104046573268,0.9729442887297605,0.9678766131401062,0.9678766131401062,16854,0.0,0.0
2016-09-15 00:00:00-04:00,0.9729437506501399,1.021084189414978,0.9729437506501399,1.021084189414978,49489,0.0,0.0
2016-09-16 00:00:00-04:00,1.0058818408194652,1.0261515161667263,1.0058818408194652,1.0185505151748657,29877,0.0,0.0
2016-09-19 00:00:00-04:00,1.0261517723186582,1.0514887571334839,1.0261517723186582,1.0514887571334839,31409,0.0,0.0
2016-09-20 00:00:00-04:00,1.054022222174663,1.089493989944458,1.048955011889312,1.089493989944458,8580,0.0,0.0
2016-09-21 00:00:00-04:00,1.079359306096267,1.1274997522353754,1.079359306096267,1.1148314476013184,90551,0.0,0.0
2016-09-22 00:00:00-04:00,1.1275000088012803,1.1579045762168632,1.1275000088012803,1.1477696895599365,51634,0.0,0.0
2016-09-23 00:00:00-04:00,1.1452357124583172,1.1452357124583172,1.1122973699602805,1.1274994611740112,26660,0.0,0.0
2016-09-26 00:00:00-04:00,1.114831485928656,1.114831485928656,1.064157247543335,1.064157247543335,30184,0.0,0.0
2016-09-27 00:00:00-04:00,1.056555870731332,1.0692245426318636,1.054022080818133,1.0590896606445312,21910,0.0,0.0
2016-09-28 00:00:00-04:00,1.089493989944458,1.1021626635440045,1.079359199153088,1.089493989944458,8733,0.0,0.0
2016-09-29 00:00:00-04:00,1.109763503074646,1.109763503074646,1.109763503074646,1.109763503074646,306,0.0,0.0
2016-09-30 00:00:00-04:00,1.109763503074646,1.109763503074646,1.109763503074646,1.109763503074646,766,0.0,0.0
2016-10-03 00:00:00-04:00,1.1122976570972603,1.1148314476013184,1.0894940978917944,1.1148314476013184,4750,0.0,0.0
2016-10-04 00:00:00-04:00,1.1148314476013184,1.1148314476013184,1.1148314476013184,1.1148314476013184,0,0.0,0.0
2016-10-05 00:00:00-04:00,1.127499760473127,1.1883088819112817,1.127499760473127,1.1705729961395264,61593,0.0,0.0
2016-10-06 00:00:00-04:00,1.1731070272434625,1.1807080301492838,1.1427024602890015,1.1427024602890015,18386,0.0,0.0
2016-10-07 00:00:00-04:00,1.1781740719403837,1.1908427476882935,1.1731068607957316,1.1908427476882935,12104,0.0,0.0
2016-10-11 00:00:00-04:00,1.1883083702478363,1.2263139159494378,1.1883083702478363,1.213645339012146,37538,0.0,0.0
2016-10-12 00:00:00-04:00,1.2491182231279359,1.27952241897583,1.2491182231279359,1.27952241897583,19918,0.0,0.0
2016-10-13 00:00:00-04:00,1.2617866307273564,1.2744553089141846,1.2288486412838469,1.2744553089141846,16241,0.0,0.0
2016-10-14 00:00:00-04:00,1.276989173795197,1.29725885644269,1.2491183948630966,1.2668542861938477,83962,0.0,0.0
2016-10-17 00:00:00-04:00,1.2668542861938477,1.2668542861938477,1.2491183948630966,1.2668542861938477,16241,0.0,0.0
2016-10-18 00:00:00-04:00,1.2668541112148592,1.307393193244934,1.2668541112148592,1.307393193244934,29417,0.0,0.0
2016-10-19 00:00:00-04:00,1.3099263331374726,1.3251287937164307,1.3073925434300728,1.3251287937164307,17313,0.0,0.0
2016-10-20 00:00:00-04:00,1.3301961421966553,1.3301961421966553,1.3048592605762275,1.3301961421966553,22676,0.0,0.0
2016-10-21 00:00:00-04:00,1.335264110140351,1.3986066521497622,1.335264110140351,1.3935390710830688,58222,0.0,0.0
2016-10-24 00:00:00-04:00,1.4188767436922074,1.4188767436922074,1.3935394788313238,1.4062081575393677,15015,0.0,0.0
2016-10-25 00:00:00-04:00,1.413808747463601,1.413808747463601,1.3606010899220446,1.3935390710830688,16854,0.0,0.0
2016-10-26 00:00:00-04:00,1.3808708246766133,1.4315446938269771,1.3580672642435745,1.4112753868103027,40143,0.0,0.0
2016-10-27 00:00:00-04:00,1.4112757400888305,1.416342952417476,1.3960732701060552,1.4062081575393677,9193,0.0,0.0
2016-10-28 00:00:00-04:00,1.3682017885703457,1.3682017885703457,1.3301961421966553,1.3301961421966553,40296,0.0,0.0
2016-10-31 00:00:00-04:00,1.3403311266727653,1.3606008926698794,1.337797336506753,1.34793221950531,27885,0.0,0.0
2016-11-01 00:00:00-04:00,1.3453985238792598,1.3453985238792598,1.3377975225448608,1.3377975225448608,3524,0.0,0.0
2016-11-02 00:00:00-04:00,1.3301964286552852,1.3377975225448608,1.3276626381369165,1.3377975225448608,8427,0.0,0.0
2016-11-03 00:00:00-04:00,1.3200614675964437,1.3403311412589798,1.3200614675964437,1.327662467956543,2298,0.0,0.0
2016-11-04 00:00:00-04:00,1.3124608483996554,1.3276629471620511,1.2972587496372596,1.2997921705245972,6742,0.0,0.0
2016-11-07 00:00:00-05:00,1.3403313189142352,1.3529999938958512,1.3301964344620485,1.3428651094436646,29111,0.0,0.0
2016-11-08 00:00:00-05:00,1.3327301296356526,1.3555332230784007,1.3327301296356526,1.350466012954712,26813,0.0,0.0
2016-11-09 00:00:00-05:00,1.3175273588235252,1.4087410070821398,1.3175273588235252,1.388471245765686,104800,0.0,0.0
2016-11-10 00:00:00-05:00,1.4366124629660786,1.5404944615745675,1.4366124629660786,1.520224690437317,134524,0.0,0.0
2016-11-11 00:00:00-05:00,1.5455607324005205,1.5962350368499756,1.525291436374341,1.5962350368499756,50714,0.0,0.0
2016-11-14 00:00:00-05:00,1.6317072284850231,1.6849153364731306,1.6215722538104584,1.669712781906128,99897,0.0,0.0
2016-11-15 00:00:00-05:00,1.6595778687835154,1.6595778687835154,1.5886341620053106,1.646909475326538,68794,0.0,0.0
2016-11-16 00:00:00-05:00,1.6317069085797684,1.6469092750559506,1.5937013626098633,1.5937013626098633,18386,0.0,0.0
2016-11-17 00:00:00-05:00,1.6443761092163551,1.6469098996267202,1.6215725508541063,1.624106526374817,15322,0.0,0.0
2016-11-18 00:00:00-05:00,1.6418431727838099,1.6621129512786865,1.639309751276418,1.6621129512786865,30643,0.0,0.0
2016-11-21 00:00:00-05:00,1.677314286339547,1.7051850524328662,1.6722467060404649,1.7026512622833252,62665,0.0,0.0
2016-11-22 00:00:00-05:00,1.7279879131738498,1.740656676428097,1.7077181511214625,1.7381227016448975,55005,0.0,0.0
2016-11-23 00:00:00-05:00,1.7457238686657297,1.824268756221968,1.7355888951824328,1.7811959981918335,98978,0.0,0.0
2016-11-24 00:00:00-05:00,1.773594856262207,1.816667990026171,1.771061436510119,1.773594856262207,41522,0.0,0.0
2016-11-25 00:00:00-05:00,1.773594990060831,1.8065333366394045,1.73558924826486,1.8065333366394043,27885,0.0,0.0
2016-11-28 00:00:00-05:00,1.796398954927318,1.796398954927318,1.7203878164291382,1.7203878164291382,42594,0.0,0.0
2016-11-29 00:00:00-05:00,1.7457243138306207,1.7457243138306207,1.702651359706465,1.7178535461425781,36006,0.0,0.0
2016-11-30 00:00:00-05:00,1.7634610693755712,1.7710622577078865,1.740657689489025,1.7431914806365967,11798,0.0,0.0
2016-12-01 00:00:00-05:00,1.7735953544600516,1.8116009189542392,1.755859375,1.755859375,20225,0.0,0.0
2016-12-02 00:00:00-05:00,1.7609267915894882,1.7609267915894882,1.7051852528512852,1.7153202295303345,23902,0.0,0.0
2016-12-05 00:00:00-05:00,1.7229215084491651,1.7533260731679352,1.7229215084491651,1.7279887199401855,7814,0.0,0.0
2016-12-06 00:00:00-05:00,1.7127869368395374,1.7254555225372317,1.6975843748477417,1.7254555225372314,16088,0.0,0.0
2016-12-07 00:00:00-05:00,1.722921488771338,1.7482584714889526,1.717853907117439,1.7482584714889526,24055,0.0,0.0
2016-12-08 00:00:00-05:00,1.7583926717568563,1.7761286462349224,1.7254546978837533,1.773594856262207,34780,0.0,0.0
2016-12-09 00:00:00-05:00,1.7558590142447768,1.8065333366394045,1.7558590142447768,1.8065333366394043,28498,0.0,0.0
2016-12-12 00:00:00-05:00,1.8065332003559373,1.8065332003559373,1.773594856262207,1.773594856262207,16701,0.0,0.0
2016-12-13 00:00:00-05:00,1.7761290556659681,1.7989326153461127,1.7761290556659681,1.796398639678955,29417,0.0,0.0
2016-12-14 00:00:00-05:00,1.7862641851200893,1.7862641851200893,1.7533261974317667,1.7609272003173828,28498,0.0,0.0
2016-12-15 00:00:00-05:00,1.7989325708410526,1.824269365120105,1.7989325708410526,1.8039997816085815,55771,0.0,0.0
2016-12-16 00:00:00-05:00,1.7963987324869002,1.7989327082849715,1.783730149269104,1.783730149269104,27579,0.0,0.0
2016-12-19 00:00:00-05:00,1.7989323509019721,1.7989323509019721,1.7735950043896314,1.7862635850906372,14709,0.0,0.0
2016-12-20 00:00:00-05:00,1.7963978176120907,1.8242685754309202,1.773594453477569,1.8217347860336304,56843,0.0,0.0
2016-12-21 00:00:00-05:00,1.8141348336050904,1.8141348336050904,1.7989328289010462,1.8116010427474976,16394,0.0,0.0
2016-12-22 00:00:00-05:00,1.8014664059029142,1.8065336167958046,1.7862638476724615,1.796398639678955,13023,0.0,0.0
2016-12-23 00:00:00-05:00,1.7862634561969735,1.8090670108795166,1.7735948764101104,1.8090670108795166,44586,0.0,0.0
2016-12-28 00:00:00-05:00,1.8282726380219778,1.8282726380219778,1.77193933940395,1.7744996547698975,17773,0.048951,0.0
2016-12-29 00:00:00-05:00,1.7873028606336834,1.7873028606336834,1.7207271731659153,1.7412121295928955,27119,0.0,0.0
2016-12-30 00:00:00-05:00,1.741211645883709,1.7463326497234384,1.7079236243217293,1.7284085750579834,25587,0.0,0.0
2017-01-03 00:00:00-05:00,1.7821810245513916,1.80522628579075,1.7335296264842968,1.7821810245513916,44279,0.0,0.0
2017-01-04 00:00:00-05:00,1.782181076711093,1.8410746693273368,1.782181076711093,1.8333929777145386,69866,0.0,0.0
2017-01-05 00:00:00-05:00,1.8385140318144064,1.8385140318144064,1.805226021398601,1.8231502771377563,32022,0.0,0.0
2017-01-06 00:00:00-05:00,1.8385145589332517,1.8385145589332517,1.823150799851672,1.8257114887237549,7967,0.0,0.0
2017-01-09 00:00:00-05:00,1.8308325106471754,1.8410748920871356,1.7796206034473745,1.7924234867095947,38917,0.0,0.0
2017-01-10 00:00:00-05:00,1.7924229548598611,1.8231502771377563,1.7924229548598611,1.8231502771377563,10112,0.0,0.0
2017-01-11 00:00:00-05:00,1.805226302149227,1.8436353206634521,1.7924232336193406,1.8436353206634521,29724,0.0,0.0
2017-01-12 00:00:00-05:00,1.8103476762771606,1.8103476762771606,1.8052262992131884,1.8103476762771606,10265,0.0,0.0
2017-01-13 00:00:00-05:00,1.818030045018465,1.8692417716373495,1.818030045018465,1.866681456565857,39223,0.0,0.0
2017-01-16 00:00:00-05:00,1.8436350713456255,1.8436350713456255,1.8308320045471191,1.8308320045471191,10112,0.0,0.0
2017-01-17 00:00:00-05:00,1.8282719254289999,1.8282719254289999,1.7975445985794067,1.7975445985794067,15628,0.0,0.0
2017-01-18 00:00:00-05:00,1.8001052141189575,1.8077869052133526,1.797544525703876,1.8001052141189575,12410,0.0,0.0
2017-01-19 00:00:00-05:00,1.8077876114506677,1.8231511867168766,1.8052269220352173,1.8052269220352173,23289,0.0,0.0
2017-01-20 00:00:00-05:00,1.8205902106397664,1.8436352845612507,1.8205902106397664,1.8359535932540894,19152,0.0,0.0
2017-01-23 00:00:00-05:00,1.8410759247507615,1.8410759247507615,1.818030834197998,1.818030834197998,2911,0.0,0.0
2017-01-24 00:00:00-05:00,1.8180295577545469,1.8436353206634521,1.8180295577545469,1.8436353206634521,5516,0.0,0.0
2017-01-25 00:00:00-05:00,1.8513170943525548,1.8922867990827317,1.8513170943525548,1.8718018531799316,41675,0.0,0.0
2017-01-26 00:00:00-05:00,1.8820449910197177,1.8922873735427856,1.8820449910197177,1.8922873735427856,11185,0.0,0.0
2017-01-27 00:00:00-05:00,1.9039280574210589,1.9039280574210589,1.8625380992889407,1.8625380992889404,10419,0.048951,0.0
2017-01-30 00:00:00-05:00,1.849604584454853,1.849604584454853,1.7849332421892266,1.7901071310043335,65117,0.0,0.0
2017-01-31 00:00:00-05:00,1.7823457587760552,1.7978670425403267,1.771998173268693,1.7952800989151,18692,0.0,0.0
2017-02-01 00:00:00-05:00,1.8237351992594109,1.831495650724343,1.7849323749542236,1.7849323749542236,34627,0.0,0.0
2017-02-02 00:00:00-05:00,1.8056267602499434,1.8108004564003306,1.7719974517822266,1.7719974517822266,11491,0.0,0.0
2017-02-03 00:00:00-05:00,1.7978667127204557,1.7978667127204557,1.7849323749542236,1.7849323749542236,6282,0.0,0.0
2017-02-06 00:00:00-05:00,1.7926936149597168,1.7926936149597168,1.7926936149597168,1.7926936149597168,2758,0.0,0.0
2017-02-07 00:00:00-05:00,1.8108008685346233,1.8108008685346233,1.7952797765508952,1.8004536628723145,27119,0.0,0.0
2017-02-08 00:00:00-05:00,1.797867017777885,1.8108011687452414,1.779759168624878,1.779759168624878,5822,0.0,0.0
2017-02-09 00:00:00-05:00,1.8108010892465771,1.8314958810806274,1.8108010892465771,1.8314958810806274,31256,0.0,0.0
2017-02-10 00:00:00-05:00,1.841842860660979,1.8728852272033694,1.841842860660979,1.8728852272033691,19612,0.0,0.0
2017-02-13 00:00:00-05:00,1.8728854881439,1.9091013669967651,1.8728854881439,1.9091013669967651,17773,0.0,0.0
2017-02-14 00:00:00-05:00,1.8884063076203583,1.9349701453782258,1.8884063076203583,1.9142751693725586,51174,0.0,0.0
2017-02-15 00:00:00-05:00,1.927209127764937,1.937556710264515,1.9142751693725586,1.9142751693725586,12564,0.0,0.0
2017-02-16 00:00:00-05:00,1.8935807600442112,1.9039283456404312,1.8677124575310693,1.8884068727493286,40296,0.0,0.0
2017-02-17 00:00:00-05:00,1.883233236474384,1.883233236474384,1.8651251991437703,1.8754727840423584,7967,0.0,0.0
2017-02-21 00:00:00-05:00,1.89616757585247,1.901341273804998,1.8754727840423584,1.8754727840423584,25127,0.0,0.0
2017-02-22 00:00:00-05:00,1.8651249890650639,1.8909934759140012,1.8651249890650639,1.8909934759140015,3524,0.0,0.0
2017-02-23 00:00:00-05:00,1.8884065690746086,1.8884065690746086,1.8599511384963987,1.859951138496399,43054,0.0,0.0
2017-02-24 00:00:00-05:00,1.8481874399077267,1.8481874399077267,1.7776060112729024,1.7828340530395508,131613,0.048951,0.0
2017-02-27 00:00:00-05:00,1.814205267091867,1.814205267091867,1.7279390628568343,1.7514660358428955,15934,0.0,0.0
2017-02-28 00:00:00-05:00,1.7697645483338127,1.7906771067150757,1.7540794610977173,1.7540794610977173,41522,0.0,0.0
2017-03-01 00:00:00-05:00,1.780220483546922,1.840345073500599,1.780220483546922,1.822046160697937,26200,0.0,0.0
2017-03-02 00:00:00-05:00,1.8298886064664206,1.8298886064664206,1.822046160697937,1.822046160697937,4903,0.0,0.0
2017-03-03 00:00:00-05:00,1.827276078992649,1.8377325534820557,1.8115909852868681,1.8377325534820557,21910,0.0,0.0
2017-03-06 00:00:00-05:00,1.8220464926601685,1.829888939857483,1.8220464926601685,1.829888939857483,2451,0.0,0.0
2017-03-07 00:00:00-05:00,1.829888939857483,1.829888939857483,1.829888939857483,1.829888939857483,766,0.0,0.0
2017-03-08 00:00:00-05:00,1.8429605386891672,1.8691017240467047,1.8429605386891672,1.8560314178466797,13789,0.0,0.0
2017-03-09 00:00:00-05:00,1.8612592375212464,1.8612592375212464,1.835118055343628,1.835118055343628,8427,0.0,0.0
2017-03-10 00:00:00-05:00,1.861259281111811,1.8691015404558586,1.8429603576660154,1.8429603576660156,23595,0.0,0.0
2017-03-13 00:00:00-04:00,1.8560304122325084,1.88478560505306,1.8560304122325084,1.882171392440796,9653,0.0,0.0
2017-03-14 00:00:00-04:00,1.8691011667251587,1.8717153799743307,1.856030864422387,1.8691011667251587,8120,0.0,0.0
2017-03-15 00:00:00-04:00,1.8691007113509266,1.895242264516391,1.8691007113509266,1.882171392440796,31869,0.0,0.0
2017-03-16 00:00:00-04:00,1.8795578710285288,1.9239983558654783,1.8795578710285288,1.9239983558654785,16701,0.0,0.0
2017-03-17 00:00:00-04:00,1.9239971131738562,1.9292251549727832,1.8952417373657227,1.8952417373657227,19612,0.0,0.0
2017-03-20 00:00:00-04:00,1.8717154360228383,1.8717154360228383,1.8429600443497263,1.8508023023605347,24821,0.0,0.0
2017-03-21 00:00:00-04:00,1.8508032338898472,1.861259901476842,1.7959068272268999,1.7985210418701172,69254,0.0,0.0
2017-03-22 00:00:00-04:00,1.7828350351456919,1.7828350351456919,1.7200962075570638,1.7723785638809204,42288,0.0,0.0
2017-03-23 00:00:00-04:00,1.788063468183413,1.8325035667111296,1.7854492548649463,1.8115904331207275,31716,0.0,0.0
2017-03-24 00:00:00-04:00,1.8272751091012682,1.842959621524429,1.8272751091012682,1.829888939857483,11951,0.0,0.0
2017-03-27 00:00:00-04:00,1.816819413517407,1.8377325534820557,1.8037487249127309,1.8377325534820557,14402,0.0,0.0
2017-03-28 00:00:00-04:00,1.8403457318672352,1.8691011219910503,1.8089765105283504,1.861258864402771,41981,0.0,0.0
2017-03-29 00:00:00-04:00,1.8652223437652269,1.8652223437652269,1.8493704634765604,1.8625802993774414,15475,0.048951,0.0
2017-03-30 00:00:00-04:00,1.8625803781080998,1.8652224226075635,1.8361608982086182,1.8361608982086182,14556,0.0,0.0
2017-03-31 00:00:00-04:00,1.822950593241628,1.836160426305889,1.822950593241628,1.8255926370620728,6742,0.0,0.0
2017-04-03 00:00:00-04:00,1.8255918915398763,1.8255918915398763,1.7859626015496015,1.8097398281097412,9499,0.0,0.0
2017-04-04 00:00:00-04:00,1.7965307759025295,1.8229502439498901,1.7938887325883213,1.8229502439498901,6435,0.0,0.0
2017-04-05 00:00:00-04:00,1.812383413530708,1.815025651540159,1.7965319156646729,1.7965319156646729,7354,0.0,0.0
2017-04-06 00:00:00-04:00,1.809740220397793,1.8229502439498901,1.7965307759025295,1.8229502439498901,5056,0.0,0.0
2017-04-07 00:00:00-04:00,1.8070992703549467,1.8229509573871414,1.7965314790001499,1.8150252103805542,13789,0.0,0.0
2017-04-10 00:00:00-04:00,1.8361600744830429,1.8361600744830429,1.8229502439498901,1.8229502439498901,22370,0.0,0.0
2017-04-11 00:00:00-04:00,1.8123825848987578,1.8440861451929755,1.7833212614059448,1.7833212614059448,30796,0.0,0.0
2017-04-12 00:00:00-04:00,1.785963206582127,1.7991730387269607,1.7436916665110715,1.7489757537841797,39223,0.0,0.0
2017-04-13 00:00:00-04:00,1.756901948327688,1.756901948327688,1.7436919212341309,1.7436919212341309,15015,0.0,0.0
2017-04-17 00:00:00-04:00,1.7859630584716797,1.7912467592686725,1.7701109909859405,1.7859630584716797,17313,0.0,0.0
2017-04-18 00:00:00-04:00,1.8018146963255783,1.8044567399621323,1.7489757537841797,1.7489757537841797,22063,0.0,0.0
2017-04-19 00:00:00-04:00,1.7780373269760696,1.7780373269760696,1.754259705543518,1.754259705543518,18539,0.0,0.0
2017-04-20 00:00:00-04:00,1.7542605469519996,1.7991739606550567,1.7542605469519996,1.7965319156646729,22982,0.0,0.0
2017-04-21 00:00:00-04:00,1.799172296504235,1.8097396946151498,1.799172296504235,1.8044559955596924,5363,0.0,0.0
2017-04-24 00:00:00-04:00,1.838802426262544,1.8757898807525635,1.838802426262544,1.8757898807525635,58222,0.0,0.0
2017-04-25 00:00:00-04:00,1.875789338612615,1.9127765893936157,1.875789338612615,1.9127765893936157,47803,0.0,0.0
2017-04-26 00:00:00-04:00,1.927460833210856,1.927460833210856,1.8820770978927615,1.8820770978927612,9499,0.048951,0.0
2017-04-27 00:00:00-04:00,1.8900857666153934,1.8900857666153934,1.8500416278839111,1.8500416278839111,3524,0.0,0.0
2017-04-28 00:00:00-04:00,1.8420329171612968,1.8553810284182808,1.8420329171612968,1.8500416278839111,16701,0.0,0.0
2017-05-01 00:00:00-04:00,1.8847471414292287,1.8874168422421387,1.8687293266307894,1.876738429069519,11491,0.0,0.0
2017-05-02 00:00:00-04:00,1.8687282727995465,1.8713979721069336,1.8687282727995465,1.8713979721069336,613,0.0,0.0
2017-05-03 00:00:00-04:00,1.8713988687823901,1.8713988687823901,1.8553812503814697,1.8553812503814697,5822,0.0,0.0
2017-05-04 00:00:00-04:00,1.887415770552794,1.8954246734044966,1.8713979648493893,1.8740676641464233,22676,0.0,0.0
2017-05-05 00:00:00-04:00,1.8767380963419746,1.8767380963419746,1.8580507790832161,1.8687289953231812,7967,0.0,0.0
2017-05-08 00:00:00-04:00,1.8874165076214149,1.8874165076214149,1.8580507790832161,1.8687289953231812,9653,0.0,0.0
2017-05-09 00:00:00-04:00,1.8847456066234891,1.8847456066234891,1.8153357824844851,1.8286834955215454,28345,0.0,0.0
2017-05-10 00:00:00-04:00,1.815336471447677,1.8180061710997844,1.7752923419420445,1.8019883632659912,32482,0.0,0.0
2017-05-11 00:00:00-04:00,1.8019886850418854,1.8019886850418854,1.713891506382466,1.735248327255249,35240,0.0,0.0
2017-05-12 00:00:00-04:00,1.7299084553688446,1.7379177486111972,1.6044368743896484,1.6044368743896484,29877,0.0,0.0
2017-05-15 00:00:00-04:00,1.6177854777185212,1.6818560361862185,1.6177854777185212,1.6818560361862183,18079,0.0,0.0
2017-05-16 00:00:00-04:00,1.6871954961213282,1.6952042065040323,1.6444816589355469,1.6444816589355469,21297,0.0,0.0
2017-05-17 00:00:00-04:00,1.6444814650973303,1.6444814650973303,1.5216790757635006,1.540366291999817,83809,0.0,0.0
2017-05-18 00:00:00-04:00,1.5056612448487183,1.575071183215149,1.5056612448487183,1.5670623779296875,30337,0.0,0.0
2017-05-19 00:00:00-04:00,1.5990981340212809,1.652490583710169,1.5990981340212809,1.628463864326477,11798,0.0,0.0
2017-05-23 00:00:00-04:00,1.6685069678879483,1.6685069678879483,1.6391412558632619,1.6604982614517212,9193,0.0,0.0
2017-05-24 00:00:00-04:00,1.633803367614746,1.6444819752447735,1.628463966279983,1.633803367614746,5669,0.0,0.0
2017-05-25 00:00:00-04:00,1.6418119767486992,1.6418119767486992,1.628463864326477,1.628463864326477,13789,0.0,0.0
2017-05-26 00:00:00-04:00,1.6418120795378923,1.649820986500538,1.628463966279983,1.633803367614746,15781,0.0,0.0
2017-05-29 00:00:00-04:00,1.6486684083938599,1.6486684083938599,1.6486684083938599,1.6486684083938599,460,0.048951,0.0
2017-05-30 00:00:00-04:00,1.662181233578687,1.662181233578687,1.627046024246146,1.643262267112732,22216,0.0,0.0
2017-05-31 00:00:00-04:00,1.627045832884215,1.627045832884215,1.5810991421803555,1.594612956047058,60520,0.0,0.0
2017-06-01 00:00:00-04:00,1.608127036294264,1.6243436798363433,1.608127036294264,1.6135327816009521,16088,0.0,0.0
2017-06-02 00:00:00-04:00,1.6162351803416057,1.6351542472839355,1.6081266138763397,1.6351542472839355,9653,0.0,0.0
2017-06-05 00:00:00-04:00,1.6351542472839355,1.6351542472839355,1.6351542472839355,1.6351542472839355,0,0.0,0.0
2017-06-06 00:00:00-04:00,1.624343504643688,1.624343504643688,1.572991546104789,1.5783967971801758,14402,0.0,0.0
2017-06-07 00:00:00-04:00,1.6054245696422786,1.6081269979476929,1.5702888550260934,1.6081269979476929,2758,0.0,0.0
2017-06-08 00:00:00-04:00,1.5892076443707799,1.6297487020492554,1.5892076443707799,1.6297487020492554,3984,0.0,0.0
2017-06-09 00:00:00-04:00,1.6324518835536241,1.6865066719142998,1.6324518835536241,1.6621818542480469,31256,0.0,0.0
2017-06-12 00:00:00-04:00,1.6756956395305236,1.6838037139784772,1.6648847419603747,1.6702899932861328,17926,0.0,0.0
2017-06-13 00:00:00-04:00,1.6756956395305236,1.6838037139784772,1.6648847419603747,1.6702899932861328,9653,0.0,0.0
2017-06-14 00:00:00-04:00,1.683803778421496,1.6865066016471346,1.6486680637848135,1.6648848056793213,20991,0.0,0.0
2017-06-15 00:00:00-04:00,1.6648848056793213,1.6648848056793213,1.6648848056793213,1.6648848056793213,0,0.0,0.0
2017-06-16 00:00:00-04:00,1.6838034486659859,1.6946143445326904,1.6838034486659859,1.6865062713623047,9346,0.0,0.0
2017-06-19 00:00:00-04:00,1.689209141448656,1.7270476818084717,1.689209141448656,1.7270476818084717,29417,0.0,0.0
2017-06-20 00:00:00-04:00,1.7081283330917358,1.7297497308247405,1.7081283330917358,1.7081283330917358,5209,0.0,0.0
2017-06-21 00:00:00-04:00,1.689208745956421,1.689208745956421,1.689208745956421,1.689208745956421,460,0.0,0.0
2017-06-22 00:00:00-04:00,1.7297508781953357,1.7297508781953357,1.7162375450134277,1.7162375450134277,4443,0.0,0.0
2017-06-23 00:00:00-04:00,1.7162375450134277,1.7162375450134277,1.7162375450134277,1.7162375450134277,0,0.0,0.0
2017-06-26 00:00:00-04:00,1.716236406606436,1.716236406606436,1.7081283330917358,1.7081283330917358,3064,0.0,0.0
2017-06-27 00:00:00-04:00,1.7162369471375325,1.7378589440582943,1.7162369471375325,1.7297502756118774,28345,0.0,0.0
2017-06-28 00:00:00-04:00,1.750260747577967,1.7776088714599607,1.750260747577967,1.777608871459961,17313,0.048951,0.0
2017-06-29 00:00:00-04:00,1.829570410543956,1.829570410543956,1.7994878046737925,1.8049571514129639,9959,0.0,0.0
2017-06-30 00:00:00-04:00,1.8186305390459812,1.8459782600402832,1.8186305390459812,1.8459782600402832,35546,0.0,0.0
2017-07-04 00:00:00-04:00,1.8459784005118232,1.8569174897419647,1.8323042392730713,1.8323042392730713,4137,0.0,0.0
2017-07-05 00:00:00-04:00,1.851448047035449,1.8815306407281307,1.8459783029088652,1.8733258247375488,14709,0.0,0.0
2017-07-06 00:00:00-04:00,1.8733258247375488,1.8979390739050586,1.8733258247375488,1.8733258247375488,2758,0.0,0.0
2017-07-07 00:00:00-04:00,1.8842655985602061,1.8979395627975464,1.8842655985602061,1.8979395627975464,3830,0.0,0.0
2017-07-10 00:00:00-04:00,1.9061447647480239,1.91708406166118,1.9006754159927368,1.9006754159927368,53932,0.0,0.0
2017-07-11 00:00:00-04:00,1.9143487474751841,1.9499011046198291,1.900674979128121,1.9170836210250854,48110,0.0,0.0
2017-07-12 00:00:00-04:00,1.9471660187844668,1.9553702389380947,1.9334922519281557,1.936226725578308,40143,0.0,0.0
2017-07-13 00:00:00-04:00,1.9444315451343144,1.9444315451343144,1.917083412019314,1.936226725578308,28805,0.0,0.0
2017-07-14 00:00:00-04:00,1.936226935351037,1.941696882247925,1.9307575878565923,1.9416968822479248,6895,0.0,0.0
2017-07-17 00:00:00-04:00,1.9635750714289613,1.9635750714289613,1.941696882247925,1.9416968822479248,22063,0.0,0.0
2017-07-18 00:00:00-04:00,1.9280223292842191,1.9416964944928699,1.9034094712711263,1.9143483638763428,22523,0.0,0.0
2017-07-19 00:00:00-04:00,1.914347735881786,1.9416958575268648,1.9116132633784833,1.9307565689086914,40449,0.0,0.0
2017-07-20 00:00:00-04:00,1.941696882247925,1.941696882247925,1.9170836197180374,1.9416968822479248,20071,0.0,0.0
2017-07-21 00:00:00-04:00,1.9334917721619287,1.9334917721619287,1.9280220270156858,1.928022027015686,3218,0.0,0.0
2017-07-24 00:00:00-04:00,1.9143485356328613,1.92255315537464,1.9143485356328613,1.9198182821273804,7354,0.0,0.0
2017-07-25 00:00:00-04:00,1.9334922013220817,1.969044154058609,1.9334922013220817,1.9553701877593994,33708,0.0,0.0
2017-07-26 00:00:00-04:00,1.9635750714289613,1.9663095453753692,1.941696882247925,1.9416968822479248,19765,0.0,0.0
2017-07-27 00:00:00-04:00,1.962425420646577,1.976244961035781,1.9182015182513976,1.9292573928833008,28498,0.048951,0.0
2017-07-28 00:00:00-04:00,1.912674903869629,1.912674903869629,1.912674903869629,1.912674903869629,153,0.0,0.0
2017-07-31 00:00:00-04:00,1.9430784131280614,1.9430784131280614,1.920966451983857,1.9347862005233765,14862,0.0,0.0
2017-08-01 00:00:00-04:00,1.9624265700620618,1.9762461185455322,1.9624265700620618,1.9762461185455322,1839,0.0,0.0
2017-08-02 00:00:00-04:00,1.9707181453704834,1.9707181453704834,1.9707181453704834,1.9707181453704834,5516,0.0,0.0
2017-08-03 00:00:00-04:00,1.9651902887892565,1.9651902887892565,1.9375501871109009,1.9375501871109009,18079,0.0,0.0
2017-08-04 00:00:00-04:00,1.954135125079507,1.9651912113277867,1.951371053033947,1.9624271392822266,18233,0.0,0.0
2017-08-08 00:00:00-04:00,1.962426336493733,1.9707181453704834,1.9486061838534352,1.9707181453704834,4443,0.0,0.0
2017-08-09 00:00:00-04:00,1.9347860647481419,1.9486060142517088,1.9347860647481419,1.948606014251709,11338,0.0,0.0
2017-08-10 00:00:00-04:00,1.9651906865003024,1.9651906865003024,1.8795071011122426,1.9403146505355835,21757,0.0,0.0
2017-08-11 00:00:00-04:00,1.9320223331451416,1.9320223331451416,1.9320223331451416,1.9320223331451416,460,0.0,0.0
2017-08-14 00:00:00-04:00,1.9375502713916049,1.9458420801285417,1.9126746432469202,1.9347862005233765,21297,0.0,0.0
2017-08-15 00:00:00-04:00,1.9541347675923955,1.9541347675923955,1.90714696495149,1.909911036491394,11185,0.0,0.0
2017-08-16 00:00:00-04:00,1.9043833126503025,1.945842981338501,1.9016196443698397,1.945842981338501,7201,0.0,0.0
2017-08-17 00:00:00-04:00,1.9486057369054173,1.9486057369054173,1.9071460962295532,1.9071460962295532,10419,0.0,0.0
2017-08-18 00:00:00-04:00,1.9071461782951629,1.9071461782951629,1.851866385770181,1.8656865358352661,21757,0.0,0.0
2017-08-21 00:00:00-04:00,1.8739785106921159,1.8739785106921159,1.8629224300384521,1.8629224300384521,6742,0.0,0.0
2017-08-22 00:00:00-04:00,1.8656868441343941,1.8795067945493449,1.8518666917855704,1.8712149858474731,25894,0.0,0.0
2017-08-23 00:00:00-04:00,1.854630456169966,1.8712146766348363,1.8491027192380756,1.8656865358352661,31562,0.0,0.0
2017-08-24 00:00:00-04:00,1.873978652836266,1.893326341096549,1.8712149858474731,1.8712149858474731,12564,0.0,0.0
2017-08-25 00:00:00-04:00,1.873978853225708,1.873978853225708,1.873978853225708,1.873978853225708,153,0.0,0.0
2017-08-28 00:00:00-04:00,1.8656864301053329,1.8656864301053329,1.8546303510665891,1.8546303510665894,3830,0.0,0.0
2017-08-29 00:00:00-04:00,1.8700047282856833,1.8727996349334717,1.8224858014285148,1.8727996349334717,3064,0.048951,0.0
2017-08-30 00:00:00-04:00,1.8839809273452732,1.8951619860661473,1.8839809273452732,1.8867764472961426,3218,0.0,0.0
2017-08-31 00:00:00-04:00,1.8923664194921317,1.8951613258197346,1.8727994203850669,1.8755947351455688,16854,0.0,0.0
2017-09-01 00:00:00-04:00,1.8727999773828239,1.8895716667175293,1.8727999773828239,1.8895716667175293,26047,0.0,0.0
2017-09-05 00:00:00-04:00,1.8448480597507435,1.8448480597507435,1.839257836341858,1.839257836341858,9040,0.0,0.0
2017-09-06 00:00:00-04:00,1.8532336736578825,1.8895719652267624,1.833667278289795,1.833667278289795,10265,0.0,0.0
2017-09-07 00:00:00-04:00,1.8336663262530744,1.8336663262530744,1.7526048581846196,1.8001235723495483,23289,0.0,0.0
2017-09-08 00:00:00-04:00,1.8168957964448618,1.8196913163897699,1.79173877175545,1.802919626235962,13483,0.0,0.0
2017-09-11 00:00:00-04:00,1.8308714611392447,1.8308714611392447,1.8001240142695414,1.8224859237670898,29417,0.0,0.0
2017-09-12 00:00:00-04:00,1.8224864443073077,1.8448481559753418,1.8196915366736208,1.8448481559753418,13943,0.0,0.0
2017-09-13 00:00:00-04:00,1.8532336215491987,1.8532336215491987,1.8168959436516785,1.8504387140274048,8580,0.0,0.0
2017-09-14 00:00:00-04:00,1.8504384896513733,1.8504384896513733,1.8168957233428955,1.8168957233428955,9806,0.0,0.0
2017-09-15 00:00:00-04:00,1.8308718659383614,1.8364624977111819,1.8280769584850145,1.8364624977111816,11338,0.0,0.0
2017-09-18 00:00:00-04:00,1.8364625426861407,1.8504387140274048,1.8364625426861407,1.8504387140274048,25587,0.0,0.0
2017-09-19 00:00:00-04:00,1.8560283486878526,1.8755947351455688,1.8560283486878526,1.8755947351455688,8733,0.0,0.0
2017-09-20 00:00:00-04:00,1.875594798964626,1.897956705160181,1.875594798964626,1.8951613903045654,12564,0.0,0.0
2017-09-21 00:00:00-04:00,1.8979569708479755,1.914728045463562,1.8895714335401823,1.914728045463562,11338,0.0,0.0
2017-09-22 00:00:00-04:00,1.9175242185592651,1.9287052803325708,1.9175242185592651,1.9175242185592651,8274,0.0,0.0
2017-09-25 00:00:00-04:00,1.928704902823836,1.942681074142456,1.928704902823836,1.942681074142456,12257,0.0,0.0
2017-09-26 00:00:00-04:00,1.9287054728852548,1.9398863315582275,1.9231152477653655,1.9398863315582275,18539,0.0,0.0
2017-09-27 00:00:00-04:00,1.956656123602296,2.0041750429566387,1.956656123602296,2.0013797283172607,48723,0.0,0.0
2017-09-28 00:00:00-04:00,2.0027920699324055,2.0112665787793182,1.9914928623886687,1.9971426725387573,17467,0.048951,0.0
2017-09-29 00:00:00-04:00,1.9971433452778127,2.00561785697937,1.9914935332245811,2.00561785697937,27732,0.0,0.0
2017-10-02 00:00:00-04:00,1.9943185603314786,2.0140922845834344,1.977369535899344,1.9858442544937134,18233,0.0,0.0
2017-10-03 00:00:00-04:00,2.005617734450531,2.0140920392560804,2.005617734450531,2.0084426403045654,18692,0.0,0.0
2017-10-04 00:00:00-04:00,2.002792744574465,2.00561785697937,1.9999678385478492,2.00561785697937,7048,0.0,0.0
2017-10-05 00:00:00-04:00,2.0027927183835845,2.0225664411764415,2.0027927183835845,2.0197415351867676,5516,0.0,0.0
2017-10-06 00:00:00-04:00,2.011267133402046,2.025391249915663,2.0084426403045654,2.0084426403045654,7661,0.0,0.0
2017-10-10 00:00:00-04:00,2.0197417364923154,2.0197417364923154,1.9745450935574123,1.9886687994003296,117517,0.0,0.0
2017-10-11 00:00:00-04:00,1.9914939403533936,2.0056182669956732,1.9914939403533936,1.9914939403533936,1685,0.0,0.0
2017-10-12 00:00:00-04:00,2.0112681901408185,2.0140930974790847,1.9999687671661377,1.9999687671661377,1073,0.0,0.0
2017-10-13 00:00:00-04:00,2.005618261611924,2.01126766204834,2.0027931486370534,2.01126766204834,3524,0.0,0.0
2017-10-16 00:00:00-04:00,2.01126766204834,2.022566875677835,2.01126766204834,2.01126766204834,26200,0.0,0.0
2017-10-17 00:00:00-04:00,2.0197415351867676,2.0197415351867676,2.0197415351867676,2.0197415351867676,153,0.0,0.0
2017-10-18 00:00:00-04:00,2.0169170419536675,2.0197415351867676,1.9943184131711367,2.0197415351867676,18233,0.0,0.0
2017-10-19 00:00:00-04:00,1.9971435182140176,1.9999680117286323,1.9801944933432563,1.9886687994003296,41522,0.0,0.0
2017-10-20 00:00:00-04:00,2.014092084362852,2.019741483440888,1.9999677611546351,2.0169169902801514,38917,0.0,0.0
2017-10-23 00:00:00-04:00,2.0197415351867676,2.0282162531557892,2.0197415351867676,2.0197415351867676,21297,0.0,0.0
2017-10-24 00:00:00-04:00,2.0169172013546808,2.031040906906128,2.0169172013546808,2.031040906906128,34627,0.0,0.0
2017-10-25 00:00:00-04:00,2.0310411827107906,2.0310411827107906,2.01126766204834,2.01126766204834,5056,0.0,0.0
2017-10-26 00:00:00-04:00,2.0197406984368698,2.0225656032562256,2.0197406984368698,2.0225656032562256,2911,0.0,0.0
2017-10-27 00:00:00-04:00,2.0169172013546808,2.031040906906128,2.0169172013546808,2.031040906906128,13177,0.0,0.0
2017-10-30 00:00:00-04:00,2.0410320332946443,2.0410320332946443,2.006777286529541,2.006777286529541,13483,0.048951,0.0
2017-10-31 00:00:00-04:00,2.009632033099593,2.026759931955759,2.009632033099593,2.023905038833618,7354,0.0,0.0
2017-11-01 00:00:00-04:00,2.0324692726135254,2.04388759596252,2.0324692726135254,2.0324692726135254,14862,0.0,0.0
2017-11-02 00:00:00-04:00,2.0296146484812634,2.041032552719116,2.023905070700893,2.041032552719116,6435,0.0,0.0
2017-11-03 00:00:00-04:00,2.0324689159869123,2.041032552719116,2.0324689159869123,2.041032552719116,9959,0.0,0.0
2017-11-06 00:00:00-05:00,2.041032552719116,2.043887237332394,2.041032552719116,2.041032552719116,11338,0.0,0.0
2017-11-07 00:00:00-05:00,2.0324688839847953,2.0324688839847953,2.023905038833618,2.023905038833618,10878,0.0,0.0
2017-11-08 00:00:00-05:00,2.0267594480757594,2.0267594480757594,2.006777286529541,2.006777286529541,17467,0.0,0.0
2017-11-09 00:00:00-05:00,2.026759434516819,2.055305021871143,2.026759434516819,2.049596071243286,33861,0.0,0.0
2017-11-10 00:00:00-05:00,2.046741667351343,2.046741667351343,2.018195867538452,2.018195867538452,22676,0.0,0.0
2017-11-13 00:00:00-05:00,2.0353238885065297,2.0353238885065297,2.0010687110707104,2.0096323490142822,24055,0.0,0.0
2017-11-14 00:00:00-05:00,2.003923081070557,2.023905038833618,2.003923081070557,2.023905038833618,4290,0.0,0.0
2017-11-15 00:00:00-05:00,2.023905038833618,2.023905038833618,2.023905038833618,2.023905038833618,0,0.0,0.0
2017-11-16 00:00:00-05:00,2.041032117586342,2.046741485595703,2.041032117586342,2.046741485595703,7354,0.0,0.0
2017-11-17 00:00:00-05:00,2.0410325205821613,2.0410325205821613,2.023905038833618,2.023905038833618,42594,0.0,0.0
2017-11-20 00:00:00-05:00,2.026759430160128,2.026759430160128,2.012486219406128,2.012486219406128,9653,0.0,0.0
2017-11-21 00:00:00-05:00,2.021050172236432,2.052450656890869,2.021050172236432,2.052450656890869,7661,0.0,0.0
2017-11-22 00:00:00-05:00,2.052450656890869,2.052450656890869,2.052450656890869,2.052450656890869,0,0.0,0.0
2017-11-23 00:00:00-05:00,2.052450656890869,2.052450656890869,2.052450656890869,2.052450656890869,0,0.0,0.0
2017-11-24 00:00:00-05:00,2.0495961696003837,2.0553051205022044,2.046741485595703,2.046741485595703,10265,0.0,0.0
2017-11-27 00:00:00-05:00,2.0524502347202307,2.063868761062622,2.0524502347202307,2.063868761062622,10419,0.0,0.0
2017-11-28 00:00:00-05:00,2.041032117586342,2.058159804506885,2.041032117586342,2.046741485595703,7508,0.0,0.0
2017-11-29 00:00:00-05:00,2.074148464849154,2.0770333279087665,2.0626094341278076,2.0626094341278076,3218,0.048951,0.0
2017-11-30 00:00:00-05:00,2.079916699410726,2.100110094071195,2.079916699410726,2.088571071624756,24515,0.0,0.0
2017-12-01 00:00:00-05:00,2.1029951027168967,2.1029951027168967,2.0481846368687724,2.051069498062134,9499,0.0,0.0
2017-12-04 00:00:00-05:00,2.059724992585299,2.1029964631696236,2.0568401295256864,2.0626094341278076,10725,0.0,0.0
2017-12-05 00:00:00-05:00,2.077031931964362,2.077031931964362,2.0539538860321045,2.0539538860321045,4750,0.0,0.0
2017-12-06 00:00:00-05:00,2.0539536632759323,2.059723384891667,2.0452992916107178,2.0452992916107178,7048,0.0,0.0
2017-12-07 00:00:00-05:00,2.0683772607902084,2.0712621212005615,2.0683772607902084,2.0712621212005615,3064,0.0,0.0
2017-12-08 00:00:00-05:00,2.0770319976693,2.1145341396331787,2.0770319976693,2.1145341396331787,4137,0.0,0.0
2017-12-11 00:00:00-05:00,2.094340372208312,2.094340372208312,2.0712621212005615,2.0712621212005615,35393,0.0,0.0
2017-12-12 00:00:00-05:00,2.0683772607902084,2.0972248111019485,2.0597231010758654,2.0712621212005615,29417,0.0,0.0
2017-12-13 00:00:00-05:00,2.065493106842041,2.065493106842041,2.065493106842041,2.065493106842041,7814,0.0,0.0
2017-12-14 00:00:00-05:00,2.077031750887005,2.077031750887005,2.0337603131572566,2.0366451740264893,19918,0.0,0.0
2017-12-15 00:00:00-05:00,2.0366453515829113,2.071262631239708,2.033760490462174,2.0539538860321045,9959,0.0,0.0
2017-12-18 00:00:00-05:00,2.0770320892333984,2.091456185170841,2.0770320892333984,2.0770320892333984,6742,0.0,0.0
2017-12-19 00:00:00-05:00,2.07703113075987,2.07703113075987,2.0712618322606944,2.074146270751953,2451,0.0,0.0
2017-12-20 00:00:00-05:00,2.0770318384199156,2.088571071624756,2.0770318384199156,2.088571071624756,19612,0.0,0.0
2017-12-21 00:00:00-05:00,2.091456126627561,2.0972254276275635,2.088571265369139,2.0972254276275635,10725,0.0,0.0
2017-12-22 00:00:00-05:00,2.097225281098343,2.097225281098343,2.0799167470323887,2.0828018188476562,3524,0.0,0.0
2017-12-27 00:00:00-05:00,2.1145349480841134,2.1145349480841134,2.0914568925983623,2.09434175491333,3371,0.0,0.0
2017-12-28 00:00:00-05:00,2.1132881657594207,2.1132881657594207,2.0520753860473633,2.0520753860473633,16547,0.048951,0.0
2017-12-29 00:00:00-05:00,2.060821076861742,2.0957993039187595,2.060821076861742,2.084139823913574,8887,0.0,0.0
2018-01-02 00:00:00-05:00,2.0841376140586036,2.0957970817010105,2.0433294773101807,2.0433294773101807,19152,0.0,0.0
2018-01-03 00:00:00-05:00,2.075393738642811,2.075393738642811,2.0637340545654297,2.0637340545654297,7354,0.0,0.0
2018-01-04 00:00:00-05:00,2.0608199182614455,2.0870536270451585,2.0608199182614455,2.0753941535949707,22523,0.0,0.0
2018-01-05 00:00:00-05:00,2.069564096750303,2.069564096750303,2.060819387435913,2.060819387435913,15168,0.0,0.0
2018-01-08 00:00:00-05:00,2.0695657933449008,2.089969776874706,2.0695657933449008,2.084139823913574,64657,0.0,0.0
2018-01-09 00:00:00-05:00,2.08413942659426,2.124948024749756,2.08413942659426,2.124948024749756,37844,0.0,0.0
2018-01-10 00:00:00-05:00,2.119117100192283,2.1715847261297534,2.119117100192283,2.168670177459717,45352,0.0,0.0
2018-01-11 00:00:00-05:00,2.1686704691807406,2.1832447052001953,2.142436546203921,2.1832447052001953,39377,0.0,0.0
2018-01-12 00:00:00-05:00,2.1803299977525725,2.203648944056487,2.1803299977525725,2.1978189945220947,26813,0.0,0.0
2018-01-15 00:00:00-05:00,2.2007341362176955,2.244457483291626,2.2007341362176955,2.244457483291626,11491,0.0,0.0
2018-01-16 00:00:00-05:00,2.2211377435258144,2.238626737065006,2.2211377435258144,2.22988224029541,19152,0.0,0.0
2018-01-17 00:00:00-05:00,2.2182233472722097,2.244457483291626,2.2182233472722097,2.244457483291626,41062,0.0,0.0
2018-01-18 00:00:00-05:00,2.2298828213085526,2.2590315063994097,2.2298828213085526,2.244457483291626,16394,0.0,0.0
2018-01-19 00:00:00-05:00,2.2444574764887557,2.294010134513806,2.2444574764887557,2.2794361114501953,22982,0.0,0.0
2018-01-22 00:00:00-05:00,2.299839722953268,2.299839722953268,2.270690616615946,2.2823503017425537,9346,0.0,0.0
2018-01-23 00:00:00-05:00,2.2736057744349187,2.2765209621495877,2.2677762508392334,2.2677762508392334,5516,0.0,0.0
2018-01-24 00:00:00-05:00,2.296924748432017,2.296924748432017,2.2823503017425537,2.2823503017425537,6588,0.0,0.0
2018-01-25 00:00:00-05:00,2.2794367264178623,2.288181227798573,2.26194708478098,2.264862060546875,9193,0.0,0.0
2018-01-26 00:00:00-05:00,2.212394352332925,2.2153089021014147,2.1715855445705228,2.20656418800354,324205,0.0,0.0
2018-01-29 00:00:00-05:00,2.2094790898702117,2.2094790898702117,2.1978194016002432,2.2007343769073486,33401,0.0,0.0
2018-01-30 00:00:00-05:00,2.208093925573244,2.208093925573244,2.134490966796875,2.134490966796875,40602,0.048951,0.0
2018-01-31 00:00:00-05:00,2.128603457292409,2.169821502250582,2.0991623038868354,2.1197710037231445,60827,0.0,0.0
2018-02-01 00:00:00-05:00,2.1197708212589808,2.1197708212589808,2.0756089874043595,2.090329885482788,52860,0.0,0.0
2018-02-02 00:00:00-05:00,2.087385459028316,2.087385459028316,2.0550000853473027,2.069720983505249,38457,0.0,0.0
2018-02-05 00:00:00-05:00,2.069721226012532,2.069721226012532,2.028503179550171,2.028503179550171,43207,0.0,0.0
2018-02-06 00:00:00-05:00,2.0020062338418576,2.046168072795666,1.9725646493806672,2.0402796268463135,133298,0.0,0.0
2018-02-07 00:00:00-05:00,2.0461671223104867,2.1021056120832724,2.0314464444655336,2.078552484512329,46884,0.0,0.0
2018-02-08 00:00:00-05:00,2.099162594726923,2.099162594726923,2.0461682961593173,2.052056312561035,22216,0.0,0.0
2018-02-09 00:00:00-05:00,2.0873852187742856,2.0873852187742856,2.0167260342437494,2.0461676120758057,15934,0.0,0.0
2018-02-12 00:00:00-05:00,2.0461671446328262,2.060887607543279,2.0314464666272802,2.0491113662719727,29264,0.0,0.0
2018-02-13 00:00:00-05:00,2.0461673526794057,2.06088781708658,1.993173293642372,2.016725778579712,31103,0.0,0.0
2018-02-14 00:00:00-05:00,2.007893573792931,2.034390926361084,2.002005560015722,2.034390926361084,29111,0.0,0.0
2018-02-15 00:00:00-05:00,2.0608878135681152,2.0608878135681152,2.0167257751366434,2.0608878135681152,70326,0.0,0.0
2018-02-16 00:00:00-05:00,2.07560899861616,2.087385459028316,2.069720983505249,2.069720983505249,9346,0.0,0.0
2018-02-20 00:00:00-05:00,2.084440728655475,2.084440728655475,2.0608878135681152,2.0608878135681152,28805,0.0,0.0
2018-02-21 00:00:00-05:00,2.049112017464081,2.113882763158019,2.049112017464081,2.107994318008423,18846,0.0,0.0
2018-02-22 00:00:00-05:00,2.1021063301729863,2.1315474808250414,2.1021063301729863,2.125659465789795,23136,0.0,0.0
2018-02-23 00:00:00-05:00,2.105050802230835,2.1197714898571567,2.0932747683583393,2.105050802230835,11032,0.0,0.0
2018-02-26 00:00:00-05:00,2.1286032740679715,2.1286032740679715,2.066776749690535,2.090329885482788,30796,0.0,0.0
2018-02-27 00:00:00-05:00,2.109670703539896,2.109670703539896,2.0561108589172363,2.0561108589172363,10878,0.048951,0.0
2018-02-28 00:00:00-05:00,2.0531350636345147,2.070988561352482,2.0382570039418475,2.065037250518799,29724,0.0,0.0
2018-03-01 00:00:00-05:00,2.0442083517176317,2.0442083517176317,2.0085015768252,2.01147723197937,27272,0.0,0.0
2018-03-02 00:00:00-05:00,2.014453745059869,2.0293311576007036,1.9787469549604386,2.0233802795410156,22216,0.0,0.0
2018-03-05 00:00:00-05:00,2.0144532944296487,2.0442087650299072,1.9965995772863618,2.0442087650299072,12410,0.0,0.0
2018-03-06 00:00:00-05:00,2.0412320613291075,2.044207933265635,2.0382564067840576,2.0382564067840576,3830,0.0,0.0
2018-03-07 00:00:00-05:00,2.0144533166184204,2.0352820375722422,2.0144533166184204,2.026355504989624,7814,0.0,0.0
2018-03-08 00:00:00-05:00,2.0293298779318634,2.0382564067840576,2.0293298779318634,2.0382564067840576,2145,0.0,0.0
2018-03-09 00:00:00-05:00,2.0382570039418475,2.065037250518799,2.0382570039418475,2.065037250518799,8274,0.0,0.0
2018-03-12 00:00:00-04:00,2.065037250518799,2.073963781986241,2.059086374468198,2.065037250518799,3064,0.0,0.0
2018-03-13 00:00:00-04:00,2.0680138153581606,2.0680138153581606,2.0620625019073486,2.0620625019073486,2145,0.0,0.0
2018-03-14 00:00:00-04:00,2.065037581720724,2.082890864910557,2.065037581720724,2.070988893508911,10419,0.0,0.0
2018-03-15 00:00:00-04:00,2.0947931768893775,2.0977688329584563,2.0828909873962402,2.0828909873962402,8733,0.0,0.0
2018-03-16 00:00:00-04:00,2.112646155370617,2.1185970306396484,2.112646155370617,2.1185970306396484,12564,0.0,0.0
2018-03-19 00:00:00-04:00,2.1245488410767974,2.1245488410767974,2.0918177150390393,2.1007442474365234,17007,0.0,0.0
2018-03-20 00:00:00-04:00,2.112647674906493,2.1275250911712646,2.112647674906493,2.1275250911712646,18539,0.0,0.0
2018-03-21 00:00:00-04:00,2.1185973213429716,2.1483532235116733,2.1185973213429716,2.142401695251465,8580,0.0,0.0
2018-03-22 00:00:00-04:00,2.154304162687624,2.154304162687624,2.0888419151306152,2.0888419151306152,10725,0.0,0.0
2018-03-23 00:00:00-04:00,2.10669470948122,2.10669470948122,2.0531348734629202,2.0680127143859863,26047,0.0,0.0
2018-03-26 00:00:00-04:00,2.079916462156533,2.0888429985678663,2.0590875148773193,2.0590875148773193,15781,0.0,0.0
2018-03-27 00:00:00-04:00,2.0590864677347183,2.0739638759266352,2.0531351566314697,2.0531351566314697,14556,0.0,0.0
2018-03-28 00:00:00-04:00,2.039597982417391,2.039597982417391,1.9433339141365855,2.00049090385437,44126,0.048951,0.0
2018-03-29 00:00:00-04:00,1.9764244664102564,2.015531539916992,1.9764244664102564,2.015531539916992,24974,0.0,0.0
2018-04-02 00:00:00-04:00,2.030573508681857,2.0395981352648302,1.8500779000954983,1.9252841472625732,116291,0.0,0.0
2018-04-03 00:00:00-04:00,1.9012191118666746,1.9824416511249068,1.8982107557116406,1.9192683696746826,11491,0.0,0.0
2018-04-04 00:00:00-04:00,1.9102426947777353,1.940325140953064,1.8801598090415492,1.940325140953064,33708,0.0,0.0
2018-04-05 00:00:00-04:00,1.9523590822391306,2.0004914594172436,1.9523590822391306,1.97040855884552,3984,0.0,0.0
2018-04-06 00:00:00-04:00,1.973416830981527,1.9854498148744757,1.9583759307861328,1.9583759307861328,4290,0.0,0.0
2018-04-09 00:00:00-04:00,2.0004914594172436,2.0004914594172436,1.9403260978348709,1.97040855884552,4750,0.0,0.0
2018-04-10 00:00:00-04:00,1.9854499101638794,2.000491470422759,1.9854499101638794,1.9854499101638794,7508,0.0,0.0
2018-04-11 00:00:00-04:00,1.9884581707379767,1.9884581707379767,1.9583759307861328,1.9583759307861328,12410,0.0,0.0
2018-04-12 00:00:00-04:00,1.9794336461284063,1.9794336461284063,1.9583760331058084,1.976425290107727,13789,0.0,0.0
2018-04-13 00:00:00-04:00,1.9794337749481201,1.9794337749481201,1.9794337749481201,1.9794337749481201,306,0.0,0.0
2018-04-16 00:00:00-04:00,1.9643922864239274,1.9854498992411134,1.955367438230464,1.97040855884552,8274,0.0,0.0
2018-04-17 00:00:00-04:00,1.9704077147236134,1.9734160694261689,1.9313006420534928,1.9523582458496094,26047,0.0,0.0
2018-04-18 00:00:00-04:00,2.000491356344535,2.000491356344535,1.9643921852111816,1.9643921852111816,1685,0.0,0.0
2018-04-19 00:00:00-04:00,1.9704084464938696,1.9704084464938696,1.9553673267364502,1.9553673267364502,6588,0.0,0.0
2018-04-20 00:00:00-04:00,1.982441702288772,2.030574083328247,1.982441702288772,2.030574083328247,32329,0.0,0.0
2018-04-23 00:00:00-04:00,2.027565054297416,2.0516312394400607,2.0185404271768665,2.0486233234405518,54545,0.0,0.0
2018-04-24 00:00:00-04:00,2.0726890735445918,2.07870578467876,2.0335819896360405,2.0666728019714355,31716,0.0,0.0
2018-04-25 00:00:00-04:00,2.0486233234405518,2.0486233234405518,2.0486233234405518,2.0486233234405518,613,0.0,0.0
2018-04-26 00:00:00-04:00,2.0486235738648784,2.087730662468563,2.0486235738648784,2.069681406021118,21144,0.0,0.0
2018-04-27 00:00:00-04:00,2.101615957587222,2.101615957587222,2.083367109298706,2.083367109298706,3218,0.048951,0.0
2018-04-30 00:00:00-04:00,2.092492296444681,2.0985748767852783,2.0833675371224545,2.0985748767852783,18079,0.0,0.0
2018-05-01 00:00:00-04:00,2.0924918667471446,2.0924918667471446,2.083367109298706,2.083367109298706,10725,0.0,0.0
2018-05-02 00:00:00-04:00,2.0803252702136037,2.0803252702136037,2.0407867431640625,2.0407867431640625,23595,0.0,0.0
2018-05-03 00:00:00-04:00,2.0407867431640625,2.0407867431640625,2.0407867431640625,2.0407867431640625,3830,0.0,0.0
2018-05-04 00:00:00-04:00,2.055994609689175,2.055994609689175,2.0255806065769004,2.0286216735839844,8580,0.0,0.0
2018-05-07 00:00:00-04:00,2.0681610107421875,2.0681610107421875,2.0681610107421875,2.0681610107421875,306,0.0,0.0
2018-05-08 00:00:00-04:00,2.046870523735609,2.0864086210472568,2.046870523735609,2.083367109298706,21757,0.0,0.0
2018-05-09 00:00:00-04:00,2.049911696858633,2.062077522277832,2.0438291174532313,2.062077522277832,6742,0.0,0.0
2018-05-10 00:00:00-04:00,2.0742433007647434,2.0864089050091197,2.06511920868287,2.077284812927246,17467,0.0,0.0
2018-05-11 00:00:00-04:00,2.107698541062592,2.107698541062592,2.065118931913832,2.0894503593444824,8427,0.0,0.0
2018-05-14 00:00:00-04:00,2.110739421999616,2.125946754026332,2.0924912457351756,2.119863510131836,13636,0.0,0.0
2018-05-15 00:00:00-04:00,2.1289885327252422,2.1289885327252422,2.1076986162895985,2.122905731201172,12257,0.0,0.0
2018-05-16 00:00:00-04:00,2.1259471989143743,2.128988265991211,2.1259471989143743,2.128988265991211,8580,0.0,0.0
2018-05-17 00:00:00-04:00,2.1289888238040025,2.1289888238040025,2.1137819290161133,2.1137819290161133,14096,0.0,0.0
2018-05-18 00:00:00-04:00,2.128988265991211,2.128988265991211,2.128988265991211,2.128988265991211,3064,0.0,0.0
2018-05-22 00:00:00-04:00,2.1289885327252422,2.1563612506849563,2.1168231518798972,2.122905731201172,34627,0.0,0.0
2018-05-23 00:00:00-04:00,2.1411542576825178,2.1411542576825178,2.0681606352376964,2.0955331325531006,25127,0.0,0.0
2018-05-24 00:00:00-04:00,2.092492296444681,2.1229060869589977,2.068160864068129,2.0985748767852783,26506,0.0,0.0
2018-05-25 00:00:00-04:00,2.1137816967289718,2.1137816967289718,2.1107401847839355,2.1107401847839355,5209,0.0,0.0
2018-05-28 00:00:00-04:00,2.1168224436913907,2.119863510131836,2.0985738230215083,2.119863510131836,21910,0.0,0.0
2018-05-29 00:00:00-04:00,2.086408295636449,2.086408295636449,2.052953004837036,2.052953004837036,22216,0.0,0.0
2018-05-30 00:00:00-04:00,2.076019403060327,2.076019403060327,2.0637168884277344,2.0637168884277344,2298,0.048951,0.0
2018-05-31 00:00:00-04:00,2.0790957025844703,2.091397996154915,2.0391126867319604,2.051415205001831,24361,0.0,0.0
2018-06-01 00:00:00-04:00,2.1006258059174554,2.1252306318361405,2.0575677537839767,2.0913991928100586,17007,0.0,0.0
2018-06-04 00:00:00-04:00,2.0760205648249954,2.0913985481969104,2.0575671195983887,2.0575671195983887,25587,0.0,0.0
2018-06-05 00:00:00-04:00,2.0913990420014534,2.0913990420014534,2.0852476674406852,2.0883233547210693,2911,0.0,0.0
2018-06-06 00:00:00-04:00,2.0575671195983887,2.060642356753595,2.0391132249728114,2.0575671195983887,3677,0.0,0.0
2018-06-07 00:00:00-04:00,2.0821716129318917,2.091398221755292,2.0760202407836914,2.0760202407836914,3524,0.0,0.0
2018-06-08 00:00:00-04:00,2.0852467776440653,2.0852467776440653,1.9899038831290476,2.0145082473754883,30184,0.0,0.0
2018-06-11 00:00:00-04:00,2.029886297868889,2.0790959268577915,2.029886297868889,2.0760202407836914,13177,0.0,0.0
2018-06-12 00:00:00-04:00,2.0760202407836914,2.0821716129318917,2.0606420351126404,2.0760202407836914,5516,0.0,0.0
2018-06-13 00:00:00-04:00,2.060642422080652,2.0790963172912598,2.05449149817627,2.0790963172912598,13330,0.0,0.0
2018-06-14 00:00:00-04:00,2.0790960466052577,2.1221540812264768,2.0760203603540104,2.103700637817383,25587,0.0,0.0
2018-06-15 00:00:00-04:00,2.106776114463631,2.1190786361694336,2.1006251906599624,2.1190786361694336,9346,0.0,0.0
2018-06-18 00:00:00-04:00,2.094474880312227,2.094474880312227,2.0913991928100586,2.0913991928100586,6588,0.0,0.0
2018-06-19 00:00:00-04:00,2.091398665783236,2.1252300962838886,2.091398665783236,2.1006252765655518,17007,0.0,0.0
2018-06-20 00:00:00-04:00,2.109852419024852,2.109852419024852,2.0913991928100586,2.0913991928100586,2605,0.0,0.0
2018-06-21 00:00:00-04:00,2.0913986144990084,2.0913986144990084,2.0790963172912598,2.0790963172912598,11491,0.0,0.0
2018-06-22 00:00:00-04:00,2.0698692125509788,2.103700637817383,2.054491230693669,2.103700637817383,19305,0.0,0.0
2018-06-25 00:00:00-04:00,2.0760209938982523,2.091398980448499,2.0667941570281982,2.0667941570281982,35393,0.0,0.0
2018-06-26 00:00:00-04:00,2.0760209938982523,2.0760209938982523,2.0667941570281982,2.0667941570281982,13636,0.0,0.0
2018-06-27 00:00:00-04:00,2.057566727429668,2.057566727429668,2.0145082473754883,2.0145082473754883,39989,0.0,0.0
2018-06-28 00:00:00-04:00,2.0533996053301595,2.065844631887296,2.006731494473275,2.022287607192993,31256,0.048951,0.0
2018-06-29 00:00:00-04:00,2.0253982012492524,2.0253982012492524,2.003619244477474,2.006730556488037,4903,0.0,0.0
2018-07-03 00:00:00-04:00,2.006730331590774,2.006730331590774,1.9662848711013794,1.9662848711013794,16547,0.0,0.0
2018-07-04 00:00:00-04:00,1.9693965215192606,1.984952631491045,1.9693965215192606,1.9725078344345093,8427,0.0,0.0
2018-07-05 00:00:00-04:00,1.9787304602650064,1.984952631491045,1.9725078344345093,1.9725078344345093,9806,0.0,0.0
2018-07-06 00:00:00-04:00,1.9849522118754408,1.9849522118754408,1.938284119127874,1.9600626230239868,20684,0.0,0.0
2018-07-09 00:00:00-04:00,1.9756183469840611,1.9756183469840611,1.9289502632771864,1.9507285356521606,9806,0.0,0.0
2018-07-10 00:00:00-04:00,1.9507290302206648,1.9849523305892944,1.9507290302206648,1.9849523305892944,6588,0.0,0.0
2018-07-11 00:00:00-04:00,1.984951798212446,1.9880631098215726,1.9569509029388428,1.9569509029388428,8733,0.0,0.0
2018-07-12 00:00:00-04:00,1.9693963451800203,1.9693963451800203,1.9351730426877776,1.9445065259933472,7201,0.0,0.0
2018-07-13 00:00:00-04:00,1.9507289623245014,1.9880635738372803,1.9507289623245014,1.9880635738372803,7661,0.0,0.0
2018-07-16 00:00:00-04:00,1.9911751747131348,2.006731514893421,1.984953002324655,1.9911751747131348,10265,0.0,0.0
2018-07-17 00:00:00-04:00,1.9880635528436221,2.003619432449341,1.9880635528436221,2.003619432449341,10265,0.0,0.0
2018-07-18 00:00:00-04:00,2.00361983245184,2.00361983245184,1.991174808059683,1.9973976612091064,6282,0.0,0.0
2018-07-19 00:00:00-04:00,1.9911751747131348,1.9911751747131348,1.984953002324655,1.9911751747131348,6588,0.0,0.0
2018-07-20 00:00:00-04:00,2.0005093425049414,2.0005093425049414,1.9911751747131348,1.9911751747131348,4443,0.0,0.0
2018-07-23 00:00:00-04:00,1.997397353061501,2.003619523344312,1.9849523305892944,1.9849523305892944,6895,0.0,0.0
2018-07-24 00:00:00-04:00,1.991174351250764,2.016064167022705,1.991174351250764,2.016064167022705,15934,0.0,0.0
2018-07-25 00:00:00-04:00,2.016065000778412,2.016065000778412,1.9911751747131348,1.9911751747131348,26200,0.0,0.0
2018-07-26 00:00:00-04:00,2.016065000778412,2.0253991685702184,1.9911751747131348,1.9911751747131348,14862,0.0,0.0
2018-07-27 00:00:00-04:00,2.0005085747512554,2.037842731265417,2.0005085747512554,2.003619432449341,9040,0.0,0.0
2018-07-30 00:00:00-04:00,2.0366728003730197,2.0366728003730197,2.0146372114149287,2.0209333896636963,10265,0.048951,0.0
2018-07-31 00:00:00-04:00,2.0177851327087946,2.027228593826294,1.983158571990026,2.027228593826294,28651,0.0,0.0
2018-08-01 00:00:00-04:00,2.0366728003730197,2.0366728003730197,2.017785415529601,2.0209333896636963,9346,0.0,0.0
2018-08-02 00:00:00-04:00,2.0146375065859434,2.030377149581909,2.008342017356534,2.030377149581909,3830,0.0,0.0
2018-08-03 00:00:00-04:00,2.00204683887635,2.00204683887635,1.9800114732501282,1.9988988637924194,3218,0.0,0.0
2018-08-07 00:00:00-04:00,2.0020458507416072,2.024080975511472,1.9422364234924316,1.9422364234924316,19765,0.0,0.0
2018-08-08 00:00:00-04:00,1.9516797815953177,1.9768628785724596,1.9516797815953177,1.9579752683639526,24668,0.0,0.0
2018-08-09 00:00:00-04:00,1.9579752683639526,1.9579752683639526,1.9579752683639526,1.9579752683639526,0,0.0,0.0
2018-08-10 00:00:00-04:00,1.9516801121952598,1.9516801121952598,1.913905575321085,1.920201063156128,10572,0.0,0.0
2018-08-13 00:00:00-04:00,1.961123677395432,1.961123677395432,1.8855745996611837,1.9044620990753174,84575,0.0,0.0
2018-08-14 00:00:00-04:00,1.8918706325652646,1.951680302619934,1.8918706325652646,1.951680302619934,36465,0.0,0.0
2018-08-15 00:00:00-04:00,1.9107580638901707,1.964272141456604,1.9107580638901707,1.964272141456604,3218,0.0,0.0
2018-08-16 00:00:00-04:00,1.964271619137029,2.0020461573825643,1.964271619137029,1.9705671072006226,30337,0.0,0.0
2018-08-17 00:00:00-04:00,2.008342329082919,2.008342329082919,1.9737157530629132,1.9988988637924194,6129,0.0,0.0
2018-08-20 00:00:00-04:00,2.0272288543273156,2.0272288543273156,1.9768633385943897,1.983158826828003,4750,0.0,0.0
2018-08-21 00:00:00-04:00,2.002046255085139,2.017785435973351,2.002046255085139,2.0146372318267822,3677,0.0,0.0
2018-08-22 00:00:00-04:00,2.0240819745219256,2.033525439812425,1.9988988637924194,1.9988988637924194,10878,0.0,0.0
2018-08-23 00:00:00-04:00,1.9894545193757516,2.027228593826294,1.9800105982971632,2.027228593826294,16394,0.0,0.0
2018-08-24 00:00:00-04:00,2.0240819745219256,2.0240819745219256,1.9988988637924194,1.9988988637924194,3984,0.0,0.0
2018-08-27 00:00:00-04:00,2.0051943539989883,2.008342329082919,1.9988988637924194,1.9988988637924194,7661,0.0,0.0
2018-08-28 00:00:00-04:00,2.0020458080153003,2.0020458080153003,1.9642712763616148,1.9674187898635864,8120,0.0,0.0
2018-08-29 00:00:00-04:00,1.9768634267514824,2.0083417892456055,1.9705672482953724,2.0083417892456055,22982,0.0,0.0
2018-08-30 00:00:00-04:00,2.00356388092041,2.0067493014401445,2.00356388092041,2.00356388092041,766,0.048951,0.0
2018-08-31 00:00:00-04:00,2.0067488408654723,2.0067488408654723,1.978081226348877,1.978081226348877,15322,0.0,0.0
2018-09-04 00:00:00-04:00,1.9748965236752682,1.9748965236752682,1.9303021430969238,1.9303021430969238,1379,0.0,0.0
2018-09-05 00:00:00-04:00,1.9398582550039762,1.9494140533833573,1.9334872961044312,1.9334872961044312,8580,0.0,0.0
2018-09-06 00:00:00-04:00,1.9653409270204536,1.9653409270204536,1.9334872961044312,1.9334872961044312,9193,0.0,0.0
2018-09-07 00:00:00-04:00,1.9303026977944209,1.9303026977944209,1.796519284898673,1.8188164234161377,50102,0.0,0.0
2018-09-10 00:00:00-04:00,1.8283721759271014,1.8315575975020708,1.7296271324157715,1.7296271324157715,112614,0.0,0.0
2018-09-11 00:00:00-04:00,1.7041444603817173,1.7041444603817173,1.5894732475280762,1.5894732475280762,197189,0.0,0.0
2018-09-12 00:00:00-04:00,1.5767318268706634,1.595843539513758,1.4333926439285278,1.4333926439285278,370936,0.0,0.0
2018-09-13 00:00:00-04:00,1.4970990985328523,1.5671760380018223,1.4110955184437521,1.4206513166427612,161643,0.0,0.0
2018-09-14 00:00:00-04:00,1.4333924718538344,1.4843575757886522,1.3728713382073923,1.474801778793335,385491,0.0,0.0
2018-09-17 00:00:00-04:00,1.4684309857911781,1.5353228469127276,1.4684309857911781,1.4811722040176392,50868,0.0,0.0
2018-09-18 00:00:00-04:00,1.4843571349145064,1.5193955898284912,1.4811717150513088,1.5193955898284912,63738,0.0,0.0
2018-09-19 00:00:00-04:00,1.5193958363236086,1.6149553060531616,1.5193958363236086,1.6149553060531616,82124,0.0,0.0
2018-09-20 00:00:00-04:00,1.6245111428824297,1.767850399017334,1.6245111428824297,1.767850399017334,258935,0.0,0.0
2018-09-21 00:00:00-04:00,1.7455532341258162,1.7837771150547623,1.7232561060017582,1.7359974384307861,70479,0.0,0.0
2018-09-24 00:00:00-04:00,1.7869619740846885,1.7869619740846885,1.720070481300354,1.720070481300354,40143,0.0,0.0
2018-09-25 00:00:00-04:00,1.7646652288531046,1.780591984248085,1.7073296308517456,1.7073296308517456,49642,0.0,0.0
2018-09-26 00:00:00-04:00,1.697773272132444,1.723255816349141,1.6850319418450361,1.6914023160934448,39683,0.0,0.0
2018-09-27 00:00:00-04:00,1.7124047512069487,1.7156353370215247,1.6671711206436157,1.6671711206436157,26200,0.048951,0.0
2018-09-28 00:00:00-04:00,1.6413234843950557,1.6413234843950557,1.6090136226681877,1.6283996105194092,14709,0.0,0.0
2018-10-01 00:00:00-04:00,1.6574784379572027,1.6574784379572027,1.5185477751469607,1.5540882349014282,107711,0.0,0.0
2018-10-02 00:00:00-04:00,1.5540882960312474,1.5540882960312474,1.4539286751172813,1.4636213779449463,164401,0.0,0.0
2018-10-03 00:00:00-04:00,1.4539278444292278,1.5347014234125569,1.4539278444292278,1.5088542699813843,63125,0.0,0.0
2018-10-04 00:00:00-04:00,1.5088551320511365,1.5088551320511365,1.4377737376453814,1.4636213779449463,52400,0.0,0.0
2018-10-05 00:00:00-04:00,1.4636215251790379,1.4862381094442254,1.4151572980141227,1.4216194152832031,58222,0.0,0.0
2018-10-09 00:00:00-04:00,1.4151567710574036,1.4410044043323433,1.3957712526452706,1.43777334690094,51940,0.0,0.0
2018-10-10 00:00:00-04:00,1.4151571797809652,1.418388238145558,1.3408451978996914,1.3505383729934692,58222,0.0,0.0
2018-10-11 00:00:00-04:00,1.3279208063842958,1.3343829206212694,1.2277616944915486,1.2439161539077759,102655,0.0,0.0
2018-10-12 00:00:00-04:00,1.276226013673742,1.2891498892342774,1.2600710807041855,1.2859188318252563,42594,0.0,0.0
2018-10-15 00:00:00-04:00,1.2923804153891967,1.2923804153891967,1.2633021983159547,1.2665332555770874,15628,0.0,0.0
2018-10-16 00:00:00-04:00,1.2762256733732626,1.3020734176021358,1.2729946168257897,1.2794562578201294,32635,0.0,0.0
2018-10-17 00:00:00-04:00,1.2891495454876991,1.2923801299345659,1.2600707447113533,1.2794562578201294,49642,0.0,0.0
2018-10-18 00:00:00-04:00,1.2729952407319807,1.2729952407319807,1.23422372341156,1.23422372341156,17007,0.0,0.0
2018-10-19 00:00:00-04:00,1.2439169225104558,1.2956122159957886,1.2439169225104558,1.2956122159957886,55771,0.0,0.0
2018-10-22 00:00:00-04:00,1.3085349572994385,1.3085349572994385,1.2633018214885534,1.2729945182800293,20991,0.0,0.0
2018-10-23 00:00:00-04:00,1.230992333855692,1.2859187729676413,1.230992333855692,1.2665332555770874,19152,0.0,0.0
2018-10-24 00:00:00-04:00,1.2600709444955043,1.2600709444955043,1.211606740951538,1.211606740951538,37078,0.0,0.0
2018-10-25 00:00:00-04:00,1.2083764321283708,1.2083764321283708,1.1728359627158003,1.201914668083191,27119,0.0,0.0
2018-10-26 00:00:00-04:00,1.1954525796707964,1.1954525796707964,1.1308338753859515,1.159912109375,48263,0.0,0.0
2018-10-29 00:00:00-04:00,1.1954521747846163,1.2083760528947087,1.1340640783309937,1.1340640783309937,34627,0.0,0.0
2018-10-30 00:00:00-04:00,1.1469877462632445,1.1954520787382024,1.1243711679317812,1.1631426811218262,99590,0.0,0.0
2018-10-31 00:00:00-04:00,1.1825282399392363,1.2245309303007386,1.1663738946837996,1.1889904737472534,29264,0.0,0.0
2018-11-01 00:00:00-04:00,1.172835177397034,1.1922211647033691,1.172835177397034,1.1922211647033691,2911,0.0,0.0
2018-11-02 00:00:00-04:00,1.2277617729677355,1.2568399906158447,1.2277617729677355,1.2568399906158447,18999,0.0,0.0
2018-11-05 00:00:00-05:00,1.26976384073751,1.2762259552597757,1.2633021983159547,1.2665332555770874,10572,0.0,0.0
2018-11-06 00:00:00-05:00,1.2439161539077759,1.2471472110262627,1.2439161539077759,1.2439161539077759,6129,0.0,0.0
2018-11-07 00:00:00-05:00,1.2633021983159547,1.2665332555770874,1.2600710230296444,1.2665332555770874,766,0.0,0.0
2018-11-08 00:00:00-05:00,1.2891497240039376,1.3085352397971415,1.2891497240039376,1.30207359790802,34933,0.0,0.0
2018-11-09 00:00:00-05:00,1.3020738947641948,1.3149976535895609,1.2729950833315369,1.2826879024505615,37691,0.0,0.0
2018-11-12 00:00:00-05:00,1.2439162657598117,1.2859188318252563,1.2439162657598117,1.2859188318252563,15322,0.0,0.0
2018-11-13 00:00:00-05:00,1.2923805713653564,1.2923805713653564,1.2923805713653564,1.2923805713653564,16701,0.0,0.0
2018-11-14 00:00:00-05:00,1.2859186604566715,1.2859186604566715,1.2633020877838135,1.2633020877838135,51634,0.0,0.0
2018-11-15 00:00:00-05:00,1.2536094053915545,1.2568399906158447,1.240685648192235,1.2568399906158447,23748,0.0,0.0
2018-11-16 00:00:00-05:00,1.2568403633559775,1.2891502380371094,1.2568403633559775,1.2891502380371094,4596,0.0,0.0
2018-11-19 00:00:00-05:00,1.2891498557148633,1.2891498557148633,1.2568399906158447,1.2568399906158447,1379,0.0,0.0
2018-11-20 00:00:00-05:00,1.2406855851062382,1.2406855851062382,1.195451847082751,1.1986829042434692,16088,0.0,0.0
2018-11-21 00:00:00-05:00,1.2019139456946883,1.2503782681447495,1.2019139456946883,1.2439161539077759,50868,0.0,0.0
2018-11-22 00:00:00-05:00,1.2342238740111884,1.2600715160369873,1.2342238740111884,1.2600715160369873,3064,0.0,0.0
2018-11-23 00:00:00-05:00,1.2600709673995205,1.2600709673995205,1.2439161539077759,1.2439161539077759,5209,0.0,0.0
2018-11-26 00:00:00-05:00,1.2536093252632363,1.2600709673995205,1.2439161539077759,1.2439161539077759,10725,0.0,0.0
2018-11-27 00:00:00-05:00,1.2342232548949368,1.2342232548949368,1.2309921979904175,1.2309921979904175,4903,0.0,0.0
2018-11-28 00:00:00-05:00,1.1599118884338637,1.2600715160369873,1.1599118884338637,1.2600715160369873,11951,0.0,0.0
2018-11-29 00:00:00-05:00,1.269764337537203,1.2891503346133055,1.2600715160369873,1.2600715160369873,7967,0.0,0.0
2018-11-30 00:00:00-05:00,1.2503782284139302,1.2988425493240356,1.2503782284139302,1.2988425493240356,13789,0.0,0.0
2018-12-03 00:00:00-05:00,1.3085350585964752,1.3085350585964752,1.2762256733732626,1.2794562578201294,35546,0.0,0.0
2018-12-04 00:00:00-05:00,1.2665330741513496,1.2665330741513496,1.2019138265879803,1.205145001411438,5516,0.0,0.0
2018-12-05 00:00:00-05:00,1.2148380188908645,1.243916357463941,1.2148380188908645,1.218069076538086,11185,0.0,0.0
2018-12-06 00:00:00-05:00,1.1696046225371315,1.1696046225371315,1.1146781882098946,1.1405258178710938,49642,0.0,0.0
2018-12-07 00:00:00-05:00,1.1502191154612091,1.1502191154612091,1.1049858331680298,1.1049858331680298,18692,0.0,0.0
2018-12-10 00:00:00-05:00,1.0985236565191665,1.0985236565191665,1.0306737957971843,1.0500593185424805,17160,0.0,0.0
2018-12-11 00:00:00-05:00,0.9692856087616155,1.088830736668134,0.9692856087616155,1.0435975790023804,34320,0.0,0.0
2018-12-12 00:00:00-05:00,1.0532903985021846,1.0726763915773916,1.0435975790023804,1.0435975790023804,10419,0.0,0.0
2018-12-13 00:00:00-05:00,1.0500589462101817,1.0532901212433023,1.0145184993743896,1.0145184993743896,3371,0.0,0.0
2018-12-14 00:00:00-05:00,1.004826088066278,1.004826088066278,0.8723570797543692,0.8885120153427124,36465,0.0,0.0
2018-12-17 00:00:00-05:00,0.8982043592977784,0.8982043592977784,0.8206613063812256,0.8206613063812256,26660,0.0,0.0
2018-12-18 00:00:00-05:00,0.7754282206762971,0.882049490370705,0.7754282206762971,0.8432779908180237,27732,0.0,0.0
2018-12-19 00:00:00-05:00,0.8400472468535225,0.9143591752064457,0.8400472468535225,0.8594327569007874,29724,0.0,0.0
2018-12-20 00:00:00-05:00,0.8238930598691036,0.8400480004725277,0.8077381192656795,0.8271241188049316,53319,0.0,0.0
2018-12-21 00:00:00-05:00,0.7883522322247334,0.7948139340605832,0.7043475118046175,0.7172713875770569,82890,0.0,0.0
2018-12-24 00:00:00-05:00,0.7108093405587983,0.7431192127967526,0.6784999994342709,0.7140403985977173,37538,0.0,0.0
2018-12-27 00:00:00-05:00,0.7463499458562981,0.7592737674713135,0.7140405393502964,0.7592737674713135,76302,0.0,0.0
2018-12-28 00:00:00-05:00,0.7851211830789383,0.823892692781749,0.7495807308723503,0.8109688758850098,32482,0.0,0.0
2018-12-31 00:00:00-05:00,0.8497403371711801,0.9014356608252256,0.8497403371711801,0.8852807283401489,72318,0.0,0.0
2019-01-02 00:00:00-05:00,0.8691256172107127,0.9046659986613872,0.8562017455717107,0.8658950328826904,44126,0.0,0.0
2019-01-03 00:00:00-05:00,0.8562018043313916,0.859432919994322,0.8432779908180237,0.8432779908180237,7508,0.0,0.0
2019-01-04 00:00:00-05:00,0.8788191535430275,0.9208212494850159,0.8788191535430275,0.9208212494850159,14556,0.0,0.0
2019-01-07 00:00:00-05:00,0.9240529177859649,0.9595933329140919,0.9175907397927269,0.9499005675315857,9193,0.0,0.0
2019-01-08 00:00:00-05:00,0.969285786151886,0.9789785484129758,0.9466692031799184,0.969285786151886,15475,0.0,0.0
2019-01-09 00:00:00-05:00,0.982210002451531,1.0662147183267983,0.982210002451531,1.056522011756897,20837,0.0,0.0
2019-01-10 00:00:00-05:00,1.085599422454834,1.085599422454834,1.0662139060581453,1.085599422454834,11951,0.0,0.0
2019-01-11 00:00:00-05:00,1.07913783167171,1.07913783167171,1.0532901998551434,1.069445013999939,8580,0.0,0.0
2019-01-14 00:00:00-05:00,1.0662139741337482,1.0726762067624833,1.0500590417003952,1.0629829168319702,15628,0.0,0.0
2019-01-15 00:00:00-05:00,1.066213869565632,1.0985232591629028,1.0597522276965128,1.0985232591629028,34167,0.0,0.0
2019-01-16 00:00:00-05:00,1.1082166537214768,1.163142503244402,1.1082166537214768,1.1437569856643677,29111,0.0,0.0
2019-01-17 00:00:00-05:00,1.1502184709148806,1.1728350403752463,1.1308329579740033,1.1566805839538574,37385,0.0,0.0
2019-01-18 00:00:00-05:00,1.1792978242400418,1.2116072275621392,1.1792978242400418,1.208376169204712,26047,0.0,0.0
2019-01-21 00:00:00-05:00,1.2277622974618785,1.2406861782073975,1.2245312387565759,1.2406861782073975,3524,0.0,0.0
2019-01-22 00:00:00-05:00,1.2406854838308032,1.2406854838308032,1.1534496621913561,1.1922211647033691,19918,0.0,0.0
2019-01-23 00:00:00-05:00,1.201913809107517,1.2245304982156981,1.1696045398712158,1.1696045398712158,4903,0.0,0.0
2019-01-24 00:00:00-05:00,1.1437571462596487,1.153449965423227,1.1243711538569066,1.130833387374878,16241,0.0,0.0
2019-01-25 00:00:00-05:00,1.121140378061019,1.121140378061019,1.0597522977196516,1.1146782636642456,19152,0.0,0.0
2019-01-28 00:00:00-05:00,1.0920617973279823,1.0952928548455396,1.0629829878210861,1.079137921333313,22216,0.0,0.0
2019-01-29 00:00:00-05:00,1.0952930039974316,1.114678525566298,1.0952930039974316,1.1082168817520142,14556,0.0,0.0
2019-01-30 00:00:00-05:00,1.1049858331680298,1.1082170095233175,1.1049858331680298,1.1049858331680298,5669,0.0,0.0
2019-01-31 00:00:00-05:00,1.0985232591629028,1.0985232591629028,1.0985232591629028,1.0985232591629028,613,0.0,0.0
2019-02-01 00:00:00-05:00,1.0985235114608491,1.1114473882931524,1.085599634628546,1.0952929258346558,14402,0.0,0.0
2019-02-04 00:00:00-05:00,1.0985230409993691,1.1114469122968011,1.0920614004135132,1.0920614004135132,11185,0.0,0.0
2019-02-05 00:00:00-05:00,1.111447595752522,1.111447595752522,1.0920620719486118,1.1049858331680298,1839,0.0,0.0
2019-02-06 00:00:00-05:00,1.1146787060747534,1.1243714094161987,1.0952931813666407,1.1243714094161987,28805,0.0,0.0
2019-02-07 00:00:00-05:00,1.104985691741386,1.1114474534988403,1.0629831190785193,1.1114474534988403,9653,0.0,0.0
2019-02-08 00:00:00-05:00,1.0952927382100293,1.11790931224823,1.0694449889731654,1.11790931224823,26506,0.0,0.0
2019-02-11 00:00:00-05:00,1.124371074226501,1.124371074226501,1.0759068638157554,1.079137921333313,37998,0.0,0.0
2019-02-12 00:00:00-05:00,1.1146782962061905,1.1566808607596886,1.1146782962061905,1.1437569856643677,8274,0.0,0.0
2019-02-13 00:00:00-05:00,1.1469875373711844,1.1469875373711844,1.1146782636642456,1.1146782636642456,17926,0.0,0.0
2019-02-14 00:00:00-05:00,1.1114471312302234,1.1728352074161337,1.1114471312302234,1.1405258178710938,13789,0.0,0.0
2019-02-15 00:00:00-05:00,1.1502189141675827,1.1857593693264545,1.1502189141675827,1.1663738489151,23748,0.0,0.0
2019-02-19 00:00:00-05:00,1.166373806535226,1.218069076538086,1.166373806535226,1.218069076538086,14096,0.0,0.0
2019-02-20 00:00:00-05:00,1.2116070136018484,1.282687924408567,1.2116070136018484,1.2762261629104614,51174,0.0,0.0
2019-02-21 00:00:00-05:00,1.2762264545877944,1.2891503346133055,1.2600715160369873,1.2600715160369873,13789,0.0,0.0
2019-02-22 00:00:00-05:00,1.2600707447113533,1.2794562578201294,1.2600707447113533,1.2794562578201294,3984,0.0,0.0
2019-02-25 00:00:00-05:00,1.2665332654247705,1.340844750404358,1.2665332654247705,1.340844750404358,36925,0.0,0.0
2019-02-26 00:00:00-05:00,1.350538071924263,1.3699235916137695,1.347307014279955,1.3699235916137695,55464,0.0,0.0
2019-02-27 00:00:00-05:00,1.382847547531128,1.382847547531128,1.3440760338247348,1.382847547531128,4750,0.0,0.0
2019-02-28 00:00:00-05:00,1.3020745042067166,1.3602315641667628,1.3020745042067166,1.3149982690811157,55464,0.0,0.0
2019-03-01 00:00:00-05:00,1.344076256264284,1.3634622523761863,1.344076256264284,1.3505383729934692,39223,0.0,0.0
2019-03-04 00:00:00-05:00,1.389309181822634,1.3957714154644552,1.3763854226901768,1.3860785961151123,36772,0.0,0.0
2019-03-05 00:00:00-05:00,1.3666926308189369,1.3796165082364331,1.3408449940091443,1.3763854503631592,22982,0.0,0.0
2019-03-06 00:00:00-05:00,1.3602313892916613,1.3763858572572971,1.3602313892916613,1.3634624481201172,4443,0.0,0.0
2019-03-07 00:00:00-05:00,1.3569996827600987,1.3569996827600987,1.340844750404358,1.340844750404358,6895,0.0,0.0
2019-03-08 00:00:00-05:00,1.3311526670510843,1.3343837261199951,1.3020744337085675,1.3343837261199951,18846,0.0,0.0
2019-03-11 00:00:00-04:00,1.3408448901442012,1.3763853437451703,1.3408448901442012,1.373154640197754,40449,0.0,0.0
2019-03-12 00:00:00-04:00,1.3893097639083862,1.3990030594197655,1.3731552942748946,1.3893097639083862,22523,0.0,0.0
2019-03-13 00:00:00-04:00,1.3796164269657893,1.4054640622529457,1.3796164269657893,1.4022330045700073,36312,0.0,0.0
2019-03-14 00:00:00-04:00,1.3893097639083862,1.3893097639083862,1.3893097639083862,1.3893097639083862,153,0.0,0.0
2019-03-15 00:00:00-04:00,1.3602311700647756,1.392540454864502,1.3602311700647756,1.392540454864502,13789,0.0,0.0
2019-03-18 00:00:00-04:00,1.4086947524064934,1.447466254234314,1.4086947524064934,1.447466254234314,21910,0.0,0.0
2019-03-19 00:00:00-04:00,1.4539287398033125,1.5347023685295291,1.4539287398033125,1.5153168439865112,54392,0.0,0.0
2019-03-20 00:00:00-04:00,1.5185469672712175,1.5347014234125569,1.5088542699813843,1.5088542699813843,34167,0.0,0.0
2019-03-21 00:00:00-04:00,1.4668519289233903,1.4733136892318726,1.4636208717313868,1.4733136892318726,25587,0.0,0.0
2019-03-22 00:00:00-04:00,1.4862383520880411,1.4862383520880411,1.3763859993611978,1.3893097639083862,58682,0.0,0.0
2019-03-25 00:00:00-04:00,1.3860785271712417,1.389309112718073,1.3246904382951332,1.331152081489563,32175,0.0,0.0
2019-03-26 00:00:00-04:00,1.3149973390283678,1.356999545163438,1.3149973390283678,1.347306728363037,7201,0.0,0.0
2019-03-27 00:00:00-04:00,1.3505385668819978,1.3796169160857532,1.3505385668819978,1.3634624481201172,8887,0.0,0.0
2019-03-28 00:00:00-04:00,1.3505387059150156,1.3699242347047769,1.3246910588030911,1.357000470161438,8274,0.0,0.0
2019-03-29 00:00:00-04:00,1.3602315293225198,1.3634625884836014,1.357000470161438,1.357000470161438,5056,0.0,0.0
2019-04-01 00:00:00-04:00,1.3634618585830756,1.43777334690094,1.3634618585830756,1.43777334690094,31562,0.0,0.0
2019-04-02 00:00:00-04:00,1.428080551062904,1.4377733694334665,1.428080551062904,1.4313117265701294,7814,0.0,0.0
2019-04-03 00:00:00-04:00,1.444235686991595,1.489468963757959,1.444235686991595,1.47977614402771,35546,0.0,0.0
2019-04-04 00:00:00-04:00,1.4765448259426341,1.4862375259399414,1.4765448259426341,1.4862375259399414,7354,0.0,0.0
2019-04-05 00:00:00-04:00,1.5023925480672382,1.534701943397522,1.5023925480672382,1.534701943397522,17160,0.0,0.0
2019-04-08 00:00:00-04:00,1.5347015624372304,1.544394850730896,1.5347015624372304,1.544394850730896,4903,0.0,0.0
2019-04-09 00:00:00-04:00,1.5347022236251586,1.5347022236251586,1.5185477590606828,1.5217783451080322,5363,0.0,0.0
2019-04-10 00:00:00-04:00,1.52177806724022,1.534701943397522,1.52177806724022,1.534701943397522,5056,0.0,0.0
2019-04-11 00:00:00-04:00,1.5540883531913003,1.5993215188351069,1.5540883531913003,1.58962881565094,52553,0.0,0.0
2019-04-12 00:00:00-04:00,1.602552436226344,1.6348617170094226,1.5993212602951137,1.6316306591033936,54851,0.0,0.0
2019-04-15 00:00:00-04:00,1.6445542399147932,1.651016354560852,1.6348614220212445,1.651016354560852,11951,0.0,0.0
2019-04-16 00:00:00-04:00,1.6704017355155445,1.7124042970230855,1.6704017355155445,1.6962493658065796,32482,0.0,0.0
2019-04-17 00:00:00-04:00,1.7350210109893738,1.7447137101907642,1.6768639896048305,1.7285587787628174,37538,0.0,0.0
2019-04-18 00:00:00-04:00,1.7447144311205727,1.7673310139945682,1.7447144311205727,1.7640999555587769,23902,0.0,0.0
2019-04-22 00:00:00-04:00,1.7608689722782,1.7931783691005296,1.7479450955240745,1.777023434638977,63431,0.0,0.0
2019-04-23 00:00:00-04:00,1.7867165506518405,1.7867165506518405,1.757637858390808,1.757637858390808,18846,0.0,0.0
2019-04-24 00:00:00-04:00,1.754407116613065,1.7608693514446199,1.6477858480903278,1.735021710395813,68334,0.0,0.0
2019-04-25 00:00:00-04:00,1.7027116880113533,1.7220972052109544,1.7027116880113533,1.7059422731399536,31869,0.0,0.0
2019-04-26 00:00:00-04:00,1.7124044486812915,1.7124044486812915,1.6800947014119538,1.6865568161010742,45352,0.0,0.0
2019-04-29 00:00:00-04:00,1.7111422402725067,1.7209762334823608,1.7013082470626526,1.7209762334823608,4290,0.048951,0.0
2019-04-30 00:00:00-04:00,1.7209764498083324,1.7275328851731575,1.7045861397432072,1.7242547273635864,61133,0.0,0.0
2019-05-01 00:00:00-04:00,1.7373668796191404,1.7373668796191404,1.7242547273635864,1.7242547273635864,11798,0.0,0.0
2019-05-02 00:00:00-04:00,1.7570349813208939,1.7570349813208939,1.6881961822509763,1.6881961822509766,4290,0.0,0.0
2019-05-03 00:00:00-04:00,1.6783625048840485,1.6783625048840485,1.6160795262158123,1.6226353645324707,85954,0.0,0.0
2019-05-06 00:00:00-04:00,1.5964110248846393,1.5964110248846393,1.5242939253784764,1.5734647512435913,74616,0.0,0.0
2019-05-07 00:00:00-04:00,1.5636304517870527,1.5636304517870527,1.5111815929412842,1.5111815929412842,30337,0.0,0.0
2019-05-08 00:00:00-04:00,1.5111813814103907,1.5439616441726685,1.5111813814103907,1.5439616441726685,9193,0.0,0.0
2019-05-09 00:00:00-04:00,1.5210149288177492,1.530849519658806,1.5079026599275087,1.521014928817749,9959,0.0,0.0
2019-05-10 00:00:00-04:00,1.5079033151892007,1.5111815933912367,1.4161182312917489,1.4751230478286743,25894,0.0,0.0
2019-05-13 00:00:00-04:00,1.4325084740757033,1.4325084740757033,1.3669472295880187,1.3767813444137573,29724,0.0,0.0
2019-05-14 00:00:00-04:00,1.3833376979251504,1.4554547814253322,1.3833376979251504,1.4259520769119263,19765,0.0,0.0
2019-05-15 00:00:00-04:00,1.4161183095027718,1.4161183095027718,1.406284192827772,1.4095618724822998,1992,0.0,0.0
2019-05-16 00:00:00-04:00,1.425952076911926,1.425952076911926,1.425952076911926,1.4259520769119263,0,0.0,0.0
2019-05-17 00:00:00-04:00,1.3997276249163773,1.3997276249163773,1.3800595148338821,1.3931716680526733,2911,0.0,0.0
2019-05-21 00:00:00-04:00,1.4030057556094402,1.5079030990600586,1.4030057556094402,1.5079030990600586,63891,0.0,0.0
2019-05-22 00:00:00-04:00,1.4915131248928506,1.4915131248928506,1.4554545879364014,1.4554545879364014,11185,0.0,0.0
2019-05-23 00:00:00-04:00,1.422673949253672,1.422673949253672,1.3931717230915632,1.403005838394165,12870,0.0,0.0
2019-05-24 00:00:00-04:00,1.412839173905362,1.471843957901001,1.412839173905362,1.471843957901001,9040,0.0,0.0
2019-05-27 00:00:00-04:00,1.448897581749565,1.4947902144018623,1.448897581749565,1.4915125370025635,22523,0.0,0.0
2019-05-28 00:00:00-04:00,1.5013465271655044,1.5013465271655044,1.4915125370025635,1.4915125370025635,1992,0.0,0.0
2019-05-29 00:00:00-04:00,1.4620104243015497,1.4620104243015497,1.4488981528428642,1.4554545879364014,10878,0.0,0.0
2019-05-30 00:00:00-04:00,1.4554546665078092,1.4554546665078092,1.4062838554382324,1.4062838554382324,12257,0.0,0.0
2019-05-31 00:00:00-04:00,1.3964498540923702,1.3964498540923702,1.3505571853551739,1.3538353443145752,14556,0.0,0.0
2019-06-03 00:00:00-04:00,1.3800593260336227,1.3800593260336227,1.3669470548629763,1.366947054862976,55617,0.0,0.0
2019-06-04 00:00:00-04:00,1.376780995462404,1.4357857892074937,1.376780995462404,1.432508111000061,12717,0.0,0.0
2019-06-05 00:00:00-04:00,1.376780995462404,1.4357857892074937,1.376780995462404,1.432508111000061,12717,0.0,0.0
2019-06-06 00:00:00-04:00,1.445619897821724,1.4521763324737549,1.445619897821724,1.4521763324737549,2298,0.0,0.0
2019-06-07 00:00:00-04:00,1.465288921849065,1.465288921849065,1.4587326049804688,1.4587326049804688,10265,0.0,0.0
2019-06-10 00:00:00-04:00,1.458732695348725,1.4685671712608637,1.4030060341903925,1.4095618724822998,10265,0.0,0.0
2019-06-11 00:00:00-04:00,1.435785732829855,1.435785732829855,1.4226734638214111,1.4226734638214111,306,0.0,0.0
2019-06-12 00:00:00-04:00,1.4161180559312492,1.4161180559312492,1.3931716680526731,1.3931716680526733,7814,0.0,0.0
2019-06-13 00:00:00-04:00,1.3931716680526731,1.3931716680526731,1.3931716680526731,1.3931716680526733,306,0.0,0.0
2019-06-14 00:00:00-04:00,1.3767814111748642,1.4030058383941648,1.3767814111748642,1.403005838394165,69866,0.0,0.0
2019-06-17 00:00:00-04:00,1.4062839965740617,1.4062839965740617,1.4030058383941648,1.403005838394165,5516,0.0,0.0
2019-06-18 00:00:00-04:00,1.39317170731179,1.4784010648727417,1.39317170731179,1.4784010648727417,24208,0.0,0.0
2019-06-19 00:00:00-04:00,1.4882352778054866,1.491513556173028,1.4816794395446777,1.4816794395446777,2758,0.0,0.0
2019-06-20 00:00:00-04:00,1.475123047828674,1.475123047828674,1.468567090153134,1.4751230478286743,12104,0.0,0.0
2019-06-21 00:00:00-04:00,1.4816791814742054,1.4980691335086556,1.4816791814742054,1.4849568605422974,22982,0.0,0.0
2019-06-24 00:00:00-04:00,1.475123047828674,1.475123047828674,1.468567090153134,1.4751230478286743,10725,0.0,0.0
2019-06-25 00:00:00-04:00,1.4685664384423054,1.4685664384423054,1.4456196986682714,1.4652882814407349,1992,0.0,0.0
2019-06-26 00:00:00-04:00,1.4554547512589493,1.4554547512589493,1.4488983154296875,1.4488983154296875,3371,0.0,0.0
2019-06-27 00:00:00-04:00,1.448898345460179,1.448898345460179,1.425952076911926,1.4259520769119263,23902,0.0,0.0
2019-06-28 00:00:00-04:00,1.4161180184817599,1.4357861280441284,1.4161180184817599,1.4357861280441284,15322,0.0,0.0
2019-07-02 00:00:00-04:00,1.4390645018376322,1.5210155893245196,1.4390645018376322,1.5111815929412842,44279,0.0,0.0
2019-07-03 00:00:00-04:00,1.5177377125233635,1.5177377125233635,1.5046254396438599,1.5046254396438599,11185,0.0,0.0
2019-07-04 00:00:00-04:00,1.5046254396438599,1.507903118690241,1.5046254396438599,1.5046254396438599,13177,0.0,0.0
2019-07-05 00:00:00-04:00,1.511181462508753,1.527571774388021,1.4751229200691984,1.494791030883789,22523,0.0,0.0
2019-07-08 00:00:00-04:00,1.4882341993098118,1.4882341993098118,1.4554539540495912,1.4620097875595093,4596,0.0,0.0
2019-07-09 00:00:00-04:00,1.4751236557056961,1.524294376373291,1.4751236557056961,1.524294376373291,19458,0.0,0.0
2019-07-10 00:00:00-04:00,1.5177376927651525,1.5177376927651525,1.5079030990600586,1.5079030990600586,5209,0.0,0.0
2019-07-11 00:00:00-04:00,1.5079029858081654,1.5079029858081654,1.4882348775863645,1.4882348775863647,12104,0.0,0.0
2019-07-12 00:00:00-04:00,1.4685669044433256,1.4685669044433256,1.4259520473570289,1.4488983154296875,12717,0.0,0.0
2019-07-15 00:00:00-04:00,1.439064383506775,1.439064383506775,1.432508546117964,1.439064383506775,6742,0.0,0.0
2019-07-16 00:00:00-04:00,1.4554549353106407,1.475123047828674,1.4488984986522753,1.4751230478286743,8887,0.0,0.0
2019-07-17 00:00:00-04:00,1.4751231474998505,1.4751231474998505,1.393171934705573,1.442342758178711,10725,0.0,0.0
2019-07-18 00:00:00-04:00,1.4521762159208778,1.4521762159208778,1.4226735196841827,1.432508111000061,5209,0.0,0.0
2019-07-19 00:00:00-04:00,1.4292302053988142,1.4488983154296875,1.4292302053988142,1.4488983154296875,2911,0.0,0.0
2019-07-22 00:00:00-04:00,1.3571129278611085,1.445619821548462,1.3571129278611085,1.445619821548462,1839,0.0,0.0
2019-07-23 00:00:00-04:00,1.448897581749565,1.4915125370025635,1.448897581749565,1.4915125370025635,11644,0.0,0.0
2019-07-24 00:00:00-04:00,1.4423416883016273,1.4652879438057196,1.4423416883016273,1.4620097875595093,10725,0.0,0.0
2019-07-25 00:00:00-04:00,1.445620220895586,1.445620220895586,1.4357862253209766,1.439064383506775,24361,0.0,0.0
2019-07-26 00:00:00-04:00,1.4161176286813275,1.4226734638214111,1.4161176286813275,1.4226734638214111,5363,0.0,0.0
2019-07-29 00:00:00-04:00,1.425952076911926,1.425952076911926,1.425952076911926,1.4259520769119263,10419,0.0,0.0
2019-07-30 00:00:00-04:00,1.4193959778933491,1.4193959778933491,1.3538347437214349,1.3735028505325317,6588,0.0,0.0
2019-07-31 00:00:00-04:00,1.3767814623732486,1.3767814623732486,1.340722918510437,1.340722918510437,14862,0.0,0.0
2019-08-01 00:00:00-04:00,1.3374447400036007,1.3374447400036007,1.2718840837478638,1.2718840837478638,20991,0.0,0.0
2019-08-02 00:00:00-04:00,1.268605273455309,1.2817175416648718,1.2456590136434584,1.2620489597320557,13789,0.0,0.0
2019-08-06 00:00:00-04:00,1.2358250706747305,1.2358250706747305,1.1473176972473733,1.196488380432129,34014,0.0,0.0
2019-08-07 00:00:00-04:00,1.1866545346478188,1.2292689085006712,1.1866545346478188,1.2292689085006714,3984,0.0,0.0
2019-08-08 00:00:00-04:00,1.2391033475258642,1.2653279001853175,1.2391033475258642,1.2522156238555908,33401,0.0,0.0
2019-08-09 00:00:00-04:00,1.2620492881918495,1.2620492881918495,1.2259907507858743,1.2292689085006714,5056,0.0,0.0
2019-08-12 00:00:00-04:00,1.2358254053721376,1.2522153581327142,1.1833765506744387,1.1833765506744385,34627,0.0,0.0
2019-08-13 00:00:00-04:00,1.1800981723189683,1.278439676700075,1.1800981723189683,1.2358253002166748,39070,0.0,0.0
2019-08-14 00:00:00-04:00,1.2096009089323136,1.2096009089323136,1.147317942440962,1.1571519374847412,8120,0.0,0.0
2019-08-15 00:00:00-04:00,1.1276490272191888,1.1637074376765544,1.1276490272191888,1.1342053413391113,14709,0.0,0.0
2019-08-16 00:00:00-04:00,1.1145367526157939,1.1997659618507854,1.1145367526157939,1.1735420227050781,24515,0.0,0.0
2019-08-19 00:00:00-04:00,1.1932108119371148,1.278440070114249,1.1932108119371148,1.2325475215911865,11185,0.0,0.0
2019-08-20 00:00:00-04:00,1.2391029375427611,1.2587716448938537,1.2391029375427611,1.24238121509552,7661,0.0,0.0
2019-08-21 00:00:00-04:00,1.2325471073207523,1.2325471073207523,1.212878519613063,1.2227131128311157,29111,0.0,0.0
2019-08-22 00:00:00-04:00,1.2128786045163895,1.2128786045163895,1.196488652468235,1.2096009254455566,13636,0.0,0.0
2019-08-23 00:00:00-04:00,1.216156486062101,1.2194346433703713,1.196488380432129,1.196488380432129,33554,0.0,0.0
2019-08-26 00:00:00-04:00,1.1768199043622198,1.1768199043622198,1.1604299545288088,1.1604299545288086,1226,0.0,0.0
2019-08-27 00:00:00-04:00,1.1768201033381398,1.1768201033381398,1.1571519925686304,1.166986107826233,18846,0.0,0.0
2019-08-28 00:00:00-04:00,1.1571517070661224,1.2128783464431763,1.1571517070661224,1.2128783464431763,20225,0.0,0.0
2019-08-29 00:00:00-04:00,1.2227133507377728,1.271884051227332,1.2227133507377728,1.2587718963623047,10572,0.0,0.0
2019-08-30 00:00:00-04:00,1.2653272889298948,1.3210544064740974,1.2653272889298948,1.2915517091751099,29417,0.0,0.0
2019-09-03 00:00:00-04:00,1.2817183122955347,1.2817183122955347,1.239103325183041,1.2554937601089478,12257,0.0,0.0
2019-09-04 00:00:00-04:00,1.2653272889298948,1.3112198148041083,1.2653272889298948,1.2915517091751099,6742,0.0,0.0
2019-09-05 00:00:00-04:00,1.2915525274688628,1.3997281948037636,1.2915525274688628,1.380060076713562,28498,0.0,0.0
2019-09-06 00:00:00-04:00,1.3898935674138533,1.439064383506775,1.3898935674138533,1.439064383506775,21450,0.0,0.0
2019-09-09 00:00:00-04:00,1.4456202019192441,1.4784010648727417,1.4456202019192441,1.4784010648727417,4290,0.0,0.0
2019-09-10 00:00:00-04:00,1.4882349893610736,1.521015371768864,1.4816791523708939,1.5079030990600586,24361,0.0,0.0
2019-09-11 00:00:00-04:00,1.5275721646759,1.606245107017632,1.5275721646759,1.596411108970642,16547,0.0,0.0
2019-09-12 00:00:00-04:00,1.5865768358369678,1.6718062075995914,1.5669088416686716,1.6554157733917236,114912,0.0,0.0
2019-09-13 00:00:00-04:00,1.6750837063565926,1.7209762334823608,1.6750837063565926,1.7209762334823608,80132,0.0,0.0
2019-09-16 00:00:00-04:00,1.7013084542004524,1.7209764430147787,1.6652499158943372,1.6881961822509766,18692,0.0,0.0
2019-09-17 00:00:00-04:00,1.6324696708009871,1.7176989316940308,1.6324696708009871,1.7176989316940308,22982,0.0,0.0
2019-09-18 00:00:00-04:00,1.7176979402042651,1.7373665237964044,1.6980298355947587,1.7045857906341553,23748,0.0,0.0
2019-09-19 00:00:00-04:00,1.7045864203794945,1.7635917139722965,1.7045864203794945,1.753757119178772,57762,0.0,0.0
2019-09-20 00:00:00-04:00,1.7439229198051434,1.78981545490494,1.7439229198051434,1.7668691873550415,56843,0.0,0.0
2019-09-23 00:00:00-04:00,1.7701472319617653,1.7701472319617653,1.737366851846883,1.7472009658813477,33861,0.0,0.0
2019-09-24 00:00:00-04:00,1.737366851846883,1.7570349601701316,1.72425469980093,1.7472009658813477,30337,0.0,0.0
2019-09-25 00:00:00-04:00,1.7340885444387055,1.7373667019129713,1.707864122864274,1.7144204378128052,33861,0.0,0.0
2019-09-26 00:00:00-04:00,1.704585928848566,1.704585928848566,1.6881959800482849,1.701308250427246,32635,0.0,0.0
2019-09-27 00:00:00-04:00,1.7129501104354858,1.7129501104354858,1.692993123470547,1.7129501104354858,14556,0.048951,0.0
2019-09-30 00:00:00-04:00,1.7096239631909849,1.7595156431198122,1.7029718769021884,1.759515643119812,76761,0.0,0.0
2019-10-01 00:00:00-04:00,1.7462103017203434,1.7462103017203434,1.6131659641923484,1.6231441497802734,94075,0.0,0.0
2019-10-02 00:00:00-04:00,1.6031881889950035,1.6031881889950035,1.5100566844217924,1.5133830308914185,43207,0.0,0.0
2019-10-03 00:00:00-04:00,1.5200355052947998,1.5200355052947998,1.5067309654587107,1.5200355052947998,5669,0.0,0.0
2019-10-04 00:00:00-04:00,1.5300130472602556,1.549970030784607,1.5167086345803258,1.549970030784607,9959,0.0,0.0
2019-10-07 00:00:00-04:00,1.549970992829167,1.583232045173645,1.5366665718913757,1.583232045173645,10419,0.0,0.0
2019-10-08 00:00:00-04:00,1.5732537577344512,1.5732537577344512,1.4801222091814614,1.4967529773712158,41215,0.0,0.0
2019-10-09 00:00:00-04:00,1.5167091643661312,1.5366661548614504,1.5133834245389266,1.5366661548614502,5975,0.0,0.0
2019-10-10 00:00:00-04:00,1.5532963769575607,1.5632745649660225,1.549970030784607,1.549970030784607,36925,0.0,0.0
2019-10-11 00:00:00-04:00,1.6630584153439123,1.6763629526515358,1.6530802249908445,1.6530802249908447,35699,0.0,0.0
2019-10-15 00:00:00-04:00,1.6630578024473146,1.7096233621091281,1.6630578024473146,1.6896668672561646,14249,0.0,0.0
2019-10-16 00:00:00-04:00,1.6830147170218794,1.6929930276875547,1.6630582171920287,1.6763627529144287,34627,0.0,0.0
2019-10-17 00:00:00-04:00,1.6763634980677586,1.6796892385967954,1.6630589564314124,1.6663846969604492,10572,0.0,0.0
2019-10-18 00:00:00-04:00,1.6896672886368287,1.6929930276875547,1.6763627529144287,1.6763627529144287,18846,0.0,0.0
2019-10-21 00:00:00-04:00,1.6929939086583579,1.7162766456604004,1.6929939086583579,1.7162766456604004,16394,0.0,0.0
2019-10-22 00:00:00-04:00,1.7262554475246703,1.7395598686686946,1.7162766456604004,1.7162766456604004,12717,0.0,0.0
2019-10-23 00:00:00-04:00,1.7129501104354858,1.7129501104354858,1.7129501104354858,1.7129501104354858,4137,0.0,0.0
2019-10-24 00:00:00-04:00,1.7029719938511267,1.7029719938511267,1.673036813735962,1.673036813735962,8274,0.0,0.0
2019-10-25 00:00:00-04:00,1.6697111716563156,1.7262554475246703,1.6697111716563156,1.7162766456604004,20837,0.0,0.0
2019-10-28 00:00:00-04:00,1.7262542237897962,1.772819664783822,1.7262542237897962,1.7528631687164307,64964,0.0,0.0
2019-10-29 00:00:00-04:00,1.7661680847329275,1.7827988517016582,1.7295809320085178,1.7428853511810303,11032,0.0,0.0
2019-10-30 00:00:00-04:00,1.761444465422336,1.761444465422336,1.7175768735646746,1.7546954154968262,6282,0.048951,0.0
2019-10-31 00:00:00-04:00,1.7378246055007986,1.7479476928710938,1.7378246055007986,1.7479476928710938,10725,0.0,0.0
2019-11-01 00:00:00-04:00,1.7175767064848708,1.8188091173429743,1.7175767064848708,1.795188307762146,23748,0.0,0.0
2019-11-04 00:00:00-05:00,1.80531204139522,1.8390565603471993,1.8019380086039052,1.8356820344924927,50255,0.0,0.0
2019-11-05 00:00:00-05:00,1.832307176581068,1.8525540828704832,1.8120610098866563,1.8525540828704834,54698,0.0,0.0
2019-11-06 00:00:00-05:00,1.8390558115660816,1.9234159652057237,1.8390558115660816,1.9132928848266602,95300,0.0,0.0
2019-11-07 00:00:00-05:00,1.923416376364047,1.984155734482937,1.9166678190231323,1.9166678190231323,95300,0.0,0.0
2019-11-08 00:00:00-05:00,1.9200421620561623,1.9740329715763578,1.9200421620561623,1.9504121541976929,128701,0.0,0.0
2019-11-11 00:00:00-05:00,1.974032832743117,1.980781883765479,1.9402888102896612,1.96390962600708,32788,0.0,0.0
2019-11-12 00:00:00-05:00,1.984156057944595,2.0246491343128943,1.984156057944595,1.9942792654037476,58222,0.0,0.0
2019-11-13 00:00:00-05:00,2.0145254135131836,2.0212739698216646,1.9909046035728615,2.0145254135131836,32022,0.0,0.0
2019-11-14 00:00:00-05:00,2.0145258128877677,2.068516492843628,1.9942790305562033,2.068516492843628,110469,0.0,0.0
2019-11-15 00:00:00-05:00,2.0583928657327104,2.068516441546181,2.0550188335248603,2.0651419162750244,65576,0.0,0.0
2019-11-18 00:00:00-05:00,2.0617674512087594,2.0617674512087594,2.004402615443056,2.024648904800415,87027,0.0,0.0
2019-11-19 00:00:00-05:00,2.014526008349239,2.0246490923326497,2.014526008349239,2.0212745666503906,11798,0.0,0.0
2019-11-20 00:00:00-05:00,1.9942791229493548,1.9942791229493548,1.9571605749847183,1.96390962600708,53779,0.0,0.0
2019-11-21 00:00:00-05:00,1.974032759666443,1.974032759666443,1.9571605025326382,1.9740327596664429,7201,0.0,0.0
2019-11-22 00:00:00-05:00,1.9774070777121893,1.9909048080444336,1.9740325526797646,1.9909048080444336,19612,0.0,0.0
2019-11-25 00:00:00-05:00,2.0010280900733606,2.024648904800415,2.0010280900733606,2.024648904800415,40602,0.0,0.0
2019-11-26 00:00:00-05:00,2.0212739698216646,2.0212739698216646,1.9909046035728615,2.0145254135131836,21910,0.0,0.0
2019-11-27 00:00:00-05:00,2.0178998527262024,2.0381461371230944,2.0145253281832867,2.031397581100464,61593,0.0,0.0
2019-11-28 00:00:00-05:00,1.9203460972532127,2.016021966934204,1.9203460972532127,2.016021966934204,8733,0.048951,0.0
2019-11-29 00:00:00-05:00,2.0296896906208453,2.0570257224431994,2.0296896906208453,2.0501914024353027,24055,0.0,0.0
2019-12-02 00:00:00-05:00,2.0331062691205637,2.046774284898563,2.0091874599456787,2.0091874599456787,20071,0.0,0.0
2019-12-03 00:00:00-05:00,1.9510997087451285,1.9510997087451285,1.9169295931353327,1.937431812286377,18692,0.0,0.0
2019-12-04 00:00:00-05:00,1.9305964575399714,1.9613495825951397,1.9305964575399714,1.9408478736877441,11798,0.0,0.0
2019-12-05 00:00:00-05:00,1.9510989266973096,1.9681835407808765,1.9510989266973096,1.9613498449325562,12564,0.0,0.0
2019-12-06 00:00:00-05:00,1.9305962718878893,2.009187001418234,1.9305962718878893,1.9818511009216309,20531,0.0,0.0
2019-12-09 00:00:00-05:00,1.9886857517141368,1.9886857517141368,1.9510989266973096,1.9613498449325562,26353,0.0,0.0
2019-12-10 00:00:00-05:00,1.97160018504324,1.981851100921631,1.97160018504324,1.9818511009216309,8733,0.0,0.0
2019-12-11 00:00:00-05:00,1.9989360840240942,2.005770277152874,1.992102265357971,1.9921022653579712,11491,0.0,0.0
2019-12-12 00:00:00-05:00,1.9989363202723949,2.026272222272064,1.9989363202723949,2.0194380283355713,14096,0.0,0.0
2019-12-13 00:00:00-05:00,2.0262726618851055,2.0433577759703634,2.0160218680399913,2.0365235805511475,20531,0.0,0.0
2019-12-16 00:00:00-05:00,2.03994103080449,2.0809449621968343,2.0296901103668783,2.0570261478424072,35086,0.0,0.0
2019-12-17 00:00:00-05:00,2.077527916566829,2.084361614056589,2.067276995869333,2.0809450149536133,17007,0.0,0.0
2019-12-18 00:00:00-05:00,2.0706927514872255,2.0809436655373768,2.067275655316304,2.077526569366455,22829,0.0,0.0
2019-12-19 00:00:00-05:00,2.0672765159399664,2.084361130160937,2.046774304841816,2.0501914024353027,13483,0.0,0.0
2019-12-20 00:00:00-05:00,2.0843615642300697,2.1253654956817627,2.0843615642300697,2.1253654956817627,35699,0.0,0.0
2019-12-23 00:00:00-05:00,2.115114212036133,2.115114212036133,2.115114212036133,2.115114212036133,1532,0.0,0.0
2019-12-24 00:00:00-05:00,2.1048637385910074,2.1116974353790283,2.094612694125219,2.1116974353790283,6895,0.0,0.0
2019-12-27 00:00:00-05:00,2.1356157294487947,2.1356157294487947,2.1185312409856953,2.128782033920288,22523,0.0,0.0
2019-12-30 00:00:00-05:00,2.1443462729536593,2.154721975326538,2.1443462729536593,2.154721975326538,7967,0.048951,0.0
2019-12-31 00:00:00-05:00,2.154721975326538,2.158180711240034,2.154721975326538,2.154721975326538,5209,0.0,0.0
2020-01-02 00:00:00-05:00,2.147805720563443,2.168557132185383,2.133971277692891,2.151263952255249,65576,0.0,0.0
2020-01-03 00:00:00-05:00,2.1512636819018947,2.1512636819018947,2.127053283579051,2.1443467140197754,15934,0.0,0.0
2020-01-06 00:00:00-05:00,2.1443467140197754,2.1443467140197754,2.1443467140197754,2.1443467140197754,14402,0.0,0.0
2020-01-07 00:00:00-05:00,2.154722108187184,2.20660138130188,2.154722108187184,2.20660138130188,76608,0.0,0.0
2020-01-08 00:00:00-05:00,2.2135169907998997,2.268855218790295,2.2066000281556812,2.234269142150879,146015,0.0,0.0
2020-01-09 00:00:00-05:00,2.268856323444799,2.286149496525992,2.2515636557311822,2.2792320251464844,41062,0.0,0.0
2020-01-10 00:00:00-05:00,2.296525458847186,2.296525458847186,2.2653975955832024,2.2896082401275635,32175,0.0,0.0
2020-01-13 00:00:00-05:00,2.2999841866012187,2.2999841866012187,2.223894528264516,2.2792320251464844,31256,0.0,0.0
2020-01-14 00:00:00-05:00,2.2792320251464844,2.2792320251464844,2.2550218860533597,2.2792320251464844,14249,0.0,0.0
2020-01-15 00:00:00-05:00,2.286150148438229,2.286150148438229,2.2619400024414062,2.2619400024414062,14249,0.0,0.0
2020-01-16 00:00:00-05:00,2.2861490491707794,2.299983736538825,2.2619389148151106,2.296525001525879,50255,0.0,0.0
2020-01-17 00:00:00-05:00,2.324193981331879,2.3449456343443846,2.3207352461545865,2.3380286693573,59141,0.0,0.0
2020-01-20 00:00:00-05:00,2.3449461885357072,2.376074054436675,2.3449461885357072,2.3656980991363525,35699,0.0,0.0
2020-01-21 00:00:00-05:00,2.3484053023975955,2.35186403894883,2.306901727202035,2.317277431488037,62972,0.0,0.0
2020-01-22 00:00:00-05:00,2.3103600195961294,2.351863586812801,2.3103600195961294,2.3414878845214844,45965,0.0,0.0
2020-01-23 00:00:00-05:00,2.3449468285716537,2.3449468285716537,2.303443754093836,2.334571123123169,17313,0.0,0.0
2020-01-24 00:00:00-05:00,2.351863557515499,2.351863557515499,2.3207356929779053,2.3207356929779053,17160,0.0,0.0
2020-01-27 00:00:00-05:00,2.275773959220205,2.275773959220205,2.203142525958977,2.2550220489501953,47191,0.0,0.0
2020-01-28 00:00:00-05:00,2.255022447720473,2.324194904590506,2.255022447720473,2.317277431488037,33248,0.0,0.0
2020-01-29 00:00:00-05:00,2.3172764008686015,2.3172764008686015,2.296525001525879,2.296525001525879,13177,0.0,0.0
2020-01-30 00:00:00-05:00,2.214319750506891,2.2807844584201047,2.214319750506891,2.2737882137298584,16547,0.048951,0.0
2020-01-31 00:00:00-05:00,2.2632941556767845,2.2632941556767845,2.1198706169032286,2.16884446144104,43054,0.0,0.0
2020-02-03 00:00:00-05:00,2.20032694035752,2.2493011571908315,2.20032694035752,2.2248141765594482,18692,0.0,0.0
2020-02-04 00:00:00-05:00,2.2283125794985024,2.2702903096082756,2.2283125794985024,2.266792058944702,14249,0.0,0.0
2020-02-05 00:00:00-05:00,2.270290168511187,2.3087696455659117,2.270290168511187,2.2947771549224854,185698,0.0,0.0
2020-02-06 00:00:00-05:00,2.2807838846218202,2.34025233288375,2.2807838846218202,2.336754083633423,39836,0.0,0.0
2020-02-07 00:00:00-05:00,2.3367540880856272,2.340252337342619,2.3157653592552307,2.3262598514556885,15781,0.0,0.0
2020-02-10 00:00:00-05:00,2.301772868982745,2.336754083633423,2.26329340508174,2.336754083633423,20684,0.0,0.0
2020-02-11 00:00:00-05:00,2.3367538385517213,2.3717350495335254,2.3367538385517213,2.3577423095703125,30490,0.0,0.0
2020-02-12 00:00:00-05:00,2.3717350495335254,2.3717350495335254,2.347248074061017,2.3577423095703125,18692,0.0,0.0
2020-02-13 00:00:00-05:00,2.3682383101826843,2.3682383101826843,2.2807846069335938,2.2807846069335938,50408,0.0,0.0
2020-02-14 00:00:00-05:00,2.2772859989939,2.28428198590033,2.2388057708740234,2.2388057708740234,18233,0.0,0.0
2020-02-18 00:00:00-05:00,2.2073235572799392,2.2143195457526965,2.1793383255361163,2.196829319000244,43973,0.0,0.0
2020-02-19 00:00:00-05:00,2.196829747667826,2.20032748701616,2.1898329911181147,2.193331241607666,14402,0.0,0.0
2020-02-20 00:00:00-05:00,2.210821794921452,2.217817783355713,2.1828365633316222,2.217817783355713,37231,0.0,0.0
2020-02-21 00:00:00-05:00,2.2073235572799392,2.2073235572799392,2.1793383255361163,2.196829319000244,10112,0.0,0.0
2020-02-24 00:00:00-05:00,2.1128737792559416,2.1128737792559416,2.007929733874441,2.0219223499298096,55005,0.0,0.0
2020-02-25 00:00:00-05:00,2.011428274735228,2.011428274735228,1.8435178800602317,1.847015619277954,102961,0.0,0.0
2020-02-26 00:00:00-05:00,1.8750007276522198,1.9099819533884277,1.8470156192779539,1.847015619277954,26813,0.0,0.0
2020-02-27 00:00:00-05:00,1.8168534214072731,1.8168534214072731,1.6465230445247245,1.703299880027771,30030,0.048951,0.0
2020-02-28 00:00:00-05:00,1.6536197273144508,1.6536197273144508,1.4513529357998514,1.625231385231018,78906,0.0,0.0
2020-03-02 00:00:00-05:00,1.5720032950048315,1.6891049260059898,1.5613577157550054,1.6678138971328735,63278,0.0,0.0
2020-03-03 00:00:00-05:00,1.7458819872028004,1.774270332221582,1.53296959400177,1.53296959400177,133911,0.0,0.0
2020-03-04 00:00:00-05:00,1.5578098698574876,1.646523206034987,1.5578098698574876,1.6145867109298706,66036,0.0,0.0
2020-03-05 00:00:00-05:00,1.5932946129785523,1.5968433995808746,1.454901916733868,1.4761929512023926,58835,0.0,0.0
2020-03-06 00:00:00-05:00,1.419416289066234,1.419416289066234,1.3342516228260637,1.3555426597595215,126710,0.0,0.0
2020-03-09 00:00:00-04:00,1.1461786770120301,1.2419894285899225,0.9048778585583049,0.9190720319747925,251887,0.0,0.0
2020-03-10 00:00:00-04:00,1.0752076110354332,1.078756332397461,0.9226206941278766,1.078756332397461,270426,0.0,0.0
2020-03-11 00:00:00-04:00,1.0397228149901296,1.0397228149901296,0.8729410767555237,0.8729410767555237,255258,0.0,0.0
2020-03-12 00:00:00-04:00,0.7806788962637832,0.7806788962637832,0.5322811746385716,0.5713151097297668,295247,0.0,0.0
2020-03-13 00:00:00-04:00,0.6529318781734589,0.7877765664783964,0.6174465873879091,0.7451939582824707,136822,0.0,0.0
2020-03-16 00:00:00-04:00,0.6813201763062083,0.6813201763062083,0.5819607327766657,0.6280919909477234,100816,0.0,0.0
2020-03-17 00:00:00-04:00,0.6387373747739068,0.6600284110367315,0.6032521631048547,0.6138976812362671,26813,0.0,0.0
2020-03-18 00:00:00-04:00,0.6138980180537367,0.6138980180537367,0.5358301401138306,0.5358301401138306,44433,0.0,0.0
2020-03-19 00:00:00-04:00,0.5322812630098653,0.5997036258907272,0.5322812630098653,0.5642183423042297,63278,0.0,0.0
2020-03-20 00:00:00-04:00,0.5677663529131128,0.6493828755167974,0.5500240392134794,0.5535721778869629,73084,0.0,0.0
2020-03-23 00:00:00-04:00,0.5500239205111966,0.5500239205111966,0.4471158659173787,0.47905293107032776,61746,0.0,0.0
2020-03-24 00:00:00-04:00,0.4967959322725698,0.6209945264609797,0.4613101381771649,0.5997034907341003,122879,0.0,0.0
2020-03-25 00:00:00-04:00,0.5997034739115071,0.8339069343626587,0.5997034739115071,0.7239025831222534,84422,0.0,0.0
2020-03-26 00:00:00-04:00,0.7451936342557078,0.8516498492027266,0.7097083588999449,0.7380967736244202,64810,0.0,0.0
2020-03-27 00:00:00-04:00,0.702611048167798,0.7097084279963853,0.6174463790224274,0.706159770488739,39377,0.0,0.0
2020-03-30 00:00:00-04:00,0.8090670698832781,0.8090670698832781,0.7097081925495564,0.7735818028450012,85648,0.0,0.0
2020-03-31 00:00:00-04:00,0.7735819254368438,0.8871349923942436,0.7735819254368438,0.833906888961792,58835,0.0,0.0
2020-04-01 00:00:00-04:00,0.7593877838064657,0.7913248546246595,0.7345480918884277,0.7345480918884277,17313,0.0,0.0
2020-04-02 00:00:00-04:00,0.7629365026226057,0.7629365026226057,0.6742226618852836,0.7097083926200867,32941,0.0,0.0
2020-04-03 00:00:00-04:00,0.7451936281173687,0.7451936281173687,0.6316405534744263,0.6316405534744263,52860,0.0,0.0
2020-04-06 00:00:00-04:00,0.7097083397495263,0.7451936141477721,0.7097083397495263,0.7132564783096313,50102,0.0,0.0
2020-04-07 00:00:00-04:00,0.7593881394100072,0.8161649935467857,0.7309997123416178,0.7451939582824707,75842,0.0,0.0
2020-04-08 00:00:00-04:00,0.7664846181869507,0.7664846181869507,0.7664846181869507,0.7664846181869507,2911,0.0,0.0
2020-04-09 00:00:00-04:00,0.7948729097936574,0.830358698746739,0.7948729097936574,0.8232613205909729,78140,0.0,0.0
2020-04-13 00:00:00-04:00,0.8906836291738692,0.8906836291738692,0.7274506127347065,0.7487421631813049,37231,0.0,0.0
2020-04-14 00:00:00-04:00,0.777130678810925,0.8232614055244388,0.7487422650848602,0.7700332999229431,28651,0.0,0.0
2020-04-15 00:00:00-04:00,0.7558391358167038,0.7558391358167038,0.7203538612230247,0.7239025831222534,20991,0.0,0.0
2020-04-16 00:00:00-04:00,0.7274505099804267,0.7416446805000305,0.7132562746475549,0.7416446805000305,60367,0.0,0.0
2020-04-17 00:00:00-04:00,0.7735821846372883,0.7984219486367254,0.7735821846372883,0.7806790471076965,11798,0.0,0.0
2020-04-20 00:00:00-04:00,0.7593878167591099,0.7877762317657471,0.7593878167591099,0.7877762317657471,2298,0.0,0.0
2020-04-21 00:00:00-04:00,0.7984217417292172,0.7984217417292172,0.7274507373246731,0.7380967736244202,13023,0.0,0.0
2020-04-22 00:00:00-04:00,0.7558391267630308,0.7558391267630308,0.7239025744511262,0.7345480918884277,42747,0.0,0.0
2020-04-23 00:00:00-04:00,0.7203538612230247,0.7239025831222534,0.7168052041370829,0.7239025831222534,4596,0.0,0.0
2020-04-24 00:00:00-04:00,0.716805234892655,0.7309994101524353,0.716805234892655,0.7309994101524353,17467,0.0,0.0
2020-04-27 00:00:00-04:00,0.7416447384441863,0.7735818028450012,0.7416447384441863,0.7735818028450012,43054,0.0,0.0
2020-04-28 00:00:00-04:00,0.8019704068624213,0.8197127854634968,0.7877762317657471,0.7877762317657471,14862,0.0,0.0
2020-04-29 00:00:00-04:00,0.8339068143612413,0.9084264636039733,0.8161645036840023,0.9084264636039734,17007,0.0,0.0
2020-04-30 00:00:00-04:00,0.9084266628908136,0.9084266628908136,0.8622954135576373,0.8658440709114075,27885,0.0,0.0
2020-05-01 00:00:00-04:00,0.8587472694229241,0.8587472694229241,0.8374556494978538,0.8410043716430664,30643,0.0,0.0
2020-05-04 00:00:00-04:00,0.8374553785152894,0.8374553785152894,0.7984215215737926,0.812615692615509,25434,0.0,0.0
2020-05-05 00:00:00-04:00,0.8161646720812202,0.8339069864191867,0.7913249135017394,0.7913249135017395,20378,0.0,0.0
2020-05-06 00:00:00-04:00,0.837455722242601,0.837455722242601,0.8090673685073851,0.8090673685073853,4137,0.0,0.0
2020-05-07 00:00:00-04:00,0.8161646099560314,0.8161646099560314,0.7700332999229431,0.7700332999229431,26966,0.0,0.0
2020-05-08 00:00:00-04:00,0.7700333638432582,0.8410043716430664,0.7700333638432582,0.8410043716430664,6588,0.0,0.0
2020-05-11 00:00:00-04:00,0.7948730669096274,0.8303588628768921,0.7948730669096274,0.8303588628768921,10419,0.0,0.0
2020-05-12 00:00:00-04:00,0.7842276096343994,0.8232615475116557,0.7842276096343994,0.7842276096343994,7814,0.0,0.0
2020-05-13 00:00:00-04:00,0.7842272568721098,0.791324633791618,0.7416446805000305,0.7416446805000305,31256,0.0,0.0
2020-05-14 00:00:00-04:00,0.7097083588999449,0.7416449122802666,0.6706744911953173,0.7380967736244202,12717,0.0,0.0
2020-05-15 00:00:00-04:00,0.7097084665107833,0.7274508476257324,0.7061598088105587,0.7274508476257324,17467,0.0,0.0
2020-05-19 00:00:00-04:00,0.7593881394100072,0.7984220889007448,0.7451939582824707,0.7451939582824707,14556,0.0,0.0
2020-05-20 00:00:00-04:00,0.6990622992135128,0.7451936093257292,0.6990622992135128,0.7345480918884277,4290,0.0,0.0
2020-05-21 00:00:00-04:00,0.7345480918884277,0.7345480918884277,0.7345480918884277,0.7345480918884277,0,0.0,0.0
2020-05-22 00:00:00-04:00,0.7132564975557912,0.7380967736244202,0.7097083588999449,0.7380967736244202,11951,0.0,0.0
2020-05-25 00:00:00-04:00,0.709708667496921,0.7451939582824707,0.709708667496921,0.7451939582824707,23595,0.0,0.0
2020-05-26 00:00:00-04:00,0.7416447787014191,0.8339068020753813,0.7416447787014191,0.8268099427223206,46271,0.0,0.0
2020-05-27 00:00:00-04:00,0.8161647256876339,0.8835870153059537,0.7984218268646796,0.8516499400138855,31562,0.0,0.0
2020-05-28 00:00:00-04:00,0.8516499661338469,0.8516499661338469,0.7842276096343994,0.7842276096343994,21450,0.0,0.0
2020-05-29 00:00:00-04:00,0.8303585846541482,0.8303585846541482,0.7984215215737926,0.812615692615509,6129,0.0,0.0
2020-06-01 00:00:00-04:00,0.8268099427223206,0.8268099427223206,0.8268099427223206,0.8268099427223206,460,0.0,0.0
2020-06-02 00:00:00-04:00,0.8303588628768921,0.8303588628768921,0.805519168654243,0.8303588628768921,9653,0.0,0.0
2020-06-03 00:00:00-04:00,0.8693927526473999,0.8693927526473999,0.8516498555834323,0.8693927526473999,17620,0.0,0.0
2020-06-04 00:00:00-04:00,0.8622956636365082,0.8729411850921395,0.851650142180877,0.8551988005638123,22829,0.0,0.0
2020-06-05 00:00:00-04:00,0.8800380783780907,0.9758487553307407,0.8800380783780907,0.9581058621406555,57762,0.0,0.0
2020-06-08 00:00:00-04:00,0.9793971150474616,1.0823051929473877,0.9793971150474616,1.0823051929473877,76302,0.0,0.0
2020-06-09 00:00:00-04:00,1.075208035929845,1.075208035929845,1.0255286393870817,1.032625436782837,6742,0.0,0.0
2020-06-10 00:00:00-04:00,1.0610136685106621,1.0610136685106621,0.9935913183085854,1.0077855587005615,10265,0.0,0.0
2020-06-11 00:00:00-04:00,0.9226210564981655,0.9226210564981655,0.8693929373194164,0.8729410767555237,67415,0.0,0.0
2020-06-12 00:00:00-04:00,0.9261695208866972,0.9439124279447323,0.8445534706115722,0.8445534706115723,23748,0.0,0.0
2020-06-15 00:00:00-04:00,0.8374556987314763,0.8516499400138855,0.8161647256876339,0.8516499400138855,34474,0.0,0.0
2020-06-16 00:00:00-04:00,0.8587473077093875,0.897781179021691,0.8587473077093875,0.8835870027542114,1992,0.0,0.0
2020-06-17 00:00:00-04:00,0.8516498122393671,0.8622953295707703,0.8516498122393671,0.8622953295707703,1073,0.0,0.0
2020-06-18 00:00:00-04:00,0.8516499400138855,0.8516499400138855,0.8516499400138855,0.8516499400138855,153,0.0,0.0
2020-06-19 00:00:00-04:00,0.8551983523337132,0.8551983523337132,0.8161644916595377,0.8268099427223206,19458,0.0,0.0
2020-06-22 00:00:00-04:00,0.8197125717220758,0.8197125717220758,0.8161644339561461,0.8161644339561462,12257,0.0,0.0
2020-06-23 00:00:00-04:00,0.8516497845457928,0.8516497845457928,0.833906888961792,0.833906888961792,7967,0.0,0.0
2020-06-24 00:00:00-04:00,0.8126160282565905,0.8126160282565905,0.7842276096343994,0.7842276096343994,4443,0.0,0.0
2020-06-25 00:00:00-04:00,0.7842276096343994,0.7842276096343994,0.7842276096343994,0.7842276096343994,0,0.0,0.0
2020-06-26 00:00:00-04:00,0.7806789227852513,0.7806789227852513,0.7522910237312317,0.7522910237312317,8733,0.0,0.0
2020-06-29 00:00:00-04:00,0.7735819303408389,0.7735819303408389,0.7629364132881166,0.7629364132881165,6129,0.0,0.0
2020-06-30 00:00:00-04:00,0.7522913214256174,0.762936844495121,0.7061600517201236,0.7558395266532898,34167,0.0,0.0
2020-07-02 00:00:00-04:00,0.7097083926200867,0.7522909843233682,0.7097083926200867,0.7097083926200867,21450,0.0,0.0
2020-07-03 00:00:00-04:00,0.7522910237312317,0.7522910237312317,0.7522910237312317,0.7522910237312317,3524,0.0,0.0
2020-07-06 00:00:00-04:00,0.7735820903793342,0.7842276096343994,0.7735820903793342,0.7842276096343994,6588,0.0,0.0
2020-07-07 00:00:00-04:00,0.7487421631813049,0.7487421631813049,0.7487421631813049,0.7487421631813049,460,0.0,0.0
2020-07-08 00:00:00-04:00,0.7522910237312317,0.7522910237312317,0.7522910237312317,0.7522910237312317,3677,0.0,0.0
2020-07-09 00:00:00-04:00,0.7487422256331611,0.7487422256331611,0.6742225706137815,0.6919654011726379,46884,0.0,0.0
2020-07-10 00:00:00-04:00,0.6742228784214266,0.7593880891799927,0.6742228784214266,0.7593880891799927,22063,0.0,0.0
2020-07-13 00:00:00-04:00,0.7203538265709565,0.7629364132881166,0.7203538265709565,0.7629364132881165,25740,0.0,0.0
2020-07-14 00:00:00-04:00,0.7629364132881166,0.7629364132881166,0.7629364132881166,0.7629364132881165,0,0.0,0.0
2020-07-15 00:00:00-04:00,0.805519059712105,0.833906888961792,0.7877761641281043,0.833906888961792,11951,0.0,0.0
2020-07-16 00:00:00-04:00,0.8126161581233644,0.8126161581233644,0.7984219789505004,0.7984219789505005,11798,0.0,0.0
2020-07-17 00:00:00-04:00,0.7984218431738339,0.8055192232131958,0.7984218431738339,0.8055192232131958,6129,0.0,0.0
2020-07-20 00:00:00-04:00,0.8055193601968165,0.8055193601968165,0.7984219789505004,0.7984219789505005,4443,0.0,0.0
2020-07-21 00:00:00-04:00,0.8232614833182459,0.8303588628768921,0.8232614833182459,0.8303588628768921,5363,0.0,0.0
2020-07-22 00:00:00-04:00,0.8019706371670047,0.8055193601968165,0.7984219789505004,0.7984219789505005,1379,0.0,0.0
2020-07-23 00:00:00-04:00,0.8019704818725586,0.8019704818725586,0.8019704818725586,0.8019704818725586,3064,0.0,0.0
2020-07-24 00:00:00-04:00,0.7842276096343994,0.7842276096343994,0.7842276096343994,0.7842276096343994,1073,0.0,0.0
2020-07-27 00:00:00-04:00,0.7842276016014826,0.8055192232131958,0.7806789439884501,0.8055192232131958,3677,0.0,0.0
2020-07-28 00:00:00-04:00,0.7593878850714707,0.7593878850714707,0.7522910237312317,0.7522910237312317,4137,0.0,0.0
2020-07-29 00:00:00-04:00,0.7487425674617963,0.770033610898189,0.7487425674617963,0.7593880891799927,16241,0.0,0.0
2020-07-30 00:00:00-04:00,0.7451937075753011,0.7771307826042175,0.7451937075753011,0.7771307826042175,11951,0.0,0.0
2020-07-31 00:00:00-04:00,0.7451939582824707,0.7451939582824707,0.7451939582824707,0.7451939582824707,4137,0.0,0.0
2020-08-04 00:00:00-04:00,0.7487423074637075,0.7487423074637075,0.7309994101524353,0.7309994101524353,17007,0.0,0.0
2020-08-05 00:00:00-04:00,0.7132566823930984,0.7806790471076964,0.7132566823930984,0.7806790471076965,22216,0.0,0.0
2020-08-06 00:00:00-04:00,0.7522910287965638,0.8516499400138855,0.7522910287965638,0.8516499400138855,17007,0.0,0.0
2020-08-07 00:00:00-04:00,0.8516498767533455,0.8871350884437561,0.8126159429726935,0.8871350884437561,14249,0.0,0.0
2020-08-10 00:00:00-04:00,0.9048778070286927,0.9084264636039733,0.8693926023547162,0.9084264636039734,53932,0.0,0.0
2020-08-11 00:00:00-04:00,0.91552345078609,0.9935912489891052,0.91552345078609,0.9935912489891052,51174,0.0,0.0
2020-08-12 00:00:00-04:00,1.0042376740077268,1.1000478811052758,1.0042376740077268,1.06101393699646,46424,0.0,0.0
2020-08-13 00:00:00-04:00,1.0113341454611506,1.0113341454611506,0.9935912489891052,0.9935912489891052,35853,0.0,0.0
2020-08-14 00:00:00-04:00,0.9758490981466617,0.9793972373008728,0.9758490981466617,0.9793972373008728,24668,0.0,0.0
2020-08-17 00:00:00-04:00,0.979397245074675,0.979397245074675,0.9403633067643021,0.9439120292663574,32788,0.0,0.0
2020-08-18 00:00:00-04:00,0.9368151426315308,0.9758490799023044,0.9332664850372855,0.9368151426315308,12564,0.0,0.0
2020-08-19 00:00:00-04:00,0.9332664012908934,0.9439119194252833,0.9332664012908934,0.9332664012908936,6895,0.0,0.0
2020-08-20 00:00:00-04:00,0.9226207535654379,0.9226207535654379,0.9190720319747925,0.9190720319747925,4903,0.0,0.0
2020-08-21 00:00:00-04:00,0.9048779010772705,0.9048779010772705,0.9048779010772705,0.9048779010772705,2298,0.0,0.0
2020-08-24 00:00:00-04:00,0.9084268016574759,0.9758491628395773,0.9084268016574759,0.9652036428451538,11644,0.0,0.0
2020-08-25 00:00:00-04:00,0.9581058621406555,0.9581058621406555,0.9581058621406555,0.9581058621406555,7354,0.0,0.0
2020-08-26 00:00:00-04:00,0.9439120292663574,0.9439120292663574,0.9403633067643021,0.9439120292663574,4750,0.0,0.0
2020-08-27 00:00:00-04:00,0.9829459053908532,1.064562439918518,0.9829459053908532,1.064562439918518,14402,0.0,0.0
2020-08-28 00:00:00-04:00,0.9758491031799569,1.021979838233242,0.9758491031799569,1.014883041381836,18846,0.0,0.0
2020-08-31 00:00:00-04:00,1.0148826796186605,1.0148826796186605,0.9581058621406555,0.9581058621406555,7814,0.0,0.0
2020-09-01 00:00:00-04:00,0.9084266429330159,0.9332664012908934,0.9084266429330159,0.9332664012908936,21757,0.0,0.0
2020-09-02 00:00:00-04:00,0.9261688618832213,0.9474604129791261,0.9226207237268583,0.947460412979126,4903,0.0,0.0
2020-09-03 00:00:00-04:00,0.9545573483361424,0.958106005280253,0.9048779010772705,0.9048779010772705,15781,0.0,0.0
2020-09-04 00:00:00-04:00,0.8693926373060359,0.9403630495071411,0.8693926373060359,0.9403630495071411,4750,0.0,0.0
2020-09-08 00:00:00-04:00,0.9190720319747925,0.9190720319747925,0.9190720319747925,0.9190720319747925,153,0.0,0.0
2020-09-09 00:00:00-04:00,0.9084267108447499,0.922620952129364,0.9084267108447499,0.922620952129364,2298,0.0,0.0
2020-09-10 00:00:00-04:00,0.865844030645371,0.8764895485185696,0.865844030645371,0.8693927526473999,6282,0.0,0.0
2020-09-11 00:00:00-04:00,0.865844030645371,0.8693927526473999,0.8516498555834323,0.8693927526473999,11951,0.0,0.0
2020-09-14 00:00:00-04:00,0.8906838105339974,0.8906838105339974,0.8871350884437561,0.8871350884437561,1685,0.0,0.0
2020-09-15 00:00:00-04:00,0.8835869496731285,0.8871350884437561,0.8835869496731285,0.8871350884437561,12564,0.0,0.0
2020-09-16 00:00:00-04:00,0.8871351543401371,0.8871351543401371,0.8516499400138855,0.8516499400138855,11491,0.0,0.0
2020-09-17 00:00:00-04:00,0.8516497845457928,0.8516497845457928,0.833906888961792,0.833906888961792,2298,0.0,0.0
2020-09-18 00:00:00-04:00,0.8587474579437196,0.8800384992231888,0.8197129964828491,0.8197129964828491,7967,0.0,0.0
2020-09-21 00:00:00-04:00,0.8161647423592179,0.8161647423592179,0.7913249816408445,0.8055192232131958,13636,0.0,0.0
2020-09-22 00:00:00-04:00,0.8019705007868666,0.8161647423592179,0.7984218431738339,0.8055192232131958,9653,0.0,0.0
2020-09-23 00:00:00-04:00,0.8161648811531762,0.8161648811531762,0.7984219789505004,0.7984219789505005,3830,0.0,0.0
2020-09-24 00:00:00-04:00,0.7984219789505004,0.7984219789505004,0.7984219789505004,0.7984219789505005,0,0.0,0.0
2020-09-25 00:00:00-04:00,0.7984219789505004,0.7984219789505004,0.7984219789505004,0.7984219789505005,0,0.0,0.0
2020-09-28 00:00:00-04:00,0.8339070411909312,0.8551985975544306,0.8339070411909312,0.8516499400138855,14402,0.0,0.0
2020-09-29 00:00:00-04:00,0.823261679079724,0.823261679079724,0.7984219789505004,0.7984219789505005,13636,0.0,0.0
2020-09-30 00:00:00-04:00,0.8161647486010258,0.8161647486010258,0.8090673685073851,0.8090673685073853,14862,0.0,0.0
2020-10-01 00:00:00-04:00,0.8090673685073851,0.8090673685073851,0.8090673685073851,0.8090673685073853,0,0.0,0.0
2020-10-02 00:00:00-04:00,0.809067362319856,0.8268101966919433,0.8055192232131958,0.8055192232131958,12104,0.0,0.0
2020-10-05 00:00:00-04:00,0.8587471910689204,0.8622953295707703,0.8410042949079639,0.8622953295707703,2145,0.0,0.0
2020-10-06 00:00:00-04:00,0.8764895039103073,0.8977810570793976,0.8622953295707703,0.8622953295707703,17467,0.0,0.0
2020-10-07 00:00:00-04:00,0.8835869496731285,0.8871350884437561,0.8835869496731285,0.8871350884437561,306,0.0,0.0
2020-10-08 00:00:00-04:00,0.8906840915424218,0.8942327499389648,0.8906840915424218,0.8942327499389648,7967,0.0,0.0
2020-10-09 00:00:00-04:00,0.8871349859615789,0.929717572100025,0.8871349859615789,0.9013291597366333,24974,0.0,0.0
2020-10-13 00:00:00-04:00,0.8693927084003236,0.8693927084003236,0.8410042949079639,0.8622953295707703,13177,0.0,0.0
2020-10-14 00:00:00-04:00,0.8658440655804353,0.887135102185883,0.8410043716430664,0.8410043716430664,14096,0.0,0.0
2020-10-15 00:00:00-04:00,0.8339071752335416,0.8339071752335416,0.8161648568783363,0.8197129964828491,11491,0.0,0.0
2020-10-16 00:00:00-04:00,0.8232615135875262,0.8516499310399162,0.8232615135875262,0.837455689907074,25434,0.0,0.0
2020-10-19 00:00:00-04:00,0.8516503352934898,0.8516503352934898,0.8445534706115722,0.8445534706115723,35699,0.0,0.0
2020-10-20 00:00:00-04:00,0.8693928388368398,0.8693928388368398,0.8516499400138855,0.8516499400138855,11338,0.0,0.0
2020-10-21 00:00:00-04:00,0.8516498555834323,0.8693927526473999,0.8516498555834323,0.8693927526473999,7354,0.0,0.0
2020-10-22 00:00:00-04:00,0.8516498767533455,0.8871350884437561,0.8516498767533455,0.8871350884437561,7508,0.0,0.0
2020-10-23 00:00:00-04:00,0.9013293309492619,0.9297177487051949,0.9013293309492619,0.922620952129364,17620,0.0,0.0
2020-10-26 00:00:00-04:00,0.9013291597366333,0.9013291597366333,0.9013291597366333,0.9013291597366333,22982,0.0,0.0
2020-10-27 00:00:00-04:00,0.8516503352934898,0.8516503352934898,0.8445534706115722,0.8445534706115723,6588,0.0,0.0
2020-10-28 00:00:00-04:00,0.8161647486010258,0.8161647486010258,0.7806789499588722,0.8090673685073853,33554,0.0,0.0
2020-10-29 00:00:00-04:00,0.784227734964329,0.8303590603260401,0.784227734964329,0.7984219789505005,12870,0.0,0.0
2020-10-30 00:00:00-04:00,0.812615692615509,0.812615692615509,0.812615692615509,0.812615692615509,1532,0.0,0.0
2020-11-02 00:00:00-05:00,0.8197129964828491,0.8197129964828491,0.8197129964828491,0.8197129964828491,3984,0.0,0.0
2020-11-03 00:00:00-05:00,0.8410044212159568,0.922620952129364,0.8339070413204688,0.922620952129364,32022,0.0,0.0
2020-11-04 00:00:00-05:00,0.9581060393645939,0.9935912489891052,0.9581060393645939,0.9935912489891052,33861,0.0,0.0
2020-11-05 00:00:00-05:00,0.9935912489891052,0.9935912489891052,0.9935912489891052,0.9935912489891052,3064,0.0,0.0
2020-11-06 00:00:00-05:00,0.9935914496056814,0.9971401722058455,0.9723004102706909,0.9723004102706909,15781,0.0,0.0
2020-11-09 00:00:00-05:00,1.0113343923433973,1.1710187496144697,1.0113343923433973,1.1639219522476196,110316,0.0,0.0
2020-11-10 00:00:00-05:00,1.107145019006618,1.241989731788635,1.1035963613629436,1.2419897317886353,63891,0.0,0.0
2020-11-11 00:00:00-05:00,1.2490864840124816,1.2739261792459668,1.2313441038131714,1.2313441038131714,22982,0.0,0.0
2020-11-12 00:00:00-05:00,1.2242468235892803,1.2242468235892803,1.181664228439331,1.181664228439331,1839,0.0,0.0
2020-11-13 00:00:00-05:00,1.1887613707705602,1.2065037488937378,1.1887613707705602,1.2065037488937378,24361,0.0,0.0
2020-11-16 00:00:00-05:00,1.270377965475029,1.3307029360634413,1.270377965475029,1.327154278755188,42900,0.0,0.0
2020-11-17 00:00:00-05:00,1.305863414494727,1.348446011543274,1.305863414494727,1.348446011543274,31716,0.0,0.0
2020-11-18 00:00:00-05:00,1.3484459467891292,1.3661883274319808,1.3484459467891292,1.3590914011001587,8580,0.0,0.0
2020-11-19 00:00:00-05:00,1.3626398034675837,1.3626398034675837,1.298765540122986,1.2987655401229858,10265,0.0,0.0
2020-11-20 00:00:00-05:00,1.3626403113955357,1.3626403113955357,1.3129602670669556,1.3129602670669556,20991,0.0,0.0
2020-11-23 00:00:00-05:00,1.3590913295507465,1.440707857655591,1.3484458758001474,1.4158681631088257,49182,0.0,0.0
2020-11-24 00:00:00-05:00,1.4371591321805053,1.529421109666919,1.4371591321805053,1.5081300735473633,86107,0.0,0.0
2020-11-25 00:00:00-05:00,1.4939362318147622,1.4939362318147622,1.4549022912979126,1.4549022912979126,20531,0.0,0.0
2020-11-26 00:00:00-05:00,1.4549014647598528,1.4797411484875305,1.4549014647598528,1.4584496021270752,11032,0.0,0.0
2020-11-27 00:00:00-05:00,1.4619987438411979,1.504581332206726,1.4619987438411979,1.504581332206726,4137,0.0,0.0
2020-11-30 00:00:00-05:00,1.4939362318147622,1.4939362318147622,1.4194164901640027,1.4549022912979126,40296,0.0,0.0
2020-12-01 00:00:00-05:00,1.4726444876494407,1.490387385978913,1.465547561645508,1.4655475616455078,15781,0.0,0.0
2020-12-02 00:00:00-05:00,1.4655477597357274,1.4726446866989136,1.4655477597357274,1.4726446866989136,1532,0.0,0.0
2020-12-03 00:00:00-05:00,1.4549023044776461,1.4761933446204132,1.4478048590080426,1.4726446866989136,18999,0.0,0.0
2020-12-04 00:00:00-05:00,1.4584501683000608,1.522324313671367,1.4584501683000608,1.5081300735473633,9959,0.0,0.0
2020-12-07 00:00:00-05:00,1.4903871902256922,1.4903871902256922,1.4761929512023926,1.4761929512023926,1532,0.0,0.0
2020-12-08 00:00:00-05:00,1.4726444031397388,1.4726444031397388,1.4619988203048706,1.4619988203048706,22370,0.0,0.0
2020-12-09 00:00:00-05:00,1.4761929286007185,1.4939358243281127,1.4478044509887693,1.4478044509887695,9499,0.0,0.0
2020-12-10 00:00:00-05:00,1.4371589076574032,1.4407075643539426,1.4194160130543838,1.4407075643539429,5822,0.0,0.0
2020-12-11 00:00:00-05:00,1.4478049047899173,1.4549023504839533,1.42296520594018,1.4300626516342163,49489,0.0,0.0
2020-12-14 00:00:00-05:00,1.4407074795008405,1.4407074795008405,1.4371588230133057,1.4371588230133057,13789,0.0,0.0
2020-12-15 00:00:00-05:00,1.43715944919521,1.4513536924502397,1.4265139936005025,1.4300626516342163,21910,0.0,0.0
2020-12-16 00:00:00-05:00,1.4265137556776508,1.465547561645508,1.4229649686092174,1.4655475616455078,24821,0.0,0.0
2020-12-17 00:00:00-05:00,1.45490210499285,1.45490210499285,1.3839310303195262,1.4194163084030151,22982,0.0,0.0
2020-12-18 00:00:00-05:00,1.4016736988906633,1.4016736988906633,1.3484456608625188,1.3519937992095947,17160,0.0,0.0
2020-12-21 00:00:00-05:00,1.3484460994664942,1.3484460994664942,1.2455379986581858,1.3058634996414185,31869,0.0,0.0
2020-12-22 00:00:00-05:00,1.3307027984058437,1.3307027984058437,1.3094117641448975,1.3094117641448975,3524,0.0,0.0
2020-12-23 00:00:00-05:00,1.3094119734784262,1.3307030111431353,1.3094119734784262,1.3165087699890137,2298,0.0,0.0
2020-12-24 00:00:00-05:00,1.355542349265521,1.3661879301071167,1.355542349265521,1.3661879301071167,17160,0.0,0.0
2020-12-29 00:00:00-05:00,1.3519943001370147,1.359091616473316,1.3307032585144043,1.3307032585144043,56996,0.0,0.0
2020-12-30 00:00:00-05:00,1.3129596772104992,1.3307025699910011,1.3129596772104992,1.3236057758331299,10878,0.0,0.0
2020-12-31 00:00:00-05:00,1.3307032585144043,1.3307032585144043,1.3307032585144043,1.3307032585144043,45352,0.0,0.0
2021-01-04 00:00:00-05:00,1.3307029560741945,1.3413484096527102,1.3307029560741945,1.34134840965271,6742,0.0,0.0
2021-01-05 00:00:00-05:00,1.3484457554298241,1.3697367906570435,1.3484457554298241,1.3697367906570435,19152,0.0,0.0
2021-01-06 00:00:00-05:00,1.408771358878278,1.5081306915843493,1.408771358878278,1.4903879165649414,20531,0.0,0.0
2021-01-07 00:00:00-05:00,1.4832903962478887,1.5258724689483643,1.4832903962478887,1.5258724689483643,10725,0.0,0.0
2021-01-08 00:00:00-05:00,1.4797421428600597,1.6500720356731653,1.4797421428600597,1.5613586902618408,13177,0.0,0.0
2021-01-11 00:00:00-05:00,1.5613586902618408,1.5613586902618408,1.5613586902618408,1.5613586902618408,0,0.0,0.0
2021-01-12 00:00:00-05:00,1.49748459771972,1.5755524635314941,1.49748459771972,1.5755524635314941,27579,0.0,0.0
2021-01-13 00:00:00-05:00,1.529421543699496,1.5613586902618408,1.5258728854414911,1.5613586902618408,2605,0.0,0.0
2021-01-14 00:00:00-05:00,1.5613579268839555,1.6607168096109783,1.5613579268839555,1.6536198854446411,23442,0.0,0.0
2021-01-15 00:00:00-05:00,1.632328622841576,1.632328622841576,1.607488930189112,1.628780484199524,4443,0.0,0.0
2021-01-18 00:00:00-05:00,1.6500718983217204,1.7139455379965058,1.6500718983217204,1.7068487405776978,34780,0.0,0.0
2021-01-19 00:00:00-05:00,1.7742709702145354,1.7742709702145354,1.7139454723079723,1.7174941301345825,50868,0.0,0.0
2021-01-20 00:00:00-05:00,1.745882474248408,1.745882474248408,1.6962030834530426,1.703299880027771,36619,0.0,0.0
2021-01-21 00:00:00-05:00,1.7529791677663182,1.7529791677663182,1.6713626416637861,1.6820087432861328,22063,0.0,0.0
2021-01-22 00:00:00-05:00,1.6500716008286092,1.6500716008286092,1.6003922130812176,1.6358774900436401,9653,0.0,0.0
2021-01-25 00:00:00-05:00,1.6784610556616573,1.6784610556616573,1.593295693397522,1.593295693397522,9959,0.0,0.0
2021-01-26 00:00:00-05:00,1.6145873904368644,1.6145873904368644,1.5755534335002352,1.593295693397522,8427,0.0,0.0
2021-01-27 00:00:00-05:00,1.5613588870159398,1.5613588870159398,1.4265142635243189,1.4903879165649414,17313,0.0,0.0
2021-01-28 00:00:00-05:00,1.5329700168103824,1.6323287980873329,1.5329700168103824,1.6039409637451172,19612,0.0,0.0
2021-01-29 00:00:00-05:00,1.4832903599221416,1.493935942649841,1.454902009688365,1.4939359426498413,12564,0.0,0.0
2021-02-01 00:00:00-05:00,1.4939356347455521,1.5613579040448877,1.4939356347455521,1.5365182161331177,15781,0.0,0.0
2021-02-02 00:00:00-05:00,1.547163721918419,1.6855565330173496,1.547163721918419,1.6500712633132935,16854,0.0,0.0
2021-02-03 00:00:00-05:00,1.6855570867366072,1.6855570867366072,1.6003924114695818,1.639426350593567,7048,0.0,0.0
2021-02-04 00:00:00-05:00,1.6500717020652698,1.703299880027771,1.6500717020652698,1.703299880027771,13330,0.0,0.0
2021-02-05 00:00:00-05:00,1.6678146008882242,1.703299880027771,1.6607172858071337,1.703299880027771,1839,0.0,0.0
2021-02-08 00:00:00-05:00,1.6855566266829907,1.7352365255355833,1.6855566266829907,1.7352365255355835,14709,0.0,0.0
2021-02-09 00:00:00-05:00,1.7352371273577338,1.7387852668762205,1.7174942261129622,1.7387852668762207,51327,0.0,0.0
2021-02-10 00:00:00-05:00,1.738785066281266,1.7458825111389158,1.738785066281266,1.745882511138916,11185,0.0,0.0
2021-02-11 00:00:00-05:00,1.7920131131233967,1.8274989089003775,1.7707220763875928,1.7813676595687866,48416,0.0,0.0
2021-02-12 00:00:00-05:00,1.8097568460112665,1.8381452105524065,1.8097568460112665,1.8310478925704956,71399,0.0,0.0
2021-02-16 00:00:00-05:00,1.845241532964684,1.845241532964684,1.823950493405652,1.8274991512298584,34167,0.0,0.0
2021-02-17 00:00:00-05:00,1.8416928503535117,1.8487896454019896,1.8274986121237429,1.838144063949585,18386,0.0,0.0
2021-02-18 00:00:00-05:00,1.8345961570739746,1.8452417428778238,1.8274993591246396,1.8345961570739746,18079,0.0,0.0
2021-02-19 00:00:00-05:00,1.8594358672660274,1.9162127140712308,1.8594358672660274,1.9126640558242798,61593,0.0,0.0
2021-02-22 00:00:00-05:00,1.9304067079003218,2.00137765998542,1.926857920486858,1.9446008205413818,36619,0.0,0.0
2021-02-23 00:00:00-05:00,1.951697091314075,2.004925125455911,1.9091150269549624,1.9339547157287598,66649,0.0,0.0
2021-02-24 00:00:00-05:00,1.9481493165688635,2.02266839678856,1.9481493165688635,2.0191197395324707,42288,0.0,0.0
2021-02-25 00:00:00-05:00,2.0388978468479664,2.0388978468479664,1.9418073230650852,2.013726234436035,28498,0.048951,0.0
2021-02-26 00:00:00-05:00,1.9705755515509653,1.9777672744415868,1.9418080031981368,1.9490001201629639,23136,0.0,0.0
2021-03-01 00:00:00-05:00,2.013726344671802,2.0712610303008594,2.013726344671802,2.056877851486206,82583,0.0,0.0
2021-03-02 00:00:00-05:00,2.0676652971877725,2.0928367771711485,2.0676652971877725,2.0820491313934326,7661,0.0,0.0
2021-03-03 00:00:00-05:00,2.0604734768311057,2.11800855914109,2.0532817557399023,2.0856449604034424,45812,0.0,0.0
2021-03-04 00:00:00-05:00,2.085645503285843,2.085645503285843,2.010130901554749,2.0317063331604004,34320,0.0,0.0
2021-03-05 00:00:00-05:00,2.03170605895499,2.0676658511402253,2.03170605895499,2.0496859550476074,69560,0.0,0.0
2021-03-08 00:00:00-05:00,2.046090495624773,2.121605634689331,2.046090495624773,2.121605634689331,48110,0.0,0.0
2021-03-09 00:00:00-05:00,2.0856451951845556,2.1287965774536133,2.0856451951845556,2.1287965774536133,58529,0.0,0.0
2021-03-10 00:00:00-05:00,2.139584722537661,2.139584722537661,2.128797071503879,2.135989189147949,21450,0.0,0.0
2021-03-11 00:00:00-05:00,2.1395844661692665,2.189928101422777,2.1395844661692665,2.175544261932373,69713,0.0,0.0
2021-03-12 00:00:00-05:00,2.1899276363685027,2.1935231685638428,2.150372316046497,2.1935231685638428,21603,0.0,0.0
2021-03-15 00:00:00-04:00,2.1755440329297624,2.189927870906091,2.146776488335156,2.179140090942383,18386,0.0,0.0
2021-03-16 00:00:00-04:00,2.171947933344383,2.1935233615007776,2.1503725051879883,2.1503725051879883,56690,0.0,0.0
2021-03-17 00:00:00-04:00,2.1683516268569294,2.193523110071874,2.1683516268569294,2.189927577972412,38304,0.0,0.0
2021-03-18 00:00:00-04:00,2.1935235712838677,2.24027101544345,2.1935235712838677,2.2294833660125732,66649,0.0,0.0
2021-03-19 00:00:00-04:00,2.2294831084814586,2.2330791663537797,2.2079070239636245,2.2222909927368164,23595,0.0,0.0
2021-03-22 00:00:00-04:00,2.2330792856351236,2.2330792856351236,2.1935234350749684,2.2043116092681885,44586,0.0,0.0
2021-03-23 00:00:00-04:00,2.186331393377286,2.211502743771308,2.1827352046966553,2.1827352046966553,19612,0.0,0.0
2021-03-24 00:00:00-04:00,2.189927408499332,2.20071505482716,2.1791396308134807,2.1971189975738525,29111,0.0,0.0
2021-03-25 00:00:00-04:00,2.200715380943219,2.211503028869629,2.139584106232478,2.211503028869629,60520,0.0,0.0
2021-03-26 00:00:00-04:00,2.225886829631999,2.229482887147318,2.1755437320719664,2.1863315105438232,14096,0.0,0.0
2021-03-29 00:00:00-04:00,2.19352298259039,2.19352298259039,2.168351500838342,2.1827352046966553,25281,0.0,0.0
2021-03-30 00:00:00-04:00,2.2064018152197686,2.2064018152197686,2.1845559392836438,2.195478677749634,37998,0.048951,0.0
2021-03-31 00:00:00-04:00,2.199120044708252,2.2027610910633286,2.1772746975876003,2.199120044708252,71092,0.0,0.0
2021-04-01 00:00:00-04:00,2.2100427461302266,2.2246065331681604,2.1991201386042376,2.21732497215271,9346,0.0,0.0
2021-04-05 00:00:00-04:00,2.2246057105559554,2.2573743190252227,2.206401415744674,2.2391693592071533,43360,0.0,0.0
2021-04-06 00:00:00-04:00,2.242810670374025,2.250092228696909,2.2391693592071533,2.2391693592071533,22829,0.0,0.0
2021-04-07 00:00:00-04:00,2.250093002247692,2.2573750950794884,2.242811441421509,2.242811441421509,12104,0.0,0.0
2021-04-08 00:00:00-04:00,2.2391693592071533,2.2391693592071533,2.2282467557201127,2.2391693592071533,16854,0.0,0.0
2021-04-09 00:00:00-04:00,2.2500929664197544,2.253734012777677,2.23188853263855,2.23188853263855,8120,0.0,0.0
2021-04-12 00:00:00-04:00,2.2500932702692067,2.2865029407567343,2.2428117085756747,2.2792205810546875,42900,0.0,0.0
2021-04-13 00:00:00-04:00,2.3010676397708725,2.3047081562659124,2.2573763877741744,2.282862663269043,33095,0.0,0.0
2021-04-14 00:00:00-04:00,2.253733552022235,2.2937837237574734,2.246451992800644,2.2500925064086914,27885,0.0,0.0
2021-04-15 00:00:00-04:00,2.246452350505575,2.246452350505575,2.220965293155188,2.2355289459228516,79519,0.0,0.0
2021-04-16 00:00:00-04:00,2.2355292264277056,2.2573752403259277,2.2355292264277056,2.2573752403259277,8733,0.0,0.0
2021-04-19 00:00:00-04:00,2.2865025997161865,2.293784160323646,2.2828612874068597,2.2865025997161865,15322,0.0,0.0
2021-04-20 00:00:00-04:00,2.2318878008842695,2.246451715538182,2.2209646653917985,2.2391693592071533,85495,0.0,0.0
2021-04-21 00:00:00-04:00,2.2282470828385743,2.2282470828385743,2.2064017396561235,2.2246060371398926,8427,0.0,0.0
2021-04-22 00:00:00-04:00,2.2391699921161625,2.242811304312264,2.231888431735121,2.2355289459228516,19152,0.0,0.0
2021-04-23 00:00:00-04:00,2.2537339809658277,2.2865025997161865,2.2537339809658277,2.2865025997161865,13177,0.0,0.0
2021-04-26 00:00:00-04:00,2.2937839407729492,2.3301928043365483,2.2937839407729492,2.330192804336548,82890,0.0,0.0
2021-04-27 00:00:00-04:00,2.3265520871838357,2.3265520871838357,2.315629482269287,2.315629482269287,15015,0.0,0.0
2021-04-28 00:00:00-04:00,2.3265522722409173,2.344756703880753,2.3265522722409173,2.341116189956665,33248,0.0,0.0
2021-04-29 00:00:00-04:00,2.357693843140228,2.3687461655139996,2.331906795501709,2.331906795501709,71552,0.048951,0.0
2021-04-30 00:00:00-04:00,2.368746076401989,2.368746076401989,2.320855193244027,2.32822322845459,25127,0.0,0.0
2021-05-03 00:00:00-04:00,2.376113441248182,2.390848972565931,2.365061927330933,2.3797974586486816,56690,0.0,0.0
2021-05-04 00:00:00-04:00,2.3871652412267506,2.3908492590687174,2.354010426359835,2.3613781929016113,15628,0.0,0.0
2021-05-05 00:00:00-04:00,2.3576938336796753,2.3761136531829834,2.3576938336796753,2.3761136531829834,32175,0.0,0.0
2021-05-06 00:00:00-04:00,2.394533523809007,2.394533523809007,2.2729652287638125,2.357694149017334,79979,0.0,0.0
2021-05-07 00:00:00-04:00,2.361377730550259,2.361377730550259,2.2877000795583786,2.2987515926361084,125177,0.0,0.0
2021-05-10 00:00:00-04:00,2.3134874328786146,2.3503259898837494,2.3134874328786146,2.3245389461517334,34933,0.0,0.0
2021-05-11 00:00:00-04:00,2.3134872914715348,2.3134872914715348,2.247176601033272,2.269280433654785,60214,0.0,0.0
2021-05-12 00:00:00-04:00,2.3245384438812557,2.3245384438812557,2.254544285612192,2.258228302001953,15934,0.0,0.0
2021-05-13 00:00:00-04:00,2.2692814126634264,2.272965431213379,2.2692814126634264,2.272965431213379,613,0.0,0.0
2021-05-14 00:00:00-04:00,2.3061193919650402,2.32822322845459,2.3061193919650402,2.32822322845459,29417,0.0,0.0
2021-05-17 00:00:00-04:00,2.335591241113846,2.357694275057653,2.320855705723176,2.3503267765045166,46271,0.0,0.0
2021-05-18 00:00:00-04:00,2.365062454603164,2.365062454603164,2.3466426326362355,2.357694149017334,12104,0.0,0.0
2021-05-19 00:00:00-04:00,2.34664187536355,2.3540099094294953,2.2987515379295913,2.335590362548828,29724,0.0,0.0
2021-05-20 00:00:00-04:00,2.335590362548828,2.335590362548828,2.3282228667670783,2.335590362548828,11951,0.0,0.0
2021-05-21 00:00:00-04:00,2.3392744064331055,2.3576934152409996,2.3392744064331055,2.3392744064331055,14862,0.0,0.0
2021-05-25 00:00:00-04:00,2.3650618880086802,2.3650618880086802,2.3429585913995528,2.3540101051330566,21144,0.0,0.0
2021-05-26 00:00:00-04:00,2.350326650858058,2.357694149017334,2.350326650858058,2.357694149017334,8580,0.0,0.0
2021-05-27 00:00:00-04:00,2.361378120550915,2.3871651680859602,2.361378120550915,2.3761136531829834,51327,0.0,0.0
2021-05-28 00:00:00-04:00,2.392887255960664,2.392887255960664,2.3667965497405077,2.3779780864715576,43820,0.048951,0.0
2021-05-31 00:00:00-04:00,2.4003411728062685,2.4003411728062685,2.3779778294526417,2.385432004928589,3984,0.0,0.0
2021-06-01 00:00:00-04:00,2.3891592791535126,2.4003408129999393,2.3742501135106875,2.3928866386413574,4290,0.0,0.0
2021-06-02 00:00:00-04:00,2.3966141539443195,2.3966141539443195,2.370523452758789,2.370523452758789,7201,0.0,0.0
2021-06-03 00:00:00-04:00,2.3854321492784596,2.4227049350738525,2.3705237974244144,2.4227049350738525,69254,0.0,0.0
2021-06-04 00:00:00-04:00,2.4189766454891144,2.4189766454891144,2.4040677547454834,2.4040677547454834,2451,0.0,0.0
2021-06-07 00:00:00-04:00,2.3928866386413574,2.4003408129999393,2.3854316473571138,2.3928866386413574,9040,0.0,0.0
2021-06-08 00:00:00-04:00,2.385432004928589,2.3891596372837527,2.3817051894992103,2.385432004928589,31103,0.0,0.0
2021-06-09 00:00:00-04:00,2.3854322627531745,2.400341432242281,2.3742507260221246,2.3779780864715576,35240,0.0,0.0
2021-06-10 00:00:00-04:00,2.400340969057354,2.400340969057354,2.370523452758789,2.370523452758789,57762,0.0,0.0
2021-06-11 00:00:00-04:00,2.366795778274536,2.374249952126437,2.366795778274536,2.366795778274536,12870,0.0,0.0
2021-06-14 00:00:00-04:00,2.3742498917980166,2.3742498917980166,2.3481594670537005,2.355614185333252,26353,0.0,0.0
2021-06-15 00:00:00-04:00,2.3630683422088623,2.3630683422088623,2.348159450372727,2.3630683422088623,19612,0.0,0.0
2021-06-16 00:00:00-04:00,2.3556137918175333,2.3556137918175333,2.348159074783325,2.348159074783325,10265,0.0,0.0
2021-06-17 00:00:00-04:00,2.35934090309905,2.35934090309905,2.3295228481292725,2.3295228481292725,30796,0.0,0.0
2021-06-18 00:00:00-04:00,2.310888117402963,2.310888117402963,2.273615328733794,2.2922515869140625,28805,0.0,0.0
2021-06-21 00:00:00-04:00,2.2698876301008455,2.3332502841949463,2.254978602123438,2.3332502841949463,21297,0.0,0.0
2021-06-22 00:00:00-04:00,2.340705276763186,2.3630683422088623,2.340705276763186,2.3630683422088623,43207,0.0,0.0
2021-06-23 00:00:00-04:00,2.355614672122077,2.3593414874149436,2.3407057770991013,2.3444325923919678,8580,0.0,0.0
2021-06-24 00:00:00-04:00,2.3593413829803467,2.3593413829803467,2.34815984836235,2.3593413829803467,7661,0.0,0.0
2021-06-25 00:00:00-04:00,2.38170544692099,2.3891598955112316,2.3742507260221246,2.3779780864715576,14402,0.0,0.0
2021-06-28 00:00:00-04:00,2.3854314055759516,2.3854314055759516,2.3332502841949463,2.3332502841949463,21450,0.0,0.0
2021-06-29 00:00:00-04:00,2.376634066438618,2.399268865585327,2.376634066438618,2.399268865585327,8120,0.048951,0.0
2021-06-30 00:00:00-04:00,2.3841793537139893,2.3841793537139893,2.3841793537139893,2.3841793537139893,613,0.0,0.0
2021-07-02 00:00:00-04:00,2.384178326686007,2.384178326686007,2.369088649749756,2.369088649749756,4290,0.0,0.0
2021-07-05 00:00:00-04:00,2.3804058572444147,2.3954955347359586,2.3804058572444147,2.3879504203796387,21757,0.0,0.0
2021-07-06 00:00:00-04:00,2.406812823039314,2.406812823039314,2.372860908508301,2.372860908508301,27426,0.0,0.0
2021-07-07 00:00:00-04:00,2.357770703021223,2.369088649749756,2.338909020266715,2.369088649749756,11951,0.0,0.0
2021-07-08 00:00:00-04:00,2.3577714231821516,2.3577714231821516,2.304957537773726,2.327592611312866,22523,0.0,0.0
2021-07-09 00:00:00-04:00,2.3125030037083993,2.4143582317297714,2.3125030037083993,2.3804068565368652,32788,0.0,0.0
2021-07-12 00:00:00-04:00,2.38040679504956,2.395496478485963,2.38040679504956,2.3841793537139893,9959,0.0,0.0
2021-07-13 00:00:00-04:00,2.3992686799176965,2.3992686799176965,2.376633882522583,2.376633882522583,8887,0.0,0.0
2021-07-14 00:00:00-04:00,2.403040009440515,2.403040009440515,2.369088649749756,2.369088649749756,9806,0.0,0.0
2021-07-15 00:00:00-04:00,2.376634236385131,2.3917239198215343,2.361544277338072,2.3841793537139893,14862,0.0,0.0
2021-07-16 00:00:00-04:00,2.40304068679919,2.40304068679919,2.376633882522583,2.376633882522583,9806,0.0,0.0
2021-07-19 00:00:00-04:00,2.3502270840874613,2.3502270840874613,2.218191668839414,2.2408266067504883,86107,0.0,0.0
2021-07-20 00:00:00-04:00,2.263460775718938,2.327592611312866,2.263460775718938,2.327592611312866,21450,0.0,0.0
2021-07-21 00:00:00-04:00,2.327592556461479,2.376633882522583,2.327592556461479,2.376633882522583,12870,0.0,0.0
2021-07-22 00:00:00-04:00,2.357771683533554,2.357771683533554,2.342682551543351,2.350227117538452,5209,0.0,0.0
2021-07-23 00:00:00-04:00,2.376633882522583,2.376633882522583,2.369089317538366,2.376633882522583,12564,0.0,0.0
2021-07-26 00:00:00-04:00,2.3577713676195784,2.376633882522583,2.3577713676195784,2.376633882522583,2298,0.0,0.0
2021-07-27 00:00:00-04:00,2.3766341271741283,2.395496368408203,2.3615441688204823,2.395496368408203,15015,0.0,0.0
2021-07-28 00:00:00-04:00,2.395496368408203,2.403040934169061,2.395496368408203,2.395496368408203,7661,0.0,0.0
2021-07-29 00:00:00-04:00,2.4088581977593284,2.4241282380410847,2.4088581977593284,2.4164929389953613,17007,0.048951,0.0
2021-07-30 00:00:00-04:00,2.4241283854575357,2.427946035212557,2.4203107357025146,2.4203107357025146,7048,0.0,0.0
2021-08-03 00:00:00-04:00,2.424128339201423,2.4355807304382324,2.424128339201423,2.4355807304382324,16088,0.0,0.0
2021-08-04 00:00:00-04:00,2.4355807304382324,2.439398380120407,2.431763080756058,2.4355807304382324,12104,0.0,0.0
2021-08-05 00:00:00-04:00,2.435580217766794,2.4813906097858576,2.431762568888206,2.4623029232025146,49336,0.0,0.0
2021-08-06 00:00:00-04:00,2.46230271598054,2.5348358073310995,2.46230271598054,2.523383140563965,55005,0.0,0.0
2021-08-09 00:00:00-04:00,2.5195654104543532,2.5386533737182617,2.5195654104543532,2.5386533737182617,13330,0.0,0.0
2021-08-10 00:00:00-04:00,2.5462885373413227,2.5577409267425537,2.534836147940092,2.5577409267425537,20991,0.0,0.0
2021-08-11 00:00:00-04:00,2.5348357412550198,2.584463776682421,2.492843002743194,2.5768284797668457,37691,0.0,0.0
2021-08-12 00:00:00-04:00,2.6035509033522892,2.6035509033522892,2.569193461756038,2.5768284797668457,13789,0.0,0.0
2021-08-13 00:00:00-04:00,2.5768284797668457,2.5768284797668457,2.5768284797668457,2.5768284797668457,0,0.0,0.0
2021-08-16 00:00:00-04:00,2.576828775389629,2.5882811642673147,2.542471329851772,2.5844640731811523,31562,0.0,0.0
2021-08-17 00:00:00-04:00,2.5920994709123013,2.5920994709123013,2.557741458846447,2.5653767585754395,22523,0.0,0.0
2021-08-18 00:00:00-04:00,2.5691943168640137,2.5691943168640137,2.5691943168640137,2.5691943168640137,2298,0.0,0.0
2021-08-19 00:00:00-04:00,2.569194153704935,2.569194153704935,2.5119313637491776,2.5310184955596924,30030,0.0,0.0
2021-08-20 00:00:00-04:00,2.542470882691333,2.5615580081939693,2.542470882691333,2.5615580081939697,3218,0.0,0.0
2021-08-23 00:00:00-04:00,2.584463776682421,2.584463776682421,2.5768284797668457,2.5768284797668457,8733,0.0,0.0
2021-08-24 00:00:00-04:00,2.5577409267425537,2.5577409267425537,2.542471446080662,2.5577409267425537,11185,0.0,0.0
2021-08-25 00:00:00-04:00,2.5501062870025635,2.576828994834221,2.5424715463704595,2.5501062870025635,16701,0.0,0.0
2021-08-26 00:00:00-04:00,2.5501071484549374,2.553924798965454,2.5424724052437386,2.553924798965454,14709,0.0,0.0
2021-08-27 00:00:00-04:00,2.5653759435659667,2.573010683059693,2.553923555420596,2.5730106830596924,32329,0.0,0.0
2021-08-30 00:00:00-04:00,2.590384274370919,2.625128916355317,2.5517795866827777,2.571082353591919,20837,0.048951,0.0
2021-08-31 00:00:00-04:00,2.571081634410131,2.571081634410131,2.5401976108551025,2.5401976108551025,5516,0.0,0.0
2021-09-01 00:00:00-04:00,2.5401978595026455,2.5401978595026455,2.509313832924531,2.5170347690582275,22523,0.0,0.0
2021-09-02 00:00:00-04:00,2.520895606482415,2.559500008604247,2.50159284133479,2.5093140602111816,12717,0.0,0.0
2021-09-03 00:00:00-04:00,2.490011577106911,2.5093140602111816,2.4861509676687152,2.5093140602111816,11338,0.0,0.0
2021-09-07 00:00:00-04:00,2.4707085326831546,2.509313776571313,2.4707085326831546,2.4784300327301025,48263,0.0,0.0
2021-09-08 00:00:00-04:00,2.4861503682839383,2.5093134552420273,2.4745691068481803,2.490010976791382,7508,0.0,0.0
2021-09-09 00:00:00-04:00,2.513174724056373,2.5286160322371076,2.513174724056373,2.5170347690582275,9959,0.0,0.0
2021-09-10 00:00:00-04:00,2.493871960657138,2.517034769058227,2.4900113515686253,2.5170347690582275,13330,0.0,0.0
2021-09-13 00:00:00-04:00,2.563359861012101,2.563359861012101,2.5286152362823486,2.5286152362823486,6435,0.0,0.0
2021-09-14 00:00:00-04:00,2.563359861012101,2.563359861012101,2.5286152362823486,2.5286152362823486,3218,0.0,0.0
2021-09-15 00:00:00-04:00,2.563361432292002,2.5672220425317396,2.520896129871955,2.547919273376465,41368,0.0,0.0
2021-09-16 00:00:00-04:00,2.5479183229163573,2.5788023471832275,2.536337060604175,2.5788023471832275,19918,0.0,0.0
2021-09-17 00:00:00-04:00,2.567221276992248,2.567221276992248,2.517034769058227,2.5170347690582275,14096,0.0,0.0
2021-09-20 00:00:00-04:00,2.5093136602478614,2.5093136602478614,2.4398252398263907,2.466848373413086,44433,0.0,0.0
2021-09-21 00:00:00-04:00,2.505453027584253,2.509313636370365,2.451406478881836,2.451406478881836,13330,0.0,0.0
2021-09-22 00:00:00-04:00,2.39349965448134,2.5749420877260256,2.312429115037379,2.4552674293518066,31409,0.0,0.0
2021-09-23 00:00:00-04:00,2.517034769058227,2.547918513593013,2.509313832924531,2.5170347690582275,13636,0.0,0.0
2021-09-24 00:00:00-04:00,2.5401978595026455,2.5401978595026455,2.517034769058227,2.5170347690582275,6435,0.0,0.0
2021-09-27 00:00:00-04:00,2.513175137379243,2.547918932629932,2.513175137379243,2.544058322906494,9346,0.0,0.0
2021-09-28 00:00:00-04:00,2.553820848464966,2.557725330106593,2.546010744020921,2.553820848464966,14556,0.048951,0.0
2021-09-29 00:00:00-04:00,2.573344475503509,2.5889641108193437,2.573344475503509,2.577249526977539,36925,0.0,0.0
2021-09-30 00:00:00-04:00,2.596774492565899,2.596774492565899,2.549915301445396,2.5733444690704346,8580,0.0,0.0
2021-10-01 00:00:00-04:00,2.557724840187675,2.577249526977539,2.5499153078199,2.577249526977539,24515,0.0,0.0
2021-10-04 00:00:00-04:00,2.577249520534702,2.577249520534702,2.569439988186451,2.5733444690704346,12104,0.0,0.0
2021-10-05 00:00:00-04:00,2.573344844275468,2.635823965072632,2.565535310788552,2.635823965072632,25894,0.0,0.0
2021-10-06 00:00:00-04:00,2.608489261044678,2.631918430328369,2.569440170088256,2.631918430328369,32022,0.0,0.0
2021-10-07 00:00:00-04:00,2.6397293765087424,2.655349016189575,2.6397293765087424,2.655349016189575,5056,0.0,0.0
2021-10-08 00:00:00-04:00,2.639728819099978,2.6475383520011,2.631918430328369,2.631918430328369,11032,0.0,0.0
2021-10-12 00:00:00-04:00,2.6436338911814063,2.6436338911814063,2.612394332885742,2.612394332885742,16547,0.0,0.0
2021-10-13 00:00:00-04:00,2.616298198699951,2.616298198699951,2.6006791364512702,2.616298198699951,27426,0.0,0.0
2021-10-14 00:00:00-04:00,2.643633942272309,2.6553485272306854,2.6358238385798316,2.647538423538208,25281,0.0,0.0
2021-10-15 00:00:00-04:00,2.6709679299665523,2.6709679299665523,2.620203686864994,2.6514432430267334,11951,0.0,0.0
2021-10-18 00:00:00-04:00,2.655348726114296,2.70220792532803,2.620204112736352,2.6865882873535156,58988,0.0,0.0
2021-10-19 00:00:00-04:00,2.690493178778206,2.694398231511821,2.6553491306268446,2.670968770980835,13177,0.0,0.0
2021-10-20 00:00:00-04:00,2.6748732531339807,2.690493178778206,2.670968770980835,2.670968770980835,27732,0.0,0.0
2021-10-21 00:00:00-04:00,2.7139222641333554,2.7139222641333554,2.6748726021711207,2.682682991027832,15934,0.0,0.0
2021-10-22 00:00:00-04:00,2.6904935973769715,2.713923346843495,2.6904935973769715,2.7022087574005127,29111,0.0,0.0
2021-10-25 00:00:00-04:00,2.7100174542537583,2.717827558517456,2.6904927641748957,2.717827558517456,51940,0.0,0.0
2021-10-26 00:00:00-04:00,2.7490657615821523,2.807639529748618,2.725636311373588,2.737351179122925,23442,0.0,0.0
2021-10-27 00:00:00-04:00,2.795925043520046,2.795925043520046,2.6787772178649902,2.6787772178649902,17467,0.0,0.0
2021-10-28 00:00:00-04:00,2.7557661490000402,2.7557661490000402,2.692596673965454,2.692596673965454,16241,0.048951,0.0
2021-10-29 00:00:00-04:00,2.7597138141026294,2.7597138141026294,2.661010980606079,2.661010980606079,4443,0.0,0.0
2021-11-01 00:00:00-04:00,2.6689088315826344,2.7044410705566406,2.6689088315826344,2.7044410705566406,12564,0.0,0.0
2021-11-02 00:00:00-04:00,2.7083893569294597,2.7083893569294597,2.6886494159698486,2.6886494159698486,4137,0.0,0.0
2021-11-03 00:00:00-04:00,2.6847008303734454,2.7123374938964844,2.6491677300348733,2.7123374938964844,35699,0.0,0.0
2021-11-04 00:00:00-04:00,2.6925962586805077,2.7123370591111318,2.645219087600708,2.645219087600708,41368,0.0,0.0
2021-11-05 00:00:00-04:00,2.6965439794030917,2.720232416354652,2.6531150341033936,2.6531150341033936,15628,0.0,0.0
2021-11-08 00:00:00-05:00,2.664959514091961,2.7044399556385086,2.664959514091961,2.6768035888671875,37385,0.0,0.0
2021-11-09 00:00:00-05:00,2.7241811814033414,2.7320776170860004,2.716285322608152,2.7202329635620117,29111,0.0,0.0
2021-11-10 00:00:00-05:00,2.739973776887893,2.743921995162964,2.724181480675142,2.743921995162964,16394,0.0,0.0
2021-11-11 00:00:00-05:00,2.743921544524039,2.7597141265869136,2.743921544524039,2.759714126586914,18692,0.0,0.0
2021-11-12 00:00:00-05:00,2.763662080625322,2.787350812183219,2.747870073659644,2.7755067348480225,21603,0.0,0.0
2021-11-15 00:00:00-05:00,2.7834025941089857,2.7991948895184158,2.763662080625322,2.7755067348480225,20378,0.0,0.0
2021-11-16 00:00:00-05:00,2.7952468395233154,2.803143564590367,2.7281297242193387,2.7952468395233154,46271,0.0,0.0
2021-11-17 00:00:00-05:00,2.8110395772665675,2.8110395772665675,2.763662397168066,2.787351131439209,11032,0.0,0.0
2021-11-18 00:00:00-05:00,2.739974028879883,2.739974028879883,2.736025810241699,2.736025810241699,766,0.0,0.0
2021-11-19 00:00:00-05:00,2.7044410705566406,2.7478706125591508,2.664960612734095,2.7044410705566406,24821,0.0,0.0
2021-11-22 00:00:00-05:00,2.7399741890761375,2.7399741890761375,2.7123378107682257,2.724181890487671,26966,0.0,0.0
2021-11-23 00:00:00-05:00,2.7241809098998737,2.7241809098998737,2.708388328552246,2.708388328552246,19152,0.0,0.0
2021-11-24 00:00:00-05:00,2.7478702068328857,2.7478702068328857,2.7478702068328857,2.7478702068328857,8887,0.0,0.0
2021-11-25 00:00:00-05:00,2.7755068760322326,2.7755068760322326,2.712337402737462,2.743921995162964,3064,0.0,0.0
2021-11-26 00:00:00-05:00,2.704441137982485,2.724181944273543,2.6847011970228736,2.6886494159698486,51021,0.0,0.0
2021-11-29 00:00:00-05:00,2.7625020204566946,2.786453964892099,2.7265732288360596,2.7265732288360596,2451,0.048951,0.0
2021-11-30 00:00:00-05:00,2.6946374372011657,2.6946374372011657,2.5110027165487714,2.5948359966278076,65883,0.0,0.0
2021-12-01 00:00:00-05:00,2.654716752974397,2.7106053087468407,2.642740488052368,2.642740488052368,20225,0.0,0.0
2021-12-02 00:00:00-05:00,2.7026215592503724,2.7145975326860006,2.678668737411499,2.678668737411499,20071,0.0,0.0
2021-12-03 00:00:00-05:00,2.714597016528946,2.714597016528946,2.654716285768989,2.6666922569274902,11491,0.0,0.0
2021-12-06 00:00:00-05:00,2.6547171184733003,2.7585104565681595,2.6547171184733003,2.7545182704925537,15475,0.0,0.0
2021-12-07 00:00:00-05:00,2.7944381440989052,2.7944381440989052,2.774478092466202,2.778470277786255,16547,0.0,0.0
2021-12-08 00:00:00-05:00,2.7904470991858985,2.7904470991858985,2.758510485217092,2.7664942741394043,4290,0.0,0.0
2021-12-09 00:00:00-05:00,2.7345576601705974,2.7744786463735394,2.7345576601705974,2.7664942741394043,12410,0.0,0.0
2021-12-10 00:00:00-05:00,2.766493072716359,2.7784696258664257,2.7066123485565186,2.7066123485565186,16547,0.0,0.0
2021-12-13 00:00:00-05:00,2.74653331742272,2.74653331742272,2.7066123485565186,2.7066123485565186,8580,0.0,0.0
2021-12-14 00:00:00-05:00,2.6986293049960435,2.738549409869541,2.6986293049960435,2.714597463607788,15475,0.0,0.0
2021-12-15 00:00:00-05:00,2.706612721149233,2.7106049060821538,2.674676116653345,2.7106049060821533,12410,0.0,0.0
2021-12-16 00:00:00-05:00,2.726573814366478,2.7545182416352403,2.7106056535431584,2.742542266845703,10878,0.0,0.0
2021-12-17 00:00:00-05:00,2.674676148247222,2.7225809097290035,2.6467317283541685,2.722580909729004,7048,0.0,0.0
2021-12-20 00:00:00-05:00,2.738549342844009,2.738549342844009,2.634756022752126,2.6746764183044434,25281,0.0,0.0
2021-12-21 00:00:00-05:00,2.6826604865191856,2.7425415105780417,2.6826604865191856,2.7106049060821533,22063,0.0,0.0
2021-12-22 00:00:00-05:00,2.730565622219533,2.7345572243886718,2.6946371195151744,2.714597463607788,11951,0.0,0.0
2021-12-23 00:00:00-05:00,2.7145978638143813,2.7545182662291117,2.7145978638143813,2.7305660247802734,36312,0.0,0.0
2021-12-24 00:00:00-05:00,2.738549210632903,2.75052547454834,2.730565423563737,2.75052547454834,8274,0.0,0.0
2021-12-29 00:00:00-05:00,2.750525933083171,2.7944385192192285,2.750525933083171,2.786454439163208,43667,0.0,0.0
2021-12-30 00:00:00-05:00,2.7804011551873034,2.7844367027282715,2.7642592598471833,2.7844367027282715,5822,0.048951,0.0
2021-12-31 00:00:00-05:00,2.7723304481595856,2.7804009530071587,2.744082501898151,2.7763659954071045,21450,0.0,0.0
2022-01-04 00:00:00-05:00,2.8167201536157473,2.8732160552582027,2.8167201536157473,2.8247909545898438,52093,0.0,0.0
2022-01-05 00:00:00-05:00,2.8449680056317184,2.881287050989468,2.8368974997616894,2.849003553390503,37691,0.0,0.0
2022-01-06 00:00:00-05:00,2.861109495162964,2.889357443898779,2.861109495162964,2.861109495162964,55771,0.0,0.0
2022-01-07 00:00:00-05:00,2.7521538362270532,2.7521538362270532,2.7239061762756895,2.7481188774108887,602599,0.0,0.0
2022-01-10 00:00:00-05:00,2.75618938469086,2.75618938469086,2.7239061762756895,2.7481188774108887,82277,0.0,0.0
2022-01-11 00:00:00-05:00,2.7521537906320357,2.7723312377929688,2.7440832834857685,2.7723312377929688,163481,0.0,0.0
2022-01-12 00:00:00-05:00,2.7884725772909333,2.7965430836718417,2.7642595840292667,2.792508125305176,122266,0.0,0.0
2022-01-13 00:00:00-05:00,2.792508125305176,2.792508125305176,2.768295132043509,2.792508125305176,143410,0.0,0.0
2022-01-14 00:00:00-05:00,2.7642591499279816,2.8086492866422237,2.7642591499279816,2.7965426445007324,55771,0.0,0.0
2022-01-17 00:00:00-05:00,2.8046144230870356,2.8328623771667476,2.800578874722585,2.832862377166748,77221,0.0,0.0
2022-01-18 00:00:00-05:00,2.8247906451083193,2.8247906451083193,2.800578244838719,2.8126842975616455,55464,0.0,0.0
2022-01-19 00:00:00-05:00,2.8126851639132946,2.8126851639132946,2.7602250945825,2.7642600536346436,67262,0.0,0.0
2022-01-20 00:00:00-05:00,2.768293857574463,2.7925068396889396,2.744081759930944,2.768293857574463,55158,0.0,0.0
2022-01-21 00:00:00-05:00,2.7642586190659504,2.7642586190659504,2.6553029882493,2.7037274837493896,171295,0.0,0.0
2022-01-24 00:00:00-05:00,2.719869080523981,2.719869080523981,2.546346767785279,2.7037274837493896,124258,0.0,0.0
2022-01-25 00:00:00-05:00,2.671445140933203,2.748118183803173,2.623020045708815,2.7279410362243652,53779,0.0,0.0
2022-01-26 00:00:00-05:00,2.7239063355794713,2.8046146561613305,2.7239063355794713,2.7642600536346436,49795,0.0,0.0
2022-01-27 00:00:00-05:00,2.8005782537041077,2.8046138011736894,2.752153158187866,2.752153158187866,51481,0.0,0.0
2022-01-28 00:00:00-05:00,2.794996666012807,2.803157806396485,2.77459575271707,2.8031578063964844,20837,0.048951,0.0
2022-01-31 00:00:00-05:00,2.811317540710598,2.8317190464966497,2.7745952476385276,2.827638626098633,30337,0.0,0.0
2022-02-01 00:00:00-05:00,2.835799836167735,2.8766025549510834,2.8072380820704184,2.860281467437744,82277,0.0,0.0
2022-02-02 00:00:00-05:00,2.8643609191396866,2.872521162033081,2.848039539047035,2.872521162033081,41675,0.0,0.0
2022-02-03 00:00:00-05:00,2.856201648712158,2.8725227396666493,2.843960681445231,2.856201648712158,8427,0.0,0.0
2022-02-04 00:00:00-05:00,2.8562006837596434,2.872521769200141,2.848040141039395,2.864361524581909,35393,0.0,0.0
2022-02-07 00:00:00-05:00,2.872521769200141,2.872521769200141,2.843959720628262,2.864361524581909,39989,0.0,0.0
2022-02-08 00:00:00-05:00,2.872522847620704,2.897005081176758,2.8643625999389006,2.897005081176758,91317,0.0,0.0
2022-02-09 00:00:00-05:00,2.8643612775852207,2.93372573567496,2.8643612775852207,2.9174046516418457,138507,0.0,0.0
2022-02-10 00:00:00-05:00,2.917406321555449,2.9296475887401323,2.864362917136957,2.8847644329071045,32635,0.0,0.0
2022-02-11 00:00:00-05:00,2.8970042167958665,2.9092448827684447,2.8643617452975634,2.8766024112701416,56690,0.0,0.0
2022-02-14 00:00:00-05:00,2.8602807538557387,2.8684415936784995,2.770514496825176,2.811317205429077,53013,0.0,0.0
2022-02-15 00:00:00-05:00,2.843959360461787,2.876601825310871,2.8276382770882345,2.868441581726074,34780,0.0,0.0
2022-02-16 00:00:00-05:00,2.860281691352442,2.8766027801434637,2.8317196369171143,2.8317196369171143,9806,0.0,0.0
2022-02-17 00:00:00-05:00,2.8562017849565713,2.8562017849565713,2.778676748275757,2.778676748275757,47037,0.0,0.0
2022-02-18 00:00:00-05:00,2.794995699944088,2.803156837506932,2.7541932912515126,2.7664339542388916,70479,0.0,0.0
2022-02-22 00:00:00-05:00,2.75419492998821,2.819479597805604,2.7337931172989776,2.7460343837738037,33708,0.0,0.0
2022-02-23 00:00:00-05:00,2.7460332399910348,2.7949961987811855,2.7460332399910348,2.7541937828063965,41675,0.0,0.0
2022-02-24 00:00:00-05:00,2.7052299297101836,2.7664344479784293,2.5869019098364245,2.7541937828063965,139733,0.0,0.0
2022-02-25 00:00:00-05:00,2.756256842870877,2.8016442828372754,2.743878641985532,2.797518014907837,38151,0.048951,0.0
2022-02-28 00:00:00-05:00,2.7810139538589436,2.7810139538589436,2.7686357498168945,2.7686357498168945,56230,0.0,0.0
2022-03-01 00:00:00-05:00,2.781013167321874,2.781013167321874,2.698491126993776,2.723247528076172,38151,0.0,0.0
2022-03-02 00:00:00-05:00,2.7438792887775216,2.7727619652859254,2.723248245718629,2.752131223678589,41522,0.0,0.0
2022-03-03 00:00:00-05:00,2.694365359470684,2.756257278023237,2.694365359470684,2.714996099472046,45965,0.0,0.0
2022-03-04 00:00:00-05:00,2.7108699672911127,2.7108699672911127,2.628347003133444,2.636599540710449,77987,0.0,0.0
2022-03-07 00:00:00-05:00,2.6324736109235682,2.6324736109235682,2.504563331604004,2.504563331604004,100203,0.0,0.0
2022-03-08 00:00:00-05:00,2.516940996765056,2.5251935331403907,2.4880581745316475,2.4963107109069824,59754,0.0,0.0
2022-03-09 00:00:00-05:00,2.516941125999846,2.5499503688415657,2.516941125999846,2.5334455966949463,123492,0.0,0.0
2022-03-10 00:00:00-05:00,2.5128150251736763,2.5540761947631836,2.5086887574889922,2.5540761947631836,84728,0.0,0.0
2022-03-11 00:00:00-05:00,2.591212012928723,2.611842148041098,2.5788329069261855,2.5829591751098633,26200,0.0,0.0
2022-03-14 00:00:00-04:00,2.603590496950193,2.6159686999407024,2.587085723876953,2.587085723876953,29417,0.0,0.0
2022-03-15 00:00:00-04:00,2.6654823780541648,2.6654823780541648,2.59121225682098,2.611842393875122,28651,0.0,0.0
2022-03-16 00:00:00-04:00,2.6407250584085324,2.7397527907116084,2.6407250584085324,2.735626220703125,36772,0.0,0.0
2022-03-17 00:00:00-04:00,2.739752769470215,2.739752769470215,2.694365322953285,2.739752769470215,10572,0.0,0.0
2022-03-18 00:00:00-04:00,2.739752769470215,2.739752769470215,2.7232479968218986,2.739752769470215,45505,0.0,0.0
2022-03-21 00:00:00-04:00,2.7562575457748455,2.7851405242922302,2.7562575457748455,2.7686357498168945,42288,0.0,0.0
2022-03-22 00:00:00-04:00,2.7851396922356173,2.838779665715357,2.7851396922356173,2.830526828765869,50255,0.0,0.0
2022-03-23 00:00:00-04:00,2.8264012045363205,2.8264012045363205,2.743879146733608,2.772761821746826,44586,0.0,0.0
2022-03-24 00:00:00-04:00,2.8346543302484815,2.8346543302484815,2.7686358332605385,2.8057713508605957,17926,0.0,0.0
2022-03-25 00:00:00-04:00,2.8057711539739905,2.8140230887039643,2.785140412794405,2.8098974227905273,39989,0.0,0.0
2022-03-28 00:00:00-04:00,2.8098976199666814,2.826401490584739,2.8057713508605957,2.8057713508605957,17620,0.0,0.0
2022-03-29 00:00:00-04:00,2.8264015028288387,2.8676632897137293,2.8264015028288387,2.8470325469970703,56537,0.0,0.0
2022-03-30 00:00:00-04:00,2.849118415188822,2.849118415188822,2.799060583114624,2.799060583114624,51481,0.048951,0.0
2022-03-31 00:00:00-04:00,2.6906025340264605,2.7072883778988532,2.6906025340264605,2.6989457607269287,616082,0.0,0.0
2022-04-01 00:00:00-04:00,2.711459346489317,2.732316493988037,2.6947735065846614,2.732316493988037,151071,0.0,0.0
2022-04-04 00:00:00-04:00,2.744830590887954,2.753173203826402,2.7114586153135773,2.715630531311035,55617,0.0,0.0
2022-04-05 00:00:00-04:00,2.719802318381305,2.719802318381305,2.707287785831725,2.7114593982696533,81511,0.0,0.0
2022-04-06 00:00:00-04:00,2.7114594556990315,2.7114594556990315,2.6363731731038236,2.6405441761016846,121960,0.0,0.0
2022-04-07 00:00:00-04:00,2.6363730669183663,2.732316493988037,2.632201454560103,2.732316493988037,124871,0.0,0.0
2022-04-08 00:00:00-04:00,2.711459164249766,2.711459164249766,2.690601713388694,2.703115940093994,75995,0.0,0.0
2022-04-11 00:00:00-04:00,2.7072882579856654,2.7114598711511273,2.678088184884465,2.6822597980499268,28805,0.0,0.0
2022-04-12 00:00:00-04:00,2.7031162952295227,2.7031162952295227,2.6780878385306828,2.6864304542541504,62972,0.0,0.0
2022-04-13 00:00:00-04:00,2.673917125626828,2.673917125626828,2.640545127682824,2.6697452068328857,70633,0.0,0.0
2022-04-14 00:00:00-04:00,2.690602972216669,2.7031172047768894,2.6697452068328857,2.6697452068328857,37231,0.0,0.0
2022-04-18 00:00:00-04:00,2.6822597445189227,2.686430748072626,2.6655735969543457,2.6655735969543457,29877,0.0,0.0
2022-04-19 00:00:00-04:00,2.665574202331907,2.6864313581870483,2.648888355742066,2.6697452068328857,31716,0.0,0.0
2022-04-20 00:00:00-04:00,2.6822597980499268,2.6822597980499268,2.678088184884465,2.6822597980499268,23442,0.0,0.0
2022-04-21 00:00:00-04:00,2.6822603536860696,2.698946200275911,2.6697452068328857,2.6697452068328857,113839,0.0,0.0
2022-04-22 00:00:00-04:00,2.66557371283662,2.66557371283662,2.6280304125216176,2.653059482574463,40755,0.0,0.0
2022-04-25 00:00:00-04:00,2.64054423189871,2.64054423189871,2.5487718020233454,2.6155154705047607,89631,0.0,0.0
2022-04-26 00:00:00-04:00,2.636373772721796,2.636373772721796,2.5571155548095703,2.5571155548095703,140959,0.0,0.0
2022-04-27 00:00:00-04:00,2.5696296141367805,2.586315455415465,2.5446002426903056,2.552943468093872,61899,0.0,0.0
2022-04-28 00:00:00-04:00,2.6395200587280034,2.6395200587280034,2.5761716563061796,2.597287893295288,28651,0.048951,0.0
2022-04-29 00:00:00-04:00,2.5761715248499693,2.5761715248499693,2.5339393615722656,2.5339393615722656,103268,0.0,0.0
2022-05-02 00:00:00-04:00,2.5297156116669393,2.5297156116669393,2.2889918542598493,2.322777271270752,141572,0.0,0.0
2022-05-03 00:00:00-04:00,2.3312241714647475,2.4325813551015476,2.3312241714647475,2.4199118614196777,39530,0.0,0.0
2022-05-04 00:00:00-04:00,2.436805328377581,2.4832608699798584,2.4283592028632066,2.4832608699798584,14096,0.0,0.0
2022-05-05 00:00:00-04:00,2.483260223441099,2.483260223441099,2.322777400994844,2.3650100231170654,73544,0.0,0.0
2022-05-06 00:00:00-04:00,2.3650093375069416,2.4283578666438785,2.322776727627845,2.335446834564209,39223,0.0,0.0
2022-05-09 00:00:00-04:00,2.3227771339911683,2.3227771339911683,2.166517545437386,2.196080207824707,100969,0.0,0.0
2022-05-10 00:00:00-04:00,2.280544939581368,2.280544939581368,2.111615861925487,2.1411783695220947,26506,0.0,0.0
2022-05-11 00:00:00-04:00,2.1411794880533734,2.1538491407847085,2.107393593163692,2.115839719772339,30490,0.0,0.0
2022-05-12 00:00:00-04:00,2.086276165146012,2.086276165146012,1.8244361877441406,1.8244361877441406,106332,0.0,0.0
2022-05-13 00:00:00-04:00,1.8582220659279522,1.8793378348269658,1.8075431715158787,1.8244361877441406,166852,0.0,0.0
2022-05-16 00:00:00-04:00,1.841329014814631,1.8539986610412598,1.7610876135005655,1.8539986610412598,119508,0.0,0.0
2022-05-17 00:00:00-04:00,1.8582217816977245,2.00603445547234,1.8582217816977245,1.9933648109436035,213583,0.0,0.0
2022-05-18 00:00:00-04:00,2.0018120505668073,2.0018120505668073,1.9426862611500322,1.946909785270691,77681,0.0,0.0
2022-05-19 00:00:00-04:00,1.9722496271133423,1.9806957500848348,1.942686345440458,1.9722496271133423,44126,0.0,0.0
2022-05-20 00:00:00-04:00,1.9764720795259147,2.0060345853401342,1.955356312489726,1.968025803565979,48416,0.0,0.0
2022-05-24 00:00:00-04:00,2.006034961401456,2.006034961401456,1.8582222503479515,1.9849191904067993,55311,0.0,0.0
2022-05-25 00:00:00-04:00,2.006034890362921,2.0229279076695144,1.9638027327782412,1.9722496271133423,62512,0.0,0.0
2022-05-26 00:00:00-04:00,1.99758897847288,2.0778303949081733,1.9426865507204738,2.018705368041992,109549,0.0,0.0
2022-05-27 00:00:00-04:00,2.0229281497131018,2.0693835286146403,2.0229281497131018,2.0609374046325684,81817,0.0,0.0
2022-05-30 00:00:00-04:00,2.0904994623336264,2.111615847590409,2.060936954937709,2.0947229862213135,53013,0.0,0.0
2022-05-31 00:00:00-04:00,2.0904989733562744,2.0904989733562744,1.9300162107966974,2.056713104248047,52553,0.0,0.0
2022-06-01 00:00:00-04:00,2.069382534514679,2.069382534514679,1.845552025786576,1.9511325359344482,431150,0.0,0.0
2022-06-02 00:00:00-04:00,1.9131235452772761,1.934239929415754,1.7948733676833233,1.875114917755127,423183,0.0,0.0
2022-06-03 00:00:00-04:00,1.8244364849655967,1.8328826087739174,1.7906504470049431,1.820212960243225,141572,0.0,0.0
2022-06-06 00:00:00-04:00,1.8413286376753937,1.8835607831142063,1.8413286376753937,1.8582216501235962,37078,0.0,0.0
2022-06-07 00:00:00-04:00,1.858222030722845,1.8751150466310587,1.7990963979077423,1.8539986610412598,33708,0.0,0.0
2022-06-08 00:00:00-04:00,1.8582221378447035,1.8582221378447035,1.8244362583533136,1.8371057510375977,24361,0.0,0.0
2022-06-09 00:00:00-04:00,1.8202133039278927,1.8708923704378715,1.8159899326808198,1.8624454736709595,39836,0.0,0.0
2022-06-10 00:00:00-04:00,1.858222299596261,1.858222299596261,1.7610878683192228,1.7695339918136597,53013,0.0,0.0
2022-06-13 00:00:00-04:00,1.7357473660088116,1.7399707344927409,1.5372558352614043,1.5710417032241821,163175,0.0,0.0
2022-06-14 00:00:00-04:00,1.5668186266214574,1.6428366508582042,1.5245866309141223,1.537256121635437,40602,0.0,0.0
2022-06-15 00:00:00-04:00,1.537256121635437,1.5879350101568601,1.528810000184819,1.537256121635437,21603,0.0,0.0
2022-06-16 00:00:00-04:00,1.5245866650832365,1.5245866650832365,1.3514342291936392,1.3556569814682007,81358,0.0,0.0
2022-06-17 00:00:00-04:00,1.3725499574291045,1.4865773916244507,1.3725499574291045,1.4865773916244507,80745,0.0,0.0
2022-06-20 00:00:00-04:00,1.566819199747955,1.5879355910075184,1.50769416814858,1.5837122201919556,22370,0.0,0.0
2022-06-21 00:00:00-04:00,1.6217215166102605,1.630167640549965,1.5414799451828003,1.5414799451828003,13789,0.0,0.0
2022-06-22 00:00:00-04:00,1.5119169288124776,1.5119169288124776,1.4358982903563062,1.4781310558319092,7814,0.0,0.0
2022-06-23 00:00:00-04:00,1.4823544484386562,1.4992473150926988,1.3007558233621888,1.3936667442321777,15168,0.0,0.0
2022-06-24 00:00:00-04:00,1.4865776601278624,1.5414799336904543,1.4316760036562237,1.440122127532959,23442,0.0,0.0
2022-06-27 00:00:00-04:00,1.461238557771546,1.5625957496568688,1.461238557771546,1.4950244426727295,31562,0.0,0.0
2022-06-28 00:00:00-04:00,1.554150034087333,1.5583734057988359,1.5245875120162964,1.5245875120162964,43513,0.0,0.0
2022-06-29 00:00:00-04:00,1.4950243947304138,1.5288104328208922,1.4781315299579123,1.4823542833328247,21297,0.0,0.0
2022-06-30 00:00:00-04:00,1.4992471481053262,1.4992471481053262,1.4190057318904687,1.4823542833328247,7814,0.0,0.0
2022-07-04 00:00:00-04:00,1.4527916863067012,1.5203634500503538,1.4527916863067012,1.520363450050354,15322,0.0,0.0
2022-07-05 00:00:00-04:00,1.4992473150926988,1.4992473150926988,1.3936667442321777,1.3936667442321777,18233,0.0,0.0
2022-07-06 00:00:00-04:00,1.42322899347123,1.42322899347123,1.2923086844095402,1.3978898525238037,13177,0.0,0.0
2022-07-07 00:00:00-04:00,1.4654617161453176,1.533033013343811,1.4654617161453176,1.533033013343811,21297,0.0,0.0
2022-07-08 00:00:00-04:00,1.5625956557173148,1.5837120446361084,1.5203634949706613,1.5499261617660522,17160,0.0,0.0
2022-07-11 00:00:00-04:00,1.5541495757069068,1.5541495757069068,1.4696846347534487,1.4823542833328247,31869,0.0,0.0
2022-07-12 00:00:00-04:00,1.5203633661929585,1.5457025062219434,1.5203633661929585,1.533033013343811,4443,0.0,0.0
2022-07-13 00:00:00-04:00,1.482353890010575,1.5161397648636978,1.4527913845027023,1.4654614925384521,49948,0.0,0.0
2022-07-14 00:00:00-04:00,1.4570148767839566,1.4570148767839566,1.3303179510991834,1.3345413208007812,29724,0.0,0.0
2022-07-15 00:00:00-04:00,1.3556574772688827,1.3767738690003837,1.3303183317184448,1.3303183317184448,32941,0.0,0.0
2022-07-18 00:00:00-04:00,1.3387649238081725,1.4021134748266295,1.3387649238081725,1.376773715019226,16241,0.0,0.0
2022-07-19 00:00:00-04:00,1.4105594052650463,1.435898544508259,1.4021132826385012,1.4316757917404175,20225,0.0,0.0
2022-07-20 00:00:00-04:00,1.4190056324005127,1.4316758971824963,1.3936664912910874,1.4190056324005127,39070,0.0,0.0
2022-07-21 00:00:00-04:00,1.4190054901550395,1.4232288599014282,1.4021132453511758,1.4232288599014282,25434,0.0,0.0
2022-07-22 00:00:00-04:00,1.4358986502613411,1.4358986502613411,1.4190056324005127,1.4190056324005127,3677,0.0,0.0
2022-07-25 00:00:00-04:00,1.3978899424129096,1.444345474243164,1.3978899424129096,1.444345474243164,22216,0.0,0.0
2022-07-26 00:00:00-04:00,1.3978897213320758,1.4443452458152373,1.3978897213320758,1.4232288599014282,14249,0.0,0.0
2022-07-27 00:00:00-04:00,1.4781312219610456,1.4992468357086182,1.4401218213246887,1.4992468357086182,37844,0.0,0.0
2022-07-28 00:00:00-04:00,1.4992474046303137,1.5625959669117673,1.4992474046303137,1.558373212814331,13636,0.0,0.0
2022-07-29 00:00:00-04:00,1.5752658772843895,1.6723995357586565,1.5752658772843895,1.6470603942871094,43360,0.0,0.0
2022-08-02 00:00:00-04:00,1.6386141172506097,1.6386141172506097,1.6006048686531975,1.6048282384872437,28192,0.0,0.0
2022-08-03 00:00:00-04:00,1.621721148490906,1.621721148490906,1.6048281330823961,1.6217211484909058,8887,0.0,0.0
2022-08-04 00:00:00-04:00,1.6259447535155045,1.6766236720416532,1.61327510102036,1.6639540195465088,28651,0.0,0.0
2022-08-05 00:00:00-04:00,1.6681768866807045,1.7695340759804927,1.6470604970311047,1.672399640083313,87486,0.0,0.0
2022-08-08 00:00:00-04:00,1.693515626896367,1.7230781334101053,1.693515626896367,1.718855381011963,13483,0.0,0.0
2022-08-09 00:00:00-04:00,1.6977394949112556,1.714632359201641,1.6723995813847448,1.6766231060028076,25281,0.0,0.0
2022-08-10 00:00:00-04:00,1.6935154941724417,1.7695335163799417,1.6766226346313728,1.7653107643127441,153522,0.0,0.0
2022-08-11 00:00:00-04:00,1.7526407430705249,1.7948733568191528,1.7526407430705249,1.7948733568191528,103268,0.0,0.0
2022-08-12 00:00:00-04:00,1.8117661358682249,1.8962302724731728,1.8117661358682249,1.8582216501235962,86873,0.0,0.0
2022-08-15 00:00:00-04:00,1.8793382915764447,1.892008403940554,1.8371061264235746,1.8708921670913696,48416,0.0,0.0
2022-08-16 00:00:00-04:00,1.8751152682527674,2.0313747196677707,1.7568644514645095,1.9849191904067993,287280,0.0,0.0
2022-08-17 00:00:00-04:00,1.9426863215758678,1.9426863215758678,1.8159893875600503,1.938463568687439,28958,0.0,0.0
2022-08-18 00:00:00-04:00,1.9131239544102512,1.9215708492719978,1.8962309360504153,1.896230936050415,17620,0.0,0.0
2022-08-19 00:00:00-04:00,1.8666681051254272,1.8708916289714113,1.8328822284481303,1.8666681051254272,20378,0.0,0.0
2022-08-22 00:00:00-04:00,1.794873409177135,1.794873409177135,1.718855381011963,1.718855381011963,43973,0.0,0.0
2022-08-23 00:00:00-04:00,1.7568640557795145,1.7779804391091993,1.73574767244983,1.7399710416793823,39989,0.0,0.0
2022-08-24 00:00:00-04:00,1.7399715013644859,1.773757538490723,1.6681768281303482,1.6766231060028076,91010,0.0,0.0
2022-08-25 00:00:00-04:00,1.714632212376828,1.8286596536636353,1.7061854724094674,1.8286596536636353,70173,0.0,0.0
2022-08-26 00:00:00-04:00,1.8244369880362798,1.8244369880362798,1.7315258979797363,1.7315258979797363,46884,0.0,0.0
2022-08-29 00:00:00-04:00,1.7104089421932578,1.7188556826534747,1.6006050187559364,1.6470603942871094,238557,0.0,0.0
2022-08-30 00:00:00-04:00,1.6343908779157708,1.647060371338656,1.5879353487591328,1.6259441375732422,90091,0.0,0.0
2022-08-31 00:00:00-04:00,1.659729873776643,1.659729873776643,1.6259439952725177,1.6301673650741577,8580,0.0,0.0
2022-09-01 00:00:00-04:00,1.625944205382762,1.625944205382762,1.5076940010193987,1.5499261617660522,45352,0.0,0.0
2022-09-02 00:00:00-04:00,1.5963814281581443,1.6090510755057212,1.5625955476252167,1.5921586751937866,46271,0.0,0.0
2022-09-06 00:00:00-04:00,1.5372566128321212,1.545702736981513,1.5034707277798642,1.5161402225494385,19305,0.0,0.0
2022-09-07 00:00:00-04:00,1.4781309746412663,1.549925622951982,1.4485684723956775,1.5457020998001099,73390,0.0,0.0
2022-09-08 00:00:00-04:00,1.5625953828782142,1.600604783731719,1.5372562451273302,1.575265645980835,23136,0.0,0.0
2022-09-09 00:00:00-04:00,1.60905136854811,1.6850700378417967,1.6048286148146993,1.6850700378417969,35393,0.0,0.0
2022-09-12 00:00:00-04:00,1.6723992892122939,1.8117664751693003,1.6723992892122939,1.7526408433914185,83043,0.0,0.0
2022-09-13 00:00:00-04:00,1.7273025905678019,1.7273025905678019,1.6259447535155045,1.6639540195465088,48263,0.0,0.0
2022-09-14 00:00:00-04:00,1.7737572991201265,1.7737572991201265,1.647060216949221,1.6512837409973145,4137,0.0,0.0
2022-09-15 00:00:00-04:00,1.6343909240866834,1.7061855963899908,1.6343909240866834,1.6428370475769043,16547,0.0,0.0
2022-09-16 00:00:00-04:00,1.6259443856200806,1.6259443856200806,1.5457028084883917,1.5837122201919556,17620,0.0,0.0
2022-09-19 00:00:00-04:00,1.5794888493763926,1.5837122201919556,1.554149704392268,1.5837122201919556,8580,0.0,0.0
2022-09-20 00:00:00-04:00,1.5541493903618242,1.5668188831575216,1.4908008464743026,1.511917233467102,18846,0.0,0.0
2022-09-21 00:00:00-04:00,1.5414795151823166,1.5794882964902348,1.5288100242614746,1.5288100242614746,34014,0.0,0.0
2022-09-22 00:00:00-04:00,1.5203636107361695,1.5203636107361695,1.4823543546245643,1.4908010959625244,14709,0.0,0.0
2022-09-23 00:00:00-04:00,1.4739077802048886,1.4739077802048886,1.3852202536887543,1.4147827625274658,43207,0.0,0.0
2022-09-26 00:00:00-04:00,1.4021132701550179,1.4147827625274658,1.4021132701550179,1.4147827625274658,5516,0.0,0.0
2022-09-27 00:00:00-04:00,1.3978898885824114,1.4021134131068342,1.3725501298904417,1.372550129890442,22370,0.0,0.0
2022-09-28 00:00:00-04:00,1.3641038674013894,1.4147827625274658,1.3514343750289415,1.4147827625274658,35393,0.0,0.0
2022-09-29 00:00:00-04:00,1.3725501323951643,1.3725501323951643,1.3683273792266843,1.3683273792266846,3984,0.0,0.0
2022-09-30 00:00:00-04:00,1.376773618900951,1.414782870276631,1.376773618900951,1.3978898525238037,3677,0.0,0.0
2022-10-03 00:00:00-04:00,1.4105593592820707,1.4908007613454761,1.4105593592820707,1.4865773916244507,36619,0.0,0.0
2022-10-04 00:00:00-04:00,1.5161400613930895,1.6428370011673918,1.5161400613930895,1.6259441375732422,59448,0.0,0.0
2022-10-05 00:00:00-04:00,1.625943921482603,1.625943921482603,1.5625953828782142,1.575265645980835,5209,0.0,0.0
2022-10-06 00:00:00-04:00,1.5625951124988402,1.571041850257225,1.5414793480116362,1.5457020998001099,19458,0.0,0.0
2022-10-07 00:00:00-04:00,1.5457021847022934,1.5457021847022934,1.473907532448048,1.4781310558319092,15934,0.0,0.0
2022-10-11 00:00:00-04:00,1.4443454712832389,1.4485689959616477,1.3598806858062744,1.3598806858062744,27885,0.0,0.0
2022-10-12 00:00:00-04:00,1.3598806324741168,1.393666514485332,1.2627462024077825,1.283862590789795,100969,0.0,0.0
2022-10-13 00:00:00-04:00,1.2711928296289385,1.4021131992340088,1.2500764444096724,1.4021131992340088,18692,0.0,0.0
2022-10-14 00:00:00-04:00,1.448568832626964,1.478131342224182,1.3852202892303467,1.3852202892303467,10572,0.0,0.0
2022-10-17 00:00:00-04:00,1.4950242651358747,1.4950242651358747,1.4570150141470612,1.4612383842468262,2758,0.0,0.0
2022-10-18 00:00:00-04:00,1.4908010959625244,1.5203636107361695,1.4612385811888795,1.4908010959625244,13943,0.0,0.0
2022-10-19 00:00:00-04:00,1.490801187695409,1.490801187695409,1.4527919292449951,1.4527919292449951,5975,0.0,0.0
2022-10-20 00:00:00-04:00,1.4781315362511271,1.4781315362511271,1.440122127532959,1.440122127532959,20071,0.0,0.0
2022-10-21 00:00:00-04:00,1.4316760036562237,1.4570151466501209,1.3345415679825727,1.440122127532959,54238,0.0,0.0
2022-10-24 00:00:00-04:00,1.440122121401571,1.486577653798688,1.440122121401571,1.4823542833328247,77987,0.0,0.0
2022-10-25 00:00:00-04:00,1.4358983683856548,1.4739076125428885,1.4358983683856548,1.4696842432022095,55924,0.0,0.0
2022-10-26 00:00:00-04:00,1.4696846168199842,1.4992471298111325,1.444345474243164,1.444345474243164,42900,0.0,0.0
2022-10-27 00:00:00-04:00,1.4739076981024968,1.5119170987388537,1.4739076981024968,1.4992468357086182,122420,0.0,0.0
2022-10-28 00:00:00-04:00,1.4992469238176702,1.6048282384872437,1.4992469238176702,1.6048282384872437,104647,0.0,0.0
2022-10-31 00:00:00-04:00,1.5879350900650027,1.5879350900650027,1.583711720581777,1.5879350900650024,18386,0.0,0.0
2022-11-01 00:00:00-04:00,1.596381344546437,1.6048282384872437,1.5668188356171169,1.6048282384872437,15322,0.0,0.0
2022-11-02 00:00:00-04:00,1.617498106807206,1.6217216318955194,1.5837122201919556,1.5837122201919556,18233,0.0,0.0
2022-11-03 00:00:00-04:00,1.5625957566440134,1.5625957566440134,1.4654619349256546,1.5161402225494385,33401,0.0,0.0
2022-11-04 00:00:00-04:00,1.5625958110663347,1.6217216133534424,1.5625958110663347,1.6090513467788696,22216,0.0,0.0
2022-11-07 00:00:00-05:00,1.6048284400686488,1.6048284400686488,1.5457026434196848,1.5963815450668335,12870,0.0,0.0
2022-11-08 00:00:00-05:00,1.583711367866457,1.6217207591140375,1.554148867976785,1.566818356513977,120887,0.0,0.0
2022-11-09 00:00:00-05:00,1.5837117275798829,1.5837117275798829,1.4358984231948853,1.4358984231948853,31869,0.0,0.0
2022-11-10 00:00:00-05:00,1.4401214455843345,1.5710417032241821,1.4401214455843345,1.5710417032241821,55005,0.0,0.0
2022-11-11 00:00:00-05:00,1.5625954440777134,1.685069619291375,1.5625954440777134,1.6512837409973145,106945,0.0,0.0
2022-11-14 00:00:00-05:00,1.5963814281581443,1.6343908330190429,1.566818917680465,1.5921586751937866,127476,0.0,0.0
2022-11-15 00:00:00-05:00,1.625943862201785,1.6386139705697558,1.6132742166519165,1.6132742166519165,26660,0.0,0.0
2022-11-16 00:00:00-05:00,1.5837116316343955,1.6048280150464398,1.562595248222351,1.562595248222351,22370,0.0,0.0
2022-11-17 00:00:00-05:00,1.6006046705459371,1.6006046705459371,1.5245866455780277,1.5541491508483887,6435,0.0,0.0
2022-11-18 00:00:00-05:00,1.579488470181613,1.6386141046774374,1.579488470181613,1.6301673650741577,40602,0.0,0.0
2022-11-21 00:00:00-05:00,1.6217213844928855,1.6259441375732422,1.6006049964547449,1.6259441375732422,3218,0.0,0.0
2022-11-22 00:00:00-05:00,1.6048283958869758,1.7399714613769734,1.6048283958869758,1.7061855792999268,79826,0.0,0.0
2022-11-23 00:00:00-05:00,1.7399720241169938,1.777981443008008,1.7230790004785808,1.7315258979797363,29877,0.0,0.0
2022-11-24 00:00:00-05:00,1.752640820549171,1.7906500666123153,1.7061852981992343,1.7568641901016235,48263,0.0,0.0
2022-11-25 00:00:00-05:00,1.731524976150652,1.7948733568191528,1.731524976150652,1.7948733568191528,41215,0.0,0.0
2022-11-28 00:00:00-05:00,1.7822042725570337,1.7822042725570337,1.7315253713287817,1.7441948652267456,36925,0.0,0.0
2022-11-29 00:00:00-05:00,1.7779807425610699,1.8159893751144411,1.7399713386441047,1.815989375114441,37078,0.0,0.0
2022-11-30 00:00:00-05:00,1.8117666484220196,1.8793379459675494,1.7737573982288113,1.845552682876587,53472,0.0,0.0
2022-12-01 00:00:00-05:00,1.8751146625717987,1.8793374142976478,1.8455521607646297,1.8582216501235962,12104,0.0,0.0
2022-12-02 00:00:00-05:00,1.8371051344985612,1.968025392874481,1.8159887547781877,1.9511325359344482,95760,0.0,0.0
2022-12-05 00:00:00-05:00,1.976472318311054,1.976472318311054,1.9004542827606201,1.9004542827606201,36006,0.0,0.0
2022-12-06 00:00:00-05:00,1.9173471684688066,1.9173471684688066,1.8159893751144411,1.815989375114441,22523,0.0,0.0
2022-12-07 00:00:00-05:00,1.824436704881971,1.8793383675267101,1.7990969419479372,1.799096941947937,68488,0.0,0.0
2022-12-08 00:00:00-05:00,1.803319647232684,1.8371055225214754,1.7990962778329738,1.8117663860321045,40755,0.0,0.0
2022-12-09 00:00:00-05:00,1.8244368294477318,1.908901631752164,1.8244368294477318,1.8624454736709595,25281,0.0,0.0
2022-12-12 00:00:00-05:00,1.7990962633668115,1.8159891237390258,1.765310851167778,1.7948733568191528,48876,0.0,0.0
2022-12-13 00:00:00-05:00,1.8624446536864334,1.9089007913142442,1.8582219013895902,1.8793376684188843,60827,0.0,0.0
2022-12-14 00:00:00-05:00,1.9004543057582248,1.9004543057582248,1.8159893751144411,1.815989375114441,36465,0.0,0.0
2022-12-15 00:00:00-05:00,1.7864268310406086,1.7864268310406086,1.6850696567249304,1.7737573385238647,22982,0.0,0.0
2022-12-16 00:00:00-05:00,1.7737572054933217,1.7990963428991078,1.6681765149542027,1.7568641901016235,25740,0.0,0.0
2022-12-19 00:00:00-05:00,1.7484183434934277,1.7484183434934277,1.7061855669527395,1.7273019552230835,13177,0.0,0.0
2022-12-20 00:00:00-05:00,1.7441945442623785,1.8159892040181014,1.7273016831433847,1.7568641901016235,42594,0.0,0.0
2022-12-21 00:00:00-05:00,1.8413294237970372,1.9131241016944325,1.8413294237970372,1.8877849578857422,159038,0.0,0.0
2022-12-22 00:00:00-05:00,1.8413291585925042,1.8455526828765871,1.7610877510128893,1.845552682876587,32482,0.0,0.0
2022-12-23 00:00:00-05:00,1.837105517269503,1.887784407194157,1.815989133149416,1.8793376684188843,64198,0.0,0.0
2022-12-28 00:00:00-05:00,1.8413288009461284,1.8539984457011902,1.7737570537070824,1.7864265441894531,65576,0.0,0.0
2022-12-29 00:00:00-05:00,1.8286593955850232,1.887784407194157,1.8033196420773,1.8793376684188843,34933,0.0,0.0
2022-12-30 00:00:00-05:00,1.8582225175455085,1.9595797139123967,1.8582225175455085,1.8708921670913696,82430,0.0,0.0
2023-01-03 00:00:00-05:00,1.879337814230156,1.9638025859003405,1.870891691890371,1.9426862001419067,65730,0.0,0.0
2023-01-04 00:00:00-05:00,1.9849197953723687,2.0862770080566406,1.9553572750061228,2.0862770080566406,155361,0.0,0.0
2023-01-05 00:00:00-05:00,2.090499771173654,2.1031694190722265,2.0482677657844754,2.069383382797241,98211,0.0,0.0
2023-01-06 00:00:00-05:00,2.0482678145420103,2.183410882949829,2.0482678145420103,2.183410882949829,214349,0.0,0.0
2023-01-09 00:00:00-05:00,2.1834101525417458,2.2340890369344497,2.162294387817383,2.162294387817383,93155,0.0,0.0
2023-01-10 00:00:00-05:00,2.1454024192478176,2.1496251728355786,2.111616379454345,2.1327321529388428,77527,0.0,0.0
2023-01-11 00:00:00-05:00,2.136955312590495,2.2509827613830566,2.136955312590495,2.2509827613830566,108783,0.0,0.0
2023-01-12 00:00:00-05:00,2.259428610336639,2.2805449962615967,2.234089471753909,2.2805449962615967,69407,0.0,0.0
2023-01-13 00:00:00-05:00,2.2636521103863565,2.3016615146755637,2.2298662303615955,2.297438144683838,68947,0.0,0.0
2023-01-16 00:00:00-05:00,2.297438144683838,2.3143310075598587,2.280545127535097,2.297438144683838,24208,0.0,0.0
2023-01-17 00:00:00-05:00,2.3101074876563352,2.327000503708823,2.196080207824707,2.196080207824707,185698,0.0,0.0
2023-01-18 00:00:00-05:00,2.2805451410395077,2.301661528305016,2.238312983599376,2.272099018096924,44739,0.0,0.0
2023-01-19 00:00:00-05:00,2.2256433463355663,2.2467591151411024,2.2256433463355663,2.2425355911254883,19458,0.0,0.0
2023-01-20 00:00:00-05:00,2.238312616775824,2.2678752764117913,2.22141975656824,2.2552056312561035,192439,0.0,0.0
2023-01-23 00:00:00-05:00,2.267875648080189,2.2805451410395077,2.242535736525225,2.272099018096924,52400,0.0,0.0
2023-01-24 00:00:00-05:00,2.255206305605931,2.3101079634245285,2.2509829350184707,2.28476881980896,82737,0.0,0.0
2023-01-25 00:00:00-05:00,2.3058839666399993,2.3058839666399993,2.255205693171301,2.2932143211364746,134370,0.0,0.0
2023-01-26 00:00:00-05:00,2.3143313399885743,2.3945729129936684,2.3143313399885743,2.3903493881225586,85341,0.0,0.0
2023-01-27 00:00:00-05:00,2.394572954562432,2.394572954562432,2.3607869148254395,2.3607869148254395,75229,0.0,0.0
2023-01-30 00:00:00-05:00,2.3757694922147525,2.3757694922147525,2.3201210498809814,2.3201210498809814,27732,0.048951,0.0
2023-01-31 00:00:00-05:00,2.3115591057474143,2.3415236473083496,2.277313759021328,2.3415236473083496,59141,0.0,0.0
2023-02-01 00:00:00-05:00,2.350085645550005,2.371488422518599,2.3115593334922555,2.3586466312408447,46884,0.0,0.0
2023-02-02 00:00:00-05:00,2.362927436826903,2.380050190062314,2.337243072417665,2.354365825653076,28805,0.0,0.0
2023-02-03 00:00:00-05:00,2.3714881888692845,2.384330760735471,2.332962662460975,2.3415236473083496,53013,0.0,0.0
2023-02-06 00:00:00-05:00,2.350086331107508,2.350086331107508,2.2987182127871084,2.3029990196228027,75842,0.0,0.0
2023-02-07 00:00:00-05:00,2.3244012301790073,2.350085752123767,2.3029984522398212,2.3201210498809814,57916,0.0,0.0
2023-02-08 00:00:00-05:00,2.320120484121547,2.328681624483745,2.3029978906557167,2.3244006633758545,58682,0.0,0.0
2023-02-09 00:00:00-05:00,2.3458043021596233,2.3971723971425667,2.3329625129699707,2.3329625129699707,73084,0.0,0.0
2023-02-10 00:00:00-05:00,2.38433124583352,2.38433124583352,2.3201211881120725,2.3458049297332764,50102,0.0,0.0
2023-02-13 00:00:00-05:00,2.3714883260731696,2.397172689437866,2.3629273407304945,2.397172689437866,41828,0.0,0.0
2023-02-14 00:00:00-05:00,2.3971722115724003,2.4314177098238274,2.3543652605727607,2.3928914070129395,73390,0.0,0.0
2023-02-15 00:00:00-05:00,2.3928920086024603,2.457102060317993,2.3928920086024603,2.457102060317993,49642,0.0,0.0
2023-02-16 00:00:00-05:00,2.4571022277670242,2.5940837954338654,2.4571022277670242,2.5726802349090576,89325,0.0,0.0
2023-02-17 00:00:00-05:00,2.594083993915732,2.641171455383301,2.5683996254983117,2.641171455383301,166852,0.0,0.0
2023-02-21 00:00:00-05:00,2.6368905309795583,2.6368905309795583,2.5084704147249526,2.5769612789154053,50408,0.0,0.0
2023-02-22 00:00:00-05:00,2.589802757007644,2.589802757007644,2.525592863051446,2.5469956398010254,113839,0.0,0.0
2023-02-23 00:00:00-05:00,2.568399429321289,2.594083795776911,2.559838442948362,2.568399429321289,88559,0.0,0.0
2023-02-24 00:00:00-05:00,2.568399510418341,2.5769612789154053,2.534154156508497,2.5769612789154053,173287,0.0,0.0
2023-02-27 00:00:00-05:00,2.6094710941126764,2.652817460715836,2.605136124931073,2.6398136615753174,47650,0.048951,0.0
2023-02-28 00:00:00-05:00,2.6571526527404785,2.6658216422864895,2.6398140402744854,2.6571526527404785,112614,0.0,0.0
2023-03-01 00:00:00-05:00,2.6614866810194004,2.7091680209605347,2.652817691961341,2.687495231628418,198415,0.0,0.0
2023-03-02 00:00:00-05:00,2.700498491916477,2.700498491916477,2.6441475408111654,2.6614861488342285,48876,0.0,0.0
2023-03-03 00:00:00-05:00,2.665821351208207,2.678825467481289,2.639813752035946,2.670156478881836,57609,0.0,0.0
2023-03-06 00:00:00-05:00,2.6441483412309834,2.700499309394503,2.6441483412309834,2.652817964553833,110316,0.0,0.0
2023-03-07 00:00:00-05:00,2.665821534392175,2.665821534392175,2.6008015819327737,2.644148111343384,95760,0.0,0.0
2023-03-08 00:00:00-05:00,2.661486824638376,2.665821636088288,2.579128098929412,2.5877978801727295,115525,0.0,0.0
2023-03-09 00:00:00-05:00,2.6008013343038665,2.6008013343038665,2.4534225149661584,2.488100051879883,330334,0.0,0.0
2023-03-10 00:00:00-05:00,2.5097744112190714,2.5097744112190714,2.310379382884448,2.3450567722320557,144176,0.0,0.0
2023-03-13 00:00:00-04:00,2.258363723754883,2.297375934028992,2.1499971943363336,2.258363723754883,273950,0.0,0.0
2023-03-14 00:00:00-04:00,2.297374938167601,2.4057415789551566,2.262697556111928,2.2843711376190186,169610,0.0,0.0
2023-03-15 00:00:00-04:00,2.228020337714163,2.228020337714163,2.123987867218526,2.167335033416748,167772,0.0,0.0
2023-03-16 00:00:00-04:00,2.158665509535026,2.271366816753005,2.0372950536966323,2.219351291656494,287433,0.0,0.0
2023-03-17 00:00:00-04:00,2.2106818358856186,2.2106818358856186,2.045964199344875,2.080641746520996,123339,0.0,0.0
2023-03-20 00:00:00-04:00,2.1456604979147835,2.1456604979147835,2.0936443649273224,2.11965274810791,38457,0.0,0.0
2023-03-21 00:00:00-04:00,2.1499966165051987,2.2540283047777305,2.1499966165051987,2.202012777328491,53932,0.0,0.0
2023-03-22 00:00:00-04:00,2.2106814306743523,2.223685231380683,2.1630000891481895,2.1803388595581055,70939,0.0,0.0
2023-03-23 00:00:00-04:00,2.2106809757847414,2.2193505967209943,2.1326570791972306,2.145660877227783,25587,0.0,0.0
2023-03-24 00:00:00-04:00,2.158665529126458,2.158665529126458,2.084976419264352,2.132657766342163,136362,0.0,0.0
2023-03-27 00:00:00-04:00,2.2020118365554953,2.2020118365554953,2.1456607294422287,2.1846730709075928,123799,0.0,0.0
2023-03-28 00:00:00-04:00,2.1890077590942383,2.1890077590942383,2.1456612307065823,2.1890077590942383,30796,0.0,0.0
2023-03-29 00:00:00-04:00,2.18033874596303,2.219350937766944,2.18033874596303,2.2150161266326904,118436,0.0,0.0
2023-03-30 00:00:00-04:00,2.2260143720093097,2.243611418209464,2.2084174865113058,2.2392120361328125,58988,0.048951,0.0
2023-03-31 00:00:00-04:00,2.24801023356498,2.3139988589511287,2.2392114716298357,2.2832043170928955,61746,0.0,0.0
2023-04-03 00:00:00-04:00,2.3052009640776085,2.3447944462256762,2.287604075170265,2.322798013687134,24361,0.0,0.0
2023-04-04 00:00:00-04:00,2.340394426251512,2.340394426251512,2.2832047135716182,2.2964022159576416,32635,0.0,0.0
2023-04-05 00:00:00-04:00,2.287603055252027,2.287603055252027,2.2612078943613656,2.2832043170928955,18079,0.0,0.0
2023-04-06 00:00:00-04:00,2.296402357567149,2.3491933345794678,2.296402357567149,2.3491933345794678,18692,0.0,0.0
2023-04-10 00:00:00-04:00,2.3623909842654207,2.397584915161133,2.349193320442834,2.397584915161133,57609,0.0,0.0
2023-04-11 00:00:00-04:00,2.419580296353524,2.485568765156593,2.419580296353524,2.4283790588378906,62665,0.0,0.0
2023-04-12 00:00:00-04:00,2.43277914156911,2.498767790102049,2.43277914156911,2.463573694229126,22829,0.0,0.0
2023-04-13 00:00:00-04:00,2.485569080810635,2.4943680051145387,2.45917391492033,2.4723715782165527,52706,0.0,0.0
2023-04-14 00:00:00-04:00,2.485569462063165,2.511965274810791,2.4503761699814874,2.511965274810791,73697,0.0,0.0
2023-04-17 00:00:00-04:00,2.49876744801578,2.5339607355598393,2.49876744801578,2.529561996459961,22676,0.0,0.0
2023-04-18 00:00:00-04:00,2.555957710473389,2.569155216217041,2.5427602047297366,2.569155216217041,80438,0.0,0.0
2023-04-19 00:00:00-04:00,2.5647560656362423,2.608748280080543,2.5647560656362423,2.60434889793396,54851,0.0,0.0
2023-04-20 00:00:00-04:00,2.5735540331793048,2.6395425074801344,2.5735540331793048,2.6175460815429688,53472,0.0,0.0
2023-04-21 00:00:00-04:00,2.5955504591164704,2.6175460815429688,2.5427594868332464,2.6175460815429688,40602,0.0,0.0
2023-04-24 00:00:00-04:00,2.635142800107376,2.6395421811722253,2.604348257568229,2.626344680786133,43513,0.0,0.0
2023-04-25 00:00:00-04:00,2.617546814946892,2.617546814946892,2.551558322156911,2.573554754257202,110316,0.0,0.0
2023-04-26 00:00:00-04:00,2.5911505971166573,2.630744062497344,2.5911505971166573,2.613147020339966,83962,0.0,0.0
2023-04-27 00:00:00-04:00,2.6465650391313384,2.695575475692749,2.642109396937356,2.695575475692749,89478,0.048951,0.0
2023-04-28 00:00:00-04:00,2.6732965970044953,2.713396382866903,2.6732965970044953,2.7044849395751953,55771,0.0,0.0
2023-05-01 00:00:00-04:00,2.695575529345269,2.7223082437405717,2.673297806203661,2.677753448486328,57916,0.0,0.0
2023-05-02 00:00:00-04:00,2.6732965918570395,2.6866630243616023,2.5975534743311837,2.628741979598999,44433,0.0,0.0
2023-05-03 00:00:00-04:00,2.6064645500678516,2.6287422655128188,2.6064645500678516,2.6109201908111572,14862,0.0,0.0
2023-05-04 00:00:00-04:00,2.5886425103651005,2.6109202261112663,2.4772553964489714,2.499532461166382,95760,0.0,0.0
2023-05-05 00:00:00-04:00,2.566364144187396,2.6020081222816662,2.5619091555416986,2.5797312259674072,58682,0.0,0.0
2023-05-08 00:00:00-04:00,2.588642971740436,2.646564684938072,2.588642971740436,2.6198313236236572,22676,0.0,0.0
2023-05-09 00:00:00-04:00,2.6064645500678516,2.637652895970683,2.6064645500678516,2.6109201908111572,8733,0.0,0.0
2023-05-10 00:00:00-04:00,2.6376525721145785,2.6376525721145785,2.4237890040107164,2.490621328353882,152603,0.0,0.0
2023-05-11 00:00:00-04:00,2.4326999606817137,2.468343947747127,2.4326999606817137,2.4594333171844482,29417,0.0,0.0
2023-05-12 00:00:00-04:00,2.512899163993631,2.512899163993631,2.47279953956604,2.47279953956604,30030,0.0,0.0
2023-05-15 00:00:00-04:00,2.557454035019381,2.566364665148185,2.4950771827600406,2.5619096755981445,39989,0.0,0.0
2023-05-16 00:00:00-04:00,2.5485433071045116,2.5485433071045116,2.5084435199773285,2.512899160385132,10419,0.0,0.0
2023-05-17 00:00:00-04:00,2.575276109062893,2.5797317496416565,2.526265690268301,2.5619096755981445,26506,0.0,0.0
2023-05-18 00:00:00-04:00,2.5619098432730056,2.6064646244049072,2.5619098432730056,2.6064646244049072,16241,0.0,0.0
2023-05-19 00:00:00-04:00,2.6198305363244505,2.6688409515983498,2.6109199068357465,2.628741979598999,65883,0.0,0.0
2023-05-23 00:00:00-04:00,2.6287420960101113,2.6643860803579043,2.6287420960101113,2.64656400680542,48569,0.0,0.0
2023-05-24 00:00:00-04:00,2.633197725315,2.633197725315,2.5485439539804315,2.5574545860290527,48876,0.0,0.0
2023-05-25 00:00:00-04:00,2.5841870307922363,2.588642671873776,2.552998682521853,2.5841870307922363,28192,0.0,0.0
2023-05-26 00:00:00-04:00,2.602008724886595,2.646564155405279,2.602008724886595,2.63765287399292,39530,0.0,0.0
2023-05-29 00:00:00-04:00,2.673297142172012,2.673297142172012,2.6287425207421236,2.664386510848999,89325,0.0,0.0
2023-05-30 00:00:00-04:00,2.7027394419488586,2.7027394419488586,2.6260342673408714,2.639570474624634,7814,0.048951,0.0
2023-05-31 00:00:00-04:00,2.612497552683717,2.612497552683717,2.558352407831375,2.5718884468078613,41522,0.0,0.0
2023-06-01 00:00:00-04:00,2.594449778689416,2.6034735872123536,2.585425310868712,2.598961353302002,36006,0.0,0.0
2023-06-02 00:00:00-04:00,2.6124977777739726,2.6982274055480957,2.6124977777739726,2.6982274055480957,47803,0.0,0.0
2023-06-05 00:00:00-04:00,2.644082393618995,2.68469068098473,2.6395701602373975,2.662130832672119,15322,0.0,0.0
2023-06-06 00:00:00-04:00,2.675666732197228,2.6982274034403515,2.6666422659106823,2.671154499053955,27119,0.0,0.0
2023-06-07 00:00:00-04:00,2.6846911907196045,2.6982280582590272,2.6801796157790956,2.6846911907196045,31716,0.0,0.0
2023-06-08 00:00:00-04:00,2.671154499053955,2.7027389772859705,2.6621306920650634,2.671154499053955,38457,0.0,0.0
2023-06-09 00:00:00-04:00,2.684690377107564,2.6937150076736933,2.6621305313484775,2.675666570663452,70786,0.0,0.0
2023-06-12 00:00:00-04:00,2.684690702279399,2.698227567355987,2.684690702279399,2.6937153339385986,35086,0.0,0.0
2023-06-13 00:00:00-04:00,2.6937152046777215,2.7433481216430664,2.6937152046777215,2.7433481216430664,147547,0.0,0.0
2023-06-14 00:00:00-04:00,2.7523726401346607,2.792981760491911,2.7298126220703125,2.7298126220703125,63738,0.0,0.0
2023-06-15 00:00:00-04:00,2.7974932193756104,2.8065170263105417,2.774932383442983,2.7974932193756104,58682,0.0,0.0
2023-06-16 00:00:00-04:00,2.7974932718092753,2.7974932718092753,2.7343241497145856,2.7433481216430664,54085,0.0,0.0
2023-06-19 00:00:00-04:00,2.7659083399093625,2.7749321460723877,2.7478600682857186,2.7749321460723877,26506,0.0,0.0
2023-06-20 00:00:00-04:00,2.7659087172167625,2.7749325246107572,2.7388358116149902,2.7388358116149902,15934,0.0,0.0
2023-06-21 00:00:00-04:00,2.7162759511493286,2.7433481973305103,2.7162759511493286,2.720787525177002,27272,0.0,0.0
2023-06-22 00:00:00-04:00,2.7207868566639166,2.7207868566639166,2.5944488048553467,2.5944488048553467,70479,0.0,0.0
2023-06-23 00:00:00-04:00,2.621521680119479,2.6395701188898832,2.571888761943601,2.5764009952545166,91164,0.0,0.0
2023-06-26 00:00:00-04:00,2.567376243476059,2.6395698257147684,2.567376243476059,2.6305458545684814,8274,0.0,0.0
2023-06-27 00:00:00-04:00,2.675666840167666,2.738835799180736,2.675666840167666,2.720787525177002,72624,0.0,0.0
2023-06-28 00:00:00-04:00,2.7433482654923007,2.7433482654923007,2.707251386939121,2.711763620376587,84269,0.0,0.0
2023-06-29 00:00:00-04:00,2.7094798344839632,2.7186176776885986,2.70491057906696,2.7186176776885986,3064,0.048951,0.0
2023-06-30 00:00:00-04:00,2.718617047488706,2.7780158519744873,2.7140484607601136,2.7780158519744873,32175,0.0,0.0
2023-07-04 00:00:00-04:00,2.7825854776202057,2.7825854776202057,2.7414631843566895,2.7414631843566895,64198,0.0,0.0
2023-07-05 00:00:00-04:00,2.7780158781703794,2.7780158781703794,2.741462844407047,2.7551701068878174,8580,0.0,0.0
2023-07-06 00:00:00-04:00,2.7277563554299484,2.7277563554299484,2.7003413236499565,2.7186176776885986,9959,0.0,0.0
2023-07-07 00:00:00-04:00,2.768877767322802,2.768877767322802,2.714048385620117,2.714048385620117,32329,0.0,0.0
2023-07-10 00:00:00-04:00,2.7323249018234455,2.7323249018234455,2.6957720363240885,2.714048385620117,15322,0.0,0.0
2023-07-11 00:00:00-04:00,2.6820652064817962,2.7506018611990104,2.6820652064817962,2.7414631843566895,78906,0.0,0.0
2023-07-12 00:00:00-04:00,2.7414631843566895,2.7414631843566895,2.7414631843566895,2.7414631843566895,8120,0.0,0.0
2023-07-13 00:00:00-04:00,2.7597392362868183,2.778015752340653,2.7414627202329833,2.7688777446746826,21910,0.0,0.0
2023-07-14 00:00:00-04:00,2.768877160107358,2.768877160107358,2.750600814819336,2.750600814819336,3830,0.0,0.0
2023-07-17 00:00:00-04:00,2.8054299158942455,2.8145687580108643,2.77801572624654,2.8145687580108643,33248,0.0,0.0
2023-07-18 00:00:00-04:00,2.8099994021881427,2.860259532928467,2.8099994021881427,2.860259532928467,79672,0.0,0.0
2023-07-19 00:00:00-04:00,2.855689534500652,2.864828041177083,2.8328446030677097,2.851120948791504,26506,0.0,0.0
2023-07-20 00:00:00-04:00,2.8556902783999734,2.860259532928467,2.837414595544483,2.860259532928467,19612,0.0,0.0
2023-07-21 00:00:00-04:00,2.8648284619834548,2.905950746624126,2.8511213675844806,2.901381492614746,55924,0.0,0.0
2023-07-24 00:00:00-04:00,2.9105189733782897,2.9425027460482602,2.901381134117774,2.937934160232544,28345,0.0,0.0
2023-07-25 00:00:00-04:00,2.933365613875546,2.947072709884957,2.8785362283940383,2.9196581840515137,49795,0.0,0.0
2023-07-26 00:00:00-04:00,2.905950924206361,2.9607796389674155,2.878536066103929,2.951641798019409,74463,0.0,0.0
2023-07-27 00:00:00-04:00,2.9196569672157633,2.9699170772039696,2.9196569672157633,2.9333643913269043,34474,0.0,0.0
2023-07-28 00:00:00-04:00,2.9957772599293744,3.00502378939917,2.981908141245536,2.991154670715332,38457,0.048951,0.0
2023-07-31 00:00:00-04:00,2.9680390770251477,2.9772849311437493,2.9125615879905005,2.958792209625244,14402,0.0,0.0
2023-08-01 00:00:00-04:00,2.958792209625244,2.958792209625244,2.926430706928837,2.958792209625244,17773,0.0,0.0
2023-08-02 00:00:00-04:00,2.9957776536648133,2.9957776536648133,2.8617076873779297,2.8617076873779297,10265,0.0,0.0
2023-08-03 00:00:00-04:00,2.866330952720464,2.9264310378501044,2.847838566871271,2.8617076873779297,12104,0.0,0.0
2023-08-04 00:00:00-04:00,2.843214273452759,2.8755761097118206,2.843214273452759,2.843214273452759,29111,0.0,0.0
2023-08-08 00:00:00-04:00,2.8016068415404902,2.84783796527758,2.796983577174601,2.8385910987854004,27272,0.0,0.0
2023-08-09 00:00:00-04:00,2.847838367726678,2.847838367726678,2.8154765258733643,2.820099115371704,5975,0.0,0.0
2023-08-10 00:00:00-04:00,2.8385914091322575,2.8478382766354087,2.8154764358172244,2.8247222900390625,32635,0.0,0.0
2023-08-11 00:00:00-04:00,2.866330347220335,2.866330347220335,2.8385910987854004,2.8385910987854004,25587,0.0,0.0
2023-08-14 00:00:00-04:00,2.8200990251677056,2.8617073957286037,2.796983882972454,2.8247222900390625,73544,0.0,0.0
2023-08-15 00:00:00-04:00,2.824721679395791,2.829344943267699,2.7183899879455566,2.7183899879455566,43513,0.0,0.0
2023-08-16 00:00:00-04:00,2.6998980045318604,2.7137679679325206,2.676783031372864,2.6998980045318604,28498,0.0,0.0
2023-08-17 00:00:00-04:00,2.6767830313891965,2.741506374828609,2.6397979259490967,2.6397979259490967,34167,0.0,0.0
2023-08-18 00:00:00-04:00,2.6397978249894325,2.6397978249894325,2.477988628178242,2.49648118019104,52400,0.0,0.0
2023-08-21 00:00:00-04:00,2.4779890792296366,2.4779890792296366,2.3624114947329615,2.3762807846069336,79366,0.0,0.0
2023-08-22 00:00:00-04:00,2.39939664934878,2.39939664934878,2.3069340396445606,2.334672451019287,77221,0.0,0.0
2023-08-23 00:00:00-04:00,2.316179001921219,2.4271339556652793,2.316179001921219,2.3947722911834717,38457,0.0,0.0
2023-08-24 00:00:00-04:00,2.4363814480615407,2.4687431231150834,2.4271347485483945,2.4410040378570557,39530,0.0,0.0
2023-08-25 00:00:00-04:00,2.4456271947288437,2.4456271947288437,2.4363813400268555,2.4363813400268555,7661,0.0,0.0
2023-08-28 00:00:00-04:00,2.4779892254442837,2.4779892254442837,2.4271349906921387,2.4271349906921387,34167,0.0,0.0
2023-08-29 00:00:00-04:00,2.4317573674770925,2.538089056502235,2.4317573674770925,2.533465623855591,65730,0.0,0.0
2023-08-30 00:00:00-04:00,2.545184775189986,2.5873705157872777,2.5404980414246774,2.5733089447021484,32635,0.048951,0.0
2023-08-31 00:00:00-04:00,2.624868534224762,2.624868534224762,2.5967445373535156,2.5967445373535156,5363,0.0,0.0
2023-09-01 00:00:00-04:00,2.638929546525179,2.695176839828491,2.638929546525179,2.695176839828491,34780,0.0,0.0
2023-09-05 00:00:00-04:00,2.6764287409755565,2.690490484237671,2.5873706912015058,2.690490484237671,48110,0.0,0.0
2023-09-06 00:00:00-04:00,2.6389307493083467,2.7514253871882595,2.592058268897838,2.671741485595703,36465,0.0,0.0
2023-09-07 00:00:00-04:00,2.6717408624220145,2.6717408624220145,2.624868392944336,2.624868392944336,43054,0.0,0.0
2023-09-08 00:00:00-04:00,2.6061199337262457,2.6342432498931885,2.596744924258373,2.6342432498931885,23902,0.0,0.0
2023-09-11 00:00:00-04:00,2.6717410111534594,2.756111632133688,2.6717410111534594,2.746737480163574,24515,0.0,0.0
2023-09-12 00:00:00-04:00,2.7654866402220133,2.7842356290568104,2.7420500617312324,2.746737480163574,8887,0.0,0.0
2023-09-13 00:00:00-04:00,2.7795481321669957,2.784235550467027,2.7279882431030273,2.7279882431030273,13483,0.0,0.0
2023-09-14 00:00:00-04:00,2.7561111602547297,2.8592309236380693,2.7561111602547297,2.8311076164245605,28805,0.0,0.0
2023-09-15 00:00:00-04:00,2.8170458539406615,2.882667303085327,2.7936094508796696,2.882667303085327,49182,0.0,0.0
2023-09-18 00:00:00-04:00,2.8686059608216903,2.882667529806446,2.8264203977492977,2.8639185428619385,23748,0.0,0.0
2023-09-19 00:00:00-04:00,2.859231290122885,2.892042875289917,2.8357953975352577,2.892042875289917,28039,0.0,0.0
2023-09-20 00:00:00-04:00,2.8920433407447943,2.943603237343422,2.8920433407447943,2.9014174938201904,63891,0.0,0.0
2023-09-21 00:00:00-04:00,2.8592310126387397,2.8686058481901546,2.7842352390289307,2.7842352390289307,31869,0.0,0.0
2023-09-22 00:00:00-04:00,2.8123594614224476,2.8264212056502207,2.7936104691187498,2.817046880722046,15168,0.0,0.0
2023-09-25 00:00:00-04:00,2.788922680688257,2.854545005212885,2.7654869556427,2.7654869556427,28345,0.0,0.0
2023-09-26 00:00:00-04:00,2.7420497325646447,2.751424568303935,2.7092390060424805,2.7092390060424805,7814,0.0,0.0
2023-09-27 00:00:00-04:00,2.756111478705469,2.756111478705469,2.58737024613856,2.624868392944336,51787,0.0,0.0
2023-09-28 00:00:00-04:00,2.617741755446736,2.684253998795208,2.612990707373917,2.6509978771209717,22523,0.048951,0.0
2023-09-29 00:00:00-04:00,2.6462486397426086,2.660501095782736,2.6034902303342196,2.6129918098449707,9653,0.0,0.0
2023-10-02 00:00:00-04:00,2.746016364489881,2.746016364489881,2.451460549547913,2.48471736907959,32175,0.0,0.0
2023-10-03 00:00:00-04:00,2.432458785340473,2.4894689673115606,2.275678789117594,2.2804298400878906,85801,0.0,0.0
2023-10-04 00:00:00-04:00,2.413454228280002,2.413454228280002,2.304183574344251,2.3706958293914795,45965,0.0,0.0
2023-10-05 00:00:00-04:00,2.389700037222349,2.513223171234131,2.389700037222349,2.513223171234131,27885,0.0,0.0
2023-10-06 00:00:00-04:00,2.5084721791026925,2.655750045705359,2.4657146374343086,2.6129918098449707,35086,0.0,0.0
2023-10-10 00:00:00-04:00,2.6129912506575748,2.6605005264282227,2.6129912506575748,2.6605005264282227,20225,0.0,0.0
2023-10-11 00:00:00-04:00,2.6652515193238875,2.750768161195031,2.6652515193238875,2.722262382507324,55464,0.0,0.0
2023-10-12 00:00:00-04:00,2.7555182381870034,2.7555182381870034,2.6367461681365967,2.6367461681365967,14096,0.0,0.0
2023-10-13 00:00:00-04:00,2.6795038152809694,2.698507488136743,2.6700017185311746,2.6842541694641113,10725,0.0,0.0
2023-10-16 00:00:00-04:00,2.7175115145454702,2.7555179974620314,2.6937567902242687,2.7080092430114746,26200,0.0,0.0
2023-10-17 00:00:00-04:00,2.684254518690273,2.7270129183396588,2.684254518690273,2.7080092430114746,8427,0.0,0.0
2023-10-18 00:00:00-04:00,2.693756961762645,2.693756961762645,2.5939877033233643,2.5939877033233643,21757,0.0,0.0
2023-10-19 00:00:00-04:00,2.5654828263902796,2.5987389592679118,2.508471965789795,2.508471965789795,31256,0.0,0.0
2023-10-20 00:00:00-04:00,2.5132230544686327,2.5132230544686327,2.294681708021635,2.3279378414154053,63278,0.0,0.0
2023-10-23 00:00:00-04:00,2.30418341186971,2.361194259271825,2.27092728669108,2.33743953704834,34780,0.0,0.0
2023-10-24 00:00:00-04:00,2.3754469510974743,2.3754469510974743,1.990624126074899,2.0571372509002686,652394,0.0,0.0
2023-10-25 00:00:00-04:00,2.114147148376012,2.1616565917524686,2.076140669672088,2.0998945236206055,224461,0.0,0.0
2023-10-26 00:00:00-04:00,2.16640771780354,2.204414904239182,2.114147901535034,2.114147901535034,96986,0.0,0.0
2023-10-27 00:00:00-04:00,2.171158399630417,2.171158399630417,2.0238805554841557,2.0333826541900635,113073,0.0,0.0
2023-10-30 00:00:00-04:00,2.0261286761006914,2.127677402751033,2.0261286761006914,2.10833477973938,29877,0.048951,0.0
2023-10-31 00:00:00-04:00,2.093828374172232,2.1421844959259033,2.0889925853534974,2.1421844959259033,34627,0.0,0.0
2023-11-01 00:00:00-04:00,2.205047430547989,2.2630751339650774,2.1711979663285836,2.248568296432495,56843,0.0,0.0
2023-11-02 00:00:00-04:00,2.306595556325473,2.4178151526195313,2.306595556325473,2.4129793643951416,103727,0.0,0.0
2023-11-03 00:00:00-04:00,2.4178152345481023,2.5580483284369326,2.4081436577715976,2.543541669845581,140959,0.0,0.0
2023-11-06 00:00:00-05:00,2.5532131375385014,2.5532131375385014,2.4806785911041223,2.50002121925354,10572,0.0,0.0
2023-11-07 00:00:00-05:00,2.495185425948452,2.495185425948452,2.4129800071725516,2.461336135864258,13023,0.0,0.0
2023-11-08 00:00:00-05:00,2.4613357797358644,2.4613357797358644,2.4178154468536377,2.4178154468536377,18692,0.0,0.0
2023-11-09 00:00:00-05:00,2.4613358849179052,2.562884451390639,2.4613358849179052,2.5145277976989746,41675,0.0,0.0
2023-11-10 00:00:00-05:00,2.6015701748569984,2.606405258178711,2.543542462547001,2.606405258178711,34933,0.0,0.0
2023-11-13 00:00:00-05:00,2.620912359419002,2.630583408288907,2.6064049912188967,2.6257474422454834,28039,0.0,0.0
2023-11-14 00:00:00-05:00,2.649925260167863,2.775651693344116,2.649925260167863,2.775651693344116,58682,0.0,0.0
2023-11-15 00:00:00-05:00,2.7998306598955467,2.853022575378418,2.7998306598955467,2.853022575378418,40143,0.0,0.0
2023-11-16 00:00:00-05:00,2.8723644653081193,2.8723644653081193,2.8433502653096165,2.8675286769866943,38917,0.0,0.0
2023-11-17 00:00:00-05:00,2.87236553538559,2.935228333976276,2.8626939551396675,2.911050796508789,57916,0.0,0.0
2023-11-20 00:00:00-05:00,2.930392403202269,2.9594058990478516,2.8917073299069758,2.9594058990478516,26966,0.0,0.0
2023-11-21 00:00:00-05:00,2.9545700550079346,2.964241632276574,2.930392348339858,2.9545700550079346,41828,0.0,0.0
2023-11-22 00:00:00-05:00,2.9690768410977886,3.0125978808045715,2.9642417588304837,2.998091220855713,34474,0.0,0.0
2023-11-23 00:00:00-05:00,3.022268772125244,3.0416115743309775,3.0029270297797255,3.022268772125244,22063,0.0,0.0
2023-11-24 00:00:00-05:00,3.022268535633917,3.080296231136997,3.022268535633917,3.0754611492156982,38764,0.0,0.0
2023-11-27 00:00:00-05:00,3.0851322742200926,3.1093108654022217,3.0222687850347323,3.1093108654022217,49336,0.0,0.0
2023-11-28 00:00:00-05:00,3.1189814288025137,3.1189814288025137,2.9690765806173256,3.0174334049224854,102502,0.0,0.0
2023-11-29 00:00:00-05:00,3.005196686895921,3.0296694187269897,3.000302784181971,3.0100913047790527,6588,0.048951,0.0
2023-11-30 00:00:00-05:00,3.019881345567152,3.0492476268786013,3.019881345567152,3.0443530082702637,18386,0.0,0.0
2023-12-01 00:00:00-05:00,3.054142310769845,3.1030867099761963,3.054142310769845,3.1030867099761963,30796,0.0,0.0
2023-12-04 00:00:00-05:00,3.0590362143135024,3.132452991915356,3.0590362143135024,3.1030867099761963,56230,0.0,0.0
2023-12-05 00:00:00-05:00,3.083508950293656,3.132452991915356,3.083508950293656,3.1030867099761963,38457,0.0,0.0
2023-12-06 00:00:00-05:00,3.1275593090760627,3.1569259506722074,3.1079815480119666,3.1226646900177,50102,0.0,0.0
2023-12-07 00:00:00-05:00,3.117770046948824,3.147137403488159,3.117770046948824,3.147137403488159,8120,0.0,0.0
2023-12-08 00:00:00-05:00,3.107981279816468,3.166714915525161,3.107981279816468,3.156925678253174,35086,0.0,0.0
2023-12-11 00:00:00-05:00,3.156925760976144,3.2009762571004323,3.147137238616954,3.1960816383361816,60980,0.0,0.0
2023-12-12 00:00:00-05:00,3.2009759850639985,3.254814998971943,3.1911867483674405,3.235236883163452,74003,0.0,0.0
2023-12-13 00:00:00-05:00,3.235236760011866,3.2646033962298033,3.220553620695203,3.240131378173828,38610,0.0,0.0
2023-12-14 00:00:00-05:00,3.2694981388475304,3.2694981388475304,3.210764506591307,3.235236883163452,45199,0.0,0.0
2023-12-15 00:00:00-05:00,3.2058700766898793,3.2058700766898793,3.1324529426578516,3.156925678253174,26353,0.0,0.0
2023-12-18 00:00:00-05:00,3.156925853943172,3.156925853943172,3.0981922149658203,3.0981922149658203,27119,0.0,0.0
2023-12-19 00:00:00-05:00,3.132453146215724,3.1911871433258057,3.132453146215724,3.1911871433258057,58222,0.0,0.0
2023-12-20 00:00:00-05:00,3.1813980562638497,3.210764695325873,3.156925678253174,3.156925678253174,65270,0.0,0.0
2023-12-21 00:00:00-05:00,3.1716089954990103,3.1765036144074004,3.088403692318372,3.0981922149658203,25894,0.0,0.0
2023-12-22 00:00:00-05:00,3.083509627664947,3.1569264213946653,3.083509627664947,3.132453680038452,21603,0.0,0.0
2023-12-27 00:00:00-05:00,3.15203105961718,3.2303424547005557,3.1471371561504786,3.156925678253174,31256,0.0,0.0
2023-12-28 00:00:00-05:00,3.1841635426951993,3.1990194320678706,3.1693065679475314,3.199019432067871,31716,0.048951,0.0
2023-12-29 00:00:00-05:00,3.129691528667791,3.194067661000958,3.129691528667791,3.164355516433716,11032,0.0,0.0
2024-01-02 00:00:00-05:00,3.2039707260027956,3.2039707260027956,3.1693056674135995,3.174258232116699,24974,0.0,0.0
2024-01-03 00:00:00-05:00,3.164354381459277,3.164354381459277,3.0801694593595363,3.1346418857574463,8120,0.0,0.0
2024-01-04 00:00:00-05:00,3.1445465200555724,3.1891145432547736,3.1247384293466802,3.139594316482544,28805,0.0,0.0
2024-01-05 00:00:00-05:00,3.1742583931158284,3.1742583931158284,3.1296903736093085,3.149498462677002,12717,0.0,0.0
2024-01-08 00:00:00-05:00,3.1693056674135995,3.199018523091259,3.1693056674135995,3.174258232116699,15015,0.0,0.0
2024-01-09 00:00:00-05:00,3.1693063465760876,3.1693063465760876,3.1148342736255334,3.1296908855438232,25894,0.0,0.0
2024-01-10 00:00:00-05:00,3.1346430951592263,3.1346430951592263,3.124739408493042,3.124739408493042,1379,0.0,0.0
2024-01-11 00:00:00-05:00,3.1594024052488168,3.1594024052488168,3.055410109986881,3.0752182006835938,31716,0.0,0.0
2024-01-12 00:00:00-05:00,3.1148340202854077,3.1148340202854077,3.07026599711361,3.0752182006835938,9653,0.0,0.0
2024-01-15 00:00:00-05:00,3.080169904529575,3.0851221084594727,3.0653140163231565,3.0851221084594727,12870,0.0,0.0
2024-01-16 00:00:00-05:00,3.1049289910925095,3.1049289910925095,3.065312822252077,3.0900731086730957,9806,0.0,0.0
2024-01-17 00:00:00-05:00,3.090074042556314,3.090074042556314,3.020745002549919,3.040553092956543,17313,0.0,0.0
2024-01-18 00:00:00-05:00,3.045505333188948,3.045505333188948,3.020745038986206,3.020745038986206,6129,0.0,0.0
2024-01-19 00:00:00-05:00,3.0455056003145486,3.085122146872081,2.9613213885828524,3.0653140544891357,40449,0.0,0.0
2024-01-22 00:00:00-05:00,3.085122307434549,3.1445469494677294,3.085122307434549,3.1049304008483887,9040,0.0,0.0
2024-01-23 00:00:00-05:00,3.1346419080295487,3.1891143348144935,3.1346419080295487,3.1841628551483154,14556,0.0,0.0
2024-01-24 00:00:00-05:00,3.199019392591305,3.218827486038208,3.194067188333749,3.218827486038208,55005,0.0,0.0
2024-01-25 00:00:00-05:00,3.2138744081286887,3.2485387431335293,3.2089222052173274,3.243586540222168,17313,0.0,0.0
2024-01-26 00:00:00-05:00,3.2435862592515847,3.2683465480804443,3.2188263322142565,3.2683465480804443,46271,0.0,0.0
2024-01-29 00:00:00-05:00,3.233682857982571,3.2584431489562515,3.233682857982571,3.243586540222168,15475,0.0,0.0
2024-01-30 00:00:00-05:00,3.2661300900380734,3.3062051531870242,3.2460921924812864,3.286167621612549,63431,0.048951,0.0
2024-01-31 00:00:00-05:00,3.2561117282951497,3.301195996940979,3.2561117282951497,3.296187162399292,15628,0.0,0.0
2024-02-01 00:00:00-05:00,3.2861679219655224,3.2861679219655224,3.1809706885934332,3.2561116218566895,19765,0.0,0.0
2024-02-02 00:00:00-05:00,3.276148948783333,3.276148948783333,3.206016496170359,3.27113938331604,2758,0.0,0.0
2024-02-05 00:00:00-05:00,3.231064353210838,3.2511018855693057,3.231064353210838,3.2460923194885254,2758,0.0,0.0
2024-02-06 00:00:00-05:00,3.2410834671200814,3.3262431621551514,3.2410834671200814,3.3262431621551514,34780,0.0,0.0
2024-02-07 00:00:00-05:00,3.3162248844780584,3.4164125604627964,3.3162248844780584,3.4013845920562744,64810,0.0,0.0
2024-02-08 00:00:00-05:00,3.396374669407636,3.396374669407636,3.336262436097485,3.3813467025756836,41215,0.0,0.0
2024-02-09 00:00:00-05:00,3.3863563639216254,3.3863563639216254,3.3011959309103225,3.366318464279175,15628,0.0,0.0
2024-02-12 00:00:00-05:00,3.3162247500586193,3.3913660529749716,3.3162247500586193,3.346281051635742,13636,0.0,0.0
2024-02-13 00:00:00-05:00,3.3262425291716027,3.3262425291716027,3.1859794641619454,3.211026191711426,15168,0.0,0.0
2024-02-14 00:00:00-05:00,3.3011953160751095,3.3312523429319523,3.3011953160751095,3.3112144470214844,27272,0.0,0.0
2024-02-15 00:00:00-05:00,3.3412717611887937,3.581722925642664,3.3412717611887937,3.5316290855407715,166239,0.0,0.0
2024-02-16 00:00:00-05:00,3.53162854019755,3.561685571582158,3.526618973969726,3.5416476726531982,27426,0.0,0.0
2024-02-20 00:00:00-05:00,3.526619075060543,3.581722475234467,3.5065815415395427,3.546656608581543,105413,0.0,0.0
2024-02-21 00:00:00-05:00,3.5266180445910695,3.5266180445910695,3.3412703647064514,3.396373748779297,54085,0.0,0.0
2024-02-22 00:00:00-05:00,3.43143983580385,3.4915527952357484,3.43143983580385,3.476524829864502,23595,0.0,0.0
2024-02-23 00:00:00-05:00,3.4564871468023393,3.521609669150727,3.451477581243891,3.481534242630005,82890,0.0,0.0
2024-02-26 00:00:00-05:00,3.4865448693889074,3.506582039774555,3.4063943579343214,3.426431894302368,39683,0.0,0.0
2024-02-27 00:00:00-05:00,3.451476824540607,3.451476824540607,3.356298027655434,3.4063925743103027,39223,0.0,0.0
2024-02-28 00:00:00-05:00,3.4139906742976067,3.4443829107944426,3.3380117483429887,3.3430771827697754,80592,0.048951,0.0
2024-02-29 00:00:00-05:00,3.358272759352234,3.3835995615235666,3.332947067372554,3.353208065032959,57609,0.0,0.0
2024-03-01 00:00:00-05:00,3.3836002349853516,3.424122608435499,3.3582734277730464,3.3836002349853516,38151,0.0,0.0
2024-03-04 00:00:00-05:00,3.363339515883668,3.4089269585554165,3.363339515883668,3.4038615226745605,8580,0.0,0.0
2024-03-05 00:00:00-05:00,3.4494491397818674,3.5001016453978298,3.4494491397818674,3.4747748374938965,21297,0.0,0.0
2024-03-06 00:00:00-05:00,3.479840128116987,3.52542756145616,3.464644193649292,3.464644193649292,67568,0.0,0.0
2024-03-07 00:00:00-05:00,3.5001007222142326,3.596341012596256,3.5001007222142326,3.586209774017334,89631,0.0,0.0
2024-03-08 00:00:00-05:00,3.5862106326572234,3.5862106326572234,3.525427997460933,3.5456886291503906,23442,0.0,0.0
2024-03-11 00:00:00-04:00,3.520362809241396,3.5710153171824888,3.5102319375891926,3.5558197498321533,50561,0.0,0.0
2024-03-12 00:00:00-04:00,3.550753442151729,3.576079874935599,3.5355575084686284,3.535557508468628,41522,0.0,0.0
2024-03-13 00:00:00-04:00,3.5456886291503906,3.5710150663741405,3.5355581282736823,3.5456886291503906,15475,0.0,0.0
2024-03-14 00:00:00-04:00,3.5760798683017705,3.5760798683017705,3.505166374727935,3.530492067337036,23748,0.0,0.0
2024-03-15 00:00:00-04:00,3.571015130692659,3.586210697249433,3.5456886930127474,3.581146001815796,32482,0.0,0.0
2024-03-18 00:00:00-04:00,3.5811459906441456,3.5811459906441456,3.565949684006846,3.5710151195526123,6282,0.0,0.0
2024-03-19 00:00:00-04:00,3.586210697249433,3.601407373998104,3.560884999697453,3.581146001815796,98211,0.0,0.0
2024-03-20 00:00:00-04:00,3.571014382082887,3.6166021823883057,3.571014382082887,3.6166021823883057,44279,0.0,0.0
2024-03-21 00:00:00-04:00,3.6216676290995564,3.6723208744269944,3.6216676290995564,3.6267330646514893,45965,0.0,0.0
2024-03-22 00:00:00-04:00,3.6115374399449323,3.6216675707576815,3.5355581282736823,3.5456886291503906,66496,0.0,0.0
2024-03-25 00:00:00-04:00,3.5608843113163924,3.576079874935599,3.525427379431753,3.535557508468628,34014,0.0,0.0
2024-03-26 00:00:00-04:00,3.5507538745328455,3.5659494400024414,3.5507538745328455,3.5659494400024414,28498,0.0,0.0
2024-03-27 00:00:00-04:00,3.563389705974703,3.59922844337724,3.563389705974703,3.5838685035705566,4443,0.048951,0.0
2024-03-28 00:00:00-04:00,3.583868799854758,3.635067481296656,3.583868799854758,3.6248271465301514,18846,0.0,0.0
2024-04-01 00:00:00-04:00,3.6043487128431018,3.6197086570716404,3.5633907318115234,3.5633907318115234,21450,0.0,0.0
2024-04-02 00:00:00-04:00,3.512191568128423,3.53267111696689,3.4609940052032466,3.460994005203247,66036,0.0,0.0
2024-04-03 00:00:00-04:00,3.51219151509546,3.5377910442692126,3.51219151509546,3.5224318504333496,17160,0.0,0.0
2024-04-04 00:00:00-04:00,3.532671014358308,3.532671014358308,3.4251551628112793,3.4251551628112793,13789,0.0,0.0
2024-04-05 00:00:00-04:00,3.4405146565272586,3.553150498471916,3.4405146565272586,3.5121917724609375,18233,0.0,0.0
2024-04-08 00:00:00-04:00,3.542910503406306,3.583868472289315,3.491711826643965,3.507071018218994,57762,0.0,0.0
2024-04-09 00:00:00-04:00,3.5070724834381126,3.512192465468061,3.4814740694841704,3.491713285446167,11185,0.0,0.0
2024-04-10 00:00:00-04:00,3.5070713949393966,3.5070713949393966,3.435394287109375,3.435394287109375,36772,0.0,0.0
2024-04-11 00:00:00-04:00,3.450753020534186,3.4558733743415995,3.292039632797241,3.292039632797241,98211,0.0,0.0
2024-04-12 00:00:00-04:00,3.2971593105191603,3.3227584646779538,3.0770076320902757,3.1486847400665283,96833,0.0,0.0
2024-04-15 00:00:00-04:00,3.1640447934834874,3.2254826980939124,3.097487468708494,3.112846851348877,50102,0.0,0.0
2024-04-16 00:00:00-04:00,3.148684637767248,3.148684637767248,3.051408378792662,3.077007532119751,31103,0.0,0.0
2024-04-17 00:00:00-04:00,3.082128023889279,3.0872472566154894,2.9950907811999907,3.000210762023926,148926,0.0,0.0
2024-04-18 00:00:00-04:00,3.0104500995204204,3.077007982727586,3.000210885548706,3.0565288066864014,21910,0.0,0.0
2024-04-19 00:00:00-04:00,3.0411700289291974,3.123086562346128,3.0411700289291974,3.0821287631988525,68947,0.0,0.0
2024-04-22 00:00:00-04:00,3.123086120994555,3.205003203908469,3.123086120994555,3.199883222579956,22523,0.0,0.0
2024-04-23 00:00:00-04:00,3.2101232225202723,3.245961970089407,3.189644045066167,3.2152435779571533,68028,0.0,0.0
2024-04-24 00:00:00-04:00,3.235722214721424,3.2459614276885986,3.194763492608522,3.2459614276885986,12564,0.0,0.0
2024-04-25 00:00:00-04:00,3.1947636916028976,3.1947636916028976,3.1179665971748505,3.1794044971466064,38917,0.0,0.0
2024-04-26 00:00:00-04:00,3.205002820645064,3.2562015056610107,3.1947636073102705,3.2562015056610107,25434,0.0,0.0
2024-04-29 00:00:00-04:00,3.269154173001499,3.269154173001499,3.2173452745413917,3.2225255966186523,23442,0.048951,0.0
2024-04-30 00:00:00-04:00,3.2432494971955608,3.2432494971955608,3.1810784339904785,3.1810784339904785,27579,0.0,0.0
2024-05-01 00:00:00-04:00,3.175897740925546,3.2173452377319336,3.175897740925546,3.2173452377319336,1379,0.0,0.0
2024-05-02 00:00:00-04:00,3.232887681691365,3.284696578979492,3.212164122776114,3.284696578979492,11644,0.0,0.0
2024-05-03 00:00:00-04:00,3.2950591541055565,3.3779534002610085,3.2950591541055565,3.367591619491577,36312,0.0,0.0
2024-05-06 00:00:00-04:00,3.383134318545179,3.4556667804718018,3.3727729167824685,3.4556667804718018,34933,0.0,0.0
2024-05-07 00:00:00-04:00,3.4556673505004896,3.486753074966444,3.424582004547119,3.424582004547119,23289,0.0,0.0
2024-05-08 00:00:00-04:00,3.466029423462422,3.4971147686307273,3.4401247798992136,3.486752986907959,6742,0.0,0.0
2024-05-09 00:00:00-04:00,3.4919322374845287,3.600731858438196,3.4919322374845287,3.590369701385498,69560,0.0,0.0
2024-05-10 00:00:00-04:00,3.5748270749679603,3.5800081532800077,3.548922061920166,3.548922061920166,11951,0.0,0.0
2024-05-13 00:00:00-04:00,3.5592854022979736,3.59037036515305,3.5592854022979736,3.5592854022979736,9499,0.0,0.0
2024-05-14 00:00:00-04:00,3.564466481782172,3.564466481782172,3.507476500018633,3.5592854022979736,11032,0.0,0.0
2024-05-15 00:00:00-04:00,3.5851896808421446,3.5851896808421446,3.5385611057281494,3.5385611057281494,19765,0.0,0.0
2024-05-16 00:00:00-04:00,3.5437425678781396,3.6059136295736005,3.53338040883512,3.5748279094696045,31256,0.0,0.0
2024-05-17 00:00:00-04:00,3.574828323601451,3.6577229559609536,3.574828323601451,3.6525418758392334,88099,0.0,0.0
2024-05-21 00:00:00-04:00,3.642180109596218,3.693989013086632,3.642180109596218,3.6784465312957764,16854,0.0,0.0
2024-05-22 00:00:00-04:00,3.673264508144888,3.673264508144888,3.647359871128145,3.668083429336548,50868,0.0,0.0
2024-05-23 00:00:00-04:00,3.678445918594169,3.678445918594169,3.6162744877362045,3.626636266708374,29417,0.0,0.0
2024-05-24 00:00:00-04:00,3.652541296035339,3.699169874191284,3.652541296035339,3.699169874191284,65730,0.0,0.0
2024-05-27 00:00:00-04:00,3.69398931917959,3.730255365371704,3.69398931917959,3.730255365371704,20991,0.0,0.0
2024-05-28 00:00:00-04:00,3.73025479178918,3.73025479178918,3.605913432228303,3.616274833679199,40143,0.0,0.0
2024-05-29 00:00:00-04:00,3.6266366152779566,3.6266366152779566,3.3986766989552017,3.5022952556610107,21450,0.0,0.0
2024-05-30 00:00:00-04:00,3.5074756692836733,3.5903695147849346,3.5022945910265975,3.5437417030334473,24668,0.0,0.0
2024-05-31 00:00:00-04:00,3.5149307911361936,3.5149307911361936,3.4520704813749323,3.4887397289276123,32022,0.048951,0.0
2024-06-03 00:00:00-04:00,3.562077327569203,3.562077327569203,3.4625485072544646,3.467787027359009,5209,0.0,0.0
2024-06-04 00:00:00-04:00,3.5358850445085572,3.5358850445085572,3.4939780371081883,3.4992165565490723,613,0.0,0.0
2024-06-05 00:00:00-04:00,3.520170487030668,3.556838981429077,3.4573101562464004,3.4782638549804688,20684,0.0,0.0
2024-06-06 00:00:00-04:00,3.462547765044881,3.483501458262608,3.4311174165727247,3.4573092460632324,24208,0.0,0.0
2024-06-07 00:00:00-04:00,3.504455888675256,3.509693643912976,3.4311185130404067,3.4415955543518066,15628,0.0,0.0
2024-06-10 00:00:00-04:00,3.4782633832586884,3.5515999794006348,3.46254820701667,3.5515999794006348,42900,0.0,0.0
2024-06-11 00:00:00-04:00,3.535885492464382,3.535885492464382,3.4677870273590083,3.467787027359009,28345,0.0,0.0
2024-06-12 00:00:00-04:00,3.5096936312847844,3.520170672558487,3.436357021331787,3.436357021331787,30184,0.0,0.0
2024-06-13 00:00:00-04:00,3.520170397782379,3.520170397782379,3.331590175628662,3.331590175628662,31256,0.0,0.0
2024-06-14 00:00:00-04:00,3.305397896720285,3.315874170353602,3.232061302324712,3.2896831035614014,22982,0.0,0.0
2024-06-17 00:00:00-04:00,3.284444541175235,3.3211130335216406,3.2739675010400218,3.3106367588043213,11032,0.0,0.0
2024-06-18 00:00:00-04:00,3.4311182328700274,3.4311182328700274,3.331590175628662,3.331590175628662,36465,0.0,0.0
2024-06-19 00:00:00-04:00,3.2949218559786795,3.3787355148196054,3.2949218559786795,3.3473055362701416,11338,0.0,0.0
2024-06-20 00:00:00-04:00,3.410165643326583,3.431118193160033,3.315874576568603,3.3158745765686035,16394,0.0,0.0
2024-06-21 00:00:00-04:00,3.3473040401278036,3.378734004629036,3.3263507304603155,3.357780694961548,8120,0.0,0.0
2024-06-24 00:00:00-04:00,3.352541980812486,3.425879716873169,3.352541980812486,3.425879716873169,17926,0.0,0.0
2024-06-25 00:00:00-04:00,3.4415955419686384,3.4415955419686384,3.431118500694936,3.436357021331787,4750,0.0,0.0
2024-06-26 00:00:00-04:00,3.4573093812093996,3.4835015944326284,3.3577809610473217,3.368257999420166,31716,0.0,0.0
2024-06-27 00:00:00-04:00,3.3944489851979665,3.431117470519434,3.3944489851979665,3.425879716873169,23442,0.0,0.0
2024-06-28 00:00:00-04:00,3.4762217621413605,3.4974181560382136,3.455025368244507,3.4709224700927734,1379,0.048951,0.0
2024-07-02 00:00:00-04:00,3.444427627648027,3.4550258260006084,3.3914358615875244,3.3914358615875244,6282,0.0,0.0
2024-07-03 00:00:00-04:00,3.428530341787189,3.476222038269043,3.428530341787189,3.476222038269043,13636,0.0,0.0
2024-07-04 00:00:00-04:00,3.48682045099316,3.49741826111123,3.460324764251709,3.460324764251709,3371,0.0,0.0
2024-07-05 00:00:00-04:00,3.449727773666382,3.481521985871284,3.449727773666382,3.449727773666382,3371,0.0,0.0
2024-07-08 00:00:00-04:00,3.4444265777631076,3.523913621902466,3.4444265777631076,3.523913621902466,10878,0.0,0.0
2024-07-09 00:00:00-04:00,3.52391393077473,3.5504088401794434,3.52391393077473,3.5504088401794434,5209,0.0,0.0
2024-07-10 00:00:00-04:00,3.53451173967713,3.5504088401794434,3.52391393077473,3.5504088401794434,10878,0.0,0.0
2024-07-11 00:00:00-04:00,3.5504083279886443,3.5663062004949193,3.529212713241577,3.529212713241577,12104,0.0,0.0
2024-07-12 00:00:00-04:00,3.566306750909129,3.598101339382796,3.5557081676025217,3.592802047729492,13943,0.0,0.0
2024-07-15 00:00:00-04:00,3.5875043133016034,3.6775888067291156,3.5769057276819876,3.6669909954071045,23902,0.0,0.0
2024-07-16 00:00:00-04:00,3.672289957252032,3.709383849952395,3.672289957252032,3.688187837600708,17926,0.0,0.0
2024-07-17 00:00:00-04:00,3.704085330800535,3.704085330800535,3.6404957451500772,3.688187837600708,12410,0.0,0.0
2024-07-18 00:00:00-04:00,3.698784203416094,3.709382399020859,3.6245968341827393,3.6245968341827393,5209,0.0,0.0
2024-07-19 00:00:00-04:00,3.566307544708252,3.592802847426017,3.5610082518754167,3.566307544708252,2758,0.0,0.0
2024-07-22 00:00:00-04:00,3.5875039701222584,3.651092767715454,3.566307188059506,3.651092767715454,6588,0.0,0.0
2024-07-23 00:00:00-04:00,3.651092805115981,3.6563920974731445,3.6457942870563564,3.6563920974731445,4750,0.0,0.0
2024-07-24 00:00:00-04:00,3.645794354329337,3.645794354329337,3.629896089815718,3.6404950618743896,5363,0.0,0.0
2024-07-25 00:00:00-04:00,3.6351957571022613,3.6828882326681147,3.6192986523957935,3.677588939666748,29111,0.0,0.0
2024-07-26 00:00:00-04:00,3.6616910948505788,3.698784589767456,3.6616910948505788,3.698784589767456,24055,0.0,0.0
2024-07-29 00:00:00-04:00,3.709382786479241,3.709382786479241,3.651092510990056,3.698784589767456,3371,0.0,0.0
2024-07-30 00:00:00-04:00,3.6775889396667476,3.7093835362285,3.6298964641008946,3.677588939666748,62359,0.0,0.0
2024-07-31 00:00:00-04:00,3.6856253130829923,3.6856253130829923,3.6320546054412084,3.674910545349121,6435,0.048951,0.0
2024-08-01 00:00:00-04:00,3.6695532388873295,3.6695532388873295,3.5356282353028075,3.546342611312866,19152,0.0,0.0
2024-08-02 00:00:00-04:00,3.4981289157532496,3.4981289157532496,3.3963454912419118,3.465986967086792,108937,0.0,0.0
2024-08-06 00:00:00-04:00,3.4338454434583627,3.594555616378784,3.3427763715620213,3.594555616378784,53626,0.0,0.0
2024-08-07 00:00:00-04:00,3.578484495340862,3.578484495340862,3.4017031653029144,3.428487539291382,32482,0.0,0.0
2024-08-08 00:00:00-04:00,3.385632322192358,3.530270913550308,3.385632322192358,3.508842945098877,53932,0.0,0.0
2024-08-09 00:00:00-04:00,3.519557341373963,3.6856250762939453,3.514200153540432,3.6856250762939453,19152,0.0,0.0
2024-08-12 00:00:00-04:00,3.66955279164346,3.717766303677174,3.6641963870481358,3.690981149673462,61286,0.0,0.0
2024-08-13 00:00:00-04:00,3.723124156688595,3.7766940828954283,3.723124156688595,3.749908924102783,49795,0.0,0.0
2024-08-14 00:00:00-04:00,3.74990783546199,3.8624052349047537,3.74990783546199,3.846334457397461,210059,0.0,0.0
2024-08-15 00:00:00-04:00,3.846335793847917,3.8677641569337253,3.8088370390493287,3.8516921997070312,217260,0.0,0.0
2024-08-16 00:00:00-04:00,3.867763042449951,3.867763042449951,3.8516910898543397,3.867763042449951,21297,0.0,0.0
2024-08-19 00:00:00-04:00,3.8784762218523574,3.8945469986057755,3.873119035349002,3.883833408355713,47497,0.0,0.0
2024-08-20 00:00:00-04:00,3.8516908479320353,3.878476390233362,3.8409772572168506,3.8570480346679688,11951,0.0,0.0
2024-08-21 00:00:00-04:00,3.830263345834104,3.8891912329035048,3.830263345834104,3.878476858139038,165933,0.0,0.0
2024-08-22 00:00:00-04:00,3.889191849485335,3.9266906015923633,3.873120284790693,3.8999054431915283,112307,0.0,0.0
2024-08-23 00:00:00-04:00,3.915975825686133,4.001688480377197,3.915975825686133,4.001688480377197,84116,0.0,0.0
2024-08-26 00:00:00-04:00,4.017758727139024,4.098113792095864,4.0124015401653335,4.071328639984131,63278,0.0,0.0
2024-08-27 00:00:00-04:00,4.071329395028066,4.124900100564787,4.060615801850526,4.114185333251953,25434,0.0,0.0
2024-08-28 00:00:00-04:00,4.0713294108105,4.199898008737416,4.0713294108105,4.103471755981445,132991,0.0,0.0
2024-08-29 00:00:00-04:00,4.135614267709089,4.1784702118807955,4.092757932158897,4.108829498291016,49795,0.0,0.0
2024-08-30 00:00:00-04:00,4.208912527748997,4.214321827329797,3.9925156441901297,4.154812812805176,78906,0.048951,0.0
2024-09-03 00:00:00-04:00,4.143992546188283,4.187272071838379,4.106123504703849,4.187272071838379,23595,0.0,0.0
2024-09-04 00:00:00-04:00,4.165632338453158,4.230551426685682,4.165632338453158,4.219730854034424,41062,0.0,0.0
2024-09-05 00:00:00-04:00,4.192681047505877,4.214320611043429,4.192681047505877,4.203501224517822,11491,0.0,0.0
2024-09-06 00:00:00-04:00,4.203502998982535,4.235962357991241,4.084484954040611,4.116944313049316,58222,0.0,0.0
2024-09-09 00:00:00-04:00,4.2035013784086805,4.23596072490335,4.2035013784086805,4.219730854034424,22829,0.0,0.0
2024-09-10 00:00:00-04:00,4.219732239901337,4.219732239901337,4.171043797033591,4.2089128494262695,21144,0.0,0.0
2024-09-11 00:00:00-04:00,4.192681047505877,4.203501224517822,4.192681047505877,4.203501224517822,8733,0.0,0.0
2024-09-12 00:00:00-04:00,4.225141933406542,4.2846505460780495,4.2197314486968525,4.2630109786987305,44892,0.0,0.0
2024-09-13 00:00:00-04:00,4.27924094387941,4.3008809089660645,4.230552504596755,4.3008809089660645,87333,0.0,0.0
2024-09-16 00:00:00-04:00,4.284651276355681,4.392849922180176,4.273831095578585,4.392849922180176,57609,0.0,0.0
2024-09-17 00:00:00-04:00,4.425308365470237,4.452358021343755,4.403668403625488,4.403668403625488,17773,0.0,0.0
2024-09-18 00:00:00-04:00,4.3766188652448195,4.452358140869867,4.3766188652448195,4.446948051452637,48569,0.0,0.0
2024-09-19 00:00:00-04:00,4.452357983075489,4.544326337963104,4.452357983075489,4.517276287078857,6435,0.0,0.0
2024-09-20 00:00:00-04:00,4.54432740187522,4.549737492367317,4.51727734465805,4.5226874351501465,15168,0.0,0.0
2024-09-23 00:00:00-04:00,4.506456738754142,4.555146354321321,4.446947735607424,4.533506393432617,56230,0.0,0.0
2024-09-24 00:00:00-04:00,4.533507473662867,4.555147439707876,4.517277202696634,4.544327259063721,16394,0.0,0.0
2024-09-25 00:00:00-04:00,4.54973686099729,4.555146950738625,4.506457328796387,4.506457328796387,23136,0.0,0.0
2024-09-26 00:00:00-04:00,4.544326254351759,4.630884913664504,4.544326254351759,4.620064735412598,42594,0.0,0.0
2024-09-27 00:00:00-04:00,4.639167902027147,4.639167902027147,4.617337401842249,4.6227946281433105,6282,0.048951,0.0
2024-09-30 00:00:00-04:00,4.600963231723355,4.639167802462479,4.573674309587575,4.584589958190918,14402,0.0,0.0
2024-10-01 00:00:00-04:00,4.595506337209038,4.595506337209038,4.530012042116931,4.590048313140869,67568,0.0,0.0
2024-10-02 00:00:00-04:00,4.5900476117361375,4.666457145798081,4.5900476117361375,4.655541896820068,56230,0.0,0.0
2024-10-03 00:00:00-04:00,4.6555430895203855,4.6937476669664004,4.568217087873076,4.688289642333984,20225,0.0,0.0
2024-10-04 00:00:00-04:00,4.710120158073634,4.857482001161891,4.710120158073634,4.753782749176025,56996,0.0,0.0
2024-10-07 00:00:00-04:00,4.781071765794088,4.841108019130703,4.715577489997297,4.731950759887695,24208,0.0,0.0
2024-10-08 00:00:00-04:00,4.7319518439737696,4.819277432127353,4.7319518439737696,4.813819408416748,40143,0.0,0.0
2024-10-09 00:00:00-04:00,4.813819555178007,4.841109275817871,4.808361531301,4.841109275817871,19152,0.0,0.0
2024-10-10 00:00:00-04:00,4.8411086843417035,4.857481956481934,4.819276990246195,4.857481956481934,43513,0.0,0.0
2024-10-11 00:00:00-04:00,4.8574814072504635,4.950264202626176,4.8574814072504635,4.91751766204834,94381,0.0,0.0
2024-10-15 00:00:00-04:00,4.939349601349375,5.021217159743306,4.939349601349375,5.010301113128662,41368,0.0,0.0
2024-10-16 00:00:00-04:00,5.01030114750821,5.103085151898575,5.01030114750821,5.053964138031006,43360,0.0,0.0
2024-10-17 00:00:00-04:00,5.086711667785912,5.103085339677607,5.053964324002524,5.06488037109375,28958,0.0,0.0
2024-10-18 00:00:00-04:00,5.092168807983398,5.092168807983398,5.059422262242432,5.092168807983398,8120,0.0,0.0
2024-10-21 00:00:00-04:00,5.064880633302103,5.07579588346812,4.999386341089838,5.043049335479736,37691,0.0,0.0
2024-10-22 00:00:00-04:00,5.0266745485943645,5.0266745485943645,4.917517294845541,4.955721855163574,40755,0.0,0.0
2024-10-23 00:00:00-04:00,4.912060706703175,4.92843398054953,4.770156474648746,4.8683977127075195,70173,0.0,0.0
2024-10-24 00:00:00-04:00,4.879313699218225,4.884770925438516,4.802903360995537,4.813819408416748,12410,0.0,0.0
2024-10-25 00:00:00-04:00,4.8356500708382635,4.8847698812628435,4.715577562323397,4.786529064178467,25434,0.0,0.0
2024-10-28 00:00:00-04:00,4.731951904708126,4.9011454582214355,4.731951904708126,4.9011454582214355,16547,0.0,0.0
2024-10-29 00:00:00-04:00,4.879314120354591,4.9066030450274685,4.879314120354591,4.884771347045898,12410,0.0,0.0
2024-10-30 00:00:00-04:00,4.8847706948958365,4.890228718348844,4.873855445480099,4.8793134689331055,6588,0.0,0.0
2024-10-31 00:00:00-04:00,4.827025395301406,4.827025395301406,4.623376830140072,4.650897026062012,22982,0.048951,0.0
2024-11-01 00:00:00-04:00,4.705936431884766,4.705936431884766,4.678415837258876,4.705936431884766,9193,0.0,0.0
2024-11-04 00:00:00-05:00,4.67841668534074,4.705937284955438,4.540816502097936,4.557328701019287,47497,0.0,0.0
2024-11-05 00:00:00-05:00,4.678416665679074,4.689425468444824,4.601360675980169,4.689425468444824,18692,0.0,0.0
2024-11-06 00:00:00-05:00,4.838033441739136,5.0031538009643555,4.838033441739136,5.0031538009643555,112307,0.0,0.0
2024-11-07 00:00:00-05:00,5.008658201893491,5.206803798675537,4.997650604661786,5.206803798675537,159958,0.0,0.0
2024-11-08 00:00:00-05:00,5.195793866943706,5.316883039862577,5.151762683339823,5.261842250823975,50408,0.0,0.0
2024-11-11 00:00:00-05:00,5.338900121203306,5.426964523573858,5.327892121171827,5.3939409255981445,23902,0.0,0.0
2024-11-12 00:00:00-05:00,5.421459182321197,5.421459182321197,5.311379205157137,5.349907398223877,36772,0.0,0.0
2024-11-13 00:00:00-05:00,5.404947859864294,5.44897985458374,5.404947859864294,5.44897985458374,19765,0.0,0.0
2024-11-14 00:00:00-05:00,5.4269643202995095,5.5535569190979,5.4269643202995095,5.5535569190979,81971,0.0,0.0
2024-11-15 00:00:00-05:00,5.493012716817538,5.553556915745721,5.47650091845812,5.4820051193237305,22523,0.0,0.0
2024-11-18 00:00:00-05:00,5.437972272833464,5.5590606607604105,5.437972272833464,5.526036262512207,56537,0.0,0.0
2024-11-19 00:00:00-05:00,5.465492334347099,5.553556730427273,5.454484335101913,5.542549133300781,34320,0.0,0.0
2024-11-20 00:00:00-05:00,5.537044467540229,5.537044467540229,5.504020472578492,5.509523868560791,8580,0.0,0.0
2024-11-21 00:00:00-05:00,5.520532185356859,5.65813276545726,5.520532185356859,5.647124767303467,36772,0.0,0.0
2024-11-22 00:00:00-05:00,5.658132713027442,5.658132713027442,5.586580926750129,5.62510871887207,21910,0.0,0.0
2024-11-25 00:00:00-05:00,5.630612183622774,5.641620583927926,5.614100387402355,5.619604587554932,20071,0.0,0.0
2024-11-26 00:00:00-05:00,5.62510976388992,5.62510976388992,5.564565562298007,5.592085361480713,31409,0.0,0.0
2024-11-27 00:00:00-05:00,5.597588348917848,5.619604344337989,5.586580753326416,5.586580753326416,13943,0.0,0.0
2024-11-28 00:00:00-05:00,5.58657979258415,5.592083187314792,5.559059199863824,5.581075191497803,7201,0.0,0.0
2024-11-29 00:00:00-05:00,5.611574491997941,5.69474989355765,5.600484870579446,5.628210544586182,76302,0.048951,0.0
2024-12-02 00:00:00-05:00,5.628210506378761,5.722475528717041,5.628210506378761,5.722475528717041,34780,0.0,0.0
2024-12-03 00:00:00-05:00,5.683660856827477,5.716930939850889,5.644845962524414,5.644845962524414,27579,0.0,0.0
2024-12-04 00:00:00-05:00,5.655935410695094,5.711386357588068,5.655935410695094,5.700295925140381,18233,0.0,0.0
2024-12-05 00:00:00-05:00,5.655933717894174,5.79456003084836,5.655933717894174,5.78901481628418,33708,0.0,0.0
2024-12-06 00:00:00-05:00,5.816739511391524,5.911005732226353,5.794560272669339,5.850010395050049,7354,0.0,0.0
2024-12-09 00:00:00-05:00,5.850010367217346,5.949820587027753,5.8056498644087835,5.822284698486328,20531,0.0,0.0
2024-12-10 00:00:00-05:00,5.822285096797107,5.822285096797107,5.700294819794414,5.711385250091553,19458,0.0,0.0
2024-12-11 00:00:00-05:00,5.7557456566878935,5.766836494250734,5.689205897807848,5.700295925140381,14402,0.0,0.0
2024-12-12 00:00:00-05:00,5.822286405315941,5.822286405315941,5.606030663106185,5.644845962524414,24974,0.0,0.0
2024-12-13 00:00:00-05:00,5.65038957863548,5.65038957863548,5.478493971158534,5.511764049530029,41522,0.0,0.0
2024-12-16 00:00:00-05:00,5.528398493176535,5.62266431620096,5.522854088181403,5.5838494300842285,11951,0.0,0.0
2024-12-17 00:00:00-05:00,5.5817417952574635,5.701847887557806,5.575420784449897,5.607027053833008,22176,0.0,1.14
2024-12-18 00:00:00-05:00,5.644954239177415,5.644954239177415,5.303602695465088,5.303602695465088,15456,0.0,0.0
2024-12-19 00:00:00-05:00,5.309923695605269,5.366815619453889,5.164532773419876,5.240389347076416,31853,0.0,0.0
2024-12-20 00:00:00-05:00,5.24038935660391,5.328887544871525,5.1834966224217975,5.303602695465088,24864,0.0,0.0
2024-12-23 00:00:00-05:00,5.341529543174023,5.430028534607046,5.328887119480017,5.411065101623535,72845,0.0,0.0
2024-12-24 00:00:00-05:00,5.373137950897217,5.423708464661652,5.354173299284187,5.373137950897217,59405,0.0,0.0
2024-12-27 00:00:00-05:00,5.4237089440070365,5.436351776123047,5.347852761541175,5.436351776123047,61690,0.0,0.0
2024-12-30 00:00:00-05:00,5.411066446181915,5.411066446181915,5.373138355445417,5.404744625091553,3629,0.0,0.0
2024-12-31 00:00:00-05:00,5.452574729919434,5.452574729919434,5.452574729919434,5.452574729919434,0,0.055804,0.0
2025-01-02 00:00:00-05:00,5.3696705427523375,5.388801801129017,5.312275132821326,5.3250298500061035,13574,0.0,0.0
2025-01-03 00:00:00-05:00,5.407934265665875,5.407934265665875,5.3250298303712436,5.382424831390381,13574,0.0,0.0
2025-01-06 00:00:00-05:00,5.44619821027723,5.458952927887813,5.395179748535156,5.395179748535156,16531,0.0,0.0
2025-01-07 00:00:00-05:00,5.43982024110976,5.43982024110976,5.382424831390381,5.382424831390381,8333,0.0,0.0
2025-01-08 00:00:00-05:00,5.414310123674581,5.414310123674581,5.325028756515966,5.3505377769470215,13978,0.0,0.0
2025-01-09 00:00:00-05:00,5.325029775521293,5.3824247759492385,5.325029775521293,5.344161033630371,3091,0.0,0.0
2025-01-10 00:00:00-05:00,5.344160696797457,5.344160696797457,4.999787446333116,5.076314926147461,90451,0.0,0.0
2025-01-13 00:00:00-05:00,5.0444283026585675,5.0444283026585675,4.719186351031264,4.88499641418457,35213,0.0,0.0
2025-01-14 00:00:00-05:00,4.961523220550211,4.961523220550211,4.782959663403526,4.795714378356934,42067,0.0,0.0
2025-01-15 00:00:00-05:00,4.865863984336969,4.999786853790283,4.865863984336969,4.999786853790283,35750,0.0,0.0
2025-01-16 00:00:00-05:00,5.025296184295671,5.1528425216674805,5.018919643957439,5.1528425216674805,13709,0.0,0.0
2025-01-17 00:00:00-05:00,5.210237709010721,5.235747140913989,5.140087997377345,5.203860759735107,27014,0.0,0.0
2025-01-20 00:00:00-05:00,5.146464946652958,5.229369374237968,5.146464946652958,5.203860759735107,32659,0.0,0.0
2025-01-21 00:00:00-05:00,5.203861024549398,5.248501715251387,5.1911067166489255,5.229369640350342,6317,0.0,0.0
2025-01-22 00:00:00-05:00,5.229369575922999,5.229369575922999,5.165597219805883,5.216615676879883,16934,0.0,0.0
2025-01-23 00:00:00-05:00,5.2166156713963066,5.2485016450712365,5.210237904481014,5.235747337341309,23117,0.0,0.0
2025-01-24 00:00:00-05:00,5.184728420590934,5.184728420590934,5.159218989992562,5.171973705291748,16800,0.0,0.0
2025-01-27 00:00:00-05:00,5.159219264984131,5.210237720200028,5.159219264984131,5.159219264984131,7123,0.0,0.0
2025-01-28 00:00:00-05:00,5.2166152088389,5.2166152088389,5.140087734444148,5.171973705291748,17875,0.0,0.0
2025-01-29 00:00:00-05:00,5.1974834129212075,5.20386077091072,5.159219264984131,5.159219264984131,41933,0.0,0.0
2025-01-30 00:00:00-05:00,5.159219264984131,5.159219264984131,5.159219264984131,5.159219264984131,0,0.0,0.0
2025-01-31 00:00:00-05:00,5.201061282534803,5.2074974926324815,5.110943615525557,5.168875694274902,12902,0.055804,0.0
2025-02-03 00:00:00-05:00,4.89208682083893,4.9822044864696275,4.756910734917561,4.924271583557129,92467,0.0,0.0
2025-02-04 00:00:00-05:00,5.014389183939682,5.065885051133532,5.0015151140100516,5.007951736450195,13440,0.0,0.0
2025-02-05 00:00:00-05:00,5.0787574303053304,5.0787574303053304,5.065883776140441,5.072319984436035,538,0.0,0.0
2025-02-06 00:00:00-05:00,5.123816868801482,5.258992946119356,5.123816868801482,5.252556324005127,27149,0.0,0.0
2025-02-07 00:00:00-05:00,5.246119275141631,5.278303623199463,5.2268085838020015,5.278303623199463,21370,0.0,0.0
2025-02-10 00:00:00-05:00,5.297614780462598,5.297614780462598,5.20106091026656,5.2074971199035645,7392,0.0,0.0
2025-02-11 00:00:00-05:00,5.098068569338144,5.1753121512670175,4.962892507224918,5.104506015777588,18010,0.0,0.0
2025-02-12 00:00:00-05:00,5.098069600465099,5.2010613388842675,5.098069600465099,5.1817498207092285,6317,0.0,0.0
2025-02-13 00:00:00-05:00,5.110942885238937,5.110942885238937,4.904960265113848,4.943582057952881,95021,0.0,0.0
2025-02-14 00:00:00-05:00,4.924271802641573,4.943582908646463,4.8792133803462185,4.904961109161377,28762,0.0,0.0
2025-02-18 00:00:00-05:00,4.892086092846758,5.020825124561875,4.892086092846758,5.001514434814453,11962,0.0,0.0
2025-02-19 00:00:00-05:00,5.01439019282366,5.104507875413204,5.01439019282366,5.020826816558838,39782,0.0,0.0
2025-02-20 00:00:00-05:00,5.078759680529165,5.117381485184961,5.053011948266885,5.0658860206604,18010,0.0,0.0
2025-02-21 00:00:00-05:00,5.091631736335149,5.091631736335149,4.859901412704053,4.89852237701416,23789,0.0,0.0
2025-02-24 00:00:00-05:00,4.995078922754085,5.078759146946096,4.995078922754085,5.053011417388916,13709,0.0,0.0
2025-02-25 00:00:00-05:00,5.0530119978584995,5.0530119978584995,5.001516120303795,5.020826816558838,4838,0.0,0.0
2025-02-26 00:00:00-05:00,5.072321470919532,5.104507059599978,5.072321470919532,5.085195541381836,13171,0.0,0.0
2025-02-27 00:00:00-05:00,5.085195530031531,5.2010613388842675,5.085195530031531,5.1817498207092285,111418,0.0,0.0
2025-02-28 00:00:00-05:00,5.172003806396083,5.249974250793457,5.172003806396083,5.249974250793457,31450,0.055804,0.0
2025-03-03 00:00:00-05:00,5.249973957929716,5.327943148764954,5.139516493835222,5.165506362915039,39917,0.0,0.0
2025-03-04 00:00:00-05:00,5.0290591589655635,5.0290591589655635,4.866621952537508,4.957586288452148,49190,0.0,0.0
2025-03-05 00:00:00-05:00,4.873119196615677,5.113526849483049,4.873119196615677,5.094033718109131,27552,0.0,0.0
2025-03-06 00:00:00-05:00,5.068043514710421,5.068043514710421,4.944590910564315,4.996571063995361,35616,0.0,0.0
2025-03-07 00:00:00-05:00,5.0680437088012695,5.1005315661924895,4.970581385840275,5.0680437088012695,19085,0.0,0.0
2025-03-10 00:00:00-04:00,5.055048621875944,5.061546609830435,4.8016466626494445,4.91210412979126,28493,0.0,0.0
2025-03-11 00:00:00-04:00,4.814643251318401,4.840633545322892,4.736673202113631,4.788653373718262,16397,0.0,0.0
2025-03-12 00:00:00-04:00,4.892611920713159,4.9965714017951575,4.860124062369742,4.970581531524658,6989,0.0,0.0
2025-03-13 00:00:00-04:00,4.905606359532358,4.944590534733048,4.840631484985352,4.840631484985352,21773,0.0,0.0
2025-03-14 00:00:00-04:00,4.931596653725517,5.113526999841803,4.931596653725517,5.0745415687561035,37901,0.0,0.0
2025-03-17 00:00:00-04:00,5.133019167799866,5.1590094566345215,5.022562105869655,5.1590094566345215,24058,0.0,0.0
2025-03-18 00:00:00-04:00,5.165507414274886,5.178502559661865,5.10702967643778,5.178502559661865,12365,0.0,0.0
2025-03-19 00:00:00-04:00,5.165506175528019,5.301953503752485,5.165506175528019,5.2954559326171875,46502,0.0,0.0
2025-03-20 00:00:00-04:00,5.100531296983435,5.2954559326171875,5.100531296983435,5.2954559326171875,16800,0.0,0.0
2025-03-21 00:00:00-04:00,5.275964721103082,5.353933925151404,5.230481713798228,5.321446895599365,5914,0.0,0.0
2025-03-24 00:00:00-04:00,5.353932560199858,5.685305340562382,5.353932560199858,5.568350315093994,21773,0.0,0.0
2025-03-25 00:00:00-04:00,5.256471497549588,5.639823686413467,5.256471497549588,5.633326530456543,17606,0.0,0.0
2025-03-26 00:00:00-04:00,5.678807353342596,5.704797636605024,5.561853160682566,5.568350315093994,15590,0.0,0.0
2025-03-27 00:00:00-04:00,5.535862649782624,5.587842797765851,5.503374797040506,5.561852931976318,30374,0.0,0.0
2025-03-28 00:00:00-04:00,5.490380625461161,5.58134579639383,5.490380625461161,5.542360782623291,17741,0.0,0.0
2025-03-31 00:00:00-04:00,5.480087889347291,5.689851635165775,5.480087889347291,5.6505208015441895,17875,0.055804,0.0
2025-04-01 00:00:00-04:00,5.670186134560565,5.781623420697099,5.670186134560565,5.7357378005981445,17472,0.0,0.0
2025-04-02 00:00:00-04:00,5.683296620654108,5.820954322814941,5.683296620654108,5.820954322814941,41664,0.0,0.0
2025-04-03 00:00:00-04:00,5.565304316511686,5.643965983345896,5.466977443017916,5.539083480834961,29434,0.0,0.0
2025-04-04 00:00:00-04:00,5.466977305602697,5.466977305602697,4.831130038286126,4.9622321128845215,66528,0.0,0.0
2025-04-07 00:00:00-04:00,4.582034635364981,4.968787296111773,4.195282394716124,4.785243988037109,25939,0.0,0.0
2025-04-08 00:00:00-04:00,4.9818967616479854,5.132664853025329,4.700026201297938,4.713136196136475,15994,0.0,0.0
2025-04-09 00:00:00-04:00,4.700027690822719,5.1326664796612596,4.654142064199012,5.001563549041748,33466,0.0,0.0
2025-04-10 00:00:00-04:00,5.119556061182935,5.119556061182935,4.5951460190341855,4.667252063751221,61152,0.0,0.0
2025-04-11 00:00:00-04:00,4.804909643721297,4.850795269012451,4.595145885037427,4.850795269012451,8870,0.0,0.0
2025-04-14 00:00:00-04:00,4.949122720406619,4.981897925206795,4.850795005516153,4.955677509307861,20966,0.0,0.0
2025-04-15 00:00:00-04:00,4.981898112454558,5.1457766632028425,4.981898112454558,5.080224990844727,19891,0.0,0.0
2025-04-16 00:00:00-04:00,5.040893777741531,5.040893777741531,4.929456909308402,4.9622321128845215,11962,0.0,0.0
2025-04-17 00:00:00-04:00,4.962232711865696,5.047450015861501,4.962232711865696,5.001563549041748,9139,0.0,0.0
2025-04-21 00:00:00-04:00,4.890126156061784,4.936012622027663,4.863905738465011,4.896681785583496,9274,0.0,0.0
2025-04-22 00:00:00-04:00,4.975343179997609,5.126110900544187,4.975343179997609,5.047450065612793,10886,0.0,0.0
2025-04-23 00:00:00-04:00,5.165440082550049,5.2244369501337875,5.126109257592115,5.165440082550049,5107,0.0,0.0
2025-04-24 00:00:00-04:00,5.22443889134223,5.3096553603328,5.22443889134223,5.27687931060791,13171,0.0,0.0
2025-04-25 00:00:00-04:00,5.3162089328871325,5.421091427794946,5.3162089328871325,5.381760597229004,5376,0.0,0.0
2025-04-28 00:00:00-04:00,5.388315900829841,5.421091946183945,5.3555402755737305,5.3555402755737305,24058,0.0,0.0
2025-04-29 00:00:00-04:00,5.407981430204193,5.427646636962891,5.342430180877886,5.427646636962891,9139,0.0,0.0
2025-04-30 00:00:00-04:00,5.371420477908666,5.42434024810791,5.364804923718861,5.42434024810791,1210,0.055804,0.0
2025-05-01 00:00:00-04:00,5.351574158331622,5.391264936097251,5.351574158331622,5.384650230407715,1344,0.0,0.0
2025-05-02 00:00:00-04:00,5.464029196401461,5.556640148162842,5.364803540032553,5.556640148162842,2957,0.0,0.0
2025-05-05 00:00:00-04:00,5.550025641917248,5.550025641917248,5.490489482879639,5.490489482879639,12096,0.0,0.0
2025-05-06 00:00:00-04:00,5.47725956950507,5.483875122128719,5.464029312133789,5.464029312133789,3629,0.0,0.0
2025-05-07 00:00:00-04:00,5.490489834739482,5.58310079574585,5.490489834739482,5.58310079574585,11424,0.0,0.0
2025-05-08 00:00:00-04:00,5.616175409369066,5.616175409369066,5.424338802872464,5.536795139312744,29837,0.0,0.0
2025-05-09 00:00:00-04:00,5.470645275219136,5.596331033924456,5.470645275219136,5.589715480804443,7930,0.0,0.0
2025-05-12 00:00:00-04:00,5.6426360964628275,5.82124246488026,5.6426360964628275,5.708786964416504,22848,0.0,0.0
2025-05-13 00:00:00-04:00,5.76832104217359,5.774936594368241,5.470644510003241,5.748476505279541,8333,0.0,0.0
2025-05-14 00:00:00-04:00,5.755092241371813,5.781552335204282,5.662482124927203,5.774937629699707,9811,0.0,0.0
2025-05-15 00:00:00-04:00,5.722017061998683,5.814628027029961,5.722017061998683,5.794782638549805,24998,0.0,0.0
2025-05-16 00:00:00-04:00,5.794781425436866,5.854316730537753,5.781551169219792,5.8477020263671875,36826,0.0,0.0
2025-05-20 00:00:00-04:00,5.827857686303801,5.887392997741699,5.774937079740546,5.887392997741699,22176,0.0,0.0
2025-05-21 00:00:00-04:00,5.8212418751437545,5.8212418751437545,5.788167080424708,5.814627170562744,15725,0.0,0.0
2025-05-22 00:00:00-04:00,5.808012234444753,5.874162673950195,5.741861371001299,5.874162673950195,5107,0.0,0.0
2025-05-23 00:00:00-04:00,5.841085910797119,5.841085910797119,5.841085910797119,5.841085910797119,134,0.0,0.0
2025-05-26 00:00:00-04:00,5.76832152698987,5.887392997741699,5.76832152698987,5.887392997741699,8333,0.0,0.0
2025-05-27 00:00:00-04:00,5.894007696082005,5.94692830258659,5.887392991214695,5.907237529754639,37632,0.0,0.0
2025-05-28 00:00:00-04:00,5.894007827558347,5.94031373022856,5.880777569652572,5.9336981773376465,8198,0.0,0.0
2025-05-29 00:00:00-04:00,5.953543504751859,5.953543504751859,5.900623321533203,5.900623321533203,9811,0.0,0.0
2025-05-30 00:00:00-04:00,5.903958764475016,5.970670124296629,5.870603084564209,5.870603084564209,9946,0.055804,0.0
2025-06-02 00:00:00-04:00,5.923972428941167,5.923972428941167,5.690482242032742,5.870603084564209,6989,0.0,0.0
2025-06-03 00:00:00-04:00,5.837248502624634,5.863932964111574,5.810564041137695,5.810564041137695,4570,0.0,0.0
2025-06-04 00:00:00-04:00,5.810564041137695,5.82390605811475,5.690482895614398,5.810564041137695,7392,0.0,0.0
2025-06-05 00:00:00-04:00,5.750521819612601,5.810562807156254,5.737180233001709,5.737180233001709,33869,0.0,0.0
2025-06-06 00:00:00-04:00,5.750523168077595,5.863933093855224,5.730509928402791,5.783879280090332,17472,0.0,0.0
2025-06-09 00:00:00-04:00,5.790548801422119,5.803891243292759,5.783878008019544,5.790548801422119,5376,0.0,0.0
2025-06-10 00:00:00-04:00,5.837248373539482,5.837248373539482,5.777207374572754,5.777207374572754,6989,0.0,0.0
2025-06-11 00:00:00-04:00,5.863932786024434,5.903959263272828,5.830576675762747,5.8372483253479,36422,0.0,0.0
2025-06-12 00:00:00-04:00,5.9306431554969725,5.9306431554969725,5.797220864902833,5.803891658782959,14918,0.0,0.0
2025-06-13 00:00:00-04:00,5.803892278448712,5.830576739416568,5.803892278448712,5.823905944824219,5107,0.0,0.0
2025-06-16 00:00:00-04:00,5.823905421741383,5.903958797454834,5.803891757163434,5.903958797454834,7123,0.0,0.0
2025-06-17 00:00:00-04:00,5.817233493682963,5.850590027245851,5.750522136688232,5.750522136688232,16666,0.0,0.0
2025-06-18 00:00:00-04:00,5.757194563316149,5.897288517440572,5.757194563316149,5.777207374572754,18010,0.0,0.0
2025-06-19 00:00:00-04:00,5.763864420379175,5.777206434891062,5.743851184844971,5.743851184844971,10886,0.0,0.0
2025-06-20 00:00:00-04:00,5.72383851899688,5.803891896634056,5.72383851899688,5.763864994049072,10618,0.0,0.0
2025-06-23 00:00:00-04:00,5.743851819555148,5.830576419830322,5.743851819555148,5.830576419830322,2822,0.0,0.0
2025-06-24 00:00:00-04:00,5.870603580543956,5.870603580543956,5.817234231658072,5.8372483253479,8870,0.0,0.0
2025-06-25 00:00:00-04:00,5.870603738586067,5.870603738586067,5.770536687705554,5.843919277191162,13574,0.0,0.0
2025-06-26 00:00:00-04:00,5.8572609450598385,5.90395863942622,5.8572609450598385,5.897287845611572,7526,0.0,0.0
2025-06-27 00:00:00-04:00,5.8906160856333045,5.977341533981303,5.843918392147651,5.910629749298096,31853,0.0,0.0
2025-06-30 00:00:00-04:00,5.900539276998771,5.961091572595274,5.860170648751625,5.947635650634766,28896,0.055804,0.0
2025-07-02 00:00:00-04:00,5.954362629495457,5.954362629495457,5.839984936049962,5.846713542938232,18144,0.0,0.0
2025-07-03 00:00:00-04:00,5.860170706550619,5.954363454751634,5.860170706550619,5.9274516105651855,36557,0.0,0.0
2025-07-04 00:00:00-04:00,5.920722534046156,5.920722534046156,5.8467138904350815,5.913994789123535,10618,0.0,0.0
2025-07-07 00:00:00-04:00,5.913994998837965,5.913994998837965,5.786161373033388,5.79288911819458,7930,0.0,0.0
2025-07-08 00:00:00-04:00,5.786160823954105,5.846713542938232,5.772704472543074,5.846713542938232,7123,0.0,0.0
2025-07-09 00:00:00-04:00,5.779432765506606,5.846714097763683,5.779432765506606,5.79288911819458,3494,0.0,0.0
2025-07-10 00:00:00-04:00,5.772705920128915,5.799617767333984,5.685240045206694,5.799617767333984,28627,0.0,0.0
2025-07-11 00:00:00-04:00,5.813074122119382,5.813074122119382,5.779433666338751,5.799617767333984,6720,0.0,0.0
2025-07-14 00:00:00-04:00,5.819802299512081,5.819802299512081,5.739065033165421,5.799617767333984,9139,0.0,0.0
2025-07-15 00:00:00-04:00,5.786161435071129,5.786161435071129,5.759249160589429,5.765976905822754,12230,0.0,0.0
2025-07-16 00:00:00-04:00,5.779432345960647,5.779432345960647,5.759248680759468,5.772704601287842,14918,0.0,0.0
2025-07-17 00:00:00-04:00,5.7592486317236,5.77943229675293,5.718880008116659,5.77943229675293,15590,0.0,0.0
2025-07-18 00:00:00-04:00,5.779432852387519,5.779432852387519,5.725607872009277,5.725607872009277,28224,0.0,0.0
2025-07-21 00:00:00-04:00,5.71887922802642,5.71887922802642,5.685237922441122,5.705422878265381,6720,0.0,0.0
2025-07-22 00:00:00-04:00,5.685238349026187,5.718879657135721,5.685238349026187,5.712151050567627,7392,0.0,0.0
2025-07-23 00:00:00-04:00,5.712151950301819,5.725607872009277,5.651599224661249,5.725607872009277,12499,0.0,0.0
2025-07-24 00:00:00-04:00,5.732336454924929,5.765976905822754,5.732336454924929,5.765976905822754,1210,0.0,0.0
2025-07-25 00:00:00-04:00,5.759249160589429,5.779432827472204,5.7390642001582535,5.765976905822754,14918,0.0,0.0
2025-07-28 00:00:00-04:00,5.779432885807749,5.779432885807749,5.698695630364916,5.745792865753174,11290,0.0,0.0
2025-07-29 00:00:00-04:00,5.752521387950819,5.806346375909546,5.7256086783800235,5.799617767333984,29971,0.0,0.0
2025-07-30 00:00:00-04:00,5.813072628379221,5.813072628379221,5.591045849752699,5.604502201080322,46099,0.0,0.0
2025-07-31 00:00:00-04:00,5.696157858025128,5.696157858025128,5.628265676509723,5.635054111480713,26611,0.055804,0.0
2025-08-01 00:00:00-04:00,5.587529861699369,5.587529861699369,5.39743192694455,5.485692024230957,25805,0.0,0.0
2025-08-05 00:00:00-04:00,5.533216274307912,5.64184385175262,5.444956177277702,5.635054111480713,18010,0.0,0.0
2025-08-06 00:00:00-04:00,5.635053906058629,5.743681914643683,5.628265471335108,5.682579040527344,36019,0.0,0.0
2025-08-07 00:00:00-04:00,5.702945567946805,5.709734436637042,5.648631572723389,5.648631572723389,4973,0.0,0.0
2025-08-08 00:00:00-04:00,5.662211348603157,5.662211348603157,5.485692024230957,5.485692024230957,9139,0.0,0.0
2025-08-11 00:00:00-04:00,5.499270199513268,5.533216290369508,5.444956193083101,5.485692024230957,22445,0.0,0.0
2025-08-12 00:00:00-04:00,5.506058490636907,5.567161360733052,5.506058490636907,5.55358362197876,7795,0.0,0.0
2025-08-13 00:00:00-04:00,5.594318389892578,5.594318389892578,5.587529520216479,5.594318389892578,4704,0.0,0.0
2025-08-14 00:00:00-04:00,5.601108014345914,5.669000625610352,5.5807401004365005,5.669000625610352,18547,0.0,0.0
2025-08-15 00:00:00-04:00,5.682578799783022,5.702946278592163,5.669000625610352,5.669000625610352,2016,0.0,0.0
2025-08-18 00:00:00-04:00,5.709734627012026,5.76404862404639,5.702945758095434,5.7301025390625,9408,0.0,0.0
2025-08-19 00:00:00-04:00,5.76404939785,5.784417312634795,5.70973539352417,5.70973539352417,3898,0.0,0.0
2025-08-20 00:00:00-04:00,5.764048485096475,5.764048485096475,5.736891269683838,5.736891269683838,26746,0.0,0.0
2025-08-21 00:00:00-04:00,5.77083864639342,5.818362906643196,5.77083864639342,5.804784297943115,16397,0.0,0.0
2025-08-22 00:00:00-04:00,5.818363097489453,5.940569274497863,5.818363097489453,5.852308750152588,24326,0.0,0.0
2025-08-25 00:00:00-04:00,5.838731015066672,5.838731015066672,5.791205883026123,5.791205883026123,9139,0.0,0.0
2025-08-26 00:00:00-04:00,5.750469913861752,5.8047839099312855,5.743681045065756,5.770838260650635,13574,0.0,0.0
2025-08-27 00:00:00-04:00,5.797995430533962,5.797995430533962,5.74368143081665,5.74368143081665,8602,0.0,0.0
2025-08-28 00:00:00-04:00,5.757260230340552,5.797995622703612,5.750470490663063,5.791205883026123,28762,0.0,0.0
2025-08-29 00:00:00-04:00,5.822029750719996,5.856276522348832,5.794631631081125,5.828878402709961,5242,0.055804,0.0
2025-09-02 00:00:00-04:00,5.787781613038987,5.787781613038987,5.685039982145735,5.726137161254883,17338,0.0,0.0
2025-09-03 00:00:00-04:00,5.732986123323009,5.7809319496154785,5.732986123323009,5.7809319496154785,18816,0.0,0.0
2025-09-04 00:00:00-04:00,5.78778103982881,5.801480098175133,5.746685181669331,5.7809319496154785,6048,0.0,0.0
2025-09-05 00:00:00-04:00,5.75353479385376,5.75353479385376,5.75353479385376,5.75353479385376,1075,0.0,0.0
2025-09-08 00:00:00-04:00,5.7535341181064465,5.780931795106997,5.7192873510756215,5.746685028076172,5914,0.0,0.0
2025-09-09 00:00:00-04:00,5.760383884688453,5.760383884688453,5.75353479385376,5.75353479385376,10618,0.0,0.0
2025-09-10 00:00:00-04:00,5.7329865914977365,5.794631481170654,5.7329865914977365,5.794631481170654,18144,0.0,0.0
2025-09-11 00:00:00-04:00,5.80833063336395,5.917921354994337,5.80833063336395,5.883674144744873,62227,0.0,0.0
2025-09-12 00:00:00-04:00,5.904222483002119,5.917921543121338,5.86312661952412,5.917921543121338,35347,0.0,0.0
2025-09-15 00:00:00-04:00,5.9179205423161925,5.965867244624984,5.9179205423161925,5.959017276763916,24058,0.0,0.0
2025-09-16 00:00:00-04:00,5.965868253538603,5.965868253538603,5.911072452021614,5.917921543121338,9677,0.0,0.0
2025-09-17 00:00:00-04:00,5.897373137533966,5.979566616784298,5.897373137533966,5.96586799621582,36557,0.0,0.0
2025-09-18 00:00:00-04:00,5.972716323350792,6.000114440917969,5.952168613095095,6.000114440917969,8333,0.0,0.0
2025-09-19 00:00:00-04:00,6.020663303981905,6.041211454135623,5.945318916191974,6.006964683532715,58061,0.0,0.0
2025-09-22 00:00:00-04:00,6.006965024860288,6.061759948730469,6.006965024860288,6.061759948730469,6989,0.0,0.0
2025-09-23 00:00:00-04:00,6.041211132195868,6.061759281254562,6.027512073516846,6.027512073516846,13440,0.0,0.0
2025-09-24 00:00:00-04:00,6.0275132178896795,6.068609962769462,6.000115534289799,6.048061370849609,16531,0.0,0.0
2025-09-25 00:00:00-04:00,6.048060845391769,6.075458526611328,6.041211754306793,6.075458526611328,7526,0.0,0.0
2025-09-26 00:00:00-04:00,6.089156627655029,6.1097056535130125,6.0617589507506215,6.089156627655029,12499,0.0,0.0
2025-09-29 00:00:00-04:00,6.120243417825689,6.120243417825689,6.113335609436035,6.113335609436035,9677,0.055804,0.0
2025-09-30 00:00:00-04:00,6.092611770714835,6.092611770714835,6.044258004172266,6.064980983734131,18816,0.0,0.0
2025-10-01 00:00:00-04:00,6.064981002636549,6.092611789703369,6.044258023010099,6.092611789703369,1747,0.0,0.0
2025-10-02 00:00:00-04:00,6.0442580937448405,6.147873878479004,6.009719056138789,6.147873878479004,7123,0.0,0.0
2025-10-03 00:00:00-04:00,6.1133343119119425,6.127149483064331,6.037349321142616,6.120242118835449,19488,0.0,0.0
2025-10-06 00:00:00-04:00,6.099519015912354,6.161689281463623,6.099519015912354,6.161689281463623,15859,0.0,0.0
2025-10-07 00:00:00-04:00,6.1478738027623265,6.258396950961844,6.1478738027623265,6.22385835647583,56582,0.0,0.0
2025-10-08 00:00:00-04:00,6.258396193211287,6.348197236313494,6.251488829306136,6.313657760620117,32256,0.0,0.0
2025-10-09 00:00:00-04:00,6.286027738011723,6.286027738011723,6.210043184298219,6.22385835647583,14112,0.0,0.0
2025-10-10 00:00:00-04:00,6.26530443259572,6.320566446516454,6.2169506684465405,6.258396625518799,28224,0.0,0.0
2025-10-14 00:00:00-04:00,6.244581592203994,6.368920803070068,6.244581592203994,6.368920803070068,39245,0.0,0.0
2025-10-15 00:00:00-04:00,6.368921426503903,6.4034600257873535,6.362014060802988,6.4034600257873535,59539,0.0,0.0
2025-10-16 00:00:00-04:00,6.389643669128418,6.410367091915719,6.292936133566349,6.389643669128418,28224,0.0,0.0
2025-10-17 00:00:00-04:00,6.348198430902388,6.431090354919434,6.3136589487094525,6.431090354919434,16397,0.0,0.0
2025-10-20 00:00:00-04:00,6.431089642558447,6.527798057051939,6.431089642558447,6.493259906768799,39782,0.0,0.0
2025-10-21 00:00:00-04:00,6.51398197453792,6.5623357356142105,6.431089180271985,6.548520565032959,23654,0.0,0.0
2025-10-22 00:00:00-04:00,6.548521247035148,6.610691070556641,6.5416138823724514,6.610691070556641,4704,0.0,0.0
2025-10-23 00:00:00-04:00,6.610691615450257,6.679768366633522,6.610691615450257,6.665953636169434,15725,0.0,0.0
2025-10-24 00:00:00-04:00,6.679767584519055,6.735029598767764,6.665952855672493,6.728122234344482,18010,0.0,0.0
2025-10-27 00:00:00-04:00,6.735029999280735,6.8386457841273325,6.735029999280735,6.804107189178467,23251,0.0,0.0
2025-10-28 00:00:00-04:00,6.838646314191454,6.838646314191454,6.8317389488220215,6.8317389488220215,13037,0.0,0.0
2025-10-29 00:00:00-04:00,6.824829665937691,6.831737915651778,6.624506361235871,6.645229339599609,12230,0.0,0.0
2025-10-30 00:00:00-04:00,6.659045710931134,6.790292739868164,6.659045710931134,6.790292739868164,4973,0.0,0.0
2025-10-31 00:00:00-04:00,6.884263311536691,6.884263311536691,6.786811361981811,6.849459171295166,5376,0.055804,0.0
2025-11-03 00:00:00-05:00,6.793772715131873,6.8633809955102505,6.640633873761879,6.786811351776123,12768,0.0,0.0
2025-11-04 00:00:00-05:00,6.758967929903052,6.786811599951178,6.6823991755655365,6.6963210105896,9005,0.0,0.0
2025-11-05 00:00:00-05:00,6.661516894726717,6.800733015010945,6.661516894726717,6.752007484436035,6854,0.0,0.0
2025-11-06 00:00:00-05:00,6.724164308931739,6.745046615600586,6.682399249495762,6.745046615600586,2419,0.0,0.0
2025-11-07 00:00:00-05:00,6.710242342235579,6.7172037057864635,6.612790390095559,6.640634059906006,9677,0.0,0.0
2025-11-10 00:00:00-05:00,6.682398796081543,6.772889380304289,6.682398796081543,6.682398796081543,6317,0.0,0.0
2025-11-11 00:00:00-05:00,6.724164565689648,6.724164565689648,6.6545558332395345,6.7172040939331055,2285,0.0,0.0
2025-11-12 00:00:00-05:00,6.696322029942377,6.863382291268902,6.682400192799052,6.807695388793945,22176,0.0,0.0
2025-11-13 00:00:00-05:00,6.835538654697045,6.891224661648398,6.752008082925902,6.856420516967773,9677,0.0,0.0
2025-11-14 00:00:00-05:00,6.79377309565125,6.932989218107243,6.765929425061766,6.9190673828125,8333,0.0,0.0
2025-11-17 00:00:00-05:00,6.926028592245774,6.946910452526066,6.7589679107258505,6.877302169799805,12499,0.0,0.0
2025-11-18 00:00:00-05:00,6.919067581338237,6.919067581338237,6.752007783499389,6.772890090942383,14112,0.0,0.0
2025-11-19 00:00:00-05:00,6.731125328458536,6.86338188122188,6.731125328458536,6.856420516967773,20026,0.0,0.0
2025-11-20 00:00:00-05:00,6.800733048172557,6.926028672285022,6.800733048172557,6.870341777801514,4973,0.0,0.0
2025-11-21 00:00:00-05:00,6.919067492256639,7.0304412841796875,6.884263795665839,7.0304412841796875,19757,0.0,0.0
2025-11-24 00:00:00-05:00,7.030440505111381,7.100048782776024,7.030440505111381,7.065244197845459,24192,0.0,0.0
2025-11-25 00:00:00-05:00,7.072205560929815,7.107009253663893,6.988675449292946,7.065244197845459,106848,0.0,0.0
2025-11-26 00:00:00-05:00,7.079166736151783,7.079166736151783,7.023479840820614,7.0374016761779785,3091,0.0,0.0
2025-11-27 00:00:00-05:00,7.0374016761779785,7.0374016761779785,7.0374016761779785,7.0374016761779785,0,0.0,0.0
2025-11-28 00:00:00-05:00,7.097010878035652,7.1180492555355555,7.02688235379285,7.047921180725098,14112,0.055804,0.0
2025-12-01 00:00:00-05:00,7.1110367919287985,7.153113996534154,7.075972080230713,7.075972080230713,12230,0.0,0.0
2025-12-02 00:00:00-05:00,7.06895983889047,7.06895983889047,7.054933953712089,7.061947345733643,2688,0.0,0.0
2025-12-03 00:00:00-05:00,7.054933673603502,7.061947065346596,7.005843976292947,7.047921180725098,16934,0.0,0.0
2025-12-04 00:00:00-05:00,7.082985611275541,7.132075309753418,7.082985611275541,7.132075309753418,1478,0.0,0.0
2025-12-05 00:00:00-05:00,7.061947553628747,7.132075633288049,6.928702539376281,7.111037254333496,34541,0.0,0.0
2025-12-08 00:00:00-05:00,6.900652142403841,7.082986420488617,6.900652142403841,7.012857437133789,16531,0.0,0.0
2025-12-09 00:00:00-05:00,7.0479211239670745,7.0479211239670745,7.0058439198737785,7.019869804382324,3629,0.0,0.0
2025-12-10 00:00:00-05:00,7.047921071025942,7.132075029148062,7.012856360017969,7.118049144744873,39379,0.0,0.0
2025-12-11 00:00:00-05:00,7.118049814692175,7.370512611684885,7.118049814692175,7.363500118255615,41126,0.0,0.0
2025-12-12 00:00:00-05:00,7.398564213780764,7.440641423111163,7.3635003970098944,7.37752628326416,2419,0.0,0.0
2025-12-15 00:00:00-05:00,7.377526112367819,7.608950533607995,7.377526112367819,7.580898761749268,13306,0.0,0.0
2025-12-16 00:00:00-05:00,7.594924728849933,7.622976501008465,7.489731931552613,7.608950614929199,3898,0.0,0.0
2025-12-17 00:00:00-05:00,7.608949815372514,7.608949815372514,7.489731144523554,7.531807899475098,7392,0.0,0.0
2025-12-18 00:00:00-05:00,7.5528477733897175,7.622976303100586,7.5528477733897175,7.622976303100586,14112,0.0,0.0
2025-12-19 00:00:00-05:00,7.686092296442859,7.686092296442859,7.658040523529053,7.658040523529053,2016,0.0,0.0
2025-12-22 00:00:00-05:00,7.615962516449465,7.980631952220628,7.601937529497684,7.840373992919922,30509,0.0,0.0
2025-12-23 00:00:00-05:00,7.85439920425415,7.85439920425415,7.84037331964205,7.85439920425415,1882,0.0,0.0
2025-12-24 00:00:00-05:00,7.840373586349789,7.875438299072843,7.805309772491455,7.805309772491455,3226,0.0,0.0
2025-12-29 00:00:00-05:00,7.763232032720706,7.882451155816663,7.7141423343074935,7.875438213348389,20294,0.0,0.0
2025-12-30 00:00:00-05:00,7.875438789080808,7.882451732061762,7.854399960137944,7.8684258460998535,2419,0.0,0.0
2025-12-31 00:00:00-05:00,8.034338031800337,8.034338031800337,7.808416366577148,7.808416366577148,6720,0.055804,0.0
2026-01-02 00:00:00-05:00,7.857836075213782,7.963736313850892,7.83665657043457,7.83665657043457,6720,0.0,0.0
2026-01-05 00:00:00-05:00,7.843716319147577,7.9778571128845215,7.801356401883079,7.9778571128845215,8064,0.0,0.0
2026-01-06 00:00:00-05:00,8.069637333457873,8.069637333457873,7.921376277712155,7.956676959991455,8333,0.0,0.0
2026-01-07 00:00:00-05:00,7.963736313928598,7.963736313928598,7.766055204867361,7.8719563484191895,21504,0.0,0.0
2026-01-08 00:00:00-05:00,7.9284365360204445,7.935496672584812,7.850776843639771,7.8719563484191895,2957,0.0,0.0
2026-01-09 00:00:00-05:00,7.900196131176074,7.977855816051464,7.836655813151194,7.970796585083008,15590,0.0,0.0
2026-01-12 00:00:00-05:00,8.006096701967827,8.006096701967827,7.942556381225586,7.942556381225586,2150,0.0,0.0
2026-01-13 00:00:00-05:00,7.942556360626037,7.942556360626037,7.794295310974121,7.794295310974121,3763,0.0,0.0
2026-01-14 00:00:00-05:00,7.843715802161719,7.91431626289171,7.801355887689199,7.8719563484191895,5376,0.0,0.0
2026-01-15 00:00:00-05:00,7.9072557003056545,7.977856157231882,7.879015155569709,7.942556381225586,6989,0.0,0.0
2026-01-16 00:00:00-05:00,8.013156893119312,8.055517715297555,7.92137692156061,7.9778571128845215,11693,0.0,0.0
2026-01-19 00:00:00-05:00,7.843715972365823,7.935496844780507,7.843715972365823,7.893136024475098,13574,0.0,0.0
2026-01-20 00:00:00-05:00,8.457939702993569,8.457939702993569,8.11905857081691,8.1967191696167,197299,0.0,0.0
2026-01-21 00:00:00-05:00,8.281438997440755,8.309677731323186,8.224957910021484,8.267318725585938,73248,0.0,0.0
2026-01-22 00:00:00-05:00,8.295560054380113,8.330859832444295,8.246139098211094,8.281439781188965,14918,0.0,0.0
2026-01-23 00:00:00-05:00,8.30261927418975,8.30261927418975,8.154358215722075,8.203778266906738,81312,0.0,0.0
2026-01-26 00:00:00-05:00,8.253199223005087,8.323798779032499,8.203778266906738,8.203778266906738,98112,0.0,0.0
2026-01-27 00:00:00-05:00,7.734992025013568,8.446645167666553,7.734992025013568,8.031514167785645,26544,0.0,1.2
2026-01-28 00:00:00-05:00,8.285675071486128,8.285675071486128,7.887487740428977,7.904431343078613,22624,0.0,0.0
2026-01-29 00:00:00-05:00,7.895961298453507,8.048458263319128,7.879015884148621,7.921376705169678,19376,0.0,0.0
2026-01-30 00:00:00-05:00,7.96834867333007,7.976889892120426,7.737754010610311,7.874403476715088,30016,0.066964,0.0
2026-02-02 00:00:00-05:00,7.925646328288777,8.011052131652832,7.925646328288777,8.011052131652832,13776,0.0,0.0
2026-02-03 00:00:00-05:00,8.01105243863473,8.028133052623463,7.959809684437489,7.993971824645996,15568,0.0,0.0
2026-02-04 00:00:00-05:00,8.011053198184637,8.02813381379283,7.934188603485513,8.002511978149414,6160,0.0,0.0
2026-02-05 00:00:00-05:00,7.993971441856352,8.019593273843595,7.806078311360227,7.959809303283691,74256,0.0,0.0
2026-02-06 00:00:00-05:00,7.917104742554685,8.002509619889944,7.908563525036474,7.942725658416748,8624,0.0,0.0
2026-02-09 00:00:00-05:00,7.891483876742755,7.934187232848453,7.814619295322048,7.857321739196777,2800,0.0,0.0
2026-02-10 00:00:00-05:00,7.840241362163883,7.976889916454524,7.780457391603979,7.959809303283691,15008,0.0,0.0
2026-02-11 00:00:00-05:00,7.9598092790017,7.993971417470146,7.831700119456285,7.874403476715088,15232,0.0,0.0
2026-02-12 00:00:00-05:00,7.891484125007063,7.900025343835488,7.788996796913934,7.814619541168213,21840,0.0,0.0
2026-02-13 00:00:00-05:00,7.7719161727875665,7.976889916454524,7.7719161727875665,7.959809303283691,21392,0.0,0.0
2026-02-17 00:00:00-05:00,7.959808933442812,8.096457481384277,7.959808933442812,8.096457481384277,19376,0.0,0.0
2026-02-18 00:00:00-05:00,7.976890472849089,7.976890472849089,7.8402419090271,7.8402419090271,50400,0.0,0.0
2026-02-19 00:00:00-05:00,7.8402419090271,7.84878130397715,7.771916714885046,7.8402419090271,13664,0.0,0.0
2026-02-20 00:00:00-05:00,7.8829432284639855,7.8829432284639855,7.601105345262746,7.763375282287598,91168,0.0,0.0
2026-02-23 00:00:00-05:00,7.73775426519859,7.73775426519859,7.592564487757402,7.6267266273498535,36736,0.0,0.0
2026-02-24 00:00:00-05:00,7.609645342786328,7.64380748141462,7.507158470785951,7.524239540100098,25648,0.0,0.0
2026-02-25 00:00:00-05:00,7.5754833805397555,7.626726589675302,7.5242397152887,7.601105213165283,16352,0.0,0.0
2026-02-26 00:00:00-05:00,7.575482911745503,7.68651008605957,7.558401843090684,7.68651008605957,23296,0.0,0.0
2026-02-27 00:00:00-05:00,7.6994296486466345,7.716654257621907,7.578856925871293,7.621918678283691,21168,0.066964,0.0
2026-03-02 00:00:00-05:00,7.673592041818025,7.768327155486958,6.9759928907295885,7.578856468200684,47376,0.0,0.0
2026-03-03 00:00:00-05:00,7.475508889003315,7.475508889003315,7.3635486995376205,7.449671745300293,16240,0.0,0.0
2026-03-04 00:00:00-05:00,7.432446776287312,7.449671384605875,7.320486592242449,7.41522216796875,10864,0.0,0.0
2026-03-05 00:00:00-05:00,7.415222120684955,7.46689594531114,7.234363044570689,7.320486545562744,18592,0.0,0.0
2026-03-06 00:00:00-05:00,7.191301363491041,7.268812331152724,7.0104422856309725,7.148239612579346,18480,0.0,0.0
2026-03-09 00:00:00-04:00,6.89848214250518,6.924318825248087,6.657336703915219,6.8812575340271,42112,0.0,0.0
2026-03-10 00:00:00-04:00,6.941543534442473,7.286036606073035,6.941543534442473,7.251587390899658,16800,0.0,0.0
2026-03-11 00:00:00-04:00,7.105177914206495,7.17407680816436,7.0535040886994125,7.062116622924805,10080,0.0,0.0
2026-03-12 00:00:00-04:00,7.208525875798891,7.208525875798891,6.820971042655369,6.958768367767334,11536,0.0,0.0
2026-03-13 00:00:00-04:00,7.001830299294076,7.062116659337388,6.9587685478419345,6.9759931564331055,10416,0.0,0.0
2026-03-16 00:00:00-04:00,7.13101516508063,7.217138668846974,7.070728804433875,7.208526134490967,16464,0.0,0.0
2026-03-17 00:00:00-04:00,7.26881234209957,7.329098701477051,7.242975659472378,7.329098701477051,13328,0.0,0.0
2026-03-18 00:00:00-04:00,7.242975738809092,7.389385141794955,7.242975738809092,7.380773067474365,11424,0.0,0.0
2026-03-19 00:00:00-04:00,7.182689025068372,7.251587456033976,6.889869313619347,7.122402667999268,18816,0.0,0.0
2026-03-20 00:00:00-04:00,7.019054871694692,7.096565839929526,6.975993120464579,7.062116622924805,6720,0.0,0.0
2026-03-23 00:00:00-04:00,7.096565412393162,7.363547977966302,7.062116197463853,7.156851768493652,28896,0.0,0.0
2026-03-24 00:00:00-04:00,7.0362792814297315,7.311873929579095,7.0362792814297315,7.26881217956543,26208,0.0,0.0
2026-03-25 00:00:00-04:00,7.260199959065092,7.449671103364751,7.260199959065092,7.389384746551514,27552,0.0,0.0
2026-03-26 00:00:00-04:00,7.389384565131149,7.449670920464266,7.28603646171032,7.372159957885742,8624,0.0,0.0
2026-03-27 00:00:00-04:00,7.363548937575286,7.363548937575286,7.105178412089734,7.199914455413818,9968,0.0,0.0
2026-03-30 00:00:00-04:00,7.208525936660529,7.423834690167466,7.174076720078786,7.234363079071045,10416,0.0,0.0
2026-03-31 00:00:00-04:00,7.429886084811606,7.594994262260964,7.169187936635425,7.438575744628906,18704,0.066964,0.0
2026-04-01 00:00:00-04:00,7.360366385877346,7.534164684876318,7.360366385877346,7.525475025177002,15904,0.0,0.0
2026-04-02 00:00:00-04:00,7.4038156503139065,7.542854374325187,7.1257382022913465,7.490715026855469,22624,0.0,0.0
2026-04-06 00:00:00-04:00,7.516785121548359,7.594994381593208,7.516785121548359,7.534164905548096,3136,0.0,0.0
2026-04-07 00:00:00-04:00,7.542855029594,7.577614597593472,7.482025553548887,7.534164905548096,12320,0.0,0.0
2026-04-08 00:00:00-04:00,7.803552267432488,7.916522487952086,7.734033595403118,7.899141311645508,74480,0.0,0.0
2026-04-09 00:00:00-04:00,7.86438261800204,7.968662261962891,7.86438261800204,7.968662261962891,32816,0.0,0.0
2026-04-10 00:00:00-04:00,7.986041265248787,8.038182013333426,7.916523052355236,8.029491424560547,11536,0.0,0.0
2026-04-13 00:00:00-04:00,7.933901559366562,8.107699394226074,7.933901559366562,8.107699394226074,25200,0.0,0.0
2026-04-14 00:00:00-04:00,8.116390435065856,8.36839800581425,8.072941205972196,8.342329025268555,58128,0.0,0.0
2026-04-15 00:00:00-04:00,8.17721930396753,8.481366669533887,8.17721930396753,8.463987350463867,17248,0.0,0.0
2026-04-16 00:00:00-04:00,8.472676081814779,8.472676081814779,8.307567909729084,8.463987350463867,14560,0.0,0.0
2026-04-17 00:00:00-04:00,8.46398721710028,8.750753402709961,8.46398721710028,8.750753402709961,22960,0.0,0.0
2026-04-20 00:00:00-04:00,8.646475633564698,8.794203556068585,8.646475633564698,8.750753402709961,9408,0.0,0.0
2026-04-21 00:00:00-04:00,8.72468510883542,8.776823997497559,8.655165043645638,8.776823997497559,11984,0.0,0.0
2026-04-22 00:00:00-04:00,8.68992461214845,8.820274154264192,8.672545291989124,8.776823997497559,12208,0.0,0.0
2026-04-23 00:00:00-04:00,8.759443990292137,8.776823309088318,8.733374083913779,8.750753402709961,9632,0.0,0.0
2026-04-24 00:00:00-04:00,8.742064853060455,8.86372379989681,8.733374265297783,8.828964233398438,24864,0.0,0.0
2026-04-27 00:00:00-04:00,8.776823950664598,8.863724263734165,8.768135218815456,8.811583518981934,6384,0.0,0.0
2026-04-28 00:00:00-04:00,8.811583961188232,8.863724708557129,8.811583961188232,8.863724708557129,19152,0.0,0.0
2026-04-29 00:00:00-04:00,8.863724114105855,8.863724114105855,8.698615007155524,8.768135070800781,9408,0.0,0.0
2026-04-30 00:00:00-04:00,8.807532317002684,8.868817329406738,8.755001104054111,8.868817329406738,15568,0.066964,0.0
2026-05-01 00:00:00-04:00,8.77251149342548,8.938855173171032,8.77251149342548,8.88632583618164,47488,0.0,0.0
2026-05-04 00:00:00-04:00,8.76375676619503,8.886326790897057,8.746247297029068,8.772512435913086,31920,0.0,0.0
2026-05-05 00:00:00-04:00,8.886326781158404,8.903836250305176,8.75500108688224,8.903836250305176,14672,0.0,0.0
2026-05-06 00:00:00-04:00,8.833797446121489,8.921346662200209,8.833797446121489,8.851306915283203,10416,0.0,0.0
2026-05-07 00:00:00-04:00,8.90383623121913,8.90383623121913,8.711227395342137,8.755001068115234,25648,0.0,0.0
2026-05-08 00:00:00-04:00,8.790021898625243,8.86881731521944,8.790021898625243,8.860061645507812,12880,0.0,0.0
2026-05-11 00:00:00-04:00,8.86881731521944,8.912591923237278,8.85130691093126,8.860061645507812,21280,0.0,0.0
2026-05-12 00:00:00-04:00,8.89508246611144,8.973876947677102,8.89508246611144,8.947611808776855,22064,0.0,0.0
2026-05-13 00:00:00-04:00,8.868817321795373,8.965121272479005,8.816286108891882,8.921346664428711,15904,0.0,0.0
2026-05-14 00:00:00-04:00,8.842551238021324,8.921346654587023,8.842551238021324,8.903836250305176,1232,0.0,0.0
2026-05-15 00:00:00-04:00,8.930102325438499,8.93885612487793,8.842551239153133,8.93885612487793,5264,0.0,0.0
2026-05-19 00:00:00-04:00,8.88632680178272,8.982631687718705,8.88632680178272,8.973876953125,20160,0.0,0.0
2026-05-20 00:00:00-04:00,8.982631700545799,9.096446990966797,8.965121296198308,9.096446990966797,24304,0.0,0.0
2026-05-21 00:00:00-04:00,9.096447003611015,9.219017028808594,9.096447003611015,9.219017028808594,28336,0.0,0.0
2026-05-22 00:00:00-04:00,9.22777176342697,9.22777176342697,9.140222546973053,9.219017028808594,16016,0.0,0.0
2026-05-25 00:00:00-04:00,9.245282189003042,9.542953483305046,9.245282189003042,9.402873039245605,13216,0.0,0.0
2026-05-26 00:00:00-04:00,9.455401424090635,9.490421297753441,9.402872081163967,9.411626815795898,5600,0.0,0.0
2026-05-27 00:00:00-04:00,9.297811498701986,9.507931654085674,9.297811498701986,9.367850303649902,8848,0.0,0.0
2026-05-28 00:00:00-04:00,9.315322878600352,9.411627774769578,9.315322878600352,9.402873039245605,4816,0.0,0.0
2026-05-29 00:00:00-04:00,9.513079434853394,9.513079434853394,9.363197614542452,9.468996047973633,6048,0.066964,0.0
2026-06-01 00:00:00-04:00,9.380830032336684,9.477812163178411,9.266215300457132,9.345563888549805,11536,0.0,0.0
2026-06-02 00:00:00-04:00,9.468996165138682,9.468996165138682,9.3631977303984,9.451363563537598,8736,0.0,0.0
2026-06-03 00:00:00-04:00,9.451363446590726,9.486629591067787,9.451363446590726,9.468996047973633,11088,0.0,0.0
2026-06-04 00:00:00-04:00,9.477812000783537,9.610061214857385,9.363197270867818,9.60124397277832,17696,0.0,0.0
2026-06-05 00:00:00-04:00,9.592428102270693,9.65414409103373,9.49544502703342,9.610061645507812,19264,0.0,0.0
2026-06-08 00:00:00-04:00,9.6365109434451,9.786391814766818,9.6365109434451,9.698226928710938,10080,0.0,0.0
2026-06-09 00:00:00-04:00,9.768758576602249,9.768758576602249,9.724676132202148,9.724676132202148,3696,0.0,0.0
2026-06-10 00:00:00-04:00,9.742308617393746,9.918641218030375,9.742308617393746,9.821659088134766,38640,0.0,0.0
2026-06-11 00:00:00-04:00,9.901008134051269,10.103789645379107,9.830474902187394,10.050889015197754,37184,0.0,0.0
2026-06-12 00:00:00-04:00,9.97154011248777,10.183137918042199,9.962723811922112,10.103789329528809,23408,0.0,0.0
2026-06-15 00:00:00-04:00,10.147871622579473,10.350653124541093,10.147871622579473,10.280119895935059,30688,0.0,0.0
2026-06-16 00:00:00-04:00,10.306570322373334,10.52698443768005,10.306570322373334,10.491718292236328,14448,0.0,0.0
2026-06-17 00:00:00-04:00,10.553433583540798,10.756214141845703,10.553433583540798,10.756214141845703,28560,0.0,0.0
2026-06-18 00:00:00-04:00,11.020712450596143,11.443908082925361,11.011896149588408,11.31165885925293,107968,0.0,0.0
2026-06-19 00:00:00-04:00,11.37337431093766,11.399825096130371,11.117695001846696,11.399825096130371,38640,0.0,0.0
2026-06-22 00:00:00-04:00,11.443906680602012,11.60260478785096,11.144143065958904,11.461540222167969,32704,0.0,0.0
2026-06-23 00:00:00-04:00,11.461541443821883,11.752487847837601,11.188226699829102,11.188226699829102,30688,0.0,0.0
2026-06-24 00:00:00-04:00,11.223492131518121,11.24112661555381,11.07361125946045,11.07361125946045,11760,0.0,0.0
2026-06-25 00:00:00-04:00,11.790221807646393,11.790221807646393,11.197748894180704,11.266870498657227,17300,0.0,1.12
2026-06-26 00:00:00-04:00,11.247121810913086,11.32611819894333,11.029881272974297,11.247121810913086,16500,0.0,0.0
2026-06-29 00:00:00-04:00,11.34586751935067,11.34586751935067,10.881763946702216,11.168126106262207,16700,0.0,0.0
2026-06-30 00:00:00-04:00,11.371904719000685,11.381845423037724,11.033929313720803,11.212857246398926,16400,0.075,0.0
2026-07-02 00:00:00-04:00,11.202917540760067,11.471309914983571,11.043869119445056,11.381845474243164,28000,0.0,0.0
2026-07-03 00:00:00-04:00,11.530952612304086,11.530952612304086,11.232738140813904,11.51107120513916,10700,0.0,0.0
2026-07-06 00:00:00-04:00,11.580654560358711,11.580654560358711,11.312262192057377,11.471309661865234,22000,0.0,0.0
2026-07-07 00:00:00-04:00,11.501131359365807,11.620416967259235,11.461369490068,11.580655097961426,55300,0.0,0.0
2026-07-08 00:00:00-04:00,11.511071761802443,11.521012465865628,11.381845452974193,11.501131057739258,8100,0.0,0.0
2026-07-09 00:00:00-04:00,11.511071740733607,11.650238753370322,11.381845432141883,11.620416641235352,66200,0.0,0.0
2026-07-10 00:00:00-04:00,11.431548306802767,11.78940512991045,11.431548306802767,11.699941635131836,28100,0.0,0.0
2026-07-13 00:00:00-04:00,11.630357131673092,11.630357131673092,11.232738457153449,11.471309661865234,26800,0.0,0.0
2026-07-14 00:00:00-04:00,11.580654938062283,11.610477050622178,11.371904890131653,11.600536346435547,14800,0.0,0.0
2026-07-15 00:00:00-04:00,11.600535984152367,11.87886905670166,11.580654576399997,11.87886905670166,29000,0.0,0.0
2026-07-16 00:00:00-04:00,11.928572074387855,12.077678846118609,11.928572074387855,12.057798385620117,23600,0.0,0.0
2026-07-17 00:00:00-04:00,12.027976575300755,12.187024042743133,11.998154464157047,12.137321472167969,27700,0.0,0.0
2026-07-20 00:00:00-04:00,12.008095258281228,12.087618992601156,11.928571523961303,12.06773853302002,7400,0.0,0.0
2026-07-21 00:00:00-04:00,11.839107632150307,12.057798385620117,11.829166927902195,12.057798385620117,11700,0.0,0.0
2026-07-22 00:00:00-04:00,12.047857192774448,12.14726233522876,12.037916488929477,12.117440223693848,5000,0.0,0.0
2026-07-23 00:00:00-04:00,12.077678049844922,12.09755945703038,11.83910685160547,12.03791618347168,66100,0.0,0.0
2026-07-24 00:00:00-04:00,12.117440762304735,12.346072220913063,12.117440762304735,12.226786613464355,39200,0.0,0.0
2026-07-27 00:00:00-04:00,12.405713785587489,12.554821496701317,12.047856985310123,12.49517822265625,19100,0.0,0.0
2026-07-28 00:00:00-04:00,12.385833454205757,12.713869094848633,12.385833454205757,12.713869094848633,13800,0.0,0.0
2026-07-29 00:00:00-04:00,12.713869056165786,12.713869056165786,12.346071549533663,12.4255952835083,13700,0.0,0.0
2026-07-30 00:00:00-04:00,12.356012398522635,12.604524307114016,12.326190286933327,12.52500057220459,7000,0.0,0.0
2026-07-31 00:00:00-04:00,12.5,12.729999542236328,12.5,12.729999542236328,8400,0.075,0.0
2026-08-04 00:00:00-04:00,12.680000305175781,12.819999694824219,12.670000076293945,12.739999771118164,9100,0.0,0.0
2026-08-05 00:00:00-04:00,12.819999694824219,12.869999885559082,12.720000267028809,12.84000015258789,22100,0.0,0.0
2026-08-06 00:00:00-04:00,12.949999809265137,12.960000038146973,12.670000076293945,12.75,32100,0.0,0.0
2026-08-07 00:00:00-04:00,12.710000038146973,12.710000038146973,12.270000457763672,12.579999923706055,26200,0.0,0.0
2026-08-10 00:00:00-04:00,12.4399995803833,12.579999923706055,12.4399995803833,12.479999542236328,17600,0.0,0.0
2026-08-11 00:00:00-04:00,12.300000190734863,12.399999618530273,12.220000267028809,12.380000114440918,14200,0.0,0.0
2026-08-12 00:00:00-04:00,12.380000114440918,12.380000114440918,12.15999984741211,12.319999694824219,14900,0.0,0.0
2026-08-13 00:00:00-04:00,12.319999694824219,12.40999984741211,12.25,12.399999618530273,10400,0.0,0.0
2026-08-14 00:00:00-04:00,12.329999923706055,12.449999809265137,12.130000114440918,12.449999809265137,20100,0.0,0.0
