Date,Open,High,Low,Close,Volume,Dividends,Stock Splits
2016-08-15 00:00:00-04:00,27.110014266001112,27.17097334669447,26.988098218606652,26.99363899230957,562900,0.0,0.0
2016-08-16 00:00:00-04:00,27.093380689705743,27.093380689705743,26.816295590217663,26.844003677368164,491600,0.0,0.0
2016-08-17 00:00:00-04:00,26.871715803389446,26.882797347850207,26.52258796110805,26.799673080444336,631900,0.0,0.0
2016-08-18 00:00:00-04:00,26.794130305385597,26.86063225637623,26.672214289886178,26.77750587463379,582700,0.0,0.0
2016-08-19 00:00:00-04:00,26.583551521703896,26.62234327585253,26.37850697664163,26.561384201049805,521400,0.0,0.0
2016-08-22 00:00:00-04:00,26.478250167935958,26.638960025333247,26.400666682017665,26.58908462524414,618000,0.0,0.0
2016-08-23 00:00:00-04:00,26.794136548831375,26.799679436368024,26.57246966918592,26.600177764892578,588900,0.0,0.0
2016-08-24 00:00:00-04:00,26.605714761137108,26.633424966901853,26.367423480697084,26.572465896606445,486700,0.0,0.0
2016-08-25 00:00:00-04:00,26.566915542480807,26.611250168049395,26.494874946918806,26.539207458496094,441300,0.0,0.0
2016-08-26 00:00:00-04:00,26.63342412525695,26.777507466317715,26.190086214933736,26.239961624145508,608800,0.0,0.0
2016-08-29 00:00:00-04:00,26.228881169722698,26.555839615495483,26.228881169722698,26.500423431396484,622400,0.0,0.0
2016-08-30 00:00:00-04:00,26.422834801513506,26.517042719002006,26.223333195077256,26.25658416748047,516900,0.0,0.0
2016-08-31 00:00:00-04:00,26.184544421413765,26.201168852505557,25.78554116327677,25.879751205444336,891300,0.0,0.0
2016-09-01 00:00:00-04:00,25.835422040586174,26.068174695109896,25.82433837951436,25.985048294067383,677100,0.0,0.0
2016-09-02 00:00:00-04:00,26.19009137413847,26.406219599292612,26.145758842768146,26.384052276611328,773100,0.0,0.0
2016-09-06 00:00:00-04:00,26.699926588393875,26.794134529494983,26.48380049858119,26.638967514038086,758300,0.0,0.0
2016-09-07 00:00:00-04:00,26.68330066449054,26.711008756561206,26.372964536920108,26.456090927124023,614700,0.0,0.0
2016-09-08 00:00:00-04:00,26.472715491360727,26.54475822229665,26.372964668216195,26.45054817199707,985000,0.0,0.0
2016-09-09 00:00:00-04:00,26.195633947101534,26.23442570433163,25.885297775268555,25.885297775268555,986800,0.0,0.0
2016-09-12 00:00:00-04:00,25.70241841332607,26.14575421858131,25.68025109456534,26.03491973876953,1137200,0.0,0.0
2016-09-13 00:00:00-04:00,25.666728189835265,25.666728189835265,25.30806682194435,25.481794357299805,1295500,0.523,0.0
2016-09-14 00:00:00-04:00,25.336094590810763,25.77321513720999,25.336094590810763,25.543447494506836,865700,0.0,0.0
2016-09-15 00:00:00-04:00,25.487404323940957,25.812442611661,25.487404323940957,25.750797271728516,572000,0.0,0.0
2016-09-16 00:00:00-04:00,25.610686247085226,25.63310311535797,25.296856504637528,25.442564010620117,668400,0.0,0.0
2016-09-19 00:00:00-04:00,25.593879766750195,25.655525103042795,25.420154332970135,25.476194381713867,570200,0.0,0.0
2016-09-20 00:00:00-04:00,25.49860865057381,25.711564662061075,25.369714841402487,25.588274002075195,654600,0.0,0.0
2016-09-21 00:00:00-04:00,25.694752263427617,25.902105136417987,25.543443711924304,25.879688262939453,560200,0.0,0.0
2016-09-22 00:00:00-04:00,26.148683528816516,26.288785777071595,26.087038197537776,26.187911987304688,775100,0.0,0.0
2016-09-23 00:00:00-04:00,25.99736856428521,26.02538858176523,25.78441258341451,25.80682945251465,774300,0.0,0.0
2016-09-26 00:00:00-04:00,25.750801977709475,25.840467360054713,25.63311656421723,25.70036506652832,511100,0.0,0.0
2016-09-27 00:00:00-04:00,25.61629396875888,25.83485312896382,25.565857075035385,25.70595932006836,499100,0.0,0.0
2016-09-28 00:00:00-04:00,25.75080077691813,25.935734684097778,25.62751008027087,25.885297775268555,710000,0.0,0.0
2016-09-29 00:00:00-04:00,25.969350814819336,26.120661487774417,25.89649705277641,25.969350814819336,595900,0.0,0.0
2016-09-30 00:00:00-04:00,26.092644285404095,26.17110120478825,25.874082975674458,25.879688262939453,568900,0.0,0.0
2016-10-03 00:00:00-04:00,25.857271604778177,25.896500064796914,25.638712431019282,25.862876892089844,637300,0.0,0.0
2016-10-04 00:00:00-04:00,25.78441993989814,25.91891905508224,25.420155333149907,25.565860748291016,753500,0.0,0.0
2016-10-05 00:00:00-04:00,25.605087560149666,25.689149768942123,25.414548406305435,25.470590591430664,642500,0.0,0.0
2016-10-06 00:00:00-04:00,25.375314257490878,25.481793316465115,25.302462639844638,25.43135643005371,492400,0.0,0.0
2016-10-07 00:00:00-04:00,25.358509869943276,25.44817523369553,24.938203076518803,25.089513778686523,1095300,0.0,0.0
2016-10-10 00:00:00-04:00,25.195985304696304,25.386524428865403,25.16236213664851,25.33048439025879,392300,0.0,0.0
2016-10-11 00:00:00-04:00,25.26883717469734,25.414542546848242,25.184774985285866,25.2912540435791,606000,0.0,0.0
2016-10-12 00:00:00-04:00,25.24082443741693,25.599485891808712,25.190387536781152,25.504215240478516,758600,0.0,0.0
2016-10-13 00:00:00-04:00,25.36970727059779,25.705951703938567,25.246416647404185,25.62749481201172,640600,0.0,0.0
2016-10-14 00:00:00-04:00,25.773208436624166,25.862873782714185,25.7003546748665,25.711563110351562,591800,0.0,0.0
2016-10-17 00:00:00-04:00,25.672337629500483,25.795626158539683,25.61069229608552,25.68354606628418,664100,0.0,0.0
2016-10-18 00:00:00-04:00,25.829252860896105,25.96375197175823,25.68354745043707,25.87408447265625,606900,0.0,0.0
2016-10-19 00:00:00-04:00,25.902106635021042,26.002980433719927,25.79562754873286,25.87408447265625,637600,0.0,0.0
2016-10-20 00:00:00-04:00,25.762002574291348,25.851667929337296,25.588275013606395,25.677940368652344,699500,0.0,0.0
2016-10-21 00:00:00-04:00,25.470588629065368,25.60508558742214,25.425754884419373,25.588274002075195,632500,0.0,0.0
2016-10-24 00:00:00-04:00,25.57146496294275,25.610693424518768,25.45938272795806,25.59387969970703,640700,0.0,0.0
2016-10-25 00:00:00-04:00,25.67233480124764,25.67233480124764,25.408941910324902,25.4145450592041,666300,0.0,0.0
2016-10-26 00:00:00-04:00,25.380929975590696,25.588280754821767,25.308076190210144,25.34170150756836,676700,0.0,0.0
2016-10-27 00:00:00-04:00,25.414549135148505,25.420154422717165,25.257635287879406,25.31928062438965,791100,0.0,0.0
2016-10-28 00:00:00-04:00,25.268848359827096,25.44817911468051,25.229619890814863,25.347305297851562,682500,0.0,0.0
2016-10-31 00:00:00-04:00,25.29125567851325,25.521023254928778,25.268838808182362,25.464981079101562,711900,0.0,0.0
2016-11-01 00:00:00-04:00,25.515418274197135,25.532231996041983,25.14554846046712,25.212799072265625,764400,0.0,0.0
2016-11-02 00:00:00-04:00,25.173567914429707,25.28565012711944,25.022259385757526,25.06709098815918,1018300,0.0,0.0
2016-11-03 00:00:00-04:00,25.08951046455539,25.162364231040325,24.910179760739087,24.95501136779785,821500,0.0,0.0
2016-11-04 00:00:00-04:00,24.882162392659513,24.94380559171542,24.680414794903168,24.764474868774414,847700,0.0,0.0
2016-11-07 00:00:00-05:00,24.943808813990472,25.03347418704407,24.831728701016818,25.01666259765625,565100,0.0,0.0
2016-11-08 00:00:00-05:00,25.011059799632843,25.156765231226856,24.932602864329052,25.100725173950195,769400,0.0,0.0
2016-11-09 00:00:00-05:00,24.68040780096918,24.882155341554306,24.60195089913946,24.792490005493164,1337800,0.0,0.0
2016-11-10 00:00:00-05:00,24.60196141059417,24.607564561208772,23.929470033911265,23.968698501586914,1691300,0.0,0.0
2016-11-11 00:00:00-05:00,23.957481241183626,24.080771887219477,23.738922105240338,23.77815055847168,1424900,0.0,0.0
2016-11-14 00:00:00-05:00,23.80617195830948,23.82298354272983,23.44190742319543,23.553987503051758,1540600,0.0,0.0
2016-11-15 00:00:00-05:00,23.671668102563615,24.12559785183,23.671668102563615,24.114389419555664,1073100,0.0,0.0
2016-11-16 00:00:00-05:00,24.08638186219506,24.176047228963476,23.895842690588303,24.164838790893555,895500,0.0,0.0
2016-11-17 00:00:00-05:00,24.220871814769286,24.4002024804378,24.15362121180097,24.248891830444336,1999500,0.0,0.0
2016-11-18 00:00:00-05:00,24.22648172952917,24.304938650449312,24.120004785107653,24.260107040405273,721200,0.0,0.0
2016-11-21 00:00:00-05:00,24.484265115683332,24.495473550696225,24.17604063509519,24.215269088745117,1125400,0.0,0.0
2016-11-22 00:00:00-05:00,24.288132754809062,24.299341194393993,24.0135313294565,24.041553497314453,1106300,0.0,0.0
2016-11-23 00:00:00-05:00,23.890236889969447,24.125607649951945,23.86221686679878,24.01913070678711,727800,0.0,0.0
2016-11-25 00:00:00-05:00,24.030342216963,24.181652926785304,24.030342216963,24.17044448852539,479700,0.0,0.0
2016-11-28 00:00:00-05:00,24.282526464136083,24.31054649057973,24.176047370742854,24.26571273803711,746700,0.0,0.0
2016-11-29 00:00:00-05:00,24.25449809150666,24.422622482715905,24.198458052963876,24.400205612182617,715700,0.0,0.0
2016-11-30 00:00:00-05:00,24.4618546943061,24.517894741455983,24.14242172241211,24.14242172241211,776100,0.0,0.0
2016-12-01 00:00:00-05:00,24.27131348008985,24.27131348008985,23.968692120479776,24.002317428588867,918000,0.0,0.0
2016-12-02 00:00:00-05:00,24.120005659378894,24.299336381636735,24.03034029824997,24.209671020507812,964100,0.0,0.0
2016-12-05 00:00:00-05:00,24.299332290532252,24.43943452732011,24.22087537997753,24.34416389465332,873200,0.0,0.0
2016-12-06 00:00:00-05:00,24.29372700389807,24.355372330131203,24.17604163806599,24.34416389465332,1102000,0.0,0.0
2016-12-07 00:00:00-05:00,24.299329849419387,24.708428083207025,24.254496112011847,24.674802780151367,846700,0.0,0.0
2016-12-08 00:00:00-05:00,24.691623232310835,24.809308618405087,24.573935708425736,24.764474868774414,800900,0.0,0.0
2016-12-09 00:00:00-05:00,24.758873791650682,24.876559187596946,24.68602001129732,24.826122283935547,734600,0.0,0.0
2016-12-12 00:00:00-05:00,24.94381020743054,25.139954691673935,24.9382070565853,25.111934661865234,992800,0.0,0.0
2016-12-13 00:00:00-05:00,25.179964624298247,25.24800265335012,25.055226435294855,25.066566467285156,959700,0.52,0.0
2016-12-14 00:00:00-05:00,25.123260153458187,25.134600182526384,24.408853462387484,24.43720245361328,1273500,0.0,0.0
2016-12-15 00:00:00-05:00,24.28979983974907,24.539274128601985,24.26711976906501,24.380517959594727,886600,0.0,0.0
2016-12-16 00:00:00-05:00,24.420202748518626,24.567621019398228,24.19340640696087,24.335153579711914,1198600,0.0,0.0
2016-12-19 00:00:00-05:00,24.352159130755922,24.459886178719906,24.244429919902228,24.27845001220703,804800,0.0,0.0
2016-12-20 00:00:00-05:00,24.227421869411494,24.420198073967008,24.227421869411494,24.34648895263672,818500,0.0,0.0
2016-12-21 00:00:00-05:00,24.340819027139517,24.454217171593108,24.278449939545556,24.306798934936523,601600,0.0,0.0
2016-12-22 00:00:00-05:00,24.19341104057094,24.43154746110436,24.11970405390472,24.425878524780273,760900,0.0,0.0
2016-12-23 00:00:00-05:00,24.340816358695484,24.465554520208567,24.312467366412367,24.39751434326172,575200,0.0,0.0
2016-12-27 00:00:00-05:00,24.41453908596663,24.522266181882234,24.221762802876672,24.312480926513672,457500,0.0,0.0
2016-12-28 00:00:00-05:00,24.357834654430047,24.386183657575362,24.25577651279467,24.26711654663086,665700,0.0,0.0
2016-12-29 00:00:00-05:00,24.31813933580831,24.527924500362207,24.312470401799715,24.488235473632812,537600,0.0,0.0
2016-12-30 00:00:00-05:00,24.584628150634522,24.62998611782205,24.4145319886237,24.516590118408203,657700,0.0,0.0
2017-01-03 00:00:00-05:00,24.510921120132693,24.743386399466463,24.499581086641992,24.64699935913086,1015800,0.0,0.0
2017-01-04 00:00:00-05:00,24.845440637373862,25.004196755539226,24.743382514870447,24.99285888671875,781000,0.0,0.0
2017-01-05 00:00:00-05:00,25.089246117666868,25.333051394214372,24.992859091673157,25.230993270874023,1073200,0.0,0.0
2017-01-06 00:00:00-05:00,25.248008334038666,25.293368472205707,25.04956313678394,25.094921112060547,928100,0.0,0.0
2017-01-09 00:00:00-05:00,24.879464967765596,24.941834071344836,24.749057825231844,24.82843589782715,1133600,0.0,0.0
2017-01-10 00:00:00-05:00,24.896468419996115,24.981517572010983,24.805750333862154,24.851110458374023,688500,0.0,0.0
2017-01-11 00:00:00-05:00,24.834098563104835,24.975845703491153,24.471226229778217,24.94182777404785,958900,0.0,0.0
2017-01-12 00:00:00-05:00,25.094922172010513,25.21966039434809,24.919157036415406,25.10626220703125,945300,0.0,0.0
2017-01-13 00:00:00-05:00,25.10625996329737,25.248007144052917,25.049561956151283,25.134611129760742,650100,0.0,0.0
2017-01-17 00:00:00-05:00,25.299029754002255,25.41242790222168,25.219651699115595,25.41242790222168,1085400,0.0,0.0
2017-01-18 00:00:00-05:00,25.327386908780436,25.389756018535916,24.82276725769043,24.82276725769043,1100900,0.0,0.0
2017-01-19 00:00:00-05:00,24.822757870575256,24.879458022952036,24.686681830650294,24.87378692626953,796700,0.0,0.0
2017-01-20 00:00:00-05:00,24.868121314679712,25.10058656325607,24.845441250699103,25.066566467285156,697300,0.0,0.0
2017-01-23 00:00:00-05:00,25.026874142555688,25.11192328984324,24.947496091961792,25.083574295043945,791700,0.0,0.0
2017-01-24 00:00:00-05:00,25.07791694529251,25.367082474270102,25.021218924613805,25.31605339050293,734200,0.0,0.0
2017-01-25 00:00:00-05:00,25.44078946857425,25.463469542002066,25.276364343449668,25.31605339050293,751700,0.0,0.0
2017-01-26 00:00:00-05:00,25.208312871490914,25.38974905214814,25.17429493942386,25.3670711517334,789700,0.0,0.0
2017-01-27 00:00:00-05:00,25.350061557867747,25.452119686028738,25.259343462045752,25.401090621948242,709200,0.0,0.0
2017-01-30 00:00:00-05:00,25.372741546043695,25.440779576982543,25.21965435426378,25.429439544677734,1036900,0.0,0.0
2017-01-31 00:00:00-05:00,25.542840032754164,25.622218103232164,25.401092860360535,25.582529067993164,1154000,0.0,0.0
2017-02-01 00:00:00-05:00,25.452118144790916,25.520156171814907,25.128934812814613,25.3670711517334,1350900,0.0,0.0
2017-02-02 00:00:00-05:00,25.29336122816205,25.29336122816205,24.987186871894455,25.032546997070312,1450800,0.0,0.0
2017-02-03 00:00:00-05:00,25.089250590797544,25.140279661565625,24.913483310842974,24.981523513793945,1025000,0.0,0.0
2017-02-06 00:00:00-05:00,24.930482705801317,24.958831695572425,24.79440452685502,24.879453659057617,790100,0.0,0.0
2017-02-07 00:00:00-05:00,24.74905204840381,24.907808156538184,24.703691924428416,24.856779098510742,828400,0.0,0.0
2017-02-08 00:00:00-05:00,24.964508342262373,25.094915465815944,24.811421154728194,25.066566467285156,956300,0.0,0.0
2017-02-09 00:00:00-05:00,25.202640453098592,25.265009537119468,25.094911248739045,25.123262405395508,870400,0.0,0.0
2017-02-10 00:00:00-05:00,25.19130910901089,25.316047320062548,25.151620071474515,25.242338180541992,608200,0.0,0.0
2017-02-13 00:00:00-05:00,25.24800337717144,25.31604357106387,25.1289362821947,25.213985443115234,949200,0.0,0.0
2017-02-14 00:00:00-05:00,25.22533022103528,25.230999156814466,25.026882862517095,25.174301147460938,898000,0.0,0.0
2017-02-15 00:00:00-05:00,25.100589433327126,25.440781780374984,25.100589433327126,25.42377281188965,1329800,0.0,0.0
2017-02-16 00:00:00-05:00,25.469128653092234,25.47479975070674,25.270683494384752,25.401090621948242,871000,0.0,0.0
2017-02-17 00:00:00-05:00,25.361402573089144,25.452120672426922,25.270684473751366,25.440780639648438,762700,0.0,0.0
2017-02-21 00:00:00-05:00,25.316041029088943,25.45778817446371,25.27635200141519,25.355730056762695,952700,0.0,0.0
2017-02-22 00:00:00-05:00,25.28769099910984,25.469127180261722,25.270682033029942,25.446449279785156,927200,0.0,0.0
2017-02-23 00:00:00-05:00,25.53149767253101,25.58252673645765,25.412430577665525,25.429439544677734,835900,0.0,0.0
2017-02-24 00:00:00-05:00,25.446455485560627,25.4634644557886,25.134612108335382,25.174301147460938,987300,0.0,0.0
2017-02-27 00:00:00-05:00,25.21965386482865,25.21965386482865,24.958839615549653,25.19697380065918,1456900,0.0,0.0
2017-02-28 00:00:00-05:00,25.072235917690133,25.168622938940977,24.726372534821003,24.74338150024414,1331500,0.0,0.0
2017-03-01 00:00:00-05:00,24.817099247421,24.817099247421,24.442886737820633,24.59597396850586,1268400,0.0,0.0
2017-03-02 00:00:00-05:00,24.55627610104042,24.629983058927454,24.46555801504195,24.53359603881836,847700,0.0,0.0
2017-03-03 00:00:00-05:00,24.54494247937472,24.595971551254742,24.465564403759203,24.578960418701172,923100,0.0,0.0
2017-03-06 00:00:00-05:00,24.51659255202778,24.658339728255555,24.48257245109262,24.618648529052734,889400,0.0,0.0
2017-03-07 00:00:00-05:00,24.6413277708424,24.6413277708424,24.5109206326284,24.522260665893555,840300,0.0,0.0
2017-03-08 00:00:00-05:00,24.49390619771841,24.51091516237505,24.284121036357572,24.306798934936523,874200,0.0,0.0
2017-03-09 00:00:00-05:00,24.295461383415283,24.516588760964943,24.28979244891449,24.51091766357422,1112400,0.0,0.0
2017-03-10 00:00:00-05:00,24.652671730461485,24.715040841908074,24.550613577710795,24.681020736694336,1287100,0.0,0.0
2017-03-13 00:00:00-04:00,24.694216595529397,24.694216595529397,24.556451524207088,24.659774780273438,1117000,0.533,0.0
2017-03-14 00:00:00-04:00,24.527756860900105,24.527756860900105,24.36129133266011,24.384252548217773,762400,0.0,0.0
2017-03-15 00:00:00-04:00,24.458871540272444,24.866423198382698,24.424429722376566,24.837722778320312,1432300,0.0,0.0
2017-03-16 00:00:00-04:00,24.866422929311636,24.941045772427717,24.740138454761595,24.757360458374023,910800,0.0,0.0
2017-03-17 00:00:00-04:00,24.820501063674218,25.176391062540386,24.820501063674218,25.118988037109375,1319000,0.0,0.0
2017-03-20 00:00:00-04:00,25.06731674251077,25.22230156685633,24.65402606728996,24.745868682861328,1470500,0.0,0.0
2017-03-21 00:00:00-04:00,24.97548566383472,25.04436929960809,24.87790379770832,24.9295654296875,1084600,0.0,0.0
2017-03-22 00:00:00-04:00,24.88364110356902,25.325634545668294,24.86068208310139,25.296934127807617,1441900,0.0,0.0
2017-03-23 00:00:00-04:00,25.24527222240021,25.405996312415287,25.187871387309542,25.302675247192383,1050200,0.0,0.0
2017-03-24 00:00:00-04:00,25.24526923103628,25.41173469865648,25.210827420242058,25.268230438232422,809700,0.0,0.0
2017-03-27 00:00:00-04:00,25.291194646638615,25.354334689368752,25.205091204286116,25.308414459228516,914200,0.0,0.0
2017-03-28 00:00:00-04:00,25.245275226257718,25.371559706125193,25.199354990661575,25.262495040893555,787400,0.0,0.0
2017-03-29 00:00:00-04:00,25.228057022385844,25.37156132605163,25.14195356430561,25.36008071899414,744200,0.0,0.0
2017-03-30 00:00:00-04:00,25.405998503200927,25.4519209269946,25.262494213398227,25.291196823120117,904200,0.0,0.0
2017-03-31 00:00:00-04:00,25.38877813796686,25.463400980160756,25.29119627407623,25.411739349365234,794300,0.0,0.0
2017-04-03 00:00:00-04:00,25.31989153402008,25.440434584745937,25.14768686302583,25.38877296447754,1137300,0.0,0.0
2017-04-04 00:00:00-04:00,25.233798087759148,25.578209755719886,25.187877845852285,25.54950714111328,1073700,0.0,0.0
2017-04-05 00:00:00-04:00,25.56672614928681,25.6470882054753,25.457661481858032,25.503583908081055,1034200,0.0,0.0
2017-04-06 00:00:00-04:00,25.61264310485628,25.64708492011159,25.503580641100086,25.57246208190918,1250700,0.0,0.0
2017-04-07 00:00:00-04:00,25.71596012455916,25.899645381972363,25.578197276349755,25.865205764770508,1315400,0.0,0.0
2017-04-10 00:00:00-04:00,25.911124933108646,26.083329581234885,25.796321104457515,26.008708953857422,786000,0.0,0.0
2017-04-11 00:00:00-04:00,25.980025088673266,26.13501004065715,25.83078153659757,26.112051010131836,1056300,0.0,0.0
2017-04-12 00:00:00-04:00,26.186659679643103,26.358864372957257,26.100558427836766,26.330163955688477,797300,0.0,0.0
2017-04-13 00:00:00-04:00,26.335909452207606,26.399051693848037,26.198144362291945,26.221105575561523,713200,0.0,0.0
2017-04-17 00:00:00-04:00,26.353122988595693,26.576989290382706,26.27276095100049,26.427745819091797,881400,0.0,0.0
2017-04-18 00:00:00-04:00,26.33017191291852,26.3703529471782,26.014462848148696,26.135005950927734,1326900,0.0,0.0
2017-04-19 00:00:00-04:00,26.03741837086369,26.146480841475352,25.888172685077564,25.945575714111328,671100,0.0,0.0
2017-04-20 00:00:00-04:00,25.911127122224183,26.157954608282147,25.830765092289237,26.089073181152344,739400,0.0,0.0
2017-04-21 00:00:00-04:00,25.934098081988047,26.08334159518523,25.92835668357551,26.07760238647461,611200,0.0,0.0
2017-04-24 00:00:00-04:00,26.175180162807923,26.249803002569745,26.071856904584344,26.094818115234375,745000,0.0,0.0
2017-04-25 00:00:00-04:00,25.98001425168578,26.12351853369613,25.905393601625523,26.094818115234375,1000300,0.0,0.0
2017-04-26 00:00:00-04:00,25.8939074037068,26.582728246524553,25.83076518290752,26.54828643798828,4841400,0.0,0.0
2017-04-27 00:00:00-04:00,26.318690472101057,26.41053314603265,25.951319776374685,26.175186157226562,3787600,0.0,0.0
2017-04-28 00:00:00-04:00,25.985754292890995,26.17517879661297,25.870950435334503,26.157958984375,3084600,0.0,0.0
2017-05-01 00:00:00-04:00,26.14647670412263,26.14647670412263,25.727444512140224,25.773366928100586,881500,0.0,0.0
2017-05-02 00:00:00-04:00,25.733185397065164,26.054633543587755,25.69300218904857,25.991491317749023,775700,0.0,0.0
2017-05-03 00:00:00-04:00,25.962803197255113,26.0029842345972,25.750417401346617,25.859479904174805,1434300,0.0,0.0
2017-05-04 00:00:00-04:00,25.80780955312113,25.836509971585006,25.56098201286895,25.721708297729492,1825200,0.0,0.0
2017-05-05 00:00:00-04:00,25.715962602925146,26.134994773639388,25.693001396110372,26.117774963378906,796000,0.0,0.0
2017-05-08 00:00:00-04:00,26.03742813924275,26.152232050679235,25.957066058147955,26.112051010131836,842500,0.0,0.0
2017-05-09 00:00:00-04:00,26.094816738802404,26.1120387407323,25.77336856546375,25.876691818237305,1123700,0.0,0.0
2017-05-10 00:00:00-04:00,25.96854129994598,26.0546425734473,25.870957229002048,25.92835807800293,644600,0.0,0.0
2017-05-11 00:00:00-04:00,25.75614438191134,25.853728418910237,25.624120723372698,25.71596336364746,862600,0.0,0.0
2017-05-12 00:00:00-04:00,25.715971818217252,25.836514912639515,25.612648540226175,25.675790786743164,711900,0.0,0.0
2017-05-15 00:00:00-04:00,25.853736085847775,25.859475294572608,25.658570143674694,25.71023178100586,840400,0.0,0.0
2017-05-16 00:00:00-04:00,25.721706115908223,25.888169404759243,25.624122073766635,25.647083282470703,629700,0.0,0.0
2017-05-17 00:00:00-04:00,25.520801823008824,25.54950224241053,25.314155299793914,25.417478561401367,1074100,0.0,0.0
2017-05-18 00:00:00-04:00,25.469138555077866,25.566722602413044,25.291194652404332,25.405996322631836,1007100,0.0,0.0
2017-05-19 00:00:00-04:00,25.480627003484372,25.675792968529194,25.440445968595924,25.658573150634766,716000,0.0,0.0
2017-05-22 00:00:00-04:00,25.727445884098636,25.96279280419248,25.67578425823894,25.89965057373047,572200,0.0,0.0
2017-05-23 00:00:00-04:00,25.911137766677957,26.025941652190486,25.64709036279053,25.675790786743164,826300,0.0,0.0
2017-05-24 00:00:00-04:00,25.681526999473675,25.93983295258956,25.65856578906734,25.916873931884766,663100,0.0,0.0
2017-05-25 00:00:00-04:00,25.957062599067346,26.002982843701044,25.8078168771779,25.92262077331543,552400,0.0,0.0
2017-05-26 00:00:00-04:00,25.945581990483372,25.945581990483372,25.842258702929815,25.92262077331543,614300,0.0,0.0
2017-05-30 00:00:00-04:00,25.773371006413356,25.997237345390886,25.773371006413356,25.945575714111328,659300,0.0,0.0
2017-05-31 00:00:00-04:00,25.962795796318677,26.10056087772197,25.911134164505153,26.025938034057617,667800,0.0,0.0
2017-06-01 00:00:00-04:00,25.97427449828457,26.129259382364484,25.934093475341797,25.934093475341797,573800,0.0,0.0
2017-06-02 00:00:00-04:00,25.985752105712887,26.048894331539454,25.916870672857215,25.98575210571289,683500,0.0,0.0
2017-06-05 00:00:00-04:00,25.9513102994337,26.03167233606435,25.78484482944092,25.991491317749023,713600,0.0,0.0
2017-06-06 00:00:00-04:00,25.968532577194722,26.123515255379292,25.922610161657595,26.06611442565918,747900,0.0,0.0
2017-06-07 00:00:00-04:00,26.10055120862812,26.10055120862812,25.64133590053711,25.664297103881836,790600,0.0,0.0
2017-06-08 00:00:00-04:00,25.721705038033296,25.796325678642436,25.572459377412432,25.790586471557617,775800,0.0,0.0
2017-06-09 00:00:00-04:00,25.876692639225677,26.0259361259106,25.738927567922925,25.84225082397461,914100,0.0,0.0
2017-06-12 00:00:00-04:00,25.84225109181273,26.14647946572831,25.830770486610053,26.10055923461914,1178400,0.0,0.0
2017-06-13 00:00:00-04:00,26.210350695157484,26.256824012928693,26.06512490107709,26.09416961669922,884800,0.539,0.0
2017-06-14 00:00:00-04:00,26.251017372233548,26.291680422924493,25.98961267949749,26.0593204498291,1088800,0.0,0.0
2017-06-15 00:00:00-04:00,25.983805556352635,26.02446861197371,25.728208890167274,25.966379165649414,1056600,0.0,0.0
2017-06-16 00:00:00-04:00,25.954759193813253,26.274255560357233,25.890859477310418,26.13484001159668,1187800,0.0,0.0
2017-06-19 00:00:00-04:00,26.216158793264352,26.41366594546949,26.129022437656072,26.23939323425293,979900,0.0,0.0
2017-06-20 00:00:00-04:00,26.12901892936058,26.15225558319879,25.97798511135078,26.018648147583008,1383400,0.0,0.0
2017-06-21 00:00:00-04:00,25.977989261401643,26.181304475042907,25.728200732659733,25.7340087890625,1516800,0.0,0.0
2017-06-22 00:00:00-04:00,25.914092060750484,26.08836257724848,25.832765967449408,25.8618106842041,1121800,0.0,0.0
2017-06-23 00:00:00-04:00,25.763060731789185,26.007041272586036,25.7282079516541,25.91409683227539,628100,0.0,0.0
2017-06-26 00:00:00-04:00,25.98961067199707,26.14645258913583,25.902474303835632,25.98961067199707,793200,0.0,0.0
2017-06-27 00:00:00-04:00,26.018652450749865,26.13483352318656,25.92570803599444,26.012842178344727,868500,0.0,0.0
2017-06-28 00:00:00-04:00,26.163881024756673,26.402051251439786,26.070936600099113,26.309106826782227,583600,0.0,0.0
2017-06-29 00:00:00-04:00,26.280060682230484,26.35557649968399,25.95475410561236,26.198732376098633,871100,0.0,0.0
2017-06-30 00:00:00-04:00,26.181307689197165,26.291678502156458,26.001226895028935,26.163881301879883,771800,0.0,0.0
2017-07-03 00:00:00-04:00,26.20454788208008,26.303300378150123,26.146456223241643,26.204547882080078,287200,0.0,0.0
2017-07-05 00:00:00-04:00,26.262639618379676,26.291684342350177,25.937335164357442,26.23359489440918,928000,0.0,0.0
2017-07-06 00:00:00-04:00,26.11160334814652,26.332347218982623,26.082558626818923,26.13484001159668,868300,0.0,0.0
2017-07-07 00:00:00-04:00,26.210345159964977,26.22777375843343,26.018648304566348,26.19291877746582,546400,0.0,0.0
2017-07-10 00:00:00-04:00,26.163875674025125,26.256820079674775,26.09997597964672,26.12902069091797,415800,0.0,0.0
2017-07-11 00:00:00-04:00,26.08254783765344,26.105782275522373,25.86761211360393,26.018648147583008,572700,0.0,0.0
2017-07-12 00:00:00-04:00,26.018647535949015,26.582121974479378,25.983792556011057,26.419469833374023,998800,0.0,0.0
2017-07-13 00:00:00-04:00,26.477570249184023,26.477570249184023,26.25101612839339,26.36138916015625,582700,0.0,0.0
2017-07-14 00:00:00-04:00,26.454323119273063,26.750582673882032,26.425278412502628,26.698301315307617,754700,0.0,0.0
2017-07-17 00:00:00-04:00,26.692500497826117,26.826107957972116,26.611174410430266,26.66926383972168,1103800,0.0,0.0
2017-07-18 00:00:00-04:00,26.82610949354034,26.84353588013134,26.64022065000363,26.744783401489258,527500,0.0,0.0
2017-07-19 00:00:00-04:00,26.878392992472165,26.994574082852488,26.849348273869584,26.884201049804688,443700,0.0,0.0
2017-07-20 00:00:00-04:00,26.953910546182414,27.226933555273355,26.948100272984977,27.099136352539062,604300,0.0,0.0
2017-07-21 00:00:00-04:00,27.08751003828662,27.128173074803783,26.860958201699784,27.11074447631836,595900,0.0,0.0
2017-07-24 00:00:00-04:00,27.122372992939354,27.13399132430477,26.919057733969918,27.058475494384766,548600,0.0,0.0
2017-07-25 00:00:00-04:00,27.006194216337864,27.081710046551787,26.91324978102292,27.02362060546875,451400,0.0,0.0
2017-07-26 00:00:00-04:00,27.04685564147334,27.32568893064688,26.953911211748824,27.192081451416016,722400,0.0,0.0
2017-07-27 00:00:00-04:00,27.157229298705044,27.37216289942099,27.139802908800306,27.348928451538086,731300,0.0,0.0
2017-07-28 00:00:00-04:00,27.4767222257193,27.4767222257193,27.192080885102907,27.273406982421875,713000,0.0,0.0
2017-07-31 00:00:00-04:00,27.250165271536755,27.377964667051582,27.18045751760573,27.261783599853516,689000,0.0,0.0
2017-08-01 00:00:00-04:00,27.250167289415554,27.482529441018137,27.017805137812967,27.331493377685547,647700,0.0,0.0
2017-08-02 00:00:00-04:00,27.267600042049754,27.575480297207193,27.232747262350205,27.4244441986084,688500,0.0,0.0
2017-08-03 00:00:00-04:00,27.389584898342935,27.45348238457028,27.110749431306814,27.157222747802734,1068400,0.0,0.0
2017-08-04 00:00:00-04:00,27.087512515777412,27.186264980360008,27.000376163288482,27.133983612060547,656300,0.0,0.0
2017-08-07 00:00:00-04:00,27.163030540541204,27.302448272705078,27.13398582599822,27.302448272705078,384700,0.0,0.0
2017-08-08 00:00:00-04:00,27.046854616102483,27.325687894705197,27.04104434298185,27.215314865112305,760300,0.0,0.0
2017-08-09 00:00:00-04:00,27.087516986720896,27.16884308061682,26.982954232863317,27.017807006835938,824200,0.0,0.0
2017-08-10 00:00:00-04:00,27.000376947625018,27.035231932826996,26.744780370719194,26.80286979675293,862900,0.0,0.0
2017-08-11 00:00:00-04:00,26.80286836780762,26.98875718036873,26.709923961527064,26.860960006713867,614300,0.0,0.0
2017-08-14 00:00:00-04:00,26.924854316210222,27.058463961982575,26.843528247283874,27.029417037963867,614400,0.0,0.0
2017-08-15 00:00:00-04:00,26.959720785763807,27.122372992939354,26.90163134490686,27.058475494384766,976000,0.0,0.0
2017-08-16 00:00:00-04:00,27.099128429492257,27.39538801281482,27.099128429492257,27.319869995117188,761400,0.0,0.0
2017-08-17 00:00:00-04:00,27.285025207397982,27.3489249167501,27.099136352539066,27.099136352539062,740100,0.0,0.0
2017-08-18 00:00:00-04:00,27.273399322519506,27.279207378138224,27.075892191943122,27.16883659362793,723700,0.0,0.0
2017-08-21 00:00:00-04:00,27.157222371945835,27.261785116644802,27.006188527363804,27.23274040222168,732700,0.0,0.0
2017-08-22 00:00:00-04:00,27.2792119915737,27.35473002320456,27.209504232513513,27.226930618286133,561300,0.0,0.0
2017-08-23 00:00:00-04:00,27.12237345773294,27.424443430499878,27.075902347445037,27.36635398864746,693000,0.0,0.0
2017-08-24 00:00:00-04:00,27.459294885028324,27.54642903657326,27.39539517764678,27.43025016784668,547900,0.0,0.0
2017-08-25 00:00:00-04:00,27.52318881900328,27.627751551699486,27.43605246976664,27.610322952270508,787100,0.0,0.0
2017-08-28 00:00:00-04:00,27.680043044927775,27.703277492717824,27.55224361021649,27.633569717407227,627900,0.0,0.0
2017-08-29 00:00:00-04:00,27.55804415658497,27.645180513949846,27.459291686476426,27.59870719909668,642100,0.0,0.0
2017-08-30 00:00:00-04:00,27.494147894308533,27.639373685723296,27.418629862301334,27.50576400756836,788800,0.0,0.0
2017-08-31 00:00:00-04:00,27.57547474378381,27.761363584646013,27.43605700515227,27.627756118774414,699600,0.0,0.0
2017-09-01 00:00:00-04:00,27.80202072368038,27.87753874172776,27.720694650076723,27.738121032714844,627900,0.0,0.0
2017-09-05 00:00:00-04:00,27.732322984945704,27.743939100250163,27.447679408644028,27.58709716796875,756000,0.0,0.0
2017-09-06 00:00:00-04:00,27.54642199111372,28.028572593696463,27.54642199111372,27.842683792114258,771000,0.0,0.0
2017-09-07 00:00:00-04:00,27.958867336924556,28.034383145813354,27.836875999547438,27.865922927856445,801100,0.0,0.0
2017-09-08 00:00:00-04:00,27.883353229581957,27.9646793219464,27.7671721479314,27.831071853637695,703200,0.0,0.0
2017-09-11 00:00:00-04:00,27.889165207422895,27.93563853300474,27.73232327350949,27.90078353881836,644500,0.0,0.0
2017-09-12 00:00:00-04:00,27.90658596832565,28.04019341786296,27.842686271597042,27.865922927856445,551600,0.0,0.0
2017-09-13 00:00:00-04:00,27.889164155098072,27.91240081701222,27.76136694651035,27.778793334960938,708100,0.0,0.0
2017-09-14 00:00:00-04:00,27.7370318792235,27.872305514843877,27.566468591161332,27.86054229736328,711300,0.589,0.0
2017-09-15 00:00:00-04:00,27.919349651622067,28.04874051622665,27.872296796417768,28.04286003112793,659000,0.0,0.0
2017-09-18 00:00:00-04:00,28.048746752656474,28.09579961832263,27.748792586649156,27.91347312927246,618800,0.0,0.0
2017-09-19 00:00:00-04:00,27.954646012619726,28.231076016568686,27.878188463803312,28.21343231201172,743400,0.0,0.0
2017-09-20 00:00:00-04:00,28.242837844775497,28.32517812012985,27.92523771674794,28.08403778076172,872000,0.0,0.0
2017-09-21 00:00:00-04:00,28.031104426090458,28.172260786415226,27.942881420436947,28.08403778076172,531000,0.0,0.0
2017-09-22 00:00:00-04:00,28.136971658250133,28.254601586772434,27.942881939647695,27.95464515686035,589900,0.0,0.0
2017-09-25 00:00:00-04:00,27.92523632279261,27.96640645841468,27.62528215703123,27.631162643432617,1058000,0.0,0.0
2017-09-26 00:00:00-04:00,27.689974782184777,27.689974782184777,27.401781630267266,27.595869064331055,878700,0.0,0.0
2017-09-27 00:00:00-04:00,27.58998598206038,27.672326233828905,27.284149158631866,27.36648941040039,912800,0.0,0.0
2017-09-28 00:00:00-04:00,27.32532185631302,27.760551826971263,27.290034455721678,27.595869064331055,806900,0.0,0.0
2017-09-29 00:00:00-04:00,27.59587315585403,27.62528231884559,27.448836315312764,27.54294204711914,624500,0.0,0.0
2017-10-02 00:00:00-04:00,27.56058239932963,27.742906623527926,27.5194122684717,27.53705596923828,549700,0.0,0.0
2017-10-03 00:00:00-04:00,27.548816674040946,27.666446570175413,27.419423563932668,27.58998680114746,606800,0.0,0.0
2017-10-04 00:00:00-04:00,27.695861105442805,27.754674947894276,27.58999439414674,27.672334671020508,555600,0.0,0.0
2017-10-05 00:00:00-04:00,27.56058934628604,27.67821928278887,27.42531570456934,27.472366333007812,601100,0.0,0.0
2017-10-06 00:00:00-04:00,27.490007997671636,27.507651700135845,27.342971160859026,27.47824478149414,622000,0.0,0.0
2017-10-09 00:00:00-04:00,27.5429354953325,27.5429354953325,27.360609048734823,27.401779174804688,372700,0.0,0.0
2017-10-10 00:00:00-04:00,27.625275841630508,27.713496579107936,27.542935589210135,27.642919540405273,678400,0.0,0.0
2017-10-11 00:00:00-04:00,27.66644725736887,27.813484070288215,27.6076311860389,27.778194427490234,856200,0.0,0.0
2017-10-12 00:00:00-04:00,27.725267427586353,27.795844485723954,27.631163935534804,27.684097290039062,655100,0.0,0.0
2017-10-13 00:00:00-04:00,27.707629348114974,27.889953638946096,27.695866128770273,27.848783493041992,673200,0.0,0.0
2017-10-16 00:00:00-04:00,27.72526613108365,27.760555780304333,27.589992507810546,27.631162643432617,699300,0.0,0.0
2017-10-17 00:00:00-04:00,27.701739013238786,27.931118362094765,27.613518257774857,27.88994598388672,714200,0.0,0.0
2017-10-18 00:00:00-04:00,27.948757185987745,27.966400885279995,27.766430733421018,27.866416931152344,609600,0.0,0.0
2017-10-19 00:00:00-04:00,27.848783493041992,27.978176662228996,27.77820642057848,27.848783493041992,577300,0.0,0.0
2017-10-20 00:00:00-04:00,27.70761933101363,27.760552677125503,27.507649161658083,27.613515853881836,630800,0.0,0.0
2017-10-23 00:00:00-04:00,27.589995759350767,27.66057282250567,27.52529918329028,27.560588836669922,502600,0.0,0.0
2017-10-24 00:00:00-04:00,27.59586407282813,27.648797407744436,27.39001346126661,27.41353988647461,699700,0.0,0.0
2017-10-25 00:00:00-04:00,27.395899902827868,27.454713730216568,27.148876891867186,27.254743576049805,799200,0.0,0.0
2017-10-26 00:00:00-04:00,27.248864888602508,27.407662681750043,27.172405113069505,27.178285598754883,527300,0.0,0.0
2017-10-27 00:00:00-04:00,27.160648991871142,27.348855993412723,27.1312420685561,27.30768585205078,567800,0.0,0.0
2017-10-30 00:00:00-04:00,27.278281540308566,27.384148269261747,27.219465444443102,27.331214904785156,573300,0.0,0.0
2017-10-31 00:00:00-04:00,27.195942420343727,27.384149448005225,27.14300905358863,27.148889541625977,676600,0.0,0.0
2017-11-01 00:00:00-04:00,27.148888915349776,27.313569499853514,27.066548623097905,27.20182228088379,698000,0.0,0.0
2017-11-02 00:00:00-04:00,27.395904425415257,27.984051770809963,27.319444642304806,27.725265502929688,1372400,0.0,0.0
2017-11-03 00:00:00-04:00,28.0075805764038,28.019343794483294,27.860543715816792,27.907596588134766,793500,0.0,0.0
2017-11-06 00:00:00-05:00,27.66646178212363,28.095809232020947,27.66646178212363,28.072282791137695,687200,0.0,0.0
2017-11-07 00:00:00-05:00,27.907601726173066,28.07816505432129,27.807615475891232,28.07816505432129,934500,0.0,0.0
2017-11-08 00:00:00-05:00,28.166380459057024,28.172263189858054,27.937003317114268,28.0369873046875,748500,0.0,0.0
2017-11-09 00:00:00-05:00,27.942882795046966,28.26048293869841,27.83113559351228,28.21343231201172,650600,0.0,0.0
2017-11-10 00:00:00-05:00,28.178145202039808,28.419285575030575,28.142855546137056,28.360471725463867,598900,0.0,0.0
2017-11-13 00:00:00-05:00,28.236949316110543,28.466328634986525,28.236949316110543,28.28988265991211,567500,0.0,0.0
2017-11-14 00:00:00-05:00,28.289889038084773,28.501622461027974,28.25460162999709,28.436925888061523,601800,0.0,0.0
2017-11-15 00:00:00-05:00,28.348699439903044,28.401632785024926,28.21930631991538,28.35457992553711,590100,0.0,0.0
2017-11-16 00:00:00-05:00,28.372227908485307,28.578078574527435,28.336938261333515,28.34870147705078,637800,0.0,0.0
2017-11-17 00:00:00-05:00,28.33694654435714,28.46633971146528,28.24872352249166,28.45457649230957,629300,0.0,0.0
2017-11-20 00:00:00-05:00,28.460460723679358,28.525157315743403,28.360476713111247,28.37812042236328,606500,0.0,0.0
2017-11-21 00:00:00-05:00,28.372230529785156,28.525147861029573,28.342821365972902,28.372230529785156,633300,0.0,0.0
2017-11-22 00:00:00-05:00,28.431043593581407,28.566317217726706,28.39575394413319,28.513383865356445,540100,0.0,0.0
2017-11-24 00:00:00-05:00,28.46633762776588,28.607491760092778,28.448691678521655,28.542795181274414,327000,0.0,0.0
2017-11-27 00:00:00-05:00,28.70159280078082,28.742762939478236,28.583962871529216,28.713356018066406,567600,0.0,0.0
2017-11-28 00:00:00-05:00,28.66042516490509,28.689832088884927,28.460454940795902,28.4604549407959,539900,0.0,0.0
2017-11-29 00:00:00-05:00,28.460446776944167,28.46632950621537,28.20166277910724,28.225189208984375,737800,0.0,0.0
2017-11-30 00:00:00-05:00,28.195787003064392,28.378113514169073,28.078159311878814,28.11932945251465,1012700,0.0,0.0
2017-12-01 00:00:00-05:00,28.525149139683332,28.595726200067162,28.372231801584324,28.46633529663086,688000,0.0,0.0
2017-12-04 00:00:00-05:00,28.60160483609925,28.60160483609925,28.383988712028273,28.478092193603516,607700,0.0,0.0
2017-12-05 00:00:00-05:00,28.61337344254176,28.701594211112216,28.519269943237305,28.519269943237305,607500,0.0,0.0
2017-12-06 00:00:00-05:00,28.483977108187513,28.64865765267556,28.395754105866548,28.42516326904297,581300,0.0,0.0
2017-12-07 00:00:00-05:00,28.372225869646954,28.49573626039673,28.342816710665154,28.35457992553711,651900,0.0,0.0
2017-12-08 00:00:00-05:00,28.378116689599796,28.525153563639172,28.354590251288382,28.45457649230957,669200,0.0,0.0
2017-12-11 00:00:00-05:00,28.466335948133693,28.672186647132907,28.378112937931544,28.613372802734375,686700,0.0,0.0
2017-12-12 00:00:00-05:00,28.648665703613663,28.736888730727344,28.56044492010476,28.583969116210938,840100,0.0,0.0
2017-12-13 00:00:00-05:00,28.67805624388084,28.85450219728127,28.62512290658141,28.766279220581055,683000,0.0,0.0
2017-12-14 00:00:00-05:00,28.74843264941878,28.837677450562722,28.587793369113434,28.760332107543945,807800,0.56,0.0
2017-12-15 00:00:00-05:00,28.76033645996686,28.76033645996686,28.207024056154317,28.34386444091797,1153500,0.0,0.0
2017-12-18 00:00:00-05:00,28.343867365891438,28.427161324378837,28.224875023942236,28.284372329711914,871500,0.0,0.0
2017-12-19 00:00:00-05:00,28.28436708271928,28.39740853832628,28.189173680737138,28.337913513183594,756600,0.0,0.0
2017-12-20 00:00:00-05:00,28.427161394071202,28.427161394071202,27.856000874822932,28.028539657592773,1092500,0.0,0.0
2017-12-21 00:00:00-05:00,28.11183974774327,28.30222662901788,28.07019275931387,28.165386199951172,687000,0.0,0.0
2017-12-22 00:00:00-05:00,28.028532039023126,28.242717742919922,28.02258117525403,28.242717742919922,550900,0.0,0.0
2017-12-26 00:00:00-05:00,28.260567676782895,28.44500588288366,28.248668218041907,28.326013565063477,280800,0.0,0.0
2017-12-27 00:00:00-05:00,28.326011678971,28.40930561502208,28.117774569253765,28.242717742919922,634600,0.0,0.0
2017-12-28 00:00:00-05:00,28.34981913699602,28.43906169411647,28.16538088760273,28.43311309814453,661100,0.0,0.0
2017-12-29 00:00:00-05:00,28.474752826935436,28.587794278335362,28.308164947064043,28.563995361328125,490700,0.0,0.0
2018-01-02 00:00:00-05:00,28.581843804853545,28.718684164264566,28.415253666344455,28.43905258178711,605500,0.0,0.0
2018-01-03 00:00:00-05:00,28.42120507297074,28.4271536671503,28.207019369073944,28.242717742919922,670400,0.0,0.0
2018-01-04 00:00:00-05:00,28.302209918689318,28.337908288947595,28.207016534256557,28.30816078186035,709100,0.0,0.0
2018-01-05 00:00:00-05:00,28.528304605659084,28.540204066394352,28.272471873826007,28.30221939086914,901100,0.0,0.0
2018-01-08 00:00:00-05:00,28.224866449849333,28.24271677095278,28.09992555007253,28.177270889282227,843300,0.0,0.0
2018-01-09 00:00:00-05:00,28.22487173131749,28.22487173131749,27.87384561179152,27.909543991088867,926900,0.0,0.0
2018-01-10 00:00:00-05:00,27.87980136651889,27.909548886356045,27.534723781555098,27.635868072509766,1019800,0.0,0.0
2018-01-11 00:00:00-05:00,27.69535401423828,27.897640260106137,27.576361704388443,27.7726993560791,982400,0.0,0.0
2018-01-12 00:00:00-05:00,27.707262574036996,27.707262574036996,27.558522705260938,27.635868072509766,727400,0.0,0.0
2018-01-16 00:00:00-05:00,27.85004082210992,27.867888871747194,27.641803741455078,27.641803741455078,745700,0.0,0.0
2018-01-17 00:00:00-05:00,27.73700724376391,27.772705625654485,27.439527536779252,27.659664154052734,679300,0.0,0.0
2018-01-18 00:00:00-05:00,27.665617412998692,27.713215263542743,27.54067645970621,27.671566009521484,732800,0.0,0.0
2018-01-19 00:00:00-05:00,27.707262574036996,27.861953308534655,27.623968610656846,27.635868072509766,615600,0.0,0.0
2018-01-22 00:00:00-05:00,27.778646968852982,27.802445883900056,27.606110508735348,27.748899459838867,620800,0.0,0.0
2018-01-23 00:00:00-05:00,27.683463650331156,27.772708479432907,27.516875723570863,27.635868072509766,794300,0.0,0.0
2018-01-24 00:00:00-05:00,27.79651026428619,27.808409727363944,27.475231569958414,27.612071990966797,790900,0.0,0.0
2018-01-25 00:00:00-05:00,27.641818441552264,27.903602079926376,27.623970382423273,27.844104766845703,798000,0.0,0.0
2018-01-26 00:00:00-05:00,27.94524183255691,28.058283293771435,27.90954345394661,28.022584915161133,882000,0.0,0.0
2018-01-29 00:00:00-05:00,27.921449793496734,28.028542686126126,27.677516486860977,27.713214874267578,900200,0.0,0.0
2018-01-30 00:00:00-05:00,27.719156312338377,27.77865133972794,27.594215393066406,27.594215393066406,798600,0.0,0.0
2018-01-31 00:00:00-05:00,27.707259161625977,27.86194987707201,27.671560780463814,27.81435203552246,952600,0.0,0.0
2018-02-01 00:00:00-05:00,27.719162922880468,27.945248166139898,27.552574990789495,27.695363998413086,1083200,0.0,0.0
2018-02-02 00:00:00-05:00,27.433585387992256,27.48118097210766,26.98141485614771,26.98736572265625,995200,0.0,0.0
2018-02-05 00:00:00-05:00,26.844569358025336,27.00520867953945,26.600636077857274,26.618486404418945,1788300,0.0,0.0
2018-02-06 00:00:00-05:00,26.416201054047633,26.683930996614073,25.80934212968924,26.553041458129883,1654300,0.0,0.0
2018-02-07 00:00:00-05:00,26.541137174682987,26.969508636309612,26.451892363647502,26.785070419311523,2614100,0.0,0.0
2018-02-08 00:00:00-05:00,27.171793659955082,27.439525833540486,26.422145843505856,26.42214584350586,1696900,0.0,0.0
2018-02-09 00:00:00-05:00,26.55303522419389,26.707723649573172,26.184158809784588,26.41024398803711,1207100,0.0,0.0
2018-02-12 00:00:00-05:00,26.541132917707916,26.82076449581805,26.457838984549017,26.73151969909668,1004800,0.0,0.0
2018-02-13 00:00:00-05:00,26.642276319553584,26.6482271834326,26.428090611700718,26.463788986206055,880800,0.0,0.0
2018-02-14 00:00:00-05:00,26.37454645432708,26.606580214637827,26.207956309558416,26.463788986206055,778400,0.0,0.0
2018-02-15 00:00:00-05:00,26.481647491455078,26.51139728341377,26.178219131954506,26.481647491455078,1164300,0.0,0.0
2018-02-16 00:00:00-05:00,26.45189340397467,26.594684653329324,26.40429783391639,26.469743728637695,804200,0.0,0.0
2018-02-20 00:00:00-05:00,26.398345076092472,26.45189150706182,26.24365664750867,26.255556106567383,815700,0.0,0.0
2018-02-21 00:00:00-05:00,26.285305936332804,26.49949167908955,26.23175950064362,26.30315399169922,722800,0.0,0.0
2018-02-22 00:00:00-05:00,26.326950128365386,26.398344611872442,26.10086494940504,26.160362243652344,636400,0.0,0.0
2018-02-23 00:00:00-05:00,26.309100081888534,26.463788496033974,26.184156908228882,26.451889038085938,1191500,0.0,0.0
2018-02-26 00:00:00-05:00,26.47569655329487,26.630385017683164,26.416201513820205,26.60658836364746,693200,0.0,0.0
2018-02-27 00:00:00-05:00,26.499495015698546,26.73747743904541,26.47569609248679,26.553041458129883,938800,0.0,0.0
2018-02-28 00:00:00-05:00,26.54113245386552,26.58277941971713,25.958072662353512,25.958072662353516,1021100,0.0,0.0
2018-03-01 00:00:00-05:00,25.95807984420101,25.95807984420101,25.714146575471123,25.862886428833008,1265700,0.0,0.0
2018-03-02 00:00:00-05:00,25.749845976722114,26.08897270413605,25.708198994028496,25.892637252807617,1129200,0.0,0.0
2018-03-05 00:00:00-05:00,25.70819806615658,25.987829742369996,25.595156584295324,25.91643524169922,1575500,0.0,0.0
2018-03-06 00:00:00-05:00,26.05922122974566,26.142515182495117,25.946179760955683,26.142515182495117,687600,0.0,0.0
2018-03-07 00:00:00-05:00,26.05922940999884,26.243667698691088,25.922388977584863,26.11872673034668,1324300,0.0,0.0
2018-03-08 00:00:00-05:00,26.136569396484543,26.338855704729383,26.118721338859782,26.291257858276367,1246800,0.0,0.0
2018-03-09 00:00:00-05:00,26.338852317653807,26.43404572872809,26.172264415671293,26.4280948638916,799000,0.0,0.0
2018-03-12 00:00:00-04:00,26.469740829328124,26.61848065755193,26.36859656594931,26.48758888244629,862500,0.0,0.0
2018-03-13 00:00:00-04:00,26.481634167542545,26.600626466736358,26.291247396668176,26.315046310424805,1044600,0.0,0.0
2018-03-14 00:00:00-04:00,26.40066814371222,26.50918899832192,26.12333809297756,26.20774269104004,1097300,0.582,0.0
2018-03-15 00:00:00-04:00,26.195685522553713,26.231857608847054,26.002760062812907,26.01481819152832,838600,0.0,0.0
2018-03-16 00:00:00-04:00,26.032898244235454,26.231851572626297,25.984665740472604,25.99069595336914,1248800,0.0,0.0
2018-03-19 00:00:00-04:00,26.020841203671857,26.044957456559214,25.900262239087528,25.98466682434082,793400,0.0,0.0
2018-03-20 00:00:00-04:00,25.95452054967406,26.069071591656925,25.77365326741703,25.86408805847168,563400,0.0,0.0
2018-03-21 00:00:00-04:00,25.966580784601533,26.111276002073218,25.864090159608953,25.98466682434082,763800,0.0,0.0
2018-03-22 00:00:00-04:00,25.900265385404996,25.94849789703891,25.69528181066634,25.749542236328125,854300,0.0,0.0
2018-03-23 00:00:00-04:00,25.864089035304016,25.97863778176087,25.526468409114663,25.53852653503418,804000,0.0,0.0
2018-03-26 00:00:00-04:00,25.610877422405412,25.65910993442963,25.405893846008013,25.454126358032227,1045600,0.0,0.0
2018-03-27 00:00:00-04:00,25.5385253905255,25.791739123930473,25.47220685086641,25.641016006469727,965900,0.0,0.0
2018-03-28 00:00:00-04:00,25.689246551672877,25.97863463917747,25.610869892603276,25.773651123046875,761000,0.0,0.0
2018-03-29 00:00:00-04:00,25.87614329902208,25.978636213223464,25.767624772003288,25.9484920501709,816200,0.0,0.0
2018-04-02 00:00:00-04:00,25.984668793467613,25.984668793467613,25.56867374897252,25.677194595336914,665800,0.0,0.0
2018-04-03 00:00:00-04:00,25.737487630327216,25.88218288517626,25.604852804889735,25.616910934448242,1069100,0.0,0.0
2018-04-04 00:00:00-04:00,25.484268232818533,25.94246555651614,25.327514882710958,25.870119094848633,1042600,0.0,0.0
2018-04-05 00:00:00-04:00,25.827917805999554,26.177594300882046,25.779685296441894,25.996726989746094,2307400,0.0,0.0
2018-04-06 00:00:00-04:00,26.081130905082833,26.23788425722646,25.70733816511758,25.761598587036133,1340600,0.0,0.0
2018-04-09 00:00:00-04:00,25.74350812562154,26.05701247622063,25.653073338002734,25.912317276000977,1691300,0.0,0.0
2018-04-10 00:00:00-04:00,26.153481829733217,26.225828298321535,26.014816806666953,26.026872634887695,869700,0.0,0.0
2018-04-11 00:00:00-04:00,26.020842478304125,26.21376791114853,25.91232163484758,26.135391235351562,1074300,0.0,0.0
2018-04-12 00:00:00-04:00,26.087160145031064,26.255969318099147,25.99672534525745,26.020841598510742,971100,0.0,0.0
2018-04-13 00:00:00-04:00,26.0087788004036,26.11729962069933,25.749534874125136,25.773651123046875,1081900,0.0,0.0
2018-04-16 00:00:00-04:00,25.8218867899039,26.1112749129239,25.74351012121545,25.99069595336914,1256400,0.0,0.0
2018-04-17 00:00:00-04:00,26.099218774264074,26.147448981846967,25.82188875606796,25.858060836791992,911000,0.0,0.0
2018-04-18 00:00:00-04:00,25.8399777406578,25.94246838085715,25.71337084399291,25.743515014648438,752800,0.0,0.0
2018-04-19 00:00:00-04:00,25.77968952963695,25.77968952963695,25.231057292519033,25.26120376586914,1996000,0.0,0.0
2018-04-20 00:00:00-04:00,25.15870632774018,25.5264711584118,25.07430173706524,25.267227172851562,1546700,0.0,0.0
2018-04-23 00:00:00-04:00,25.309419656158934,25.34559402378941,25.06223389364662,25.176782608032227,1479700,0.0,0.0
2018-04-24 00:00:00-04:00,25.285314992383217,25.41795210126106,25.176794139638215,25.255170822143555,1232600,0.0,0.0
2018-04-25 00:00:00-04:00,25.218995125760284,25.50838325834789,25.152676580819957,25.41192054748535,979700,0.0,0.0
2018-04-26 00:00:00-04:00,25.49029931009151,25.677196850769697,25.4119249251628,25.568675994873047,772900,0.0,0.0
2018-04-27 00:00:00-04:00,25.647052591037987,25.86409430208135,25.616908420027038,25.701313018798828,836200,0.0,0.0
2018-04-30 00:00:00-04:00,25.827918342988244,25.882178767442422,25.592790603637695,25.592790603637695,686300,0.0,0.0
2018-05-01 00:00:00-04:00,25.67116362029649,25.67116362029649,25.38177319793284,25.53852653503418,646600,0.0,0.0
2018-05-02 00:00:00-04:00,25.622935942199287,25.665138240939392,25.267229210066407,25.279287338256836,896200,0.0,0.0
2018-05-03 00:00:00-04:00,25.26723026125478,25.279288389946863,24.724625969375566,24.953725814819336,1154500,0.0,0.0
2018-05-04 00:00:00-04:00,24.78491536385512,25.06224541023889,24.742713065485972,25.014015197753906,1336800,0.0,0.0
2018-05-07 00:00:00-04:00,24.989898941585032,25.22502668959965,24.971810599531988,25.014015197753906,836300,0.0,0.0
2018-05-08 00:00:00-04:00,24.875342079312645,24.983862906936903,24.736677088426593,24.935632705688477,858500,0.0,0.0
2018-05-09 00:00:00-04:00,25.08635731088664,25.13458751499784,24.91754814671888,24.965778350830078,784000,0.0,0.0
2018-05-10 00:00:00-04:00,25.170767523182235,25.176795437599825,24.923581634709173,25.16473960876465,876100,0.0,0.0
2018-05-11 00:00:00-04:00,25.212966154596348,25.405891585824474,25.20693824105596,25.35163116455078,927400,0.0,0.0
2018-05-14 00:00:00-04:00,25.472213356323387,25.5686760841402,25.387808756965278,25.436038970947266,910300,0.0,0.0
2018-05-15 00:00:00-04:00,25.20694551800526,25.448101226732966,25.110482774543534,25.393840789794922,730400,0.0,0.0
2018-05-16 00:00:00-04:00,25.50235146706393,25.5686700079002,25.411918974893627,25.544553756713867,685700,0.0,0.0
2018-05-17 00:00:00-04:00,25.538526005485565,25.5867562083112,25.44809121289057,25.490293502807617,728300,0.0,0.0
2018-05-18 00:00:00-04:00,25.399863636065746,25.436035716961594,25.297370707204887,25.417949676513672,552600,0.0,0.0
2018-05-21 00:00:00-04:00,25.423981359653883,25.484272003173828,25.363693015986826,25.484272003173828,356800,0.0,0.0
2018-05-22 00:00:00-04:00,25.56867720933317,25.773660802446155,25.538533036786276,25.574705123901367,647300,0.0,0.0
2018-05-23 00:00:00-04:00,25.43001337607095,25.66514115282922,25.41192733165971,25.616910934448242,959900,0.0,0.0
2018-05-24 00:00:00-04:00,25.53853048000594,25.58073277731711,25.436037543784014,25.550588607788086,573800,0.0,0.0
2018-05-25 00:00:00-04:00,25.442063624110645,25.496324040388448,25.309426539908824,25.381772994995117,724900,0.0,0.0
2018-05-29 00:00:00-04:00,25.267217377182565,25.285303411071947,25.098408261277097,25.176782608032227,935400,0.0,0.0
2018-05-30 00:00:00-04:00,25.176793926381162,25.496328567802767,25.176793926381162,25.375749588012695,756800,0.0,0.0
2018-05-31 00:00:00-04:00,25.21900073774776,25.267230953985482,25.038131102260675,25.122535705566406,795700,0.0,0.0
2018-06-01 00:00:00-04:00,25.188853307054366,25.231055607101812,25.092390578395506,25.140623092651367,645200,0.0,0.0
2018-06-04 00:00:00-04:00,25.219000079821445,25.351634895904656,25.212969865540956,25.273258209228516,713600,0.0,0.0
2018-06-05 00:00:00-04:00,25.279288635493156,25.478242011212778,25.255172377874747,25.363693237304688,685200,0.0,0.0
2018-06-06 00:00:00-04:00,25.508380408773196,25.53852457132796,25.29736667118547,25.327510833740234,658300,0.0,0.0
2018-06-07 00:00:00-04:00,25.32751257871731,25.466179875756854,25.309426539908824,25.381772994995117,684900,0.0,0.0
2018-06-08 00:00:00-04:00,25.351634584681836,25.550590256143558,25.31546249885451,25.526473999023438,643500,0.0,0.0
2018-06-11 00:00:00-04:00,25.448094553636608,25.641019989970417,25.436036426384167,25.586759567260742,693600,0.0,0.0
2018-06-12 00:00:00-04:00,25.610871842948026,25.683218295370555,25.568669554047197,25.641016006469727,709700,0.0,0.0
2018-06-13 00:00:00-04:00,25.695281541468468,25.73145592481492,25.436037543784014,25.550588607788086,855100,0.0,0.0
2018-06-14 00:00:00-04:00,25.62455381875889,25.64289358779721,25.31280572695469,25.355594635009766,807900,0.581,0.0
2018-06-15 00:00:00-04:00,25.233334143101228,25.251673908164243,25.049952815211732,25.227222442626953,855700,0.0,0.0
2018-06-18 00:00:00-04:00,25.20277143744029,25.22110887101816,24.921586574085637,25.019390106201172,1336600,0.0,0.0
2018-06-19 00:00:00-04:00,24.799337575343092,24.97660724888067,24.76877440137954,24.7810001373291,880800,0.0,0.0
2018-06-20 00:00:00-04:00,24.811561397628854,24.97660532248738,24.78710992761562,24.829898834228516,689000,0.0,0.0
2018-06-21 00:00:00-04:00,24.84823841940215,24.872687557414555,24.774884009903417,24.799335479736328,768000,0.0,0.0
2018-06-22 00:00:00-04:00,24.84823243260998,25.06217691255011,24.768766340709384,25.0377254486084,742500,0.0,0.0
2018-06-25 00:00:00-04:00,24.964375798329158,24.964375798329158,24.695416664468436,24.719865798950195,821500,0.0,0.0
2018-06-26 00:00:00-04:00,24.829894270547765,24.872683169296153,24.738204772581266,24.756542205810547,813600,0.0,0.0
2018-06-27 00:00:00-04:00,24.80544883144804,24.85434943794956,24.65263064692257,24.664854049682617,1211100,0.0,0.0
2018-06-28 00:00:00-04:00,24.738201361337723,24.79932768488645,24.573157489572427,24.658735275268555,1158800,0.0,0.0
2018-06-29 00:00:00-04:00,24.78711547894722,24.829904395143135,24.609845779380695,24.75044059753418,1676500,0.0,0.0
2018-07-02 00:00:00-04:00,24.72597866234842,24.817668158915165,24.567046470720634,24.695415496826172,654100,0.0,0.0
2018-07-03 00:00:00-04:00,24.793221448935853,24.976602791813512,24.756544247632203,24.897136688232422,605800,0.0,0.0
2018-07-05 00:00:00-04:00,24.982715606689457,25.007167075315436,24.780996820076094,24.982715606689453,1541800,0.0,0.0
2018-07-06 00:00:00-04:00,24.98270995017173,25.502293047639455,24.98270995017173,25.45339012145996,1442200,0.0,0.0
2018-07-09 00:00:00-04:00,25.435058649463752,25.538973894212624,25.34336680730382,25.373929977416992,843800,0.0,0.0
2018-07-10 00:00:00-04:00,25.380038412232796,25.636771782738002,25.306686353777007,25.62454605102539,429600,0.0,0.0
2018-07-11 00:00:00-04:00,25.55119569998855,25.673450693464297,25.48395533698589,25.54508399963379,1148500,0.0,0.0
2018-07-12 00:00:00-04:00,25.636774488857505,26.027990949496775,25.636774488857505,26.00965118408203,990000,0.0,0.0
2018-07-13 00:00:00-04:00,26.02187901073155,26.0952310828318,25.91184973667101,25.991315841674805,657000,0.0,0.0
2018-07-16 00:00:00-04:00,26.058564773037148,26.131916869233862,25.924083986825593,26.04633903503418,602400,0.0,0.0
2018-07-17 00:00:00-04:00,26.003541761193752,26.02799322934174,25.91796395449615,25.972978591918945,561000,0.0,0.0
2018-07-18 00:00:00-04:00,25.936299719074107,25.991314352953268,25.869059351908444,25.893510818481445,673300,0.0,0.0
2018-07-19 00:00:00-04:00,25.746802159134777,25.746802159134777,25.51452024192512,25.661224365234375,963700,0.0,0.0
2018-07-20 00:00:00-04:00,25.78959618755924,25.875176330307912,25.70401837663103,25.77737045288086,507000,0.0,0.0
2018-07-23 00:00:00-04:00,25.704013262184578,25.746802159134777,25.606209736038405,25.661224365234375,514300,0.0,0.0
2018-07-24 00:00:00-04:00,25.716237457014184,25.838492440343025,25.648997099592332,25.67344856262207,672400,0.0,0.0
2018-07-25 00:00:00-04:00,25.74069348877874,25.789594091697765,25.520634946092446,25.697904586791992,579500,0.0,0.0
2018-07-26 00:00:00-04:00,25.685679409157963,25.820160150782034,25.606213304396437,25.740694046020508,483700,0.0,0.0
2018-07-27 00:00:00-04:00,25.80181539638606,25.911844648842198,25.667337012577352,25.765140533447266,490600,0.0,0.0
2018-07-30 00:00:00-04:00,25.856834225151992,25.94241202834473,25.814045323555625,25.826271057128906,451000,0.0,0.0
2018-07-31 00:00:00-04:00,25.83237890903341,26.046325716957863,25.72846368687403,25.936296463012695,897400,0.0,0.0
2018-08-01 00:00:00-04:00,25.948528289794922,26.021880365714683,25.789596071511582,25.948528289794922,990300,0.0,0.0
2018-08-02 00:00:00-04:00,25.72846226201008,25.734573961637494,25.331134163454674,25.459503173828125,780000,0.0,0.0
2018-08-03 00:00:00-04:00,25.398382312427835,25.545088798522954,25.373930842775234,25.490074157714844,582500,0.0,0.0
2018-08-06 00:00:00-04:00,25.55119864126139,25.60621327806737,25.3433658279744,25.380043029785156,564800,0.0,0.0
2018-08-07 00:00:00-04:00,25.441164703071006,25.441164703071006,24.970484525989164,24.994935989379883,788300,0.0,0.0
2018-08-08 00:00:00-04:00,25.031613748532944,25.06828861262557,24.84211840071458,25.0377254486084,705300,0.0,0.0
2018-08-09 00:00:00-04:00,25.031610129612925,25.227217149227055,25.031610129612925,25.06828498840332,544900,0.0,0.0
2018-08-10 00:00:00-04:00,24.94604084923739,24.970489986154384,24.658741921124022,24.762657165527344,642300,0.0,0.0
2018-08-13 00:00:00-04:00,24.744317586780223,24.897135755422756,24.68319125205129,24.79322052001953,685800,0.0,0.0
2018-08-14 00:00:00-04:00,25.007168310839177,25.1477607646542,24.964379404539844,25.111085891723633,717700,0.0,0.0
2018-08-15 00:00:00-04:00,24.95214731870687,24.97048475050484,24.75042857346946,24.915470123291016,524400,0.0,0.0
2018-08-16 00:00:00-04:00,24.982712305534903,25.208884862708747,24.982712305534903,25.08662986755371,557900,0.0,0.0
2018-08-17 00:00:00-04:00,25.190548019347087,25.41672060275238,25.117195946474745,25.392269134521484,579500,0.0,0.0
2018-08-20 00:00:00-04:00,25.398371671752734,25.44116055980809,25.294456466995296,25.40448570251465,551700,0.0,0.0
2018-08-21 00:00:00-04:00,25.49617501242743,25.502289043149744,25.306682032786636,25.312793731689453,674500,0.0,0.0
2018-08-22 00:00:00-04:00,25.337253384100567,25.422831187329788,25.276124716208084,25.306690216064453,423800,0.0,0.0
2018-08-23 00:00:00-04:00,25.178325911709834,25.263906062844242,25.013281975110225,25.049959182739258,551900,0.0,0.0
2018-08-24 00:00:00-04:00,25.14164603820943,25.159983472468458,25.013277002935542,25.074405670166016,400800,0.0,0.0
2018-08-27 00:00:00-04:00,25.11719642377051,25.27001460538707,25.092744955074963,25.23333740234375,538200,0.0,0.0
2018-08-28 00:00:00-04:00,25.39837822261412,25.416717987810628,25.190545427674586,25.208885192871094,447400,0.0,0.0
2018-08-29 00:00:00-04:00,25.25167674399842,25.380043454755,25.141647468544107,25.331140518188477,606500,0.0,0.0
2018-08-30 00:00:00-04:00,25.208881390187965,25.349473799112637,25.178315896744536,25.257781982421875,609700,0.0,0.0
2018-08-31 00:00:00-04:00,24.994939057713278,25.202771858407793,24.80544602272311,24.921586990356445,606200,0.0,0.0
2018-09-04 00:00:00-04:00,24.622069678288902,24.664858591289235,24.37756193711855,24.389787673950195,750200,0.0,0.0
2018-09-05 00:00:00-04:00,24.38978409894958,24.68930644604859,24.30420395367219,24.670969009399414,910500,0.0,0.0
2018-09-06 00:00:00-04:00,24.66485079473909,24.774880059622845,24.512032630380556,24.707639694213867,665700,0.0,0.0
2018-09-07 00:00:00-04:00,24.664856773268934,24.677082509199433,24.438686488106388,24.530378341674805,551700,0.0,0.0
2018-09-10 00:00:00-04:00,24.70764165395012,24.75654458969735,24.487585438548546,24.49981117248535,570000,0.0,0.0
2018-09-11 00:00:00-04:00,24.5976113770911,24.8482330592643,24.45701662179052,24.811555862426758,676400,0.0,0.0
2018-09-12 00:00:00-04:00,24.823782710977852,24.994938306942874,24.756542346328704,24.848234176635742,1060500,0.0,0.0
2018-09-13 00:00:00-04:00,24.929473853444424,24.929473853444424,24.805446149570237,24.83645248413086,758500,0.581,0.0
2018-09-14 00:00:00-04:00,24.805449960796842,24.85506199622182,24.669019229010203,24.749637603759766,775400,0.0,0.0
2018-09-17 00:00:00-04:00,24.793042242251058,25.127916320860784,24.77443891531661,25.04109764099121,793900,0.0,0.0
2018-09-18 00:00:00-04:00,25.022492921875614,25.208535660984154,24.997689273541944,25.15272331237793,625700,0.0,0.0
2018-09-19 00:00:00-04:00,25.115516169021216,25.127919176931126,24.848857413037848,24.886066436767578,700300,0.0,0.0
2018-09-20 00:00:00-04:00,24.960483562421825,25.233342655327608,24.90467120641473,25.183732986450195,555800,0.0,0.0
2018-09-21 00:00:00-04:00,25.202330107358325,25.233336438471532,25.010089435077585,25.171323776245117,739800,0.0,0.0
2018-09-24 00:00:00-04:00,25.140323141293972,25.220939147327574,24.811649333256803,24.817852020263672,565400,0.0,0.0
2018-09-25 00:00:00-04:00,24.886065010379117,25.01009271673747,24.76203730402076,24.898468017578125,1320000,0.0,0.0
2018-09-26 00:00:00-04:00,24.948073952382455,25.29535100516075,24.93567094703701,25.208532333374023,937100,0.0,0.0
2018-09-27 00:00:00-04:00,25.127906799316403,25.245731767973993,25.096900477630797,25.127906799316406,691200,0.0,0.0
2018-09-28 00:00:00-04:00,25.134107117401243,25.233328766173607,24.985275827058047,25.127906799316406,660800,0.0,0.0
2018-10-01 00:00:00-04:00,25.35116672236898,25.468991740394173,25.227139018029373,25.369770050048828,778000,0.0,0.0
2018-10-02 00:00:00-04:00,25.28294802308552,25.394572705665876,25.177523660367903,25.295351028442383,887400,0.0,0.0
2018-10-03 00:00:00-04:00,25.177527430788714,25.32016083093675,25.09691143234368,25.158924102783203,1485300,0.0,0.0
2018-10-04 00:00:00-04:00,25.053502551482186,25.059702872387675,24.836453469681576,24.997690200805664,1215500,0.0,0.0
2018-10-05 00:00:00-04:00,24.91706654707024,25.010087900333033,24.786838545007363,24.83024787902832,803000,0.0,0.0
2018-10-08 00:00:00-04:00,24.86125756076009,24.93567323402645,24.793042207919427,24.904666900634766,520600,0.0,0.0
2018-10-09 00:00:00-04:00,24.693822831606937,24.77444119847183,24.46437310428728,24.47057342529297,771300,0.0,0.0
2018-10-10 00:00:00-04:00,24.427156461415553,24.706218132255973,24.315531793079384,24.433359146118164,1346200,0.0,0.0
2018-10-11 00:00:00-04:00,24.34034296982684,24.557389667891133,24.179108617783594,24.197711944580078,1339700,0.0,0.0
2018-10-12 00:00:00-04:00,24.389952112002053,24.600796099119812,24.110890414888388,24.216312408447266,1136500,0.0,0.0
2018-10-15 00:00:00-04:00,24.228718815610513,24.780639602052535,24.22251849508458,24.557390213012695,1240900,0.0,0.0
2018-10-16 00:00:00-04:00,24.613199309603058,24.83644866915831,24.520180320209253,24.79924201965332,710000,0.0,0.0
2018-10-17 00:00:00-04:00,24.755832675385108,24.861257045489744,24.49537664153522,24.718626022338867,794500,0.0,0.0
2018-10-18 00:00:00-04:00,24.68141752278172,25.016291601030552,24.662814195867323,24.948076248168945,869200,0.0,0.0
2018-10-19 00:00:00-04:00,24.94807867108997,25.30775879724401,24.92947534236884,25.270549774169922,870100,0.0,0.0
2018-10-22 00:00:00-04:00,25.431777365336103,25.45658337410804,25.022487683123966,25.115509033203125,936000,0.0,0.0
2018-10-23 00:00:00-04:00,24.954279914663953,25.14652060868337,24.78684286896106,25.103111267089844,816300,0.0,0.0
2018-10-24 00:00:00-04:00,25.04109764099121,25.3511657066006,24.96047928155592,25.04109764099121,877600,0.0,0.0
2018-10-25 00:00:00-04:00,25.022492390628756,25.05970141078683,24.78684235985591,24.873661041259766,1226400,0.0,0.0
2018-10-26 00:00:00-04:00,24.74342616715067,24.855050831081893,24.284524508141086,24.445758819580078,1273800,0.0,0.0
2018-10-29 00:00:00-04:00,24.476777049756944,24.63181110278934,24.129499919336887,24.228721618652344,1152300,0.0,0.0
2018-10-30 00:00:00-04:00,24.27832415173251,24.45196146618741,24.20390613213956,24.35894012451172,1807400,0.0,0.0
2018-10-31 00:00:00-04:00,24.433360453300992,24.45816409654518,24.030271088785017,24.110889434814453,1500900,0.0,0.0
2018-11-01 00:00:00-04:00,24.4271600327944,25.344961155588273,24.210113349091316,25.301551818847656,1557500,0.0,0.0
2018-11-02 00:00:00-04:00,25.289151634443005,25.413179338522973,24.92327120850453,25.059701919555664,953800,0.0,0.0
2018-11-05 00:00:00-05:00,25.090708745920683,25.27054880207974,25.072105417915175,25.158924102783203,900500,0.0,0.0
2018-11-06 00:00:00-05:00,25.034892082123903,25.103107427231183,24.84265141751029,25.01628875732422,653400,0.0,0.0
2018-11-07 00:00:00-05:00,25.152719080488207,25.400772081512397,25.010088072632257,25.357362747192383,889500,0.0,0.0
2018-11-08 00:00:00-05:00,25.36977577819258,25.531010174296373,25.30776309483702,25.419387817382812,810000,0.0,0.0
2018-11-09 00:00:00-05:00,25.351172446312358,25.487600822821037,25.21474170417145,25.419387817382812,818100,0.0,0.0
2018-11-12 00:00:00-05:00,25.357367043051696,25.617825458728046,25.264348039020764,25.369770050048828,687200,0.0,0.0
2018-11-13 00:00:00-05:00,25.400777379291213,25.686039454499536,25.338764707509156,25.617826461791992,1090900,0.0,0.0
2018-11-14 00:00:00-05:00,25.72944641096908,25.884480427419376,25.630224735066143,25.766653060913086,988000,0.0,0.0
2018-11-15 00:00:00-05:00,25.692239326854516,25.872079367208187,25.686036640976646,25.859676361083984,1588000,0.0,0.0
2018-11-16 00:00:00-05:00,25.87208130952364,26.10773134668008,25.803865953535094,26.039518356323242,2070900,0.0,0.0
2018-11-19 00:00:00-05:00,26.04572058379494,26.219357964018037,25.99610855194155,26.206954956054688,1115100,0.0,0.0
2018-11-20 00:00:00-05:00,26.10153049254575,26.169745847140216,25.729449751016226,25.760456085205078,1424500,0.0,0.0
2018-11-21 00:00:00-05:00,25.847269166802935,26.182143181000626,25.754247818759858,26.113927841186523,727500,0.0,0.0
2018-11-23 00:00:00-05:00,26.120131044966723,26.268964745145645,26.033312372208773,26.182146072387695,464500,0.0,0.0
2018-11-26 00:00:00-05:00,26.36198149268045,26.653446182657557,26.36198149268045,26.610036849975586,1123700,0.0,0.0
2018-11-27 00:00:00-05:00,26.579037662386796,26.653453343315206,26.41160060607399,26.597640991210938,1471200,0.0,0.0
2018-11-28 00:00:00-05:00,26.49841739971685,26.597639089069464,26.368189375997485,26.56043243408203,716700,0.0,0.0
2018-11-29 00:00:00-05:00,26.479810773802317,26.78987881011,26.343380080824897,26.659650802612305,726100,0.0,0.0
2018-11-30 00:00:00-05:00,26.603837483631967,26.734065486343155,26.529419454398752,26.591434478759766,670100,0.0,0.0
2018-12-03 00:00:00-05:00,26.796078145872833,26.839487480111192,26.479809801331754,26.62864112854004,906900,0.0,0.0
2018-12-04 00:00:00-05:00,26.64724924980796,27.0441359794148,26.64724924980796,26.777477264404297,922500,0.0,0.0
2018-12-06 00:00:00-05:00,26.31857407016875,26.672051442308998,26.10772771085427,26.659650802612305,1457500,0.0,0.0
2018-12-07 00:00:00-05:00,26.690663798338626,26.889107201880538,26.498420716193415,26.54183006286621,1289900,0.0,0.0
2018-12-10 00:00:00-05:00,26.43020150394917,26.44260451056843,25.9837050938139,26.237960815429688,940500,0.0,0.0
2018-12-11 00:00:00-05:00,26.318574389188452,26.455005083819614,26.126333718351535,26.17594337463379,1195500,0.0,0.0
2018-12-12 00:00:00-05:00,26.361981418506637,26.498412101198213,26.29376844279205,26.392990112304688,1086800,0.0,0.0
2018-12-13 00:00:00-05:00,25.996107593278676,26.089128966757475,25.803866891015794,26.014713287353516,1124100,0.0,0.0
2018-12-14 00:00:00-05:00,25.76045565452483,26.070523722492734,25.729449320854364,26.051918029785156,1007300,0.0,0.0
2018-12-17 00:00:00-05:00,25.934093444147877,26.033315132911987,25.648831384655015,25.79766273498535,1406000,0.0,0.0
2018-12-18 00:00:00-05:00,25.686037522933567,25.82867091544362,25.46899082238629,25.568212509155273,1333800,0.0,0.0
2018-12-19 00:00:00-05:00,25.642622409628373,25.87827474976166,25.3697634238532,25.481388092041016,1762500,0.0,0.0
2018-12-20 00:00:00-05:00,25.49999471442679,25.56821006110506,25.07210167476045,25.338760375976562,1531800,0.0,0.0
2018-12-21 00:00:00-05:00,25.276746143014435,25.481392189476427,24.76203441527649,24.780637741088867,1786000,0.0,0.0
2018-12-24 00:00:00-05:00,24.644213159391292,24.737232168240105,24.34654570730599,24.38375473022461,959400,0.0,0.0
2018-12-26 00:00:00-05:00,24.383750522770413,24.681415557861328,24.092285807613482,24.681415557861328,1375600,0.0,0.0
2018-12-27 00:00:00-05:00,24.334140342805583,24.532583695262947,24.123293985115716,24.49537467956543,2084700,0.0,0.0
2018-12-28 00:00:00-05:00,24.557383988386494,24.718620668771344,24.476768013825108,24.501571655273438,1155600,0.0,0.0
2018-12-31 00:00:00-05:00,24.644215087765375,24.656615730743425,24.278334613480723,24.51398468017578,1062200,0.0,0.0
2019-01-02 00:00:00-05:00,24.35274984728308,24.731033323153138,24.185312782604598,24.644214630126953,877000,0.0,0.0
2019-01-03 00:00:00-05:00,24.724823520955074,24.97907920549125,24.69381719174457,24.83024787902832,937000,0.0,0.0
2019-01-04 00:00:00-05:00,25.05970282349862,25.05970282349862,24.70002507088743,24.724828720092773,1210700,0.0,0.0
2019-01-07 00:00:00-05:00,24.799241137948894,25.072100142353438,24.650407448326533,25.03489112854004,1294200,0.0,0.0
2019-01-08 00:00:00-05:00,25.11551621659206,25.54961203173361,25.09071020072526,25.5,1511900,0.0,0.0
2019-01-09 00:00:00-05:00,25.56201074425239,25.61782308775811,25.33876137022952,25.49379539489746,1185500,0.0,0.0
2019-01-10 00:00:00-05:00,25.462789143174714,25.890682200976695,25.289149426371086,25.803863525390625,936400,0.0,0.0
2019-01-11 00:00:00-05:00,25.791463864263545,26.275169328476036,25.72945119241182,25.92169189453125,1303700,0.0,0.0
2019-01-14 00:00:00-05:00,25.93409825415485,26.20695735745552,25.735654839821255,25.785266876220703,1387200,0.0,0.0
2019-01-15 00:00:00-05:00,25.704642835935047,26.175945249719025,25.673636502833606,26.002307891845703,1120000,0.0,0.0
2019-01-16 00:00:00-05:00,25.96510506703764,26.113938813314867,25.9092927078877,25.9713077545166,700500,0.0,0.0
2019-01-17 00:00:00-05:00,25.890689376715102,26.033320435513364,25.8100709989136,25.9713077545166,771300,0.0,0.0
2019-01-18 00:00:00-05:00,26.10772896048332,26.120131966405054,25.94029429461864,26.07052230834961,826800,0.0,0.0
2019-01-22 00:00:00-05:00,25.83487463938829,25.965102676872895,25.73565293954784,25.87208366394043,1096900,0.0,0.0
2019-01-23 00:00:00-05:00,25.921686185041207,25.983701208865348,25.816264192987077,25.927888870239258,726300,0.0,0.0
2019-01-24 00:00:00-05:00,25.8968816097043,25.977499962324767,25.77905660636009,25.95889663696289,823300,0.0,0.0
2019-01-25 00:00:00-05:00,26.07671603711838,26.281362034651664,26.05191003154509,26.26275634765625,850600,0.0,0.0
2019-01-28 00:00:00-05:00,26.10773470186819,26.411602499695903,26.002312676797196,26.380596160888672,1927100,0.0,0.0
2019-01-29 00:00:00-05:00,26.374384030163714,26.70305772760546,26.293768051256585,26.603836059570312,1193800,0.0,0.0
2019-01-30 00:00:00-05:00,26.634849092860193,26.814689150710137,26.51702170603283,26.75887680053711,919300,0.0,0.0
2019-01-31 00:00:00-05:00,26.7960853748346,27.006931783287218,26.665857336987028,26.97592544555664,920500,0.0,0.0
2019-02-01 00:00:00-05:00,26.951112784126085,27.09374379502556,26.895300443719215,27.04413414001465,726700,0.0,0.0
2019-02-04 00:00:00-05:00,26.963521477015156,27.019333829195173,26.882903109281386,26.95111846923828,613900,0.0,0.0
2019-02-05 00:00:00-05:00,26.951115652599004,27.161962031506807,26.932512325693832,27.11235237121582,596700,0.0,0.0
2019-02-06 00:00:00-05:00,27.050330612498158,27.062733615894683,26.932505628677678,26.994518280029297,643300,0.0,0.0
2019-02-07 00:00:00-05:00,26.932506041112397,26.95731204828532,26.57282603399817,26.833284378051758,1212700,0.0,0.0
2019-02-08 00:00:00-05:00,26.827086449641666,26.920107810216443,26.715464128835986,26.808483123779297,874600,0.0,0.0
2019-02-11 00:00:00-05:00,26.802284177890982,26.858096523971128,26.535625453911575,26.572832107543945,995700,0.0,0.0
2019-02-12 00:00:00-05:00,26.709262863485524,26.94491525467685,26.597638171112347,26.79608154296875,668300,0.0,0.0
2019-02-13 00:00:00-05:00,26.9139103428934,26.938713991461807,26.65965461142137,26.696861267089844,651100,0.0,0.0
2019-02-14 00:00:00-05:00,26.597631021724364,26.789874021499557,26.504612046837753,26.67824935913086,782300,0.0,0.0
2019-02-15 00:00:00-05:00,26.833289627256477,26.913907983523746,26.684455920734717,26.864295959472656,784100,0.0,0.0
2019-02-19 00:00:00-05:00,26.802281453462,27.09374379502556,26.72786342249861,27.04413414001465,744900,0.0,0.0
2019-02-20 00:00:00-05:00,27.050340668050367,27.205374719691974,27.000731001653637,27.143362045288086,957000,0.0,0.0
2019-02-21 00:00:00-05:00,27.106150173388944,27.285990222150165,26.98832515814796,27.16816520690918,742800,0.0,0.0
2019-02-22 00:00:00-05:00,27.24258044823174,27.44722414151473,27.161962088753423,27.379011154174805,793700,0.0,0.0
2019-02-25 00:00:00-05:00,27.453413942044453,27.53403226368374,27.391398938617886,27.428607940673828,646200,0.0,0.0
2019-02-26 00:00:00-05:00,27.403815771515557,27.614662158330656,27.32940009547249,27.527843475341797,1425900,0.0,0.0
2019-02-27 00:00:00-05:00,27.527842531270664,27.565051550831953,27.37901118428872,27.552648544311523,527800,0.0,0.0
2019-02-28 00:00:00-05:00,27.521644120539698,27.70148181348576,27.465831770140774,27.596059799194336,1091200,0.0,0.0
2019-03-01 00:00:00-05:00,27.55885214990865,27.58365816590651,26.9511189517524,27.00693130493164,1422800,0.0,0.0
2019-03-04 00:00:00-05:00,27.075139556046402,27.16195822360802,26.889099216181325,27.155757904052734,1369900,0.0,0.0
2019-03-05 00:00:00-05:00,27.137151247068708,27.316991260969747,27.099944599800345,27.130950927734375,744700,0.0,0.0
2019-03-06 00:00:00-05:00,27.11234761936558,27.223972292495887,27.03792959352458,27.174360275268555,1367700,0.0,0.0
2019-03-07 00:00:00-05:00,27.236378195333977,27.410017923558993,27.106150173388944,27.16816520690918,1015600,0.0,0.0
2019-03-08 00:00:00-05:00,27.254986287841067,27.447226994600314,27.254986287841067,27.391414642333984,765000,0.0,0.0
2019-03-11 00:00:00-04:00,27.41621879586392,27.57745552062988,27.41621879586392,27.577455520629883,632700,0.0,0.0
2019-03-12 00:00:00-04:00,27.627065194821075,27.682877543320984,27.571252846321165,27.664274215698242,783900,0.0,0.0
2019-03-13 00:00:00-04:00,27.72628120749265,27.819302557822223,27.60225352893029,27.80069923400879,1152100,0.0,0.0
2019-03-14 00:00:00-04:00,27.735345262855564,27.785623362794695,27.433669470702547,27.521657943725586,1038500,0.596,0.0
2019-03-15 00:00:00-04:00,27.56564049276489,27.823321939152816,27.53421639393808,27.76047134399414,690800,0.0,0.0
2019-03-18 00:00:00-04:00,27.666202493640828,27.892459869384766,27.641062252445867,27.892459869384766,1509400,0.0,0.0
2019-03-19 00:00:00-04:00,28.02445108948251,28.03073495294574,27.73534542005222,27.842187881469727,938600,0.0,0.0
2019-03-20 00:00:00-04:00,27.760480700751035,27.95531401515452,27.67249223537716,27.79819107055664,577900,0.0,0.0
2019-03-21 00:00:00-04:00,27.603359139207356,27.829616574365776,27.603359139207356,27.773052215576172,534200,0.0,0.0
2019-03-22 00:00:00-04:00,27.659925276514944,27.741629888354822,27.553082812767993,27.697635650634766,601800,0.0,0.0
2019-03-25 00:00:00-04:00,27.70391288112592,27.823325430654695,27.641062278080227,27.77933120727539,891600,0.0,0.0
2019-03-26 00:00:00-04:00,27.798185322103322,28.0055887168859,27.773045080765066,27.911314010620117,704700,0.0,0.0
2019-03-27 00:00:00-04:00,27.861035753802998,28.00558854434937,27.804471409893083,27.949024200439453,1511000,0.0,0.0
2019-03-28 00:00:00-04:00,27.89246494237528,28.005593650822732,27.760479850849393,27.791906356811523,783000,0.0,0.0
2019-03-29 00:00:00-04:00,27.936460675854544,27.942744538881378,27.74791361747258,27.89875030517578,743300,0.0,0.0
2019-04-01 00:00:00-04:00,28.01817117810196,28.01817117810196,27.75420332279688,27.91761016845703,803700,0.0,0.0
2019-04-02 00:00:00-04:00,27.93017415745561,28.10615348815918,27.85475581430031,28.10615348815918,631600,0.0,0.0
2019-04-03 00:00:00-04:00,28.10614793917941,28.206706509368562,28.01187323071846,28.068437576293945,693400,0.0,0.0
2019-04-04 00:00:00-04:00,28.081006470231028,28.13128455437594,27.986731765889495,28.112430572509766,639600,0.0,0.0
2019-04-05 00:00:00-04:00,28.005599580871753,28.087301800657116,27.967889204235682,28.055877685546875,411100,0.0,0.0
2019-04-08 00:00:00-04:00,28.049589413855156,28.2632767195351,27.999308919574734,28.20042610168457,565800,0.0,0.0
2019-04-09 00:00:00-04:00,28.16271142968484,28.175281550265012,27.999302259647976,28.062152862548828,803800,0.0,0.0
2019-04-10 00:00:00-04:00,28.068449602971395,28.2947070822194,28.049595612202882,28.22557258605957,658900,0.0,0.0
2019-04-11 00:00:00-04:00,28.2004238169891,28.451821473012036,28.093581371558077,28.332408905029297,639500,0.0,0.0
2019-04-12 00:00:00-04:00,28.48953157097522,28.552379785633143,28.401540713946133,28.51466941833496,729500,0.0,0.0
2019-04-15 00:00:00-04:00,28.514666659096658,28.690645958620383,28.48952881416939,28.50838279724121,593500,0.0,0.0
2019-04-16 00:00:00-04:00,28.583802343330774,28.634082830335792,28.483243766826313,28.520954132080078,450200,0.0,0.0
2019-04-17 00:00:00-04:00,28.67807461601902,28.67807461601902,28.43924711809046,28.495811462402344,540800,0.0,0.0
2019-04-18 00:00:00-04:00,28.426677832432595,28.56494676648,28.206706707816675,28.55866050720215,648000,0.0,0.0
2019-04-22 00:00:00-04:00,28.527238767400075,28.59008937785984,28.244417014095234,28.282127380371094,441000,0.0,0.0
2019-04-23 00:00:00-04:00,28.156427208771973,28.250701921194743,28.068438755847005,28.194137573242188,588000,0.0,0.0
2019-04-24 00:00:00-04:00,28.11242729862985,28.175277893373277,27.829605616047047,27.96787452697754,598900,0.0,0.0
2019-04-25 00:00:00-04:00,27.94275074155583,28.043309354848404,27.791914020370204,27.98046112060547,390000,0.0,0.0
2019-04-26 00:00:00-04:00,28.018163813417054,28.169000493223574,27.930172953106485,28.093582153320312,540800,0.0,0.0
2019-04-29 00:00:00-04:00,28.062158919703787,28.162717508545146,28.03701867311698,28.043302536010742,438300,0.0,0.0
2019-04-30 00:00:00-04:00,28.06215856030646,28.169001010673234,27.936459726488142,28.118722915649414,576300,0.0,0.0
2019-05-01 00:00:00-04:00,28.10614708582675,28.219275773542932,28.024442500808316,28.062152862548828,504000,0.0,0.0
2019-05-02 00:00:00-04:00,27.974168649027384,28.0181652802389,27.75419748049941,27.89875030517578,586400,0.0,0.0
2019-05-03 00:00:00-04:00,27.87361592549059,28.011884916245936,27.810767691968937,27.91761016845703,601100,0.0,0.0
2019-05-06 00:00:00-04:00,27.68505663358653,27.911314010620117,27.653632530666393,27.911314010620117,430200,0.0,0.0
2019-05-07 00:00:00-04:00,27.716479212317648,27.923882595694664,27.703911489845016,27.861034393310547,691900,0.0,0.0
2019-05-08 00:00:00-04:00,27.835899665602494,28.125005289828408,27.835899665602494,27.873607635498047,511500,0.0,0.0
2019-05-09 00:00:00-04:00,27.911314689525206,27.980449156134334,27.70391368720325,27.95530891418457,667200,0.0,0.0
2019-05-10 00:00:00-04:00,27.97416324362289,28.112432178554933,27.691343909451646,28.018159866333008,544700,0.0,0.0
2019-05-13 00:00:00-04:00,27.86731528828612,27.96158997933272,27.729046380752436,27.923879623413086,571400,0.0,0.0
2019-05-14 00:00:00-04:00,27.94902380215714,28.150140933747444,27.892459459053285,28.112430572509766,590400,0.0,0.0
2019-05-15 00:00:00-04:00,28.074724693797222,28.269557995041787,28.074724693797222,28.156429290771484,517200,0.0,0.0
2019-05-16 00:00:00-04:00,28.206704010082312,28.514663555090856,28.206704010082312,28.382680892944336,551600,0.0,0.0
2019-05-17 00:00:00-04:00,28.269559680541775,28.502100965403983,28.269559680541775,28.307270050048828,510600,0.0,0.0
2019-05-20 00:00:00-04:00,28.33240769220406,28.43296627080748,28.256986960122276,28.31983757019043,647400,0.0,0.0
2019-05-21 00:00:00-04:00,28.476964535575327,28.72835981896513,28.395259929658305,28.58380699157715,656500,0.0,0.0
2019-05-22 00:00:00-04:00,28.464386135280968,28.6529331423766,28.464386135280968,28.539804458618164,652400,0.0,0.0
2019-05-23 00:00:00-04:00,28.38268089294434,28.495809574071416,28.33868667222883,28.382680892944336,656700,0.0,0.0
2019-05-24 00:00:00-04:00,28.470671062108888,28.56494576793756,28.376398753785583,28.476957321166992,489800,0.0,0.0
2019-05-28 00:00:00-04:00,28.42667456444309,28.65921578337585,28.42039070339309,28.527233123779297,706400,0.0,0.0
2019-05-29 00:00:00-04:00,28.48324257049202,28.60894138521947,28.420394361881034,28.451818466186523,662200,0.0,0.0
2019-05-30 00:00:00-04:00,28.546092554549926,28.55237881430529,28.332407672980075,28.376401901245117,626600,0.0,0.0
2019-05-31 00:00:00-04:00,28.28211991280498,28.37639460484967,28.16899124135336,28.300973892211914,561400,0.0,0.0
2019-06-03 00:00:00-04:00,28.370119862515057,28.57752331019915,28.313555503829033,28.546096801757812,660800,0.0,0.0
2019-06-04 00:00:00-04:00,28.709501248239047,28.784919581464028,28.558662184283495,28.76606559753418,3147200,0.0,0.0
2019-06-05 00:00:00-04:00,28.879201128520492,29.09288845446789,28.860344742623912,29.004899978637695,572500,0.0,0.0
2019-06-06 00:00:00-04:00,29.124308925649053,29.400844443321425,29.1117388024586,29.32542610168457,660000,0.0,0.0
2019-06-07 00:00:00-04:00,29.507692006622694,29.62082072823962,29.38827702407923,29.444841384887695,744400,0.0,0.0
2019-06-10 00:00:00-04:00,29.444843139892196,29.513977629168288,29.363140923026098,29.425989151000977,531800,0.0,0.0
2019-06-11 00:00:00-04:00,29.482548502494538,29.627101320264547,29.31285543880649,29.356849670410156,1501800,0.0,0.0
2019-06-12 00:00:00-04:00,29.32542087114993,29.614526460447365,29.31285075020151,29.46368980407715,619100,0.0,0.0
2019-06-13 00:00:00-04:00,29.46624129502559,29.517164622018235,28.549597126421364,28.587791442871094,1023000,0.594,0.0
2019-06-14 00:00:00-04:00,28.505039813075125,28.57506151613474,28.29497713217007,28.415922164916992,864600,0.0,0.0
2019-06-17 00:00:00-04:00,28.441376290782813,28.447740794432317,28.07217194401251,28.19948387145996,840200,0.0,0.0
2019-06-18 00:00:00-04:00,28.3777224086999,28.816946022133934,28.371355476582718,28.66417121887207,748000,0.0,0.0
2019-06-19 00:00:00-04:00,28.74056005040612,28.9760855467746,28.619612622002823,28.963354110717773,505200,0.0,0.0
2019-06-20 00:00:00-04:00,29.167047588001946,29.24980069506136,28.797845714219427,29.02700424194336,1688800,0.0,0.0
2019-06-21 00:00:00-04:00,28.91880160437111,29.02701519204031,28.766026766649908,28.874242782592773,687300,0.0,0.0
2019-06-24 00:00:00-04:00,28.893334990420442,29.08430169167221,28.88060355323388,29.007915496826172,549100,0.0,0.0
2019-06-25 00:00:00-04:00,29.052469938838854,29.154318992724104,28.89969757214747,28.976083755493164,592000,0.0,0.0
2019-06-26 00:00:00-04:00,29.065212692051983,29.065212692051983,28.829687118530273,28.829687118530273,785900,0.0,0.0
2019-06-27 00:00:00-04:00,28.855135953218596,29.039735675973482,28.797845714219427,29.02700424194336,539200,0.0,0.0
2019-06-28 00:00:00-04:00,29.00155594543195,29.02701639588002,28.79149083838746,28.95063018798828,676700,0.0,0.0
2019-07-01 00:00:00-04:00,28.91242980957031,29.03974174821986,28.88060243197624,28.912429809570312,481800,0.0,0.0
2019-07-02 00:00:00-04:00,29.116133694345862,29.370755172457432,28.976090303006696,29.31983184814453,887900,0.0,0.0
2019-07-03 00:00:00-04:00,29.447141557722773,29.638110702845914,29.440777052746327,29.46623992919922,763600,0.0,0.0
2019-07-05 00:00:00-04:00,29.319829474437096,29.434409980206706,29.160690152898567,29.42167854309082,565400,0.0,0.0
2019-07-08 00:00:00-04:00,29.167054812072227,29.23707650244443,28.96972117813905,29.160690307617188,1056400,0.0,0.0
2019-07-09 00:00:00-04:00,29.08430285008941,29.377121060496542,29.052475469992,29.358022689819336,925900,0.0,0.0
2019-07-10 00:00:00-04:00,29.498059888641038,29.548983200460487,29.287994853169327,29.33892059326172,1169200,0.0,0.0
2019-07-11 00:00:00-04:00,29.43440885256412,29.599912672183407,29.345288796167157,29.478967666625977,1027700,0.0,0.0
2019-07-12 00:00:00-04:00,29.612647826393022,29.714496903931042,29.447141557722773,29.46623992919922,523800,0.0,0.0
2019-07-15 00:00:00-04:00,29.46623475794535,29.69539574925707,29.415309013976913,29.498062133789062,545200,0.0,0.0
2019-07-16 00:00:00-04:00,29.49806203222072,29.529889407954844,29.18614792217084,29.211610794067383,818200,0.0,0.0
2019-07-17 00:00:00-04:00,29.22434370424396,29.30709682794567,29.173420386155147,29.192516326904297,660500,0.0,0.0
2019-07-18 00:00:00-04:00,29.205250294042393,29.37075412751299,29.11613265846027,29.358022689819336,472200,0.0,0.0
2019-07-19 00:00:00-04:00,29.307106452511263,29.326202399531596,29.020655105836116,29.039751052856445,722000,0.0,0.0
2019-07-22 00:00:00-04:00,29.11613227781881,29.122496782445708,28.988820330820104,29.06520652770996,799700,0.0,0.0
2019-07-23 00:00:00-04:00,29.039748286272136,29.268909341780336,29.01428783542863,29.25617790222168,705700,0.0,0.0
2019-07-24 00:00:00-04:00,29.154329075023973,29.281641043476462,29.097038810634047,29.12886619567871,929300,0.0,0.0
2019-07-25 00:00:00-04:00,29.205244733803223,29.205244733803223,28.89969757214747,28.976083755493164,683400,0.0,0.0
2019-07-26 00:00:00-04:00,29.027011438469344,29.033378371199305,28.867872116047312,29.007915496826172,520300,0.0,0.0
2019-07-29 00:00:00-04:00,29.033382274830334,29.288003767976246,29.00791939703364,29.173425674438477,864000,0.0,0.0
2019-07-30 00:00:00-04:00,29.097041322191476,29.135235644506174,28.982460783521418,29.039751052856445,733900,0.0,0.0
2019-07-31 00:00:00-04:00,29.058842779426822,29.077938722077963,28.549594978177282,28.71510124206543,786100,0.0,0.0
2019-08-01 00:00:00-04:00,28.912426663377666,29.415307430770618,28.848771915116306,29.23070526123047,1039500,0.0,0.0
2019-08-02 00:00:00-04:00,29.160699164691604,29.58082700625827,29.12250484154042,29.37076187133789,1341600,0.0,0.0
2019-08-05 00:00:00-04:00,29.205245168579005,29.39621184392263,29.014278493235377,29.26889991760254,1283300,0.0,0.0
2019-08-06 00:00:00-04:00,29.160690192626394,29.587182409359492,28.9760879966046,29.147958755493164,1045400,0.0,0.0
2019-08-07 00:00:00-04:00,28.976096422424693,29.52990074325483,28.753299850217267,29.472610473632812,964200,0.0,0.0
2019-08-08 00:00:00-04:00,29.485336530937396,29.650842803304116,29.338928630473667,29.510799407958984,808400,0.0,0.0
2019-08-09 00:00:00-04:00,29.498065021604525,29.60627859572171,29.415311893690973,29.548988342285156,653900,0.0,0.0
2019-08-12 00:00:00-04:00,29.319819733056615,29.67629014077227,29.294356867284776,29.39620590209961,623700,0.0,0.0
2019-08-13 00:00:00-04:00,29.478968729622654,29.73359018654718,29.313462475762044,29.6635684967041,681200,0.0,0.0
2019-08-14 00:00:00-04:00,29.44714759196213,29.60628695999284,29.37076137522412,29.472610473632812,794800,0.0,0.0
2019-08-15 00:00:00-04:00,29.453506205406466,29.599914091239146,29.351657135771845,29.548988342285156,554200,0.0,0.0
2019-08-16 00:00:00-04:00,29.72723029814124,29.835443887775913,29.54899257951691,29.75269317626953,601800,0.0,0.0
2019-08-19 00:00:00-04:00,29.84180809064195,29.85453952854105,29.644474445616122,29.81634521484375,538600,0.0,0.0
2019-08-20 00:00:00-04:00,29.76541815004761,29.76541815004761,29.53625956279435,29.574451446533203,897600,0.0,0.0
2019-08-21 00:00:00-04:00,29.746331298187894,29.746331298187894,29.555364536317054,29.67630958557129,625600,0.0,0.0
2019-08-22 00:00:00-04:00,29.720858111996655,29.77178385925329,29.53625834887457,29.65083885192871,1615200,0.0,0.0
2019-08-23 00:00:00-04:00,29.657207995495316,29.727229694790083,29.313466432561178,29.402584075927734,876700,0.0,0.0
2019-08-26 00:00:00-04:00,29.51079356978117,29.51079356978117,29.32619139030527,29.498062133789062,460400,0.0,0.0
2019-08-27 00:00:00-04:00,29.619010503027578,29.669936252789785,29.434410730823085,29.447139739990234,499000,0.0,0.0
2019-08-28 00:00:00-04:00,29.523526623761434,29.89909550715516,29.370751811756673,29.867265701293945,1373100,0.0,0.0
2019-08-29 00:00:00-04:00,29.91818811091983,30.077327409382168,29.797243118266724,30.07096290588379,759600,0.0,0.0
2019-08-30 00:00:00-04:00,30.115526517215297,30.242836033666716,30.05186933071621,30.121891021728516,662900,0.0,0.0
2019-09-03 00:00:00-04:00,30.039137001798778,30.198276320912875,29.918191993450453,30.051868438720703,1967400,0.0,0.0
2019-09-04 00:00:00-04:00,30.140979905086468,30.510184215500274,30.102788030404213,30.427431106567383,512900,0.0,0.0
2019-09-05 00:00:00-04:00,30.554747404849806,30.586574781075228,30.363780719224128,30.45926284790039,600600,0.0,0.0
2019-09-06 00:00:00-04:00,30.580220571577605,30.739359934550084,30.497467422915204,30.66933822631836,527300,0.0,0.0
2019-09-09 00:00:00-04:00,30.682069602103223,30.80301464352885,30.49746735865834,30.790283203125,704100,0.0,0.0
2019-09-10 00:00:00-04:00,30.809376874642194,30.860300200209895,30.68842942340591,30.720256805419922,674800,0.0,0.0
2019-09-11 00:00:00-04:00,30.828474044799805,30.84120548376669,30.694797578058072,30.828474044799805,4701700,0.0,0.0
2019-09-12 00:00:00-04:00,30.89849243154459,31.089459139021912,30.72025473339545,30.981243133544922,904400,0.0,0.0
2019-09-13 00:00:00-04:00,30.903903512934484,31.110144170612628,30.800783184095412,30.865232467651367,695300,0.6,0.0
2019-09-16 00:00:00-04:00,30.845897189541883,30.845897189541883,30.491421224135674,30.594541549682617,560200,0.0,0.0
2019-09-17 00:00:00-04:00,30.536537643441836,31.045692891729534,30.536537643441836,30.936128616333008,564300,0.0,0.0
2019-09-18 00:00:00-04:00,30.871684090609094,31.077924783156195,30.858793740002024,31.0585880279541,646700,0.0,0.0
2019-09-19 00:00:00-04:00,31.12303883015782,31.303498815977605,30.961913140366466,30.96835708618164,604800,0.0,0.0
2019-09-20 00:00:00-04:00,31.12947607770577,31.251933149090636,30.99413111746371,31.174591064453125,739900,0.0,0.0
2019-09-23 00:00:00-04:00,31.077926153132104,31.206824747718905,30.974805802312805,31.1230411529541,569600,0.0,0.0
2019-09-24 00:00:00-04:00,31.18103509984472,31.39371966999247,31.0843587306798,31.33571434020996,814100,0.0,0.0
2019-09-25 00:00:00-04:00,31.239050454784373,31.361505097586537,31.123039757989485,31.206823348999023,496400,0.0,0.0
2019-09-26 00:00:00-04:00,31.142366425145354,31.316382427706174,31.071470743518834,31.174591064453125,794700,0.0,0.0
2019-09-27 00:00:00-04:00,31.251932176728296,31.316381453338582,31.045689082694302,31.20037078857422,679700,0.0,0.0
2019-09-30 00:00:00-04:00,31.161699747458663,31.367940382910348,31.110140817886897,31.20037078857422,999000,0.0,0.0
2019-10-01 00:00:00-04:00,31.10369488182281,31.413058298224996,31.052135951477347,31.27126693725586,949000,0.0,0.0
2019-10-02 00:00:00-04:00,31.245492976993123,31.245492976993123,30.807230910979438,30.981246948242188,2125400,0.0,0.0
2019-10-03 00:00:00-04:00,31.000580732210153,31.161706416802893,30.929687496198927,31.11014747619629,1189000,0.0,0.0
2019-10-04 00:00:00-04:00,31.135920549512345,31.355051525228927,31.077915218923184,31.342161178588867,1421400,0.0,0.0
2019-10-07 00:00:00-04:00,31.32283492330628,31.400177029058277,31.213270628032202,31.251941680908203,1325900,0.0,0.0
2019-10-08 00:00:00-04:00,31.21971173790464,31.355059181382767,31.090813157194543,31.226158142089844,1053200,0.0,0.0
2019-10-09 00:00:00-04:00,31.23259683063619,31.35505390371483,31.11014221613997,31.297048568725586,694800,0.0,0.0
2019-10-10 00:00:00-04:00,31.322827777123297,31.77398012341571,31.322827777123297,31.53551483154297,904700,0.0,0.0
2019-10-11 00:00:00-04:00,31.69664047940498,31.95444252247782,31.490399828379708,31.5032901763916,927200,0.0,0.0
2019-10-14 00:00:00-04:00,31.471064099254605,31.574184420060636,31.387278070292712,31.458173751831055,308000,0.0,0.0
2019-10-15 00:00:00-04:00,31.5999669708131,31.657972312847626,31.425950944709523,31.593523025512695,920100,0.0,0.0
2019-10-16 00:00:00-04:00,31.670858369780447,31.722419759526616,31.496842367260708,31.52262306213379,938800,0.0,0.0
2019-10-17 00:00:00-04:00,31.632200338700898,31.670868935328162,31.400178924604496,31.49685287475586,593800,0.0,0.0
2019-10-18 00:00:00-04:00,31.464628224705407,31.580638931753604,31.393732519444484,31.49685287475586,608300,0.0,0.0
2019-10-21 00:00:00-04:00,31.522621159334964,31.709527498009027,31.483950119359637,31.63863182067871,950200,0.0,0.0
2019-10-22 00:00:00-04:00,31.66441203487626,31.66441203487626,31.43883465964012,31.451725006103516,589200,0.0,0.0
2019-10-23 00:00:00-04:00,31.367948233582798,31.367948233582798,30.085389114534124,30.111169815063477,2111400,0.0,0.0
2019-10-24 00:00:00-04:00,30.182062164084204,30.420527471070063,29.969375096185153,30.066051483154297,935400,0.0,0.0
2019-10-25 00:00:00-04:00,30.072495428280334,30.285182496179385,29.92426010455493,30.066051483154297,892900,0.0,0.0
2019-10-28 00:00:00-04:00,30.14982750172543,30.446300533409318,30.091822175807064,30.394739151000977,880900,0.0,0.0
2019-10-29 00:00:00-04:00,30.34963556832345,30.613881605947256,30.28518627469148,30.510761260986328,849500,0.0,0.0
2019-10-30 00:00:00-04:00,30.691217868946836,30.79433820254759,30.555872892080107,30.729888916015625,698100,0.0,0.0
2019-10-31 00:00:00-04:00,31.026349897287528,31.084355220519868,30.37540345530854,30.58164405822754,772400,0.0,0.0
2019-11-01 00:00:00-04:00,30.691219309087398,30.775005352376635,30.426973288174704,30.62677001953125,724300,0.0,0.0
2019-11-04 00:00:00-05:00,30.671893637084274,30.775014004515228,30.49143360872598,30.56877326965332,2053600,0.0,0.0
2019-11-05 00:00:00-05:00,30.678331808796955,30.775008210693077,30.37541716944963,30.684778213500977,624600,0.0,0.0
2019-11-06 00:00:00-05:00,30.755669114480888,30.891014089149138,30.652548782555176,30.710554122924805,1065800,0.0,0.0
2019-11-07 00:00:00-05:00,30.813677800788373,30.994137786608157,30.717001403480396,30.96835708618164,620900,0.0,0.0
2019-11-08 00:00:00-05:00,30.845901044609118,30.871681743863505,30.710556061397792,30.80722999572754,586600,0.0,0.0
2019-11-11 00:00:00-05:00,30.794336758065402,31.123034496275032,30.749221767892717,31.097253799438477,938700,0.0,0.0
2019-11-12 00:00:00-05:00,31.12947607770577,31.21326210677188,31.058580396079247,31.174591064453125,680600,0.0,0.0
2019-11-13 00:00:00-05:00,31.155255301821274,31.335715240291616,31.129474608159146,31.1810359954834,562200,0.0,0.0
2019-11-14 00:00:00-05:00,31.18104510638693,31.271275101986735,31.06503440959204,31.206823348999023,437900,0.0,0.0
2019-11-15 00:00:00-05:00,31.2454943540116,31.28416540574633,31.16815470912513,31.258384704589844,447700,0.0,0.0
2019-11-18 00:00:00-05:00,31.264814375890268,31.567731329717542,31.258370432834777,31.43238639831543,548300,0.0,0.0
2019-11-19 00:00:00-05:00,31.380831706321715,31.393722053761298,31.097251438398,31.174591064453125,784500,0.0,0.0
2019-11-20 00:00:00-05:00,31.13592918037108,31.200378472854457,30.749226049722083,30.96835708618164,637300,0.0,0.0
2019-11-21 00:00:00-05:00,30.961913140366466,30.974803490579724,30.839456042631973,30.96835708618164,704600,0.0,0.0
2019-11-22 00:00:00-05:00,31.06502916693292,31.071473111852693,30.787892822313886,30.8330078125,482400,0.0,0.0
2019-11-25 00:00:00-05:00,30.865236716335037,30.987693813963507,30.83301207012125,30.87168312072754,676200,0.0,0.0
2019-11-26 00:00:00-05:00,30.858797077803914,30.910356027226,30.697671365662096,30.891021728515625,607100,0.0,0.0
2019-11-27 00:00:00-05:00,30.92323776815681,31.045692390195168,30.87812277800675,30.916793823242188,640700,0.0,0.0
2019-11-29 00:00:00-05:00,30.936131952498087,31.116591935474474,30.910351252477785,30.981246948242188,245500,0.0,0.0
2019-12-02 00:00:00-05:00,30.942574978938865,30.95546532856606,30.73633430206938,30.80722999572754,530000,0.0,0.0
2019-12-03 00:00:00-05:00,30.742780706174376,30.903906388640088,30.665441066994017,30.80722999572754,621500,0.0,0.0
2019-12-04 00:00:00-05:00,30.923230213978222,31.226147181200353,30.81366596711692,31.2132568359375,640500,0.0,0.0
2019-12-05 00:00:00-05:00,31.284162532319368,31.42595145849086,31.168151846353666,31.316387176513672,606600,0.0,0.0
2019-12-06 00:00:00-05:00,31.14237208422492,31.39372775851631,31.14237208422492,31.374393463134766,4108000,0.0,0.0
2019-12-09 00:00:00-05:00,31.406624273263137,31.56774998929173,31.271279261859114,31.413070678710938,919900,0.0,0.0
2019-12-10 00:00:00-05:00,31.355052027547536,31.503287328409677,31.30349064016126,31.361495971679688,2584300,0.0,0.0
2019-12-11 00:00:00-05:00,31.413055949734687,31.67085549935321,31.361494564661687,31.580625534057617,634400,0.0,0.0
2019-12-12 00:00:00-05:00,31.58062167441039,31.69663231806416,31.432386398315433,31.43238639831543,767600,0.0,0.0
2019-12-13 00:00:00-05:00,31.328640273793166,31.335167108596103,30.67609619195466,30.9958438873291,1253600,0.601,0.0
2019-12-16 00:00:00-05:00,31.237292249767915,31.34169922919238,31.158987637514254,31.25687026977539,592200,0.0,0.0
2019-12-17 00:00:00-05:00,30.760929519069084,30.911014368448683,30.480335347411224,30.486862182617188,1100200,0.0,0.0
2019-12-18 00:00:00-05:00,30.643469341502474,30.643469341502474,29.997452097507136,30.17363929748535,1076300,0.0,0.0
2019-12-19 00:00:00-05:00,30.11490952602098,30.356350132522063,30.075755986078352,30.27151870727539,803700,0.0,0.0
2019-12-20 00:00:00-05:00,30.14754525146768,30.310681316151747,30.030087085754445,30.180171966552734,1011500,0.0,0.0
2019-12-23 00:00:00-05:00,30.154064277726576,30.25194689496795,30.069235331326304,30.212793350219727,564900,0.0,0.0
2019-12-24 00:00:00-05:00,30.212797786840753,30.212797786840753,30.030086196368686,30.10839080810547,405200,0.0,0.0
2019-12-26 00:00:00-05:00,30.2454114937695,30.2454114937695,29.95829304803887,30.088802337646484,552100,0.0,0.0
2019-12-27 00:00:00-05:00,30.082281140052874,30.23236846923828,30.0692324489793,30.23236846923828,530400,0.0,0.0
2019-12-30 00:00:00-05:00,30.21931718385843,30.232368364144754,30.095332215767403,30.17363929748535,604100,0.0,0.0
2019-12-31 00:00:00-05:00,30.19973685101934,30.27151709245605,30.141007788867295,30.24541473388672,597600,0.0,0.0
2020-01-02 00:00:00-05:00,30.271515427645607,30.271515427645607,29.89956555089103,29.964818954467773,1193700,0.0,0.0
2020-01-03 00:00:00-05:00,29.919142798962064,30.036600923577936,29.782109149996188,29.99744987487793,842100,0.0,0.0
2020-01-06 00:00:00-05:00,30.010512525445364,30.330257828585506,29.997461341137353,30.31068229675293,1116500,0.0,0.0
2020-01-07 00:00:00-05:00,30.34982351686677,30.421603762650438,30.160587628923917,30.336774826049805,683700,0.0,0.0
2020-01-08 00:00:00-05:00,30.36287689208984,30.60432000704655,30.34330136519107,30.362876892089844,643600,0.0,0.0
2020-01-09 00:00:00-05:00,30.35635113955033,30.441182567611165,30.10838369020382,30.147537231445312,626800,0.0,0.0
2020-01-10 00:00:00-05:00,30.19974808619952,30.34330862248162,30.12144347061785,30.27805519104004,957700,0.0,0.0
2020-01-13 00:00:00-05:00,30.388983260377376,30.480339050292965,30.284576287722622,30.48033905029297,728200,0.0,0.0
2020-01-14 00:00:00-05:00,30.48685704430715,30.506432568109197,30.40202562573518,30.43465232849121,525100,0.0,0.0
2020-01-15 00:00:00-05:00,30.480336251819015,30.73482806872081,30.46728507027811,30.558643341064453,673300,0.0,0.0
2020-01-16 00:00:00-05:00,30.610844766958504,30.813134341595514,30.49991346068737,30.80008316040039,595900,0.0,0.0
2020-01-17 00:00:00-05:00,30.78702998028143,31.021946248024594,30.78702998028143,30.9958438873291,561100,0.0,0.0
2020-01-21 00:00:00-05:00,31.034995595252653,31.034995595252653,30.754401457495078,30.85228157043457,703300,0.0,0.0
2020-01-22 00:00:00-05:00,30.9110104532393,31.054570938487743,30.852281390115657,30.884910583496094,486300,0.0,0.0
2020-01-23 00:00:00-05:00,30.87186190870927,31.100251345354383,30.839232712681543,31.087200164794922,651600,0.0,0.0
2020-01-24 00:00:00-05:00,31.139406994871848,31.26338948469188,30.92406623495153,31.002370834350586,551400,0.0,0.0
2020-01-27 00:00:00-05:00,30.734822965604412,31.11982404473251,30.734822965604412,31.015417098999023,646100,0.0,0.0
2020-01-28 00:00:00-05:00,31.02194567627969,31.322115350971224,31.02194567627969,31.302539825439453,472700,0.0,0.0
2020-01-29 00:00:00-05:00,31.282960053019707,31.361267129263275,31.002365919625095,31.015417098999023,690800,0.0,0.0
2020-01-30 00:00:00-05:00,30.858811132604515,31.08067622650688,30.787030883215778,31.067625045776367,727800,0.0,0.0
2020-01-31 00:00:00-05:00,31.00237853592611,31.00237853592611,30.643479669493328,30.747886657714844,832300,0.0,0.0
2020-02-03 00:00:00-05:00,30.904488300811156,30.924063826821943,30.591267438347842,30.604318618774414,620800,0.0,0.0
2020-02-04 00:00:00-05:00,30.767451430090603,30.904485076384965,30.68262001079786,30.806602478027344,547100,0.0,0.0
2020-02-05 00:00:00-05:00,30.89795857591118,30.95016329273447,30.800078465754368,30.930587768554688,553000,0.0,0.0
2020-02-06 00:00:00-05:00,31.080678125537435,31.75279779404723,31.067626944009493,31.5244083404541,903600,0.0,0.0
2020-02-07 00:00:00-05:00,31.498303153839707,31.53092986010568,31.38736936542565,31.50482749938965,630500,0.0,0.0
2020-02-10 00:00:00-05:00,31.5048251158528,31.641861254615243,31.328637928236457,31.615758895874023,656300,0.0,0.0
2020-02-11 00:00:00-05:00,31.681014700335652,31.772370473583624,31.491776319031636,31.50482749938965,890000,0.0,0.0
2020-02-12 00:00:00-05:00,31.511350160767698,31.752790742268743,31.43956992293441,31.726688385009766,607400,0.0,0.0
2020-02-13 00:00:00-05:00,31.641863753550595,31.66796362509513,31.504827603965637,31.563556671142578,921800,0.0,0.0
2020-02-14 00:00:00-05:00,31.57660615894378,31.69406428700156,31.47219921058775,31.681013107299805,476500,0.0,0.0
2020-02-18 00:00:00-05:00,31.596186182029616,32.12474783353783,31.589661835878907,32.09212112426758,858800,0.0,0.0
2020-02-19 00:00:00-05:00,32.14432336124832,32.14432336124832,31.935509434808655,32.09212112426758,688500,0.0,0.0
2020-02-20 00:00:00-05:00,31.942033360791296,32.13127174228378,31.902879819678258,31.96160888671875,688700,0.0,0.0
2020-02-21 00:00:00-05:00,31.88983698463728,32.079075415652035,31.7984811873912,31.863737106323242,2868300,0.0,0.0
2020-02-24 00:00:00-05:00,31.309064675470243,31.6353367156347,31.230760082823046,31.393896102905273,1250600,0.0,0.0
2020-02-25 00:00:00-05:00,31.459152440573106,31.511357166697753,30.74135488116766,30.865337371826172,1843700,0.0,0.0
2020-02-26 00:00:00-05:00,30.734826550771853,31.080676621378956,30.56516617763606,30.59126853942871,3381200,0.0,0.0
2020-02-27 00:00:00-05:00,30.343296144428006,30.49990780044688,29.74948120117188,29.749481201171875,1930000,0.0,0.0
2020-02-28 00:00:00-05:00,29.286181105231172,29.527621735133867,28.568381072258575,28.927282333374023,2143700,0.0,0.0
2020-03-02 00:00:00-05:00,28.999058158334062,30.41508011314868,28.751093199009063,30.343299865722656,1740100,0.0,0.0
2020-03-03 00:00:00-05:00,30.46075505524517,30.66304459759464,30.03007610158007,30.160585403442383,1896000,0.0,0.0
2020-03-04 00:00:00-05:00,30.565167457675994,31.041524378679277,30.49338720436922,31.002370834350586,1196500,0.0,0.0
2020-03-05 00:00:00-05:00,30.47381371203111,31.113306709891734,30.25847293772923,30.499916076660156,1555300,0.0,0.0
2020-03-06 00:00:00-05:00,29.977875764445045,30.434657143063014,29.651603706754816,30.362876892089844,1343500,0.0,0.0
2020-03-09 00:00:00-04:00,28.73804467291935,29.436266707220604,27.33507376889813,27.511260986328125,2502000,0.0,0.0
2020-03-10 00:00:00-04:00,28.13770440615156,28.85550449927666,27.667874288219707,28.764148712158203,2568000,0.0,0.0
2020-03-11 00:00:00-04:00,28.372619056480293,28.41177260121752,27.30244705957962,27.511260986328125,1839400,0.0,0.0
2020-03-12 00:00:00-04:00,26.088714784757787,26.088714784757787,23.82438579060539,24.01362419128418,2317600,0.0,0.0
2020-03-13 00:00:00-04:00,25.12668241885571,26.983986791053272,24.317427340744675,26.977352142333984,1983100,0.598,0.0
2020-03-16 00:00:00-04:00,24.542957508866618,26.022167887512516,23.448473256455507,24.005664825439453,2397000,0.0,0.0
2020-03-17 00:00:00-04:00,24.244457493665372,26.108396215251357,24.045461080454192,25.080245971679688,2611600,0.0,0.0
2020-03-18 00:00:00-04:00,24.03219539782797,25.146578398449527,23.256108592239812,23.919431686401367,2374100,0.0,0.0
2020-03-19 00:00:00-04:00,23.647463057535713,25.066973698317174,23.34896723812463,24.96084213256836,2208900,0.0,0.0
2020-03-20 00:00:00-04:00,25.166472284707492,25.630798864503102,23.760228312802653,23.813295364379883,1816600,0.0,0.0
2020-03-23 00:00:00-04:00,23.514809236480684,23.760238125443294,21.00081356323143,21.199810028076172,2713300,0.0,0.0
2020-03-24 00:00:00-04:00,22.082027024775208,23.276008121327425,22.009061077532113,23.2561092376709,1771200,0.0,0.0
2020-03-25 00:00:00-04:00,23.48827611708681,25.889505567018105,23.183148030211356,25.000652313232422,2468500,0.0,0.0
2020-03-26 00:00:00-04:00,25.332309157402502,26.539557038878492,25.19301190885764,25.896135330200195,2140500,0.0,0.0
2020-03-27 00:00:00-04:00,25.239444238466533,26.247695685651934,25.007282158354748,25.478240966796875,1505700,0.0,0.0
2020-03-30 00:00:00-04:00,25.51140850874912,25.922670695985794,25.027182898335376,25.84970474243164,2617800,0.0,0.0
2020-03-31 00:00:00-04:00,25.630807635020137,27.182983999519912,25.352213110037255,27.10338592529297,2671800,0.0,0.0
2020-04-01 00:00:00-04:00,26.367091261037036,26.45332396611947,25.478238272028523,25.790000915527344,2188600,0.0,0.0
2020-04-02 00:00:00-04:00,25.697133865680563,26.864581220153724,25.670600338666617,26.804882049560547,2242100,0.0,0.0
2020-04-03 00:00:00-04:00,26.811513012645502,27.1166434994258,26.49311829330529,26.818147659301758,1551700,0.0,0.0
2020-04-06 00:00:00-04:00,27.328911548854656,27.474840906582237,26.725287644027755,26.97071647644043,2043800,0.0,0.0
2020-04-07 00:00:00-04:00,27.746809354214488,27.90600549765066,27.249316977816562,27.30238151550293,1792000,0.0,0.0
2020-04-08 00:00:00-04:00,27.196250498771445,27.368713412958694,26.831423254253597,27.110017776489258,1395100,0.0,0.0
2020-04-09 00:00:00-04:00,27.17634754795919,27.693738743506536,26.977348598554748,27.229412078857422,1361700,0.0,0.0
2020-04-13 00:00:00-04:00,27.547812333193587,27.766710208915093,26.904390534740397,27.720277786254883,1572100,0.0,0.0
2020-04-14 00:00:00-04:00,28.051932367944715,28.330526834127113,27.673838432196245,27.94580078125,1652800,0.0,0.0
2020-04-15 00:00:00-04:00,27.222774686987645,27.833030591152692,27.123275231563394,27.31563949584961,2087200,0.0,0.0
2020-04-16 00:00:00-04:00,27.52790897958666,27.740172171697903,26.983984233504493,27.123281478881836,1100100,0.0,0.0
2020-04-17 00:00:00-04:00,27.726903749876016,27.726903749876016,27.169712271268622,27.6340389251709,1328200,0.0,0.0
2020-04-20 00:00:00-04:00,27.070220685975684,27.554446318027043,27.05031926933166,27.189619064331055,1357300,0.0,0.0
2020-04-21 00:00:00-04:00,26.784993577466114,26.930922971994512,26.440065183383496,26.60589599609375,1275400,0.0,0.0
2020-04-22 00:00:00-04:00,27.16307815550651,27.16307815550651,26.59261995385724,26.74518394470215,956800,0.0,0.0
2020-04-23 00:00:00-04:00,26.71201893259157,27.090112860245856,26.546188173782614,26.599252700805664,1309700,0.0,0.0
2020-04-24 00:00:00-04:00,26.566087055119187,26.718651049578234,26.27422583055099,26.599252700805664,1405000,0.0,0.0
2020-04-27 00:00:00-04:00,26.85132422370367,26.964090489342997,26.566095030493837,26.944189071655273,1179600,0.0,0.0
2020-04-28 00:00:00-04:00,27.236053807883987,27.335550778077955,26.950824605315272,27.163087844848633,1149100,0.0,0.0
2020-04-29 00:00:00-04:00,27.508011521390557,27.64067412555133,27.20288095284063,27.362079620361328,2030600,0.0,0.0
2020-04-30 00:00:00-04:00,27.46157733114319,27.46157733114319,26.698754754576008,26.824785232543945,1357600,0.0,0.0
2020-05-01 00:00:00-04:00,26.459960223905668,26.579358594126703,26.241064898751787,26.300764083862305,922500,0.0,0.0
2020-05-04 00:00:00-04:00,26.161460435884415,26.539554375637028,26.008896436543594,26.513023376464844,873400,0.0,0.0
2020-05-05 00:00:00-04:00,26.619153396004663,26.93091349351771,26.619153396004663,26.69875144958496,809700,0.0,0.0
2020-05-06 00:00:00-04:00,26.698752519899166,26.937549220589577,26.632421227652543,26.639053344726562,1045000,0.0,0.0
2020-05-07 00:00:00-04:00,27.136546646630322,27.136546646630322,26.74518593477656,26.79161834716797,1287400,0.0,0.0
2020-05-08 00:00:00-04:00,27.14980985961168,27.14980985961168,26.89774641790989,27.043678283691406,874900,0.0,0.0
2020-05-11 00:00:00-04:00,26.897753259756293,27.06358404746179,26.71202358724678,27.030418395996094,823200,0.0,0.0
2020-05-12 00:00:00-04:00,27.143173892758032,27.176342064550884,26.420154306596665,26.426786422729492,1201900,0.0,0.0
2020-05-13 00:00:00-04:00,26.446693569045188,26.47322710262366,25.617539622545603,25.717039108276367,985500,0.0,0.0
2020-05-14 00:00:00-04:00,25.478235686340614,26.14155866961465,25.02717585528416,26.03542709350586,1474300,0.0,0.0
2020-05-15 00:00:00-04:00,25.9160340556093,26.121665133424738,25.67723732792089,25.80327033996582,770400,0.0,0.0
2020-05-18 00:00:00-04:00,26.340556755481632,26.426789457368084,26.06196229913907,26.154827117919922,914600,0.0,0.0
2020-05-19 00:00:00-04:00,26.221160648425652,26.58599036819835,26.05532987775688,26.340559005737305,1709800,0.0,0.0
2020-05-20 00:00:00-04:00,26.539552924839477,26.60588674508539,26.267590587772503,26.27422523498535,1060500,0.0,0.0
2020-05-21 00:00:00-04:00,26.34055880767327,26.34055880767327,25.862967912394573,25.876232147216797,785900,0.0,0.0
2020-05-22 00:00:00-04:00,25.783371462911493,26.00226932829179,25.597641781044917,25.91603660583496,850600,0.0,0.0
2020-05-26 00:00:00-04:00,26.446690047705612,26.95744911438775,26.44005793038257,26.79161834716797,1116800,0.0,0.0
2020-05-27 00:00:00-04:00,27.043686063970554,27.17635120463182,26.7186565958693,27.136550903320312,992400,0.0,0.0
2020-05-28 00:00:00-04:00,27.26257791500444,27.514641397045676,27.090115025424712,27.435043334960938,2890700,0.0,0.0
2020-05-29 00:00:00-04:00,27.289113017943173,27.60087569710272,27.222781717447358,27.508010864257812,1647500,0.0,0.0
2020-06-01 00:00:00-04:00,27.59424692848373,27.932543212075004,27.55444915185708,27.906009674072266,985700,0.0,0.0
2020-06-02 00:00:00-04:00,28.1315301265688,28.284094122673437,27.965699365971158,28.277462005615234,991700,0.0,0.0
2020-06-03 00:00:00-04:00,28.503001088145282,28.834662715774147,28.337170274330852,28.755062103271484,944700,0.0,0.0
2020-06-04 00:00:00-04:00,28.516260397961698,28.92088535231505,28.516260397961698,28.91425323486328,1368200,0.0,0.0
2020-06-05 00:00:00-04:00,29.405115533191942,29.696976799115912,29.265815752967914,29.378582000732422,1229200,0.0,0.0
2020-06-08 00:00:00-04:00,29.61737879734862,29.71687574872559,29.338781766663857,29.6837100982666,1252800,0.0,0.0
2020-06-09 00:00:00-04:00,29.365313246407155,29.444911308019837,29.020384938916536,29.3321475982666,949500,0.0,0.0
2020-06-10 00:00:00-04:00,29.352047313350383,29.6240096844172,29.18621653756874,29.391847610473633,1246000,0.0,0.0
2020-06-11 00:00:00-04:00,28.947411425723704,29.000478473174226,28.098358909524087,28.11162567138672,1327500,0.0,0.0
2020-06-12 00:00:00-04:00,28.596884906912866,28.68437646604106,28.024811085690363,28.408435821533203,3557100,0.611,0.0
2020-06-15 00:00:00-04:00,27.95077034518708,28.462271568303393,27.73540221989302,28.105566024780273,1497500,0.0,0.0
2020-06-16 00:00:00-04:00,28.6036142208423,29.054540553858356,28.415167701658426,28.832443237304688,1185400,0.0,0.0
2020-06-17 00:00:00-04:00,28.933400400821515,28.933400400821515,28.3815164988735,28.482471466064453,914700,0.0,0.0
2020-06-18 00:00:00-04:00,28.394978437606117,28.61034664643137,28.139230294245856,28.543045043945312,847300,0.0,0.0
2020-06-19 00:00:00-04:00,28.85936661569113,28.85936661569113,28.583425953048707,28.664188385009766,1145900,0.0,0.0
2020-06-22 00:00:00-04:00,28.66418615789036,28.711297786823167,28.469007942373747,28.536312103271484,802500,0.0,0.0
2020-06-23 00:00:00-04:00,28.72476613322253,28.77187777447945,28.327680465920004,28.36806297302246,1006100,0.0,0.0
2020-06-24 00:00:00-04:00,28.159411690234155,28.246905800747456,27.67483208417991,27.91712188720703,857100,0.0,0.0
2020-06-25 00:00:00-04:00,27.876744650973453,28.119034499660348,27.56715320760299,28.09211540222168,789400,0.0,0.0
2020-06-26 00:00:00-04:00,27.903664664626145,28.058460377151466,27.472928322400715,27.493118286132812,738900,0.0,0.0
2020-06-29 00:00:00-04:00,27.587348510347592,28.031545755084448,27.587348510347592,27.99116325378418,786800,0.0,0.0
2020-06-30 00:00:00-04:00,28.051734130031633,28.233451524482632,27.843095069574996,28.112306594848633,2079300,0.0,0.0
2020-07-01 00:00:00-04:00,28.119036451605055,28.361326317111033,27.614266754264754,27.836366653442383,2013900,0.0,0.0
2020-07-02 00:00:00-04:00,28.11230819029346,28.57669540198469,27.957512453063053,27.99116325378418,1692900,0.0,0.0
2020-07-06 00:00:00-04:00,28.314215245136772,28.314215245136772,27.816177238298145,27.870018005371094,1548100,0.0,0.0
2020-07-07 00:00:00-04:00,27.789263023350838,27.930597963134744,27.486400604248047,27.486400604248047,1283300,0.0,0.0
2020-07-08 00:00:00-04:00,27.594077628763994,27.594077628763994,27.2575644869498,27.520044326782227,934300,0.0,0.0
2020-07-09 00:00:00-04:00,27.472927886380784,27.52677121199998,26.921046635739412,27.156604766845703,1252900,0.0,0.0
2020-07-10 00:00:00-04:00,27.170063929811793,27.44600453818773,27.170063929811793,27.3114013671875,1104500,0.0,0.0
2020-07-13 00:00:00-04:00,27.47292609213094,27.82962911519316,27.385431977409507,27.62099266052246,2226600,0.0,0.0
2020-07-14 00:00:00-04:00,27.634459767818154,27.99116287190035,27.600806400164632,27.65464973449707,1124000,0.0,0.0
2020-07-15 00:00:00-04:00,27.70176028638701,28.300753236787177,27.70176028638701,28.071924209594727,1162600,0.0,0.0
2020-07-16 00:00:00-04:00,28.125768053341876,28.475742017024142,28.03154478761808,28.361326217651367,922400,0.0,0.0
2020-07-17 00:00:00-04:00,28.46901106103625,28.590155996531887,28.246913724221915,28.563234329223633,966900,0.0,0.0
2020-07-20 00:00:00-04:00,28.482463928617793,28.569958039203215,28.10556839388818,28.17287254333496,885600,0.0,0.0
2020-07-21 00:00:00-04:00,28.2738286284981,28.516118463535243,28.199797905473307,28.219987869262695,798300,0.0,0.0
2020-07-22 00:00:00-04:00,28.11903651680992,28.172879850332304,27.822905884611174,28.05846405029297,861100,0.0,0.0
2020-07-23 00:00:00-04:00,27.997891705623324,28.233452439721734,27.98443343957561,28.0113525390625,631600,0.0,0.0
2020-07-24 00:00:00-04:00,27.9305901058189,28.139229173038956,27.910400139355865,28.0113525390625,881600,0.0,0.0
2020-07-27 00:00:00-04:00,27.97769991864548,28.22671890258789,27.822904195254726,28.22671890258789,679600,0.0,0.0
2020-07-28 00:00:00-04:00,28.193067999300876,28.462279514775734,28.132495536688598,28.260372161865234,978300,0.0,0.0
2020-07-29 00:00:00-04:00,28.287294827968598,28.42863230348796,27.99116417750212,28.354598999023438,962100,0.0,0.0
2020-07-30 00:00:00-04:00,28.065196383297316,28.300754554288833,27.91040064701839,28.294025421142578,632500,0.0,0.0
2020-07-31 00:00:00-04:00,28.199797905473307,28.36132275057065,27.957508070436166,28.219987869262695,697200,0.0,0.0
2020-08-03 00:00:00-04:00,28.267099606421993,28.374783692703193,28.152686387981838,28.17960548400879,406400,0.0,0.0
2020-08-04 00:00:00-04:00,28.24691887121991,28.83245112121362,28.24691887121991,28.744956970214844,1106000,0.0,0.0
2020-08-05 00:00:00-04:00,28.88628651789622,28.980512353093943,28.509393446671307,28.60361671447754,899500,0.0,0.0
2020-08-06 00:00:00-04:00,28.596888748279298,28.946860166585562,28.49593377585798,28.879558563232422,812400,0.0,0.0
2020-08-07 00:00:00-04:00,28.60361751313939,28.785334920721617,28.482472574751238,28.543045043945312,818600,0.0,0.0
2020-08-10 00:00:00-04:00,28.549772700415854,28.691110166151976,28.374787002568823,28.62380599975586,776100,0.0,0.0
2020-08-11 00:00:00-04:00,28.731493725710312,29.115118536727586,28.731493725710312,28.926671981811523,919100,0.0,0.0
2020-08-12 00:00:00-04:00,29.108384652198765,29.296831176358754,28.973778891773915,29.02762222290039,720000,0.0,0.0
2020-08-13 00:00:00-04:00,29.04781513900688,29.068005106534503,28.812256959879274,28.879558563232422,644800,0.0,0.0
2020-08-14 00:00:00-04:00,28.78533104680219,28.98050926209293,28.66418612471768,28.80552101135254,746800,0.0,0.0
2020-08-17 00:00:00-04:00,28.792067250264754,28.85937142761391,28.670922298428117,28.778606414794922,619700,0.0,0.0
2020-08-18 00:00:00-04:00,28.859363652074972,29.088192658625324,28.812252024319708,29.074731826782227,683500,0.0,0.0
2020-08-19 00:00:00-04:00,29.081461625608675,29.337212301707503,29.027620864393313,29.06800079345703,565900,0.0,0.0
2020-08-20 00:00:00-04:00,28.879554484403315,29.249718385348384,28.879554484403315,29.236257553100586,1676200,0.0,0.0
2020-08-21 00:00:00-04:00,29.18241779781838,29.357403488291414,28.960317909157773,29.33048439025879,618900,0.0,0.0
2020-08-24 00:00:00-04:00,29.42470438427196,29.49873767227085,29.22279448340551,29.364131927490234,689200,0.0,0.0
2020-08-25 00:00:00-04:00,29.478544235229492,29.485275934326584,29.229525283847323,29.478544235229492,515800,0.0,0.0
2020-08-26 00:00:00-04:00,29.43817070510183,29.48528233945174,29.263182434038004,29.45836067199707,548100,0.0,0.0
2020-08-27 00:00:00-04:00,29.5862337054339,29.808333603071382,29.471820473844723,29.606426239013672,852500,0.0,0.0
2020-08-28 00:00:00-04:00,29.6669975058842,29.714109136680452,29.23625856127496,29.33048439025879,645700,0.0,0.0
2020-08-31 00:00:00-04:00,29.35740773837037,29.370868573031075,28.94013213345534,28.946861267089844,679600,0.0,0.0
2020-09-01 00:00:00-04:00,28.926663686829443,28.953585349066493,28.63726223625868,28.677644729614258,959600,0.0,0.0
2020-09-02 00:00:00-04:00,28.697836646222477,29.559309357325365,28.697836646222477,29.4179744720459,1145600,0.0,0.0
2020-09-03 00:00:00-04:00,29.330489328992485,29.438173441429058,28.832448704353492,28.926671981811523,936600,0.0,0.0
2020-09-04 00:00:00-04:00,28.99396501493248,29.236252249265057,28.630530312347464,28.78532600402832,1109800,0.0,0.0
2020-09-08 00:00:00-04:00,28.610346831814073,28.987242483396173,28.455551091179885,28.711301803588867,1181700,0.0,0.0
2020-09-09 00:00:00-04:00,28.993971179442703,29.24299016531838,28.664187197560338,29.12857437133789,1410700,0.0,0.0
2020-09-10 00:00:00-04:00,29.276634738682535,29.276634738682535,28.74494351461084,28.78532600402832,1110900,0.0,0.0
2020-09-11 00:00:00-04:00,28.919941380738994,29.209342899615187,28.765145637427107,28.993974685668945,3575600,0.0,0.0
2020-09-14 00:00:00-04:00,29.118284536561234,29.28904622907231,28.90653909982551,28.92020034790039,3576800,0.632,0.0
2020-09-15 00:00:00-04:00,28.961181583188132,29.439312196304883,28.961181583188132,29.22073745727539,991300,0.0,0.0
2020-09-16 00:00:00-04:00,29.275389671963705,29.528116287803293,28.89288248142555,28.906543731689453,1309700,0.0,0.0
2020-09-17 00:00:00-04:00,28.763094828420694,29.15243121020098,28.64697554308093,29.12510871887207,846900,0.0,0.0
2020-09-18 00:00:00-04:00,29.152438253466954,29.15926757514106,28.653814391519067,28.674304962158203,1777900,0.0,0.0
2020-09-21 00:00:00-04:00,28.387428622149667,28.43524169420774,27.9912601901062,28.18934440612793,1503500,0.0,0.0
2020-09-22 00:00:00-04:00,28.319125359792665,28.715293833628895,28.243989779884604,28.59917449951172,1109800,0.0,0.0
2020-09-23 00:00:00-04:00,28.59234610645821,28.701633515619314,28.045909060652694,28.0595703125,988400,0.0,0.0
2020-09-24 00:00:00-04:00,27.929782822791644,28.223493150905128,27.847817937574334,28.155189514160156,894700,0.0,0.0
2020-09-25 00:00:00-04:00,28.05957009138746,28.31229673452774,27.875147101328118,28.298635482788086,957000,0.0,0.0
2020-09-28 00:00:00-04:00,28.442069409273493,28.66747611248248,28.435240087486946,28.612831115722656,777600,0.0,0.0
2020-09-29 00:00:00-04:00,28.551355679266123,28.633320565579716,28.271306595879317,28.44890022277832,957400,0.0,0.0
2020-09-30 00:00:00-04:00,28.476222976329968,28.544529226470033,28.264480114938312,28.32595443725586,832800,0.0,0.0
2020-10-01 00:00:00-04:00,28.278144497451958,28.455735556254577,28.189347665241993,28.380599975585938,628200,0.0,0.0
2020-10-02 00:00:00-04:00,28.134697524049283,28.48305286072946,28.08005513347439,28.435239791870117,714900,0.0,0.0
2020-10-05 00:00:00-04:00,28.61965996691958,28.68113427885834,28.34644022372142,28.578676223754883,650700,0.0,0.0
2020-10-06 00:00:00-04:00,28.585507500295353,28.612829997607573,28.257645349398988,28.353271484375,774700,0.0,0.0
2020-10-07 00:00:00-04:00,28.43523206736007,28.612823045506435,28.37375776615246,28.544519424438477,570200,0.0,0.0
2020-10-08 00:00:00-04:00,28.58550385453048,28.892875396049217,28.58550385453048,28.86555290222168,616400,0.0,0.0
2020-10-09 00:00:00-04:00,28.947522377507468,29.15243588409487,28.83140307355076,28.981674194335938,780600,0.0,0.0
2020-10-12 00:00:00-04:00,29.11144747320762,29.289041061229334,29.022653284812947,29.12510871887207,444200,0.0,0.0
2020-10-13 00:00:00-04:00,29.12511825744607,29.500793516596808,29.056814612370314,29.371015548706055,902700,0.0,0.0
2020-10-14 00:00:00-04:00,29.452969234263357,29.452969234263357,28.858719410298345,29.17292022705078,815100,0.0,0.0
2020-10-15 00:00:00-04:00,28.845062636509986,29.309534613972918,28.76309775978607,29.268550872802734,729700,0.0,0.0
2020-10-16 00:00:00-04:00,29.261714653503073,29.38466324241149,29.097782333086567,29.1046142578125,553300,0.0,0.0
2020-10-19 00:00:00-04:00,29.241233522644308,29.241233522644308,28.5445254959709,28.59233856201172,688200,0.0,0.0
2020-10-20 00:00:00-04:00,28.769927900514215,28.87238595355173,28.49671076844171,28.74943733215332,813800,0.0,0.0
2020-10-21 00:00:00-04:00,28.674303445850743,28.838235819145474,28.58550663508207,28.59233856201172,624500,0.0,0.0
2020-10-22 00:00:00-04:00,28.6538106889262,29.220738116825093,28.571845811344193,29.166095733642578,852200,0.0,0.0
2020-10-23 00:00:00-04:00,29.254899710571287,29.39150700483022,29.049983557948654,29.227577209472656,551400,0.0,0.0
2020-10-26 00:00:00-04:00,29.097790136150024,29.097790136150024,28.496710879870246,28.64015007019043,664400,0.0,0.0
2020-10-27 00:00:00-04:00,28.61282765298268,28.735776275196116,28.428404719662527,28.660640716552734,912700,0.0,0.0
2020-10-28 00:00:00-04:00,28.202997595154162,28.332775524273583,27.642899534888492,27.67021942138672,1240700,0.0,0.0
2020-10-29 00:00:00-04:00,27.581428763961846,27.85464590326043,27.390173900274583,27.738529205322266,991000,0.0,0.0
2020-10-30 00:00:00-04:00,27.581428642229547,27.663393523095706,27.2603958342136,27.47214126586914,1040700,0.0,0.0
2020-11-02 00:00:00-05:00,27.71120580915561,27.78634136684638,27.451647320482916,27.636070251464844,892600,0.0,0.0
2020-11-03 00:00:00-05:00,27.875143944313862,28.230328632466264,27.813669621256388,27.881973266601562,1212200,0.0,0.0
2020-11-04 00:00:00-05:00,28.080050303677517,28.489877282157487,27.800001260405715,28.1961669921875,957200,0.0,0.0
2020-11-05 00:00:00-05:00,28.469388909067266,28.68796366185109,27.840984540601333,27.847816467285156,1361900,0.0,0.0
2020-11-06 00:00:00-05:00,27.91611911761394,28.011745242888193,27.526782690073624,27.72486686706543,1191200,0.0,0.0
2020-11-09 00:00:00-05:00,28.510370476305084,29.145601511738523,28.510370476305084,28.79724884033203,1372500,0.0,0.0
2020-11-10 00:00:00-05:00,28.947520336296737,29.41199230813851,28.87238478120227,29.22073745727539,1084200,0.0,0.0
2020-11-11 00:00:00-05:00,29.391508707543924,29.55544111801557,29.254901405371033,29.466644287109375,829200,0.0,0.0
2020-11-12 00:00:00-05:00,29.275382799139326,29.4734669730372,29.118282366411634,29.268550872802734,926800,0.0,0.0
2020-11-13 00:00:00-05:00,29.336857327985694,29.405160958164863,29.036315101717825,29.049976348876953,766200,0.0,0.0
2020-11-16 00:00:00-05:00,29.330022551968746,29.507616142166402,29.248057682593945,29.39832878112793,810800,0.0,0.0
2020-11-17 00:00:00-05:00,29.35735044313432,29.68521258655124,29.295876128392603,29.596418380737305,761900,0.0,0.0
2020-11-18 00:00:00-05:00,29.698875280596038,29.81499459436812,29.39833561923818,29.562265396118164,964600,0.0,0.0
2020-11-19 00:00:00-05:00,29.562255770463597,29.719356174494393,29.425648536082715,29.67154312133789,667900,0.0,0.0
2020-11-20 00:00:00-05:00,29.657880784886157,29.719355080340694,29.480289823359648,29.52810287475586,637500,0.0,0.0
2020-11-23 00:00:00-05:00,29.596417405951584,29.67838228770205,29.364181402978087,29.473468780517578,738100,0.0,0.0
2020-11-24 00:00:00-05:00,29.705709813641686,29.97209767865136,29.514454916349393,29.903791427612305,913100,0.0,0.0
2020-11-25 00:00:00-05:00,30.040397887201276,30.040397887201276,29.685213239285446,29.821823120117188,915900,0.0,0.0
2020-11-27 00:00:00-05:00,29.931112356333944,30.190670885418722,29.87646996398905,30.047231674194336,585000,0.0,0.0
2020-11-30 00:00:00-05:00,30.054054681784223,30.101867742146844,29.610073286284045,29.616905212402344,1041100,0.0,0.0
2020-12-01 00:00:00-05:00,29.760343017401485,29.883291625682165,29.55542953880577,29.57592010498047,808000,0.0,0.0
2020-12-02 00:00:00-05:00,29.575922257939396,29.814990171717387,29.575922257939396,29.733022689819336,741700,0.0,0.0
2020-12-03 00:00:00-05:00,29.71252858102866,30.217984236694267,29.71252858102866,30.11552619934082,732000,0.0,0.0
2020-12-04 00:00:00-05:00,30.231643130117586,30.64147267735427,30.1974913192519,30.627811431884766,963500,0.0,0.0
2020-12-07 00:00:00-05:00,30.559515224290188,30.76442874481515,30.525360799522044,30.716615676879883,904300,0.0,0.0
2020-12-08 00:00:00-05:00,30.6346469789986,30.89420548444804,30.60049516119078,30.812240600585938,774800,0.0,0.0
2020-12-09 00:00:00-05:00,30.976171371598426,31.105951931334953,30.87371591485654,31.085458755493164,1139800,0.0,0.0
2020-12-10 00:00:00-05:00,30.982994448620072,31.399653294957574,30.866875170741352,31.3859920501709,4119400,0.0,0.0
2020-12-11 00:00:00-05:00,31.249393881192102,31.392833096610154,30.976174094628874,31.317697525024414,3806800,0.0,0.0
2020-12-14 00:00:00-05:00,31.540812009640483,31.561598166248704,30.68854522705078,30.68854522705078,3817600,0.652,0.0
2020-12-15 00:00:00-05:00,30.771688470358658,30.91026899709031,30.36287737026232,30.37673568725586,2013100,0.0,0.0
2020-12-16 00:00:00-05:00,30.390589091614565,30.598458526508125,30.21736412200272,30.328227996826172,1058000,0.0,0.0
2020-12-17 00:00:00-05:00,30.466812534610998,30.556887627627706,30.07185976306506,30.189651489257812,1064400,0.0,0.0
2020-12-18 00:00:00-05:00,30.203508571824194,30.231225203867822,29.947136333429423,30.06492805480957,1471700,0.0,0.0
2020-12-21 00:00:00-05:00,29.780837922293415,29.808554553162445,29.254235151798884,29.545251846313477,1234300,0.0,0.0
2020-12-22 00:00:00-05:00,29.469033653707886,29.469033653707886,29.21958925196081,29.330455780029297,885500,0.0,0.0
2020-12-23 00:00:00-05:00,29.55911036286148,29.669974243888486,29.441318645671785,29.46210479736328,850100,0.0,0.0
2020-12-24 00:00:00-05:00,29.44132203678232,29.635333190125316,29.378960931321537,29.628402709960938,425700,0.0,0.0
2020-12-28 00:00:00-05:00,29.83626816621244,29.850126480245244,29.455171138318242,29.55217933654785,571500,0.0,0.0
2020-12-29 00:00:00-05:00,29.656120166275755,29.82934517033485,29.559114586915275,29.57990074157715,845700,0.0,0.0
2020-12-30 00:00:00-05:00,29.57297827025868,29.843208902709936,29.57297827025868,29.64226722717285,736200,0.0,0.0
2020-12-31 00:00:00-05:00,29.614549895456236,29.780844430605647,29.58683325853001,29.6561222076416,732600,0.0,0.0
2021-01-04 00:00:00-05:00,29.919428582619645,29.947145222890637,29.59376466744627,29.794706344604492,1648100,0.0,0.0
2021-01-05 00:00:00-05:00,29.891715234515004,30.6054016192679,29.891715234515004,30.54304313659668,1787000,0.0,0.0
2021-01-06 00:00:00-05:00,30.480676431589455,30.605396017308017,30.36288204062733,30.508390426635742,1640300,0.0,0.0
2021-01-07 00:00:00-05:00,30.42524466644053,30.452961306067728,29.981789005222304,30.155014038085938,1527000,0.0,0.0
2021-01-08 00:00:00-05:00,30.238159052644896,30.39752575377797,29.974856282283973,30.16193962097168,1394500,0.0,0.0
2021-01-11 00:00:00-05:00,30.037213748800173,30.099574854125724,29.7392665392674,29.898635864257812,753800,0.0,0.0
2021-01-12 00:00:00-05:00,29.815488943372547,29.967927803458185,29.669980564129336,29.947141647338867,786400,0.0,0.0
2021-01-13 00:00:00-05:00,29.933280944824215,30.085717149565106,29.863989357938564,29.93328094482422,812200,0.0,0.0
2021-01-14 00:00:00-05:00,29.93328371308365,30.265875431281867,29.93328371308365,30.1203670501709,710100,0.0,0.0
2021-01-15 00:00:00-05:00,30.141150189040026,30.439097402364997,30.009500139767685,30.411380767822266,976900,0.0,0.0
2021-01-19 00:00:00-05:00,30.529177232551234,30.529177232551234,30.05800498589114,30.092649459838867,1003600,0.0,0.0
2021-01-20 00:00:00-05:00,30.148085106354408,30.258949027357982,30.009507187503225,30.217376708984375,716700,0.0,0.0
2021-01-21 00:00:00-05:00,30.23815700990662,30.43216817327454,30.099576474699305,30.141151428222656,872200,0.0,0.0
2021-01-22 00:00:00-05:00,30.071861817547248,30.078789654712754,29.79470075325867,29.815486907958984,752200,0.0,0.0
2021-01-25 00:00:00-05:00,29.79470209697397,30.22429938711231,29.704624350537184,30.016429901123047,1061600,0.0,0.0
2021-01-26 00:00:00-05:00,30.023358876886885,30.26587282451772,29.933281134965238,30.245086669921875,1064000,0.0,0.0
2021-01-27 00:00:00-05:00,30.085720728253335,30.210442956279408,29.753129001251832,29.836278915405273,1403800,0.0,0.0
2021-01-28 00:00:00-05:00,29.822417049010948,30.175794890914563,29.760055942415747,29.93328094482422,1909500,0.0,0.0
2021-01-29 00:00:00-05:00,29.877845834583876,29.974851407043637,29.365101339238382,29.37895965576172,1692400,0.0,0.0
2021-02-01 00:00:00-05:00,29.52446945091102,29.586830556698306,29.337386133549156,29.365102767944336,1229100,0.0,0.0
2021-02-02 00:00:00-05:00,29.455177169881697,29.85706042951753,29.455177169881697,29.829343795776367,859100,0.0,0.0
2021-02-03 00:00:00-05:00,29.891702229747388,29.926346697227075,29.635329998553573,29.718477249145508,867100,0.0,0.0
2021-02-04 00:00:00-05:00,29.82242359785237,30.33516823738325,29.82242359785237,30.30052375793457,1171900,0.0,0.0
2021-02-05 00:00:00-05:00,30.439099485724,30.439099485724,30.06493282339911,30.092649459838867,1378500,0.0,0.0
2021-02-08 00:00:00-05:00,30.217370034991553,30.31437561404389,30.161936765130914,30.245086669921875,1080300,0.0,0.0
2021-02-09 00:00:00-05:00,30.279726842698064,30.335157461484567,30.155004646424164,30.231224060058594,1142800,0.0,0.0
2021-02-10 00:00:00-05:00,30.34208631157951,30.349014147354545,30.1757891777427,30.328227996826172,999100,0.0,0.0
2021-02-11 00:00:00-05:00,30.39058818650563,30.473735429346064,30.168860443462346,30.196577072143555,953800,0.0,0.0
2021-02-12 00:00:00-05:00,29.974850867436736,30.28665637558972,29.94713687809257,30.258939743041992,626400,0.0,0.0
2021-02-16 00:00:00-05:00,30.35595703961594,30.46682095977432,30.245093119457557,30.30052375793457,754700,0.0,0.0
2021-02-17 00:00:00-05:00,30.189651696988552,30.563818317828854,30.134221073458676,30.50145721435547,1115900,0.0,0.0
2021-02-18 00:00:00-05:00,30.44603538513184,30.515326994579162,30.252024165088592,30.446035385131836,884300,0.0,0.0
2021-02-19 00:00:00-05:00,30.660821607709998,30.660821607709998,30.1203605133314,30.16886329650879,1108800,0.0,0.0
2021-02-22 00:00:00-05:00,30.245079850734076,30.27972431498399,30.106499350531223,30.196577072143555,1156600,0.0,0.0
2021-02-23 00:00:00-05:00,30.286658979113568,30.36980888390453,29.97485344415693,30.245086669921875,1473400,0.0,0.0
2021-02-24 00:00:00-05:00,30.155014878194674,30.48067879487655,30.044150959801485,30.342098236083984,1293300,0.0,0.0
2021-02-25 00:00:00-05:00,30.342090809296245,30.536101958195434,30.18272413081425,30.203510284423828,1190900,0.0,0.0
2021-02-26 00:00:00-05:00,30.203510976233,30.265872081693782,29.621474873000285,29.628402709960938,1662500,0.0,0.0
2021-03-01 00:00:00-05:00,29.960990042104523,30.245078868856258,29.884770637307188,30.113426208496094,1154300,0.0,0.0
2021-03-02 00:00:00-05:00,30.113437329129304,30.60539575951145,30.113437329129304,30.46681785583496,1875700,0.0,0.0
2021-03-03 00:00:00-05:00,30.418317794799805,30.5984706716932,30.18965947541524,30.418317794799805,1218600,0.0,0.0
2021-03-04 00:00:00-05:00,30.50838743413329,30.847909611387355,30.39059569792921,30.459884643554688,2260600,0.0,0.0
2021-03-05 00:00:00-05:00,30.591528601938624,31.256711805460508,30.56381197432444,31.180492401123047,2712100,0.0,0.0
2021-03-08 00:00:00-05:00,31.20821746516743,31.734820316176556,30.97955919034249,31.58238410949707,2034900,0.0,0.0
2021-03-09 00:00:00-05:00,31.84567966922755,31.93575739886906,31.596235275268555,31.596235275268555,1876200,0.0,0.0
2021-03-10 00:00:00-05:00,31.87340557900502,32.011986131902404,31.63089159383775,31.94962501525879,1336800,0.0,0.0
2021-03-11 00:00:00-05:00,32.04663192634498,32.15056800609052,31.845690248545893,31.859548568725586,3495700,0.0,0.0
2021-03-12 00:00:00-05:00,31.872207334211026,31.970708209458007,31.647061709661482,31.935529708862305,1306000,0.698,0.0
2021-03-15 00:00:00-04:00,32.0129179889447,32.12549078000948,31.400803605276643,31.534482955932617,2058300,0.0,0.0
2021-03-16 00:00:00-04:00,31.534491220323677,31.668170606013632,31.421918399756414,31.569669723510742,3010400,0.0,0.0
2021-03-17 00:00:00-04:00,31.611878181673475,32.02699086415945,31.379695283561446,31.970703125,3062900,0.0,0.0
2021-03-18 00:00:00-04:00,31.886277690764956,32.21696148465849,31.872205754434653,31.92849349975586,1366500,0.0,0.0
2021-03-19 00:00:00-04:00,31.970708052779372,32.06921161149117,31.654098865022128,31.9144229888916,1470600,0.0,0.0
2021-03-22 00:00:00-04:00,31.956633828733526,32.41396235334876,31.886276832922267,32.38581848144531,1488900,0.0,0.0
2021-03-23 00:00:00-04:00,32.287320436721444,32.39989325023049,32.146603748848236,32.19585418701172,4848200,0.0,0.0
2021-03-24 00:00:00-04:00,32.202894679242576,32.33657406975856,32.048106038894076,32.16067886352539,1115100,0.0,0.0
2021-03-25 00:00:00-04:00,32.16770725648082,32.223992311217856,32.03402521907953,32.09031295776367,995100,0.0,0.0
2021-03-26 00:00:00-04:00,32.07625119666078,32.24511178232331,31.984784934262404,32.18178939819336,922700,0.0,0.0
2021-03-29 00:00:00-04:00,32.146598221523774,32.30138681996452,32.03402542737062,32.27324295043945,3396700,0.0,0.0
2021-03-30 00:00:00-04:00,32.25214369262417,32.25214369262417,31.93553179864942,32.0692138671875,844000,0.0,0.0
2021-03-31 00:00:00-04:00,32.048105861913065,32.11846555438649,31.745565894146914,31.7596378326416,1741800,0.0,0.0
2021-04-01 00:00:00-04:00,31.865170358026656,32.08327865600586,31.66816593811167,32.08327865600586,975700,0.0,0.0
2021-04-05 00:00:00-04:00,32.08327997195083,32.45617958111692,32.08327997195083,32.266212463378906,896800,0.0,0.0
2021-04-06 00:00:00-04:00,32.33656579908509,32.39285353897805,32.202886442760075,32.287315368652344,684400,0.0,0.0
2021-04-07 00:00:00-04:00,32.3013958957563,32.32250246185689,32.139572626440014,32.315467834472656,851300,0.0,0.0
2021-04-08 00:00:00-04:00,32.44913670704517,32.45617401609594,32.174740700899186,32.34360122680664,1001000,0.0,0.0
2021-04-09 00:00:00-04:00,32.357673698181245,32.51949691772461,32.26620746663168,32.51949691772461,1402900,0.0,0.0
2021-04-12 00:00:00-04:00,32.54060870229075,32.603931075231486,32.385820083113956,32.44914245605469,925600,0.0,0.0
2021-04-13 00:00:00-04:00,32.36470645628272,32.688352876698296,32.34359989789163,32.625030517578125,1063500,0.0,0.0
2021-04-14 00:00:00-04:00,32.653184085196465,32.6742906498578,32.47025426225359,32.540611267089844,2053900,0.0,0.0
2021-04-15 00:00:00-04:00,32.58282565679674,32.709470407126965,32.561716409109984,32.66021728515625,802700,0.0,0.0
2021-04-16 00:00:00-04:00,32.79390413829292,32.80797607749127,32.596902357411984,32.6883659362793,2414000,0.0,0.0
2021-04-19 00:00:00-04:00,32.786855025686194,32.892393189713275,32.60392524984586,32.646141052246094,1407300,0.0,0.0
2021-04-20 00:00:00-04:00,32.56171594092126,32.7446484371891,32.519502814049865,32.59689712524414,1393600,0.0,0.0
2021-04-21 00:00:00-04:00,32.63207865581274,32.94869055648626,32.56171896458097,32.913509368896484,861000,0.0,0.0
2021-04-22 00:00:00-04:00,32.91350839454607,32.983868083694965,32.709472005883555,32.723541259765625,1041600,0.0,0.0
2021-04-23 00:00:00-04:00,32.70947011678213,32.82204292897113,32.54060955652486,32.77982711791992,5003800,0.0,0.0
2021-04-26 00:00:00-04:00,32.871290508746256,32.94164750376725,32.72353652488646,32.80796813964844,992900,0.0,0.0
2021-04-27 00:00:00-04:00,32.89239545770711,32.89239545770711,32.70946566925341,32.74464416503906,1030400,0.0,0.0
2021-04-28 00:00:00-04:00,32.76574857794804,33.03310995949856,32.75167664376675,32.96978759765625,1219100,0.0,0.0
2021-04-29 00:00:00-04:00,33.20901219610857,33.45526438695245,33.09643938258742,33.258262634277344,843200,0.0,0.0
2021-04-30 00:00:00-04:00,33.279380172742385,33.3989903362734,33.15273538027353,33.24420166015625,997900,0.0,0.0
2021-05-03 00:00:00-04:00,33.38490596260951,33.511550707918516,33.27233315388456,33.37786865234375,887400,0.0,0.0
2021-05-04 00:00:00-04:00,33.38491660743828,33.497489452057245,33.265306450309694,33.48341751098633,848100,0.0,0.0
2021-05-05 00:00:00-04:00,33.49044012159114,33.771873474121094,33.48340549555421,33.771873474121094,1012000,0.0,0.0
2021-05-06 00:00:00-04:00,33.80706371160831,34.09553179034492,33.757813260405584,34.088497161865234,920800,0.0,0.0
2021-05-07 00:00:00-04:00,34.0110915994786,34.34177539175709,34.0110915994786,34.27141571044922,942500,0.0,0.0
2021-05-10 00:00:00-04:00,34.46138733513409,34.77799923259623,34.46138733513409,34.580997467041016,1149900,0.0,0.0
2021-05-11 00:00:00-04:00,34.496558781312494,34.5387745869871,34.18698425820701,34.29252243041992,1385100,0.0,0.0
2021-05-12 00:00:00-04:00,34.28549016889863,34.36991910873163,34.03923797607422,34.03923797607422,1026500,0.0,0.0
2021-05-13 00:00:00-04:00,33.90555230841113,34.31363039478193,33.90555230841113,34.222164154052734,1032200,0.0,0.0
2021-05-14 00:00:00-04:00,34.42620419939367,34.468420008023905,34.306594083581714,34.412132263183594,1388000,0.0,0.0
2021-05-17 00:00:00-04:00,34.53878258791486,34.602104969121825,34.42620976398556,34.49656677246094,1572000,0.0,0.0
2021-05-18 00:00:00-04:00,34.42621388330673,34.69357537861079,34.24328134506516,34.65135955810547,2184800,0.0,0.0
2021-05-19 00:00:00-04:00,34.46138048778812,34.630241027531895,34.165877898170535,34.4754524230957,2674900,0.0,0.0
2021-05-20 00:00:00-04:00,34.5669176734396,34.96092111501086,34.496557998911044,34.91167068481445,1057600,0.0,0.0
2021-05-21 00:00:00-04:00,35.02424953038531,35.08053727973159,34.78503196355886,34.84835433959961,2719200,0.0,0.0
2021-05-24 00:00:00-04:00,34.89760273034651,35.00314091220349,34.76392335941546,34.8835334777832,655900,0.0,0.0
2021-05-25 00:00:00-04:00,34.86946154127244,34.97499703918197,34.64431592499517,34.8835334777832,1236200,0.0,0.0
2021-05-26 00:00:00-04:00,34.82021997854891,35.0101844599834,34.735788337968984,34.95389938354492,1099400,0.0,0.0
2021-05-27 00:00:00-04:00,35.010173156333394,35.242356067041655,34.87649379449812,34.97499465942383,1543100,0.0,0.0
2021-05-28 00:00:00-04:00,34.93277853295367,35.15088680540694,34.90463466426711,34.98202896118164,1013800,0.0,0.0
2021-06-01 00:00:00-04:00,35.17904472915193,35.42529696867675,35.15090084922106,35.23533248901367,1203900,0.0,0.0
2021-06-02 00:00:00-04:00,35.34084944358742,35.439350287641766,35.24234859953308,35.41120910644531,976100,0.0,0.0
2021-06-03 00:00:00-04:00,35.22124990845248,35.425286266440125,35.22124990845248,35.29160690307617,1077400,0.0,0.0
2021-06-04 00:00:00-04:00,35.39010672676403,35.60118038836556,35.38307210108778,35.566001892089844,793800,0.0,0.0
2021-06-07 00:00:00-04:00,35.713753229478385,35.777075596429206,35.580073869892075,35.72782516479492,818800,0.0,0.0
2021-06-08 00:00:00-04:00,35.73486802638418,35.80522502995069,35.62229521030917,35.65043640136719,790200,0.0,0.0
2021-06-09 00:00:00-04:00,35.72079562005601,35.79115262269911,35.55897236681879,35.58711624145508,801700,0.0,0.0
2021-06-10 00:00:00-04:00,35.650438321176274,35.8122642691995,35.615259817498625,35.70672607421875,677500,0.0,0.0
2021-06-11 00:00:00-04:00,35.70671828566667,35.79114721286648,35.62228935846686,35.685611724853516,3667900,0.0,0.0
2021-06-14 00:00:00-04:00,35.68562325356493,35.785542563059394,35.47864598527097,35.74272155761719,1624900,0.72,0.0
2021-06-15 00:00:00-04:00,35.79981525853873,36.01392844229354,35.65707222850324,35.94255828857422,1272500,0.0,0.0
2021-06-16 00:00:00-04:00,35.98537436014256,36.006787581401255,35.592833123288514,35.599971771240234,952700,0.0,0.0
2021-06-17 00:00:00-04:00,35.45008278767887,35.48577057487028,35.22883375362923,35.307342529296875,1763100,0.0,0.0
2021-06-18 00:00:00-04:00,35.1574610957216,35.1574610957216,34.779194508250676,34.97189712524414,2446900,0.0,0.0
2021-06-21 00:00:00-04:00,34.99331397754601,35.37871928155735,34.99331397754601,35.35017013549805,842700,0.0,0.0
2021-06-22 00:00:00-04:00,35.26453209107443,35.49291985756121,35.09323990491088,35.450096130371094,1660600,0.0,0.0
2021-06-23 00:00:00-04:00,35.507183341065335,35.507183341065335,35.19315094089704,35.200286865234375,872900,0.0,0.0
2021-06-24 00:00:00-04:00,35.200284034457844,35.314477872844414,35.0218559918166,35.1431884765625,716400,0.0,0.0
2021-06-25 00:00:00-04:00,35.07182229565215,35.25738901994246,35.07182229565215,35.22883987426758,643100,0.0,0.0
2021-06-28 00:00:00-04:00,35.15746928330782,35.25025265145221,35.0432754158211,35.12178421020508,1049100,0.0,0.0
2021-06-29 00:00:00-04:00,35.10038141665202,35.29308412082785,35.10038141665202,35.178890228271484,1463600,0.0,0.0
2021-06-30 00:00:00-04:00,35.23597193211321,35.27879564592547,35.0218588082441,35.200286865234375,1010700,0.0,0.0
2021-07-01 00:00:00-04:00,35.27879484048608,35.49290795946685,35.23597112765152,35.357303619384766,515700,0.0,0.0
2021-07-02 00:00:00-04:00,35.36444246708979,35.500049540978345,35.17887847465841,35.471500396728516,658600,0.0,0.0
2021-07-06 00:00:00-04:00,35.42155021615259,35.42155021615259,35.0718299121778,35.24312210083008,622900,0.0,0.0
2021-07-07 00:00:00-04:00,35.32162134837371,35.44295112711194,35.250248488001596,35.40012741088867,806700,0.0,0.0
2021-07-08 00:00:00-04:00,35.1860113336859,35.39298852756897,35.02185785244636,35.27165603637695,927400,0.0,0.0
2021-07-09 00:00:00-04:00,35.33589615406779,35.57142252910564,35.3287602287317,35.54287338256836,736100,0.0,0.0
2021-07-12 00:00:00-04:00,35.56428525387917,35.66420454037061,35.45722731972614,35.550010681152344,728700,0.0,0.0
2021-07-13 00:00:00-04:00,35.55001451874982,35.728442613201814,35.41440742450445,35.56428909301758,1036200,0.0,0.0
2021-07-14 00:00:00-04:00,35.65706349561483,35.77125734715626,35.45008628888468,35.585693359375,938900,0.0,0.0
2021-07-15 00:00:00-04:00,35.27880098809113,35.35730978067058,35.12178340293222,35.29307556152344,1361800,0.0,0.0
2021-07-16 00:00:00-04:00,35.335894115224534,35.50005033704401,35.20742840841204,35.300209045410156,803400,0.0,0.0
2021-07-19 00:00:00-04:00,34.90053349560699,34.92907991919981,34.34383603530229,34.62932205200195,1100400,0.0,0.0
2021-07-20 00:00:00-04:00,34.67215157061439,34.90053933313611,34.49372346098199,34.85771560668945,916300,0.0,0.0
2021-07-21 00:00:00-04:00,34.97189616875413,35.15032421043145,34.92907245861707,35.04326629638672,998900,0.0,0.0
2021-07-22 00:00:00-04:00,35.11464018743367,35.150325252307695,34.786333234439205,35.01472091674805,789200,0.0,0.0
2021-07-23 00:00:00-04:00,35.06467735205406,35.25024130602177,34.98616858293845,35.193145751953125,638200,0.0,0.0
2021-07-26 00:00:00-04:00,35.15745796774008,35.22169216768961,35.036128213721895,35.193145751953125,952600,0.0,0.0
2021-07-27 00:00:00-04:00,35.128916705621506,35.41439996303818,35.00044828687537,35.186012268066406,692000,0.0,0.0
2021-07-28 00:00:00-04:00,35.17887776806792,35.271658401121925,35.06468391595852,35.22169876098633,898400,0.0,0.0
2021-07-29 00:00:00-04:00,35.34303184518722,35.4929107680743,35.30020812896395,35.40012741088867,1234300,0.0,0.0
2021-07-30 00:00:00-04:00,35.44295178196233,35.82835706730384,35.38585621520597,35.62137985229492,1520100,0.0,0.0
2021-08-02 00:00:00-04:00,35.66419922781129,35.749843928818215,35.31447905458941,35.48577117919922,598600,0.0,0.0
2021-08-03 00:00:00-04:00,35.50005007131497,35.74984828074209,35.47863685150959,35.62137985229492,931900,0.0,0.0
2021-08-04 00:00:00-04:00,35.67133515181355,35.771254423420956,35.478632532601,35.48577117919922,877500,0.0,0.0
2021-08-05 00:00:00-04:00,35.7070196395627,36.327951198960086,35.7070196395627,36.056739807128906,1588200,0.0,0.0
2021-08-06 00:00:00-04:00,36.17807776844611,36.35650585460009,36.113843548526816,36.22090148925781,1489300,0.0,0.0
2021-08-09 00:00:00-04:00,36.29940433254418,36.36363854193413,35.878314009342496,35.949684143066406,1183300,0.0,0.0
2021-08-10 00:00:00-04:00,35.97109428858852,36.2494415979697,35.949681072223605,36.19948196411133,1312500,0.0,0.0
2021-08-11 00:00:00-04:00,36.33510070926997,36.40647086520895,36.23518140191663,36.327964782714844,1023100,0.0,0.0
2021-08-12 00:00:00-04:00,36.32795471262998,36.41359942053549,36.22803271037802,36.33509063720703,755200,0.0,0.0
2021-08-13 00:00:00-04:00,36.320820396661674,36.527797627828214,36.263724825448165,36.4849739074707,572900,0.0,0.0
2021-08-16 00:00:00-04:00,36.3921909763401,36.58489089934467,36.32081811356404,36.577754974365234,770500,0.0,0.0
2021-08-17 00:00:00-04:00,36.435006802346294,36.60629892611119,36.37077259625895,36.570613861083984,1474100,0.0,0.0
2021-08-18 00:00:00-04:00,36.577750640582984,36.67766991403458,36.392186664543736,36.44214630126953,1868400,0.0,0.0
2021-08-19 00:00:00-04:00,36.163797396867324,36.163797396867324,35.864039567033764,36.02105712890625,1874500,0.0,0.0
2021-08-20 00:00:00-04:00,36.00678456315438,36.242308196485595,35.82835649566858,36.235172271728516,896900,0.0,0.0
2021-08-23 00:00:00-04:00,36.4421482383079,36.634850871320005,36.30654116919041,36.61343765258789,1099800,0.0,0.0
2021-08-24 00:00:00-04:00,36.620572619182234,36.791862016246945,36.47782963989772,36.68480682373047,1052300,0.0,0.0
2021-08-25 00:00:00-04:00,36.61344153937494,36.706224903473995,36.56348189469001,36.65626525878906,681600,0.0,0.0
2021-08-26 00:00:00-04:00,36.61344475083922,36.66340439990624,36.44929122924805,36.44929122924805,643900,0.0,0.0
2021-08-27 00:00:00-04:00,36.506392984666284,36.80615090746127,36.43502010595538,36.75619125366211,683800,0.0,0.0
2021-08-30 00:00:00-04:00,36.756179441893224,37.10589962870011,36.756179441893224,37.005977630615234,1673500,0.0,0.0
2021-08-31 00:00:00-04:00,37.04880196195277,37.612635280295436,36.94888268479758,37.19868087768555,1947300,0.0,0.0
2021-09-01 00:00:00-04:00,37.39139024202619,37.41993938995416,37.22010079965158,37.298606872558594,592400,0.0,0.0
2021-09-02 00:00:00-04:00,37.377112470012335,37.51271954976911,37.32715282671132,37.50558090209961,624800,0.0,0.0
2021-09-03 00:00:00-04:00,37.541266993617896,37.5840907130104,37.42707313116767,37.46276092529297,596400,0.0,0.0
2021-09-07 00:00:00-04:00,37.32714690271193,37.44847939047002,37.19154256707259,37.2343635559082,626100,0.0,0.0
2021-09-08 00:00:00-04:00,37.162994747471494,37.74823854486505,37.162994747471494,37.662593841552734,1111200,0.0,0.0
2021-09-09 00:00:00-04:00,37.584096417195795,37.76252452451681,37.455627962116914,37.619781494140625,3148300,0.0,0.0
2021-09-10 00:00:00-04:00,37.78392052296816,37.82674423242237,37.46988815475801,37.47702407836914,867500,0.0,0.0
2021-09-13 00:00:00-04:00,37.66973210575518,37.80533917723584,37.49844268849021,37.59836196899414,1637000,0.0,0.0
2021-09-14 00:00:00-04:00,37.72998588499676,37.75168413087835,37.08632735350997,37.100791931152344,3296400,0.692,0.0
2021-09-15 00:00:00-04:00,37.11525626100828,37.187576389901196,36.71025636623414,37.12248992919922,1729500,0.0,0.0
2021-09-16 00:00:00-04:00,37.0212331164354,37.15864520599781,36.73918078772311,37.057395935058594,806100,0.0,0.0
2021-09-17 00:00:00-04:00,36.81873509528718,37.028467307390784,36.616236550544805,36.68855667114258,956700,0.0,0.0
2021-09-20 00:00:00-04:00,36.31971786506932,36.543911883255525,36.05936102951769,36.3486442565918,1237100,0.0,0.0
2021-09-21 00:00:00-04:00,36.50776100262287,36.84767170769358,36.486065513817955,36.637939453125,1228000,0.0,0.0
2021-09-22 00:00:00-04:00,36.6885627470871,36.9706151264988,36.630707192794645,36.731956481933594,974400,0.0,0.0
2021-09-23 00:00:00-04:00,36.88382858002789,37.26713022950259,36.88382858002789,37.050167083740234,571300,0.0,0.0
2021-09-24 00:00:00-04:00,36.91998593228246,37.01400430011255,36.76811201728945,36.97784423828125,663200,0.0,0.0
2021-09-27 00:00:00-04:00,36.98508243099253,37.02124249994524,36.73195918948716,36.80427932739258,899100,0.0,0.0
2021-09-28 00:00:00-04:00,36.61624030160267,36.65963127487211,36.08106197431258,36.1678466796875,1367400,0.0,0.0
2021-09-29 00:00:00-04:00,36.12445370025071,36.21123840080605,35.79900762462332,35.849632263183594,960200,0.0,0.0
2021-09-30 00:00:00-04:00,35.99427398063959,36.41373565066134,35.86409555505179,36.20400619506836,1790600,0.0,0.0
2021-10-01 00:00:00-04:00,36.22570855999922,36.32695785272297,35.972585328189844,36.18954849243164,871600,0.0,0.0
2021-10-04 00:00:00-04:00,36.254636613434585,36.44990428295612,36.1172244984919,36.26186752319336,696900,0.0,0.0
2021-10-05 00:00:00-04:00,36.28355940207833,36.464362475261105,36.09552541985606,36.3124885559082,741100,0.0,0.0
2021-10-06 00:00:00-04:00,36.16784759552763,36.32695519177393,35.943653537729055,36.305259704589844,949500,0.0,0.0
2021-10-07 00:00:00-04:00,36.39204463705795,36.66686609804459,36.37034914973978,36.616241455078125,815100,0.0,0.0
2021-10-08 00:00:00-04:00,36.73195094490347,36.76088009710698,36.50775415357998,36.65239715576172,800400,0.0,0.0
2021-10-11 00:00:00-04:00,36.6596316743152,36.869363910189534,36.59454245486579,36.601776123046875,455000,0.0,0.0
2021-10-12 00:00:00-04:00,36.67409145919314,36.688556034828984,36.37757455574774,36.53668212890625,980200,0.0,0.0
2021-10-13 00:00:00-04:00,36.58731082144669,36.8476676940918,36.522221603285416,36.8476676940918,910900,0.0,0.0
2021-10-14 00:00:00-04:00,37.10078849991865,37.520252936245186,37.09355759118426,37.27436065673828,934100,0.0,0.0
2021-10-15 00:00:00-04:00,37.29605496217699,37.50578717370684,37.115251902341406,37.15864562988281,993600,0.0,0.0
2021-10-18 00:00:00-04:00,37.02124003188902,37.06463376704124,36.81874145218449,36.97061538696289,920000,0.0,0.0
2021-10-19 00:00:00-04:00,37.07910211733962,37.1369576779251,36.8332097774692,37.04294204711914,576000,0.0,0.0
2021-10-20 00:00:00-04:00,37.04293768184348,37.19481161417406,37.00677485704804,37.079097747802734,882500,0.0,0.0
2021-10-21 00:00:00-04:00,37.07909444322591,37.10802359694956,36.76811293778662,36.78257751464844,735500,0.0,0.0
2021-10-22 00:00:00-04:00,36.8693656465611,37.02123957948357,36.79704551436074,36.941688537597656,629400,0.0,0.0
2021-10-25 00:00:00-04:00,36.956145274354036,37.136948338825114,36.67409293519289,36.891056060791016,1083700,0.0,0.0
2021-10-26 00:00:00-04:00,36.948914876077914,37.129717943046614,36.83320102357138,36.92721939086914,663700,0.0,0.0
2021-10-27 00:00:00-04:00,37.0140087155544,37.06463335992447,36.8042764695434,36.86936569213867,827400,0.0,0.0
2021-10-28 00:00:00-04:00,37.01400629492993,37.339452386622895,36.977846231149826,37.296058654785156,974100,0.0,0.0
2021-10-29 00:00:00-04:00,37.14418201951697,37.303289599135375,37.04293274479101,37.22373580932617,856800,0.0,0.0
2021-11-01 00:00:00-04:00,37.33945850542217,37.54195710284291,37.252671027524876,37.52749252319336,918100,0.0,0.0
2021-11-02 00:00:00-04:00,37.47686329229393,37.607041734389085,37.223740076462306,37.25266647338867,904600,0.0,0.0
2021-11-03 00:00:00-04:00,37.187582008783785,37.34668962699197,37.10079728923227,37.3177604675293,814800,0.0,0.0
2021-11-04 00:00:00-04:00,37.39730583684504,37.484093295646936,37.194807283979024,37.3756103515625,1221200,0.0,0.0
2021-11-05 00:00:00-04:00,37.46240307816776,37.62151069455886,36.746424322080735,36.76811981201172,1463300,0.0,0.0
2021-11-08 00:00:00-05:00,36.74641632390044,36.94168396728694,36.609004227349274,36.92721939086914,1201400,0.0,0.0
2021-11-09 00:00:00-05:00,36.91275489586224,37.18034266309205,36.876594834155924,37.11525344848633,693900,0.0,0.0
2021-11-10 00:00:00-05:00,37.08632278442383,37.39007335981884,37.02123357247031,37.08632278442383,811500,0.0,0.0
2021-11-11 00:00:00-05:00,36.96338694138819,37.100796306943046,36.674100872093696,36.80427932739258,687400,0.0,0.0
2021-11-12 00:00:00-05:00,36.883827001944574,36.956147127825766,36.70302392840563,36.83320236206055,684900,0.0,0.0
2021-11-15 00:00:00-05:00,36.94169369222281,37.12972771748262,36.77535239904655,37.1080322265625,994400,0.0,0.0
2021-11-16 00:00:00-05:00,37.12248707115162,37.22373634734098,36.8259673925458,36.854896545410156,891100,0.0,0.0
2021-11-17 00:00:00-05:00,36.71026133716148,36.9055290222168,36.65240577798015,36.9055290222168,779400,0.0,0.0
2021-11-18 00:00:00-05:00,36.83320102357138,36.94168396728694,36.74641632390044,36.92721939086914,628400,0.0,0.0
2021-11-19 00:00:00-05:00,36.999542236328125,36.999542236328125,36.73195445000097,36.999542236328125,991200,0.0,0.0
2021-11-22 00:00:00-05:00,36.948916426666344,37.180344141391444,36.87659630037824,36.883827209472656,1040000,0.0,0.0
2021-11-23 00:00:00-05:00,36.789805666460964,37.057396180096255,36.688556394852256,37.03569793701172,1242500,0.0,0.0
2021-11-24 00:00:00-05:00,36.90552522398395,37.17311577902168,36.76811587108827,37.1658821105957,682400,0.0,0.0
2021-11-26 00:00:00-05:00,36.695796810986515,36.94168912676002,36.39204618146101,36.57284927368164,834500,0.0,0.0
2021-11-29 00:00:00-05:00,36.71748959917582,36.83320345933446,36.609006648286325,36.76088333129883,753000,0.0,0.0
2021-11-30 00:00:00-05:00,36.67409588054576,36.73918509933619,36.290794235910994,36.42820358276367,1157600,0.0,0.0
2021-12-01 00:00:00-05:00,36.60178378164022,37.05740841312145,36.33419593850722,36.341426849365234,958000,0.0,0.0
2021-12-02 00:00:00-05:00,36.269104466253346,37.129726264729946,36.269104466253346,37.006778717041016,1148100,0.0,0.0
2021-12-03 00:00:00-05:00,37.07186483274849,37.223741527001955,36.97784921111092,37.093563079833984,877800,0.0,0.0
2021-12-06 00:00:00-05:00,37.3105321407999,37.5564244955874,37.25990748765277,37.53472900390625,1132700,0.0,0.0
2021-12-07 00:00:00-05:00,37.76615238136334,37.96865097037772,37.64320483886435,37.831241607666016,977300,0.0,0.0
2021-12-08 00:00:00-05:00,37.81676575684581,37.88185496374781,37.40453503274498,37.54917526245117,946700,0.0,0.0
2021-12-09 00:00:00-05:00,37.41900849682846,37.440703984671316,37.17311618554344,37.26713180541992,795900,0.0,0.0
2021-12-10 00:00:00-05:00,37.375614920056,37.41900865476105,37.245436474777065,37.390079498291016,711100,0.0,0.0
2021-12-13 00:00:00-05:00,37.33221657756011,37.3394502452029,36.97784411046796,37.11525344848633,3393500,0.0,0.0
2021-12-14 00:00:00-05:00,36.9122268241822,37.24939104855039,36.582391041192516,36.78029251098633,1859700,0.683,0.0
2021-12-15 00:00:00-05:00,36.663015294195304,37.08080632453871,36.663015294195304,37.05148696899414,1079500,0.0,0.0
2021-12-16 00:00:00-05:00,37.16876321879601,37.476610873366674,37.08813638555017,37.35200500488281,1538600,0.0,0.0
2021-12-17 00:00:00-05:00,36.956198504037246,37.61586998861106,36.8682432381099,37.366661071777344,1364600,0.0,0.0
2021-12-20 00:00:00-05:00,37.073474896739626,37.30069289378445,36.76562728041957,37.22006607055664,1553500,0.0,0.0
2021-12-21 00:00:00-05:00,37.388649393883405,37.50592401444423,37.22739853814196,37.38132095336914,1704000,0.0,0.0
2021-12-22 00:00:00-05:00,37.359337448343716,37.61587483872903,37.26405093360866,37.58655548095703,735800,0.0,0.0
2021-12-23 00:00:00-05:00,37.615863592960324,37.74046942821478,37.476600879249595,37.60120391845703,691800,0.0,0.0
2021-12-27 00:00:00-05:00,37.63786096921534,37.96036829556141,37.461950423979026,37.938377380371094,434500,0.0,0.0
2021-12-28 00:00:00-05:00,37.9310485323714,38.03366348199956,37.76979487092848,37.87240982055664,552200,0.0,0.0
2021-12-29 00:00:00-05:00,37.76246643066406,37.79911422752512,37.60854400621902,37.76246643066406,656400,0.0,0.0
2021-12-30 00:00:00-05:00,37.74780756365176,37.9676971455897,37.65252105292782,37.89440155029297,697700,0.0,0.0
2021-12-31 00:00:00-05:00,37.93105075922297,38.26088654242578,37.93105075922297,38.143611907958984,712800,0.0,0.0
2022-01-03 00:00:00-05:00,38.15093633250746,38.31218998643918,38.0776407422008,38.20224380493164,516300,0.0,0.0
2022-01-04 00:00:00-05:00,38.28286980251057,38.33417727382318,37.98235341508777,37.997013092041016,911100,0.0,0.0
2022-01-05 00:00:00-05:00,38.01167235657087,38.30485750431227,37.76979188353795,37.93104553222656,1078100,0.0,0.0
2022-01-06 00:00:00-05:00,38.01900543260716,38.194918779539094,37.87974268015322,38.026336669921875,910900,0.0,0.0
2022-01-07 00:00:00-05:00,37.99702231023397,38.238900048524066,37.8870761044351,38.2242431640625,964900,0.0,0.0
2022-01-10 00:00:00-05:00,38.172930046387684,38.172930046387684,37.87241083436393,38.019004821777344,719800,0.0,0.0
2022-01-11 00:00:00-05:00,38.048321997450266,38.27554280471861,37.83576086768772,38.24622344970703,640000,0.0,0.0
2022-01-12 00:00:00-05:00,38.34151477478076,38.50276565551758,38.29753573673548,38.50276565551758,1157900,0.0,0.0
2022-01-13 00:00:00-05:00,38.67134937309429,38.94254925818296,38.63470157123173,38.76663589477539,985100,0.0,0.0
2022-01-14 00:00:00-05:00,38.751972807265,38.898566797872924,38.64202941134491,38.79595184326172,879700,0.0,0.0
2022-01-18 00:00:00-05:00,39.074481153919294,39.09646927446103,38.70799756596823,39.01584243774414,978200,0.0,0.0
2022-01-19 00:00:00-05:00,39.140451347704136,39.14777978977055,38.73731713284868,38.84726333618164,1013900,0.0,0.0
2022-01-20 00:00:00-05:00,38.84726092595513,39.045162402047076,38.48077733231405,38.48810577392578,932500,0.0,0.0
2022-01-21 00:00:00-05:00,38.35617223980928,38.42213659899714,38.026336463631104,38.0849723815918,1962200,0.0,0.0
2022-01-24 00:00:00-05:00,37.65252385344497,37.80644908869313,37.11012969739241,37.67451477050781,1733400,0.0,0.0
2022-01-25 00:00:00-05:00,37.432631670559836,38.18025848997294,37.22740176579662,37.945709228515625,1375800,0.0,0.0
2022-01-26 00:00:00-05:00,38.15827726725551,38.42214313705066,37.60855181209783,37.74048614501953,1851000,0.0,0.0
2022-01-27 00:00:00-05:00,37.84308882115587,38.1949126626274,37.674506738537055,37.718482971191406,1550300,0.0,0.0
2022-01-28 00:00:00-05:00,37.593885932609346,38.1582709757077,37.5205875397115,38.13628005981445,970200,0.0,0.0
2022-01-31 00:00:00-05:00,38.01167778645199,38.43679729002097,38.01167778645199,38.30486297607422,1152300,0.0,0.0
2022-02-01 00:00:00-05:00,38.28287526654053,38.30486338708497,38.040997552408044,38.260887145996094,1499800,0.0,0.0
2022-02-02 00:00:00-05:00,38.334176765075284,38.71531997265888,38.334176765075284,38.67134094238281,1275500,0.0,0.0
2022-02-03 00:00:00-05:00,38.54674329151882,39.11112834368939,38.52475517131992,38.97186279296875,1446700,0.0,0.0
2022-02-04 00:00:00-05:00,38.82527280977277,39.19175640345823,38.700666933974794,39.02317428588867,1098700,0.0,0.0
2022-02-07 00:00:00-05:00,39.250390079644134,39.250390079644134,38.7373125186195,38.78861999511719,1445400,0.0,0.0
2022-02-08 00:00:00-05:00,38.83992519232684,38.83992519232684,38.42213140165076,38.444122314453125,1222800,0.0,0.0
2022-02-09 00:00:00-05:00,38.59072133208846,38.65668848703066,38.50276326146701,38.64202880859375,1426500,0.0,0.0
2022-02-10 00:00:00-05:00,38.4954329907499,38.72998224249777,38.231564383521636,38.29020309448242,819200,0.0,0.0
2022-02-11 00:00:00-05:00,38.25355209586951,38.60537596975507,38.20957585916357,38.33417892456055,925500,0.0,0.0
2022-02-14 00:00:00-05:00,38.20957966736048,38.33418274517614,37.87241264140773,38.260887145996094,2081500,0.0,0.0
2022-02-15 00:00:00-05:00,38.42946583924783,38.46611363557479,38.2388928246714,38.32685089111328,1049100,0.0,0.0
2022-02-16 00:00:00-05:00,38.326855102844966,38.55407314266967,38.23889702673739,38.42947006225586,1188000,0.0,0.0
2022-02-17 00:00:00-05:00,38.31952466609444,38.68600826939235,38.26821718531657,38.524757385253906,876400,0.0,0.0
2022-02-18 00:00:00-05:00,38.53208784445651,38.7886252617772,38.29021010756102,38.31952667236328,979500,0.0,0.0
2022-02-22 00:00:00-05:00,38.18025909555316,38.33418152656695,37.87241143747779,38.13628005981445,2085600,0.0,0.0
2022-02-23 00:00:00-05:00,38.34883632756142,38.458782504900256,37.87240662048975,37.916385650634766,1043300,0.0,0.0
2022-02-24 00:00:00-05:00,37.27138350326738,38.348846254322936,37.146780413006944,38.2242431640625,2411000,0.0,0.0
2022-02-25 00:00:00-05:00,38.385489029714485,38.81061132066816,38.23156659859587,38.74464416503906,2801800,0.0,0.0
2022-02-28 00:00:00-05:00,38.517425334866005,38.81061332973866,38.34151477478076,38.50276565551758,1976800,0.0,0.0
2022-03-01 00:00:00-05:00,38.502762654364474,38.81793874566894,38.407478940098635,38.5614013671875,1782600,0.0,0.0
2022-03-02 00:00:00-05:00,38.72998529976222,39.59488678237387,38.72998529976222,39.5582389831543,1701200,0.0,0.0
2022-03-03 00:00:00-05:00,39.5728935078381,40.22523375554447,39.521583240356236,40.10062789916992,2436300,0.0,0.0
2022-03-04 00:00:00-05:00,39.7268135143881,41.01683425462755,39.690165722162895,40.980186462402344,1877700,0.0,0.0
2022-03-07 00:00:00-05:00,40.78229141501919,41.288040533480526,40.64302866433805,40.7089958190918,2016500,0.0,0.0
2022-03-08 00:00:00-05:00,40.62103395461807,40.738311370824306,39.294365338331254,39.32368469238281,2716300,0.0,0.0
2022-03-09 00:00:00-05:00,39.521592192938414,39.86608769007495,39.12579200879325,39.59489059448242,3154700,0.0,0.0
2022-03-10 00:00:00-05:00,39.49960105937455,39.91006368858634,39.3383473843185,39.80011749267578,1184000,0.0,0.0
2022-03-11 00:00:00-05:00,39.99069032051902,40.62837098379734,39.917391924939515,40.46711730957031,4237400,0.0,0.0
2022-03-14 00:00:00-04:00,40.030426310557694,40.438899470237374,39.33973414671312,39.399147033691406,3531800,0.722,0.0
2022-03-15 00:00:00-04:00,39.45856275376716,39.525404022303654,39.05008959408749,39.399147033691406,1237400,0.0,0.0
2022-03-16 00:00:00-04:00,39.37686769755165,39.844756578998414,39.21347729985017,39.82990264892578,1139300,0.0,0.0
2022-03-17 00:00:00-04:00,40.00070927824875,40.186379111264685,39.88930624520046,40.13439178466797,1228500,0.0,0.0
2022-03-18 00:00:00-04:00,40.09725750201865,40.164098753756875,39.69620999158929,40.037841796875,1466900,0.0,0.0
2022-03-21 00:00:00-04:00,40.186379111264685,40.386902870893515,40.052696604845465,40.13439178466797,1002700,0.0,0.0
2022-03-22 00:00:00-04:00,40.21608377143995,40.22350931760842,39.93386485439605,40.082401275634766,980400,0.0,0.0
2022-03-23 00:00:00-04:00,40.13438985927096,40.18637718337365,39.9709995074644,39.97842788696289,765300,0.0,0.0
2022-03-24 00:00:00-04:00,40.08983167148615,40.2309397305297,39.941295232278925,40.14181900024414,766800,0.0,0.0
2022-03-25 00:00:00-04:00,40.34234378067679,40.54286755367453,40.16410231563236,40.48345184326172,1446500,0.0,0.0
2022-03-28 00:00:00-04:00,40.401761999153486,40.58000347526281,40.06012730926579,40.55772399902344,966000,0.0,0.0
2022-03-29 00:00:00-04:00,40.587428673925736,40.78052406342124,40.36462259661183,40.505733489990234,1539100,0.0,0.0
2022-03-30 00:00:00-04:00,40.58000422834685,40.780528017514044,40.52059134624022,40.75082015991211,1077200,0.0,0.0
2022-03-31 00:00:00-04:00,40.78795539440425,41.36724731122996,40.70626303198149,41.189002990722656,1236200,0.0,0.0
2022-04-01 00:00:00-04:00,41.26326888131878,41.69402146425685,41.070170648924694,41.68659591674805,1202000,0.0,0.0
2022-04-04 00:00:00-04:00,41.68659159747408,41.72372499736479,41.43408051188172,41.67173767089844,1029200,0.0,0.0
2022-04-05 00:00:00-04:00,41.8574077657047,42.72634122759818,41.849979385821925,42.4144172668457,1600400,0.0,0.0
2022-04-06 00:00:00-04:00,42.295591827781756,42.90458870094353,42.206471094247526,42.748626708984375,1451300,0.0,0.0
2022-04-07 00:00:00-04:00,42.71892213643874,43.11996971780928,42.52582389366156,43.04570007324219,1529800,0.0,0.0
2022-04-08 00:00:00-04:00,42.9862796972119,43.43188615454623,42.860022740005896,43.261070251464844,1205300,0.0,0.0
2022-04-11 00:00:00-04:00,43.194226183266444,43.454162794247324,42.86001994550776,43.0085563659668,1354900,0.0,0.0
2022-04-12 00:00:00-04:00,43.21652025153768,43.29078990340076,42.77091367274934,42.81547546386719,1359300,0.0,0.0
2022-04-13 00:00:00-04:00,42.69663772072694,43.13481865714626,42.67435541338567,43.053123474121094,1012100,0.0,0.0
2022-04-14 00:00:00-04:00,43.14967597099426,43.47645675019828,43.03084736940116,43.22394561767578,1020100,0.0,0.0
2022-04-18 00:00:00-04:00,43.11253701167193,43.61013366451122,42.98628287821982,43.03084182739258,939100,0.0,0.0
2022-04-19 00:00:00-04:00,42.978860812751805,43.194238542388376,42.88231451996083,43.10511779785156,725300,0.0,0.0
2022-04-20 00:00:00-04:00,43.39475818242766,44.0705963326629,43.231367805525586,43.83293914794922,1165900,0.0,0.0
2022-04-21 00:00:00-04:00,43.83293379429609,43.98147022487452,43.149667346874004,43.19422912597656,1065700,0.0,0.0
2022-04-22 00:00:00-04:00,42.8971679892075,42.8971679892075,42.11735505690805,42.25103759765625,1404000,0.0,0.0
2022-04-25 00:00:00-04:00,41.998524114179425,42.10249878829873,41.09245707321307,41.76829528808594,1487100,0.0,0.0
2022-04-26 00:00:00-04:00,41.37467494734297,41.76829701534024,40.93649392179328,40.96620178222656,1424700,0.0,0.0
2022-04-27 00:00:00-04:00,40.84736992282408,41.0776015732132,40.57257931842869,40.69883346557617,1415800,0.0,0.0
2022-04-28 00:00:00-04:00,40.57257118066651,40.84736172994634,40.446314225745475,40.654266357421875,4900000,0.0,0.0
2022-04-29 00:00:00-04:00,40.646839129067274,40.683972528708686,39.42141994231994,39.488258361816406,3470000,0.0,0.0
2022-05-02 00:00:00-04:00,39.540253755893595,39.61452056500884,38.77529202314013,39.317447662353516,3410300,0.0,0.0
2022-05-03 00:00:00-04:00,39.421427639968854,39.95615493203197,39.30259620495778,39.703643798828125,1633800,0.0,0.0
2022-05-04 00:00:00-04:00,39.748199203709795,40.57999928352538,39.540249892030126,40.47602462768555,1814700,0.0,0.0
2022-05-05 00:00:00-04:00,40.698831621170044,40.98105059384163,39.733348942458704,39.948726654052734,1139000,0.0,0.0
2022-05-06 00:00:00-04:00,39.82989249506574,40.216086079209184,39.59966088727924,40.037841796875,1370400,0.0,0.0
2022-05-09 00:00:00-04:00,39.74077614904407,40.29036018896791,39.413998210744424,39.956153869628906,1665900,0.0,0.0
2022-05-10 00:00:00-04:00,39.96357625248392,40.30520806848905,39.131773352953815,39.339725494384766,1768400,0.0,0.0
2022-05-11 00:00:00-04:00,39.50311869279983,39.82989946205642,38.91640408391117,38.96839141845703,1367200,0.0,0.0
2022-05-12 00:00:00-04:00,38.8718401654019,39.012948232416534,38.196002020273525,38.66389083862305,1787200,0.0,0.0
2022-05-13 00:00:00-04:00,38.790143808866006,39.39171512861931,38.62675343812133,39.295166015625,1166900,0.0,0.0
2022-05-16 00:00:00-04:00,39.28774455763498,40.15667816573586,39.213474911794755,39.97100830078125,1248100,0.0,0.0
2022-05-17 00:00:00-04:00,40.052693163101196,40.20865512948947,39.748194776444606,39.93386459350586,1281700,0.0,0.0
2022-05-18 00:00:00-04:00,39.80019799346573,39.822477473819866,39.25061386891608,39.38429641723633,865400,0.0,0.0
2022-05-19 00:00:00-04:00,39.213474301350004,39.37686468655767,38.871842435095125,38.90155029296875,1572900,0.0,0.0
2022-05-20 00:00:00-04:00,39.06493743093663,39.1169247651157,38.59705142332499,39.102073669433594,1679800,0.0,0.0
2022-05-23 00:00:00-04:00,39.38428724871282,39.852176058910814,39.220899708989,39.621944427490234,820600,0.0,0.0
2022-05-24 00:00:00-04:00,39.421423985394746,39.73334797408979,39.280313085949494,39.63679885864258,1960400,0.0,0.0
2022-05-25 00:00:00-04:00,39.659083702438664,39.85960466050565,39.37686471860409,39.74077606201172,1121800,0.0,0.0
2022-05-26 00:00:00-04:00,39.80019493220416,39.971010879008766,39.65908684565186,39.7630615234375,1026800,0.0,0.0
2022-05-27 00:00:00-04:00,39.80761915136144,40.23094622997899,39.65908552125502,40.178958892822266,1030500,0.0,0.0
2022-05-31 00:00:00-04:00,40.5874326342028,40.81023590015955,40.25322631871905,40.43889617919922,1534200,0.0,0.0
2022-06-01 00:00:00-04:00,40.47602834627628,40.587431392394805,40.19380937371394,40.260650634765625,1099300,0.0,0.0
2022-06-02 00:00:00-04:00,40.37948041627076,40.750820136792534,40.07498195876679,40.72111511230469,887100,0.0,0.0
2022-06-03 00:00:00-04:00,40.64684602108595,40.76567461994494,40.379480965378896,40.45375061035156,629700,0.0,0.0
2022-06-06 00:00:00-04:00,40.49087346205392,40.75081006896074,40.29777526855469,40.29777526855469,644700,0.0,0.0
2022-06-07 00:00:00-04:00,40.223515898159945,40.943915817512064,40.1863824950494,40.92906188964844,928700,0.0,0.0
2022-06-08 00:00:00-04:00,40.84736249230638,40.84736249230638,40.1195371005969,40.25321960449219,1248100,0.0,0.0
2022-06-09 00:00:00-04:00,40.16409744354984,40.38690066437687,39.54024672537617,39.547672271728516,1925100,0.0,0.0
2022-06-10 00:00:00-04:00,39.13177782381194,39.19861908528415,38.85698723024713,39.005523681640625,1043000,0.0,0.0
2022-06-13 00:00:00-04:00,38.54506245220788,38.656462663676116,37.9212116354556,38.03261184692383,3781300,0.0,0.0
2022-06-14 00:00:00-04:00,38.005488562297714,38.005488562297714,36.8079314138707,36.88325119018555,4006500,0.714,0.0
2022-06-15 00:00:00-04:00,37.01882844861948,37.402949298829036,36.62717418327787,37.27490997314453,2014400,0.0,0.0
2022-06-16 00:00:00-04:00,36.845600452389085,36.87572837157175,35.76855463659555,35.7911491394043,1873100,0.0,0.0
2022-06-17 00:00:00-04:00,35.73089352941929,36.047230936546214,35.58779022212172,35.82880783081055,2171500,0.0,0.0
2022-06-21 00:00:00-04:00,36.30331215070271,36.64224405747576,36.16773938799349,36.49913787841797,1723700,0.0,0.0
2022-06-22 00:00:00-04:00,36.12254422772621,36.536793021412436,35.92671851780124,36.1451416015625,1686500,0.0,0.0
2022-06-23 00:00:00-04:00,35.96437909804043,36.35603341414865,35.889062175893486,36.05475997924805,1803700,0.0,0.0
2022-06-24 00:00:00-04:00,36.33343457554164,36.97363695684824,36.2279868747027,36.96610641479492,1348300,0.0,0.0
2022-06-27 00:00:00-04:00,36.9811689959822,37.26737844924787,36.83053516356929,37.14686965942383,1128700,0.0,0.0
2022-06-28 00:00:00-04:00,37.35022970238208,37.530994328155614,36.860661115494125,36.89078903198242,1259500,0.0,0.0
2022-06-29 00:00:00-04:00,36.958573420627594,37.161932536256735,36.80793671944052,37.06401824951172,1313200,0.0,0.0
2022-06-30 00:00:00-04:00,36.77027830975296,37.15440204193215,36.66483348073314,37.04142379760742,1188300,0.0,0.0
2022-07-01 00:00:00-04:00,37.041421412388765,37.689157175407686,36.86819022256025,37.546051025390625,1285700,0.0,0.0
2022-07-05 00:00:00-04:00,36.981176772152494,37.09415504337473,35.97944778481964,36.8230094909668,1269600,0.0,0.0
2022-07-06 00:00:00-04:00,36.80793841747695,36.96610854125599,36.62717666623836,36.87572479248047,901500,0.0,0.0
2022-07-07 00:00:00-04:00,37.116740381370064,37.21465466736962,36.82300039652746,37.048954010009766,748500,0.0,0.0
2022-07-08 00:00:00-04:00,36.988699735822756,37.23724783984964,36.770276672205576,36.928443908691406,905100,0.0,0.0
2022-07-11 00:00:00-04:00,36.77781975087543,36.94351757271327,36.64977752115506,36.732627868652344,868500,0.0,0.0
2022-07-12 00:00:00-04:00,36.69496206329059,36.90585172516729,36.54432535916888,36.747684478759766,1084300,0.0,0.0
2022-07-13 00:00:00-04:00,36.71002849530539,37.41048390134374,36.58951969851686,37.31257247924805,1864200,0.0,0.0
2022-07-14 00:00:00-04:00,36.63470646508745,36.981168875558836,36.33343592808647,36.785343170166016,1403300,0.0,0.0
2022-07-15 00:00:00-04:00,37.14686930249956,37.19206117568292,36.67236469012083,36.747684478759766,1052700,0.0,0.0
2022-07-18 00:00:00-04:00,36.97363838175482,37.16946408740467,36.657301013358996,36.76274871826172,918800,0.0,0.0
2022-07-19 00:00:00-04:00,37.04896023896219,37.32010576999043,36.935984849804804,37.2297248840332,808800,0.0,0.0
2022-07-20 00:00:00-04:00,37.28998287461935,37.36530268402918,36.943520370804926,37.01130676269531,844700,0.0,0.0
2022-07-21 00:00:00-04:00,36.78534860997413,37.04896072797739,36.71756222632234,36.8983268737793,1076900,0.0,0.0
2022-07-22 00:00:00-04:00,36.823004007786245,37.06402160222495,36.634708832558736,36.988704681396484,1289600,0.0,0.0
2022-07-25 00:00:00-04:00,37.07908663434688,37.305040276529276,36.913385955940115,37.071556091308594,1280800,0.0,0.0
2022-07-26 00:00:00-04:00,36.9585734681901,37.16946312622975,36.80793676680917,37.04142379760742,942200,0.0,0.0
2022-07-27 00:00:00-04:00,37.16193845010473,37.410486604433984,36.988707221776686,37.2523193359375,984800,0.0,0.0
2022-07-28 00:00:00-04:00,37.23724998483555,37.88498579802936,37.20712494269055,37.8021354675293,956000,0.0,0.0
2022-07-29 00:00:00-04:00,37.83226627395443,38.193792665727365,37.787074397549176,38.05821990966797,926600,0.0,0.0
2022-08-01 00:00:00-04:00,38.00549349369092,38.080813279778866,37.787070423769975,37.997962951660156,691300,0.0,0.0
2022-08-02 00:00:00-04:00,37.96030984395254,37.997968305724704,37.45567726210478,37.49333572387695,908700,0.0,0.0
2022-08-03 00:00:00-04:00,37.54605722145091,37.65150493423829,37.15440578086623,37.34270095825195,934600,0.0,0.0
2022-08-04 00:00:00-04:00,37.41048599346334,37.86992670477444,37.20712972194986,37.50086975097656,978600,0.0,0.0
2022-08-05 00:00:00-04:00,37.28243834022346,37.4857974395852,36.67236104213823,37.10920715332031,1471700,0.0,0.0
2022-08-08 00:00:00-04:00,37.34270332365542,37.621379399354716,37.10168283803082,37.28997802734375,1159900,0.0,0.0
2022-08-09 00:00:00-04:00,37.327637459289285,37.49333526368435,37.16193678173779,37.41801834106445,1141100,0.0,0.0
2022-08-10 00:00:00-04:00,37.69669305941589,38.04315548817329,37.67409855806625,37.98290252685547,901100,0.0,0.0
2022-08-11 00:00:00-04:00,38.23899069098686,38.374563468846446,37.85486686266576,37.90005874633789,1112400,0.0,0.0
2022-08-12 00:00:00-04:00,37.937707075548914,38.04315190278467,37.613839178664186,38.02055740356445,1312400,0.0,0.0
2022-08-15 00:00:00-04:00,37.659040665188385,37.83980532457028,37.46321491791839,37.82474136352539,970700,0.0,0.0
2022-08-16 00:00:00-04:00,37.90005014417236,38.4950635482664,37.82473322830362,38.45740509033203,856200,0.0,0.0
2022-08-17 00:00:00-04:00,38.238986689139736,38.3594954931636,38.05822204652568,38.22392272949219,779800,0.0,0.0
2022-08-18 00:00:00-04:00,38.22392497500495,38.284180817134946,37.960312848577935,38.08835220336914,1538300,0.0,0.0
2022-08-19 00:00:00-04:00,37.9603038835091,38.28417177557837,37.92264255449397,38.269107818603516,619700,0.0,0.0
2022-08-22 00:00:00-04:00,38.18625953799144,38.23144853818138,37.6364380081498,37.79460525512695,887600,0.0,0.0
2022-08-23 00:00:00-04:00,37.81720492004142,37.99043614845937,37.58372072542255,37.89252471923828,1008700,0.0,0.0
2022-08-24 00:00:00-04:00,37.862398765428686,37.9904381209765,37.55359475557942,37.74188995361328,1139700,0.0,0.0
2022-08-25 00:00:00-04:00,37.749422837779555,37.99797389370944,37.50087465500655,37.94525146484375,722200,0.0,0.0
2022-08-26 00:00:00-04:00,37.98290307599821,38.03562549534717,37.32010325298164,37.3502311706543,820700,0.0,0.0
2022-08-29 00:00:00-04:00,37.22218974520243,37.53852714115015,37.079086442962044,37.41801834106445,888800,0.0,0.0
2022-08-30 00:00:00-04:00,37.45567680425403,37.53852714303393,36.702496085391516,36.755218505859375,1353400,0.0,0.0
2022-08-31 00:00:00-04:00,36.657303370317514,36.838068002902936,36.295776978303024,36.30331039428711,972700,0.0,0.0
2022-09-01 00:00:00-04:00,36.17526433255742,36.38615686033125,36.00956654956748,36.32590103149414,1042100,0.0,0.0
2022-09-02 00:00:00-04:00,36.514194014121536,36.89078430247653,36.273176459426814,36.43887710571289,922800,0.0,0.0
2022-09-06 00:00:00-04:00,36.499132139924626,36.57445192578582,35.911652175987555,35.94178009033203,1274100,0.0,0.0
2022-09-07 00:00:00-04:00,35.94178400227262,36.356032813550286,35.843869706574,36.30331039428711,1445700,0.0,0.0
2022-09-08 00:00:00-04:00,36.20539855957031,36.27318494225293,35.851402686321464,36.20539855957031,1022200,0.0,0.0
2022-09-09 00:00:00-04:00,36.51420196739105,36.86066441858428,36.423821082983366,36.838069915771484,2501400,0.0,0.0
2022-09-12 00:00:00-04:00,37.05648657723537,37.41801292516498,36.93597779459217,37.282440185546875,1550400,0.0,0.0
2022-09-13 00:00:00-04:00,36.830534570303286,36.928445985163286,35.7384220639643,35.74595260620117,3983200,0.0,0.0
2022-09-14 00:00:00-04:00,35.76048217792835,35.79106046061632,35.42412981667726,35.454708099365234,1589800,0.699,0.0
2022-09-15 00:00:00-04:00,35.45470245514113,35.89807581911161,35.26359259292341,35.58465576171875,1461000,0.0,0.0
2022-09-16 00:00:00-04:00,35.286531477444996,35.92866085186727,35.25595319387593,35.88279342651367,1313400,0.0,0.0
2022-09-19 00:00:00-04:00,35.57700585737759,36.13504619857062,35.50056017742371,36.11211395263672,1206100,0.0,0.0
2022-09-20 00:00:00-04:00,35.8292871863706,35.8292871863706,35.286535710386985,35.37062454223633,1407500,0.0,0.0
2022-09-21 00:00:00-04:00,35.39354182023116,35.653451319535684,35.09541093610929,35.10305404663086,1366100,0.0,0.0
2022-09-22 00:00:00-04:00,35.03426046264832,35.48527692670751,34.942525631489325,35.34003448486328,1224800,0.0,0.0
2022-09-23 00:00:00-04:00,35.04191072338259,35.04955383615275,34.45329189249031,34.583248138427734,1378200,0.0,0.0
2022-09-26 00:00:00-04:00,34.31569129315238,34.438001505792116,33.650629694180424,33.918182373046875,1517300,0.0,0.0
2022-09-27 00:00:00-04:00,34.08636267567951,34.315693977807335,33.604764899937074,33.64298629760742,1393400,0.0,0.0
2022-09-28 00:00:00-04:00,33.66591035269344,34.193372465031324,33.474800511339964,34.04813003540039,2168300,0.0,0.0
2022-09-29 00:00:00-04:00,33.86466577050878,33.91053318557121,32.718006638892646,32.76387405395508,2119400,0.0,0.0
2022-09-30 00:00:00-04:00,32.779163771486424,32.817385159994636,32.02236744816171,32.06058883666992,1960500,0.0,0.0
2022-10-03 00:00:00-04:00,32.50396452675758,33.780576959936354,32.465743138933384,33.68120193481445,1801400,0.0,0.0
2022-10-04 00:00:00-04:00,33.79586857215488,34.422708709892404,33.79586857215488,34.399776458740234,1659900,0.0,0.0
2022-10-05 00:00:00-04:00,33.941117088922056,33.97933848309115,33.23018807617627,33.6276969909668,1192300,0.0,0.0
2022-10-06 00:00:00-04:00,33.451870335341745,33.451870335341745,32.38165681384857,32.39694595336914,1415500,0.0,0.0
2022-10-07 00:00:00-04:00,32.38930238362186,32.610990549336535,31.9994395026283,32.10646057128906,1425700,0.0,0.0
2022-10-10 00:00:00-04:00,32.2058387851028,32.33579210777097,31.701308803022314,31.747173309326172,883000,0.0,0.0
2022-10-11 00:00:00-04:00,31.724239015723434,32.236412077210616,31.510196890457774,31.693660736083984,1389600,0.0,0.0
2022-10-12 00:00:00-04:00,31.663084593013693,31.984150718682407,31.158554609338953,31.166200637817383,1422100,0.0,0.0
2022-10-13 00:00:00-04:00,30.661668747805244,32.80974187203021,30.485848013103556,32.71800994873047,2222100,0.0,0.0
2022-10-14 00:00:00-04:00,32.80974152452163,32.901476362955,31.945927000063225,31.976505279541016,1448800,0.0,0.0
2022-10-17 00:00:00-04:00,32.4733918938481,33.23018833515822,32.42752447082445,32.802101135253906,1386600,0.0,0.0
2022-10-18 00:00:00-04:00,33.16903167532283,33.32192016885459,32.740947392760454,33.17667770385742,1449600,0.0,0.0
2022-10-19 00:00:00-04:00,33.023787352294946,33.023787352294946,32.62627845791975,32.8403205871582,860800,0.0,0.0
2022-10-20 00:00:00-04:00,32.977920682060336,33.49009668080849,32.47339071159049,32.52690124511719,1479300,0.0,0.0
2022-10-21 00:00:00-04:00,32.45045880164623,33.199609195036466,32.335791705103624,33.02378845214844,1385400,0.0,0.0
2022-10-24 00:00:00-04:00,33.13080181537384,33.24546888524927,32.70271472609094,33.100223541259766,1229200,0.0,0.0
2022-10-25 00:00:00-04:00,33.15373811474666,33.6429788959449,33.07729533622384,33.581825256347656,1120200,0.0,0.0
2022-10-26 00:00:00-04:00,33.73471714460818,34.208668834861,33.56653951550655,33.92582702636719,1726300,0.0,0.0
2022-10-27 00:00:00-04:00,34.009922514743884,34.52973881231587,33.97934422779672,34.22396469116211,1487900,0.0,0.0
2022-10-28 00:00:00-04:00,34.12457381422655,34.80492440297941,34.0634201795602,34.75905990600586,1642400,0.0,0.0
2022-10-31 00:00:00-04:00,34.37684034132905,34.590882437623776,34.17044135585706,34.47621536254883,1360800,0.0,0.0
2022-11-01 00:00:00-04:00,34.789641471643456,34.92724081932106,34.392135485136336,34.545021057128906,2026700,0.0,0.0
2022-11-02 00:00:00-04:00,34.728489852044014,35.15657706047074,34.41506974540649,34.43035888671875,2311000,0.0,0.0
2022-11-03 00:00:00-04:00,34.025205941819785,34.682624476548106,33.872320351878436,34.48387145996094,2052100,0.0,0.0
2022-11-04 00:00:00-04:00,35.12599342346855,35.2941681200569,34.56030694556657,35.057193756103516,1713000,0.0,0.0
2022-11-07 00:00:00-05:00,35.08012677408807,35.15657247066915,34.72848531813056,34.911949157714844,1366700,0.0,0.0
2022-11-08 00:00:00-05:00,34.96546327252554,35.39354751715144,34.74377512235558,34.973106384277344,1138600,0.0,0.0
2022-11-09 00:00:00-05:00,34.78200074222389,35.17186364328105,34.583247735354774,34.629112243652344,4186500,0.0,0.0
2022-11-10 00:00:00-05:00,35.33239689597172,35.86750224750909,35.26359721990185,35.829280853271484,1475600,0.0,0.0
2022-11-11 00:00:00-05:00,35.9668770873502,36.08154417622768,35.53114681538408,36.05860900878906,883300,0.0,0.0
2022-11-14 00:00:00-05:00,36.119775246022414,36.2955960242714,35.92866532408579,35.94395446777344,939300,0.0,0.0
2022-11-15 00:00:00-05:00,36.07390510848872,36.23443964711181,35.57702109839616,35.661109924316406,1260900,0.0,0.0
2022-11-16 00:00:00-05:00,35.66109859537516,36.0203831245696,35.66109859537516,35.752830505371094,883200,0.0,0.0
2022-11-17 00:00:00-05:00,35.45470592465261,35.59994838435332,35.27123915588375,35.554080963134766,1180700,0.0,0.0
2022-11-18 00:00:00-05:00,35.72990932180756,36.234439357186346,35.584663926887195,36.18857192993164,1328400,0.0,0.0
2022-11-21 00:00:00-05:00,36.25737315340638,36.310883696091096,35.959242153846986,36.02804183959961,930900,0.0,0.0
2022-11-22 00:00:00-05:00,36.21914291381836,36.27265344344281,35.82163403939016,36.21914291381836,903100,0.0,0.0
2022-11-23 00:00:00-05:00,36.08919100612157,36.433189392089844,36.05096961125965,36.433189392089844,967000,0.0,0.0
2022-11-25 00:00:00-05:00,36.57842697015573,36.761893723519584,36.463762800895296,36.716026306152344,432300,0.0,0.0
2022-11-28 00:00:00-05:00,36.4102525511679,36.62429466831248,36.150343016304426,36.280296325683594,1260100,0.0,0.0
2022-11-29 00:00:00-05:00,36.18856946996114,36.24208000673463,35.77577140104657,36.01274871826172,777600,0.0,0.0
2022-11-30 00:00:00-05:00,36.24207554071847,36.49434196822642,35.78341302029242,36.41789627075195,1174200,0.0,0.0
2022-12-01 00:00:00-05:00,36.63194230002493,36.66252058227736,36.272657689928145,36.34145736694336,1288000,0.0,0.0
2022-12-02 00:00:00-05:00,36.08154881928882,36.26501268577512,35.905728065528784,36.13505935668945,916800,0.0,0.0
2022-12-05 00:00:00-05:00,36.16563533479797,36.410255751925945,35.890436636502656,35.974525451660156,1683000,0.0,0.0
2022-12-06 00:00:00-05:00,35.88278695719885,36.073896820891854,35.60759120300923,35.69167709350586,930000,0.0,0.0
2022-12-07 00:00:00-05:00,35.668750432506094,35.85221721348787,35.55408332987929,35.6381721496582,1005200,0.0,0.0
2022-12-08 00:00:00-05:00,35.722257479946094,35.87514596314523,35.5846581366774,35.66874694824219,924700,0.0,0.0
2022-12-09 00:00:00-05:00,35.58465393840366,35.82927431621988,35.44705461136892,35.46998977661133,2940900,0.0,0.0
2022-12-12 00:00:00-05:00,35.2635942464752,35.55407915107167,35.21772682759435,35.439414978027344,1201000,0.0,0.0
2022-12-13 00:00:00-05:00,35.867499832628134,36.05096659516386,35.53879353143146,35.5770149230957,4275500,0.0,0.0
2022-12-14 00:00:00-05:00,35.55296467398996,35.80896308876838,35.242660516212716,35.335750579833984,1610000,0.679,0.0
2022-12-15 00:00:00-05:00,35.064245038822875,35.188366139732956,34.373821230055526,34.46691131591797,1866500,0.0,0.0
2022-12-16 00:00:00-05:00,34.11006316551913,34.27297155390213,33.784243429472674,34.23418426513672,7042500,0.0,0.0
2022-12-19 00:00:00-05:00,34.37381193489793,34.474658267611794,33.80750938017677,33.908355712890625,5882400,0.0,0.0
2022-12-20 00:00:00-05:00,33.90059873881384,34.14108163722173,33.66011288112634,33.97041702270508,1141700,0.0,0.0
2022-12-21 00:00:00-05:00,34.13333665949982,34.28848878162639,34.048002844366174,34.16436767578125,7919800,0.0,0.0
2022-12-22 00:00:00-05:00,33.97817921860708,34.06351302038301,33.67563425542339,34.04024124145508,1192900,0.0,0.0
2022-12-23 00:00:00-05:00,33.97817693824673,34.2884811131012,33.885086869502366,34.257450103759766,827500,0.0,0.0
2022-12-27 00:00:00-05:00,34.28072299887539,34.435875091361474,34.195392159324065,34.335025787353516,736100,0.0,0.0
2022-12-28 00:00:00-05:00,34.28072352318354,34.48242213428435,33.660118103027344,33.660118103027344,1065000,0.0,0.0
2022-12-29 00:00:00-05:00,33.86956982810805,34.366054117924854,33.74544875565385,34.226417541503906,1231600,0.0,0.0
2022-12-30 00:00:00-05:00,34.133330741017296,34.404844688199724,33.861816793834876,34.09454345703125,1167800,0.0,0.0
2023-01-03 00:00:00-05:00,33.931628485133466,34.187626877044444,33.67562713394299,34.17987060546875,1113800,0.0,0.0
2023-01-04 00:00:00-05:00,34.559993447944926,34.97114690449973,34.35053858349922,34.85478210449219,1586200,0.0,0.0
2023-01-05 00:00:00-05:00,34.74618643732935,34.784973728624706,34.45139769677947,34.73067092895508,1118900,0.0,0.0
2023-01-06 00:00:00-05:00,35.0409595512151,35.576234039142335,34.88581044212041,35.56071853637695,1303900,0.0,0.0
2023-01-09 00:00:00-05:00,35.66156782471216,35.89429444763377,35.42108197076807,35.56071853637695,1168200,0.0,0.0
2023-01-10 00:00:00-05:00,35.591757755457714,35.591757755457714,35.289212779913015,35.50642395019531,767700,0.0,0.0
2023-01-11 00:00:00-05:00,35.59951577251152,35.72363687007754,35.11078765616018,35.3435173034668,1107000,0.0,0.0
2023-01-12 00:00:00-05:00,35.498654721342355,36.03392918206797,35.29695911420129,36.01065444946289,1477500,0.0,0.0
2023-01-13 00:00:00-05:00,35.79344796788928,36.28993225822071,35.739145183589265,36.196842193603516,1211200,0.0,0.0
2023-01-17 00:00:00-05:00,36.39078732198965,36.73211958586979,36.33648452908327,36.46060562133789,1388400,0.0,0.0
2023-01-18 00:00:00-05:00,36.530416134499646,36.5924751877594,35.855508024171804,35.933082580566406,1140500,0.0,0.0
2023-01-19 00:00:00-05:00,35.82448422906871,36.03393912463119,35.59951382724824,35.793453216552734,2825600,0.0,0.0
2023-01-20 00:00:00-05:00,35.83223678552254,36.227874755859375,35.568479125057955,36.227874755859375,937800,0.0,0.0
2023-01-23 00:00:00-05:00,35.987395716736955,36.16581961520706,35.6693352091545,35.85551834106445,1383200,0.0,0.0
2023-01-24 00:00:00-05:00,35.90206245714006,36.235638477455694,35.584001944662425,35.89430618286133,1166700,0.0,0.0
2023-01-25 00:00:00-05:00,35.909820941699884,36.1192758542233,35.66157874003076,36.04945755004883,928900,0.0,0.0
2023-01-26 00:00:00-05:00,36.196843030229395,36.39078239557766,36.09599373164993,36.383026123046875,704000,0.0,0.0
2023-01-27 00:00:00-05:00,36.235638628801816,36.40630625645209,36.09600201695714,36.32097244262695,828000,0.0,0.0
2023-01-30 00:00:00-05:00,36.21235922885936,36.63126897627041,36.19684372422044,36.41405487060547,1224600,0.0,0.0
2023-01-31 00:00:00-05:00,36.437326635262274,36.70108427405116,36.29769006418111,36.69332504272461,1199400,0.0,0.0
2023-02-01 00:00:00-05:00,36.5847236726943,37.05793622235701,36.406299802363776,36.926055908203125,1263100,0.0,0.0
2023-02-02 00:00:00-05:00,36.83296570028338,36.83296570028338,35.66157317878509,35.77793502807617,1600200,0.0,0.0
2023-02-03 00:00:00-05:00,35.42884188702806,35.83999535440659,35.374539101402945,35.754661560058594,1427600,0.0,0.0
2023-02-06 00:00:00-05:00,35.61502780698849,35.770179903638066,35.405572920403586,35.66933059692383,918300,0.0,0.0
2023-02-07 00:00:00-05:00,35.560720939987014,35.723629291115444,35.31247879752091,35.42884063720703,1387300,0.0,0.0
2023-02-08 00:00:00-05:00,35.390058736405564,35.506423553058255,35.28145315247916,35.36678695678711,1007900,0.0,0.0
2023-02-09 00:00:00-05:00,35.514174599704255,35.58399288756432,34.84702272888136,34.955631256103516,1356400,0.0,0.0
2023-02-10 00:00:00-05:00,35.18836307472513,35.47539254071351,35.02545469883553,35.36678695678711,989200,0.0,0.0
2023-02-13 00:00:00-05:00,35.33575675412024,35.63830173321345,35.33575675412024,35.55297088623047,780800,0.0,0.0
2023-02-14 00:00:00-05:00,35.63830173321345,35.77018205906041,35.328000480496435,35.55297088623047,931600,0.0,0.0
2023-02-15 00:00:00-05:00,35.33575100386007,35.39781301987217,35.157327146745004,35.38229751586914,872400,0.0,0.0
2023-02-16 00:00:00-05:00,35.14957328643231,35.351268933752856,34.80823809350215,35.15732955932617,1349800,0.0,0.0
2023-02-17 00:00:00-05:00,35.13406108781819,35.59175817291006,35.06424278808281,35.55297088623047,975200,0.0,0.0
2023-02-21 00:00:00-05:00,35.374540300487524,35.55296712705228,34.916843263790064,35.01769256591797,905500,0.0,0.0
2023-02-22 00:00:00-05:00,35.14957346706313,35.21163252837298,34.800481999445154,34.87030029296875,783500,0.0,0.0
2023-02-23 00:00:00-05:00,34.96338781072019,35.07199337953951,34.559993584191474,34.847023010253906,931900,0.0,0.0
2023-02-24 00:00:00-05:00,34.52120915860309,34.55224016919759,34.17211768761514,34.482421875,851700,0.0,0.0
2023-02-27 00:00:00-05:00,34.58326891217823,34.89357011993668,34.4979351182787,34.513450622558594,647300,0.0,0.0
2023-02-28 00:00:00-05:00,34.45139159353734,34.45139159353734,34.22642120088603,34.3272705078125,1005900,0.0,0.0
2023-03-01 00:00:00-05:00,34.33502465646723,34.57551053986383,34.23417831506085,34.35054016113281,825600,0.0,0.0
2023-03-02 00:00:00-05:00,34.25745124965531,34.443634352651706,34.009209085180125,34.14884567260742,813000,0.0,0.0
2023-03-03 00:00:00-05:00,34.14883779871457,34.62205024040909,34.13332229710236,34.53671646118164,1161200,0.0,0.0
2023-03-06 00:00:00-05:00,34.5367256413593,34.746180529880064,34.497938356658445,34.56775665283203,729000,0.0,0.0
2023-03-07 00:00:00-05:00,34.49018190205081,34.59103121781971,34.06351581741671,34.141090393066406,1280800,0.0,0.0
2023-03-08 00:00:00-05:00,34.07903303723411,34.24970066337775,33.9471527008648,34.07127380371094,899500,0.0,0.0
2023-03-09 00:00:00-05:00,34.094547099957914,34.24193997856554,33.644606271660344,33.66788101196289,1020100,0.0,0.0
2023-03-10 00:00:00-05:00,33.760964159553474,33.8385387198775,33.39635721561504,33.51272201538086,1481100,0.0,0.0
2023-03-13 00:00:00-04:00,33.52823889266129,34.17211605570812,33.35757130182194,33.92387390136719,2061000,0.0,0.0
2023-03-14 00:00:00-04:00,33.99877504978417,34.21166199445564,33.71492579022222,34.132816314697266,4477900,0.705,0.0
2023-03-15 00:00:00-04:00,33.61242377162573,34.38512278838189,33.4231899475487,34.2274284362793,2348900,0.0,0.0
2023-03-16 00:00:00-04:00,34.219551885630196,34.400899373936944,33.825317430762425,34.39301300048828,1489500,0.0,0.0
2023-03-17 00:00:00-04:00,34.44032287597656,34.542824678376505,34.180126687062156,34.44032287597656,1337300,0.0,0.0
2023-03-20 00:00:00-04:00,34.69262800540425,35.10263215185505,34.62954905621036,35.04743957519531,1206400,0.0,0.0
2023-03-21 00:00:00-04:00,35.10263206149869,35.299749265567456,34.70051128084729,34.818782806396484,981600,0.0,0.0
2023-03-22 00:00:00-04:00,34.810907402987546,35.008024652137486,34.558597564697266,34.558597564697266,1555100,0.0,0.0
2023-03-23 00:00:00-04:00,34.70839822803643,34.976477750319404,34.49551128318496,34.63743591308594,1731500,0.0,0.0
2023-03-24 00:00:00-04:00,34.44032277567756,34.937059039031915,34.44032277567756,34.881866455078125,1256500,0.0,0.0
2023-03-27 00:00:00-04:00,35.008024139029004,35.09475320085656,34.873982847531,35.03167724609375,1096300,0.0,0.0
2023-03-28 00:00:00-04:00,34.976482241287265,35.19725257936012,34.8976335435682,35.02378845214844,966700,0.0,0.0
2023-03-29 00:00:00-04:00,35.18936722061598,35.268212906099556,35.110518527362295,35.21302032470703,859400,0.0,0.0
2023-03-30 00:00:00-04:00,35.29975135839613,35.536291415748515,35.26032851679906,35.52840805053711,997000,0.0,0.0
2023-03-31 00:00:00-04:00,35.54418177270163,35.68610341680434,35.25244609509012,35.31552505493164,1750300,0.0,0.0
2023-04-03 00:00:00-04:00,35.41013797442208,35.843795265366445,35.29186643699628,35.74917984008789,1178900,0.0,0.0
2023-04-04 00:00:00-04:00,35.61513925873447,36.553419187602294,35.61513925873447,36.52976608276367,1506700,0.0,0.0
2023-04-05 00:00:00-04:00,36.60861312617534,37.034387075655964,36.55342054099493,37.0265007019043,1936500,0.0,0.0
2023-04-06 00:00:00-04:00,36.90823093259868,37.07380868260861,36.64015138163347,36.82149887084961,1228200,0.0,0.0
2023-04-10 00:00:00-04:00,36.50610718997956,36.734763878573176,35.9699481308214,36.718994140625,1228300,0.0,0.0
2023-04-11 00:00:00-04:00,36.75841866693704,37.263038273335006,36.726882197364745,36.955535888671875,1386200,0.0,0.0
2023-04-12 00:00:00-04:00,36.939763297933204,37.270921768919905,36.939763297933204,37.081687927246094,953000,0.0,0.0
2023-04-13 00:00:00-04:00,37.19996972780476,37.90959307034638,37.19996972780476,37.90170669555664,1303500,0.0,0.0
2023-04-14 00:00:00-04:00,37.89381622537267,38.00420138957182,37.444389195264606,37.491695404052734,1371000,0.0,0.0
2023-04-17 00:00:00-04:00,37.57842533842948,37.74400307536317,37.436500704552046,37.728233337402344,963200,0.0,0.0
2023-04-18 00:00:00-04:00,37.74400366000038,37.854388819665985,37.52323334066917,37.5468864440918,724900,0.0,0.0
2023-04-19 00:00:00-04:00,37.44438846345556,37.58631009481638,37.36553977073279,37.381309509277344,660200,0.0,0.0
2023-04-20 00:00:00-04:00,37.09746423333942,37.4916987161757,37.05015802037213,37.3970832824707,1203400,0.0,0.0
2023-04-21 00:00:00-04:00,37.444389633628234,37.570544538157044,37.2709255119873,37.52323532104492,1313400,0.0,0.0
2023-04-24 00:00:00-04:00,37.41284818100357,37.75189003298794,37.41284818100357,37.5468864440918,1064400,0.0,0.0
2023-04-25 00:00:00-04:00,37.302467848765716,37.45227586944615,37.247275261790264,37.3970832824707,1291300,0.0,0.0
2023-04-26 00:00:00-04:00,37.43649951071323,37.73611850687417,37.24726867675781,37.24726867675781,1357100,0.0,0.0
2023-04-27 00:00:00-04:00,37.30245998633371,37.83073263825777,37.30245998633371,37.82284927368164,1089900,0.0,0.0
2023-04-28 00:00:00-04:00,37.633627100348775,38.0120918804474,37.61785735853999,37.90170669555664,960900,0.0,0.0
2023-05-01 00:00:00-04:00,37.98843434212022,38.14612873404996,37.87804917010051,38.08304977416992,1423600,0.0,0.0
2023-05-02 00:00:00-04:00,37.91747373439294,38.075168133468694,37.57054846264268,37.814971923828125,1045200,0.0,0.0
2023-05-03 00:00:00-04:00,37.91746468744405,38.05938931197256,37.688808013729265,37.82284927368164,1298300,0.0,0.0
2023-05-04 00:00:00-04:00,37.69670106341929,37.814969599629165,37.231504269011694,37.53112030029297,1488700,0.0,0.0
2023-05-05 00:00:00-04:00,37.72823560470135,37.972662046128086,37.523235014430966,37.94900894165039,1145600,0.0,0.0
2023-05-08 00:00:00-04:00,37.9805404847426,38.03573606764733,37.66515477079559,37.870155334472656,915900,0.0,0.0
2023-05-09 00:00:00-04:00,37.75977141883311,37.925349149651915,37.67303936713664,37.73611831665039,763300,0.0,0.0
2023-05-10 00:00:00-04:00,37.86228092770705,37.996319211098246,37.48381617676837,37.79920196533203,953600,0.0,0.0
2023-05-11 00:00:00-04:00,37.562660217285156,37.69670150254215,37.41285219989943,37.562660217285156,655800,0.0,0.0
2023-05-12 00:00:00-04:00,37.57053723575984,37.64149954375035,37.15264675191817,37.32611083984375,935000,0.0,0.0
2023-05-15 00:00:00-04:00,37.43650436401367,37.562659272262074,37.239387131889906,37.43650436401367,802300,0.0,0.0
2023-05-16 00:00:00-04:00,37.2945735500665,37.58630616319963,37.144765561218634,37.15264892578125,981500,0.0,0.0
2023-05-17 00:00:00-04:00,37.152656050641376,37.270927596150244,36.71899873005942,37.058040618896484,857000,0.0,0.0
2023-05-18 00:00:00-04:00,36.80572920172573,36.97130695205094,36.65592119063677,36.88457489013672,686900,0.0,0.0
2023-05-19 00:00:00-04:00,36.88457064376767,37.24726858890485,36.88457064376767,37.018611907958984,671700,0.0,0.0
2023-05-22 00:00:00-04:00,37.0107307434082,37.01861711711325,36.75053755877709,37.0107307434082,461100,0.0,0.0
2023-05-23 00:00:00-04:00,36.81360794187836,36.97130230665647,36.61649073784819,36.71110916137695,709500,0.0,0.0
2023-05-24 00:00:00-04:00,36.56130294104441,36.56130294104441,36.15129874212892,36.16706848144531,1577800,0.0,0.0
2023-05-25 00:00:00-04:00,36.17495227759298,36.30110717536559,35.50475193936286,35.52840805053711,1706400,0.0,0.0
2023-05-26 00:00:00-04:00,35.552062905327006,35.85956529581046,35.433791366939445,35.828025817871094,812800,0.0,0.0
2023-05-30 00:00:00-04:00,35.820142671652874,35.96995068112715,35.725527245025454,35.84379577636719,663500,0.0,0.0
2023-05-31 00:00:00-04:00,35.68609904930506,35.804370580647884,35.473215105319944,35.55994415283203,1002700,0.0,0.0
2023-06-01 00:00:00-04:00,35.67822000164243,35.91476008518212,35.50475587008716,35.82014465332031,1403000,0.0,0.0
2023-06-02 00:00:00-04:00,35.733406676134514,36.07244850930255,35.410134580296365,36.056678771972656,1197500,0.0,0.0
2023-06-05 00:00:00-04:00,36.07245321265282,36.324763027289094,35.92264520014072,35.95418167114258,1284200,0.0,0.0
2023-06-06 00:00:00-04:00,35.875336854969184,36.11187693597536,35.796491163890565,36.01726150512695,1273100,0.0,0.0
2023-06-07 00:00:00-04:00,36.03302882008629,36.19860656487117,35.88321780623986,36.17495346069336,1430700,0.0,0.0
2023-06-08 00:00:00-04:00,36.16706540347318,36.27745056152344,35.96206482534698,36.27745056152344,1457600,0.0,0.0
2023-06-09 00:00:00-04:00,36.30899422532822,36.4114960300988,36.15129983516663,36.24591827392578,715400,0.0,0.0
2023-06-12 00:00:00-04:00,36.23014326147495,36.40360435841521,36.19072042161443,36.36418151855469,5307600,0.0,0.0
2023-06-13 00:00:00-04:00,36.4588056556469,36.726885219577035,36.387843329672144,36.61649703979492,4114000,0.0,0.0
2023-06-14 00:00:00-04:00,36.61408976348181,36.74225097312139,36.229606134563056,36.25363540649414,2242300,0.727,0.0
2023-06-15 00:00:00-04:00,36.205579712997846,36.43787287863373,35.98129528676807,36.3737907409668,1298700,0.0,0.0
2023-06-16 00:00:00-04:00,36.429867690714126,36.726239992163904,36.429867690714126,36.6060905456543,1814500,0.0,0.0
2023-06-20 00:00:00-04:00,36.37379080092662,36.41384060923222,36.08542729215907,36.14950942993164,933700,0.0,0.0
2023-06-21 00:00:00-04:00,36.053387647294,36.28568082248782,35.78905645755298,36.117469787597656,2104300,0.0,0.0
2023-06-22 00:00:00-04:00,36.005327705501124,36.09343911720945,35.82109614265848,36.03736877441406,730400,0.0,0.0
2023-06-23 00:00:00-04:00,35.94925959266327,36.19757025313016,35.6929371366689,35.70895767211914,894900,0.0,0.0
2023-06-26 00:00:00-04:00,35.7490026528556,35.93323420223453,35.58880037560306,35.8691520690918,1231600,0.0,0.0
2023-06-27 00:00:00-04:00,35.93324017572101,36.02936033580969,35.80507894373451,35.94926071166992,1119100,0.0,0.0
2023-06-28 00:00:00-04:00,35.79706546487841,35.981297036221655,35.50870499817028,35.95726776123047,990900,0.0,0.0
2023-06-29 00:00:00-04:00,35.90119691481469,36.18154863781474,35.75701515567048,36.165531158447266,950600,0.0,0.0
2023-06-30 00:00:00-04:00,36.24563564829981,36.61409883535721,36.189565296165206,36.51797866821289,1043000,0.0,0.0
2023-07-03 00:00:00-04:00,36.44588366510596,36.86240841652259,36.44588366510596,36.79031753540039,306200,0.0,0.0
2023-07-05 00:00:00-04:00,36.47792434692383,36.56603576242342,36.26165170586246,36.47792434692383,1466400,0.0,0.0
2023-07-06 00:00:00-04:00,36.26164340378554,36.357763537049074,36.02935028076172,36.02935028076172,1230000,0.0,0.0
2023-07-07 00:00:00-04:00,35.89318966943907,36.15752086847169,35.797066455604714,35.909210205078125,1461600,0.0,0.0
2023-07-10 00:00:00-04:00,35.78104266476558,35.85313354078047,35.452629353054306,35.476661682128906,1720300,0.0,0.0
2023-07-11 00:00:00-04:00,35.4446218064825,35.58880356336402,35.3404898586004,35.49268341064453,1538700,0.0,0.0
2023-07-12 00:00:00-04:00,35.821094272617266,35.821094272617266,35.52471898405161,35.68492126464844,1041000,0.0,0.0
2023-07-13 00:00:00-04:00,35.797067796445425,36.197572035609255,35.68492709837633,36.1014518737793,1991100,0.0,0.0
2023-07-14 00:00:00-04:00,36.02935343151863,36.06940323591379,35.45262647029492,35.46864700317383,1173800,0.0,0.0
2023-07-17 00:00:00-04:00,35.39655715017528,35.5968092335097,34.9079446335469,35.0120735168457,2153300,0.0,0.0
2023-07-18 00:00:00-04:00,34.92396957484377,35.03611333218477,34.57152693287261,34.83586120605469,2321100,0.0,0.0
2023-07-19 00:00:00-04:00,35.08415913856417,35.276402454261,34.98803900851767,35.15625,1423600,0.0,0.0
2023-07-20 00:00:00-04:00,35.18028473062773,35.460639482229425,35.15625545828634,35.372528076171875,1143700,0.0,0.0
2023-07-21 00:00:00-04:00,35.34049075110931,35.63686606751978,35.30044094109846,35.5968132019043,1446800,0.0,0.0
2023-07-24 00:00:00-04:00,35.74099356046761,36.02134833075575,35.47666238028083,35.5167121887207,1142200,0.0,0.0
2023-07-25 00:00:00-04:00,35.476667500345215,35.516717314565156,34.875911120231194,35.12422180175781,2193300,0.0,0.0
2023-07-26 00:00:00-04:00,34.85988686607623,35.16427092177819,34.74774617597673,34.89993667602539,1247600,0.0,0.0
2023-07-27 00:00:00-04:00,34.86789280083672,34.96401600370753,34.55550003051758,34.55550003051758,1163500,0.0,0.0
2023-07-28 00:00:00-04:00,34.65162117159773,34.771773650830035,34.467389610884815,34.507442474365234,1066800,0.0,0.0
2023-07-31 00:00:00-04:00,34.59555461274281,34.86789761392831,34.539484264463866,34.61958694458008,1003200,0.0,0.0
2023-08-01 00:00:00-04:00,34.395303292941755,34.499435251703595,34.05086939947211,34.251121520996094,1625800,0.0,0.0
2023-08-02 00:00:00-04:00,34.04285437792697,34.106936511681376,33.7064323425293,33.7064323425293,1732900,0.0,0.0
2023-08-03 00:00:00-04:00,33.85862579314247,33.85862579314247,33.23384021232117,33.305931091308594,1297600,0.0,0.0
2023-08-04 00:00:00-04:00,33.36199706591877,33.97877077073574,33.23383585957179,33.666378021240234,1573100,0.0,0.0
2023-08-07 00:00:00-04:00,33.62633463146659,33.85862781715715,33.578273024067066,33.834598541259766,819300,0.0,0.0
2023-08-08 00:00:00-04:00,33.50617954424503,33.57826735977673,33.19378373225306,33.482147216796875,985900,0.0,0.0
2023-08-09 00:00:00-04:00,33.43409664860897,33.9948001627474,33.33797342709525,33.79454803466797,1127000,0.0,0.0
2023-08-10 00:00:00-04:00,33.970767513919704,34.227089967975594,33.87464735754991,33.88265609741211,867900,0.0,0.0
2023-08-11 00:00:00-04:00,33.834595657324094,33.962756877194074,33.74648424573764,33.82658386230469,876900,0.0,0.0
2023-08-14 00:00:00-04:00,33.7144420646143,33.826582746350404,33.41005803161318,33.47414016723633,819700,0.0,0.0
2023-08-15 00:00:00-04:00,33.30592898392499,33.386028597463024,32.95348335090713,33.00154495239258,1371000,0.0,0.0
2023-08-16 00:00:00-04:00,32.97751074680868,33.22582442360989,32.809299734590546,32.83333206176758,1439700,0.0,0.0
2023-08-17 00:00:00-04:00,32.85735869065367,32.99352862608655,32.536954169299634,32.552974700927734,2156500,0.0,0.0
2023-08-18 00:00:00-04:00,32.46486400732526,32.6410868034439,32.42481420519031,32.59302520751953,844300,0.0,0.0
2023-08-21 00:00:00-04:00,32.665115377066634,32.665115377066634,32.25660251503462,32.440834045410156,2053900,0.0,0.0
2023-08-22 00:00:00-04:00,32.53695659677213,32.5449683909859,32.29665471563048,32.36073684692383,1350100,0.0,0.0
2023-08-23 00:00:00-04:00,32.46487164565239,32.49691271714058,32.28865186367685,32.480892181396484,2509900,0.0,0.0
2023-08-24 00:00:00-04:00,32.36875083410117,33.20980908227599,32.32870102335088,33.137718200683594,2626000,0.0,0.0
2023-08-25 00:00:00-04:00,33.24185254449336,33.3860343180504,32.93746846080573,33.169761657714844,1412900,0.0,0.0
2023-08-28 00:00:00-04:00,33.25786866961987,33.77852228897671,33.22582760072281,33.71444320678711,1248700,0.0,0.0
2023-08-29 00:00:00-04:00,33.714441706567044,34.10693714407949,33.714441706567044,34.08290481567383,960700,0.0,0.0
2023-08-30 00:00:00-04:00,34.22707868180367,34.411310193931826,34.106929289861135,34.130958557128906,798200,0.0,0.0
2023-08-31 00:00:00-04:00,34.130974350067774,34.32321468836992,33.89868114031467,33.92271041870117,908500,0.0,0.0
2023-09-01 00:00:00-04:00,33.62633480633568,33.77051657367929,33.15373969239937,33.20180130004883,2380200,0.0,0.0
2023-09-05 00:00:00-04:00,33.20179200834658,33.25786234044364,32.85735822226239,32.87337875366211,1229100,0.0,0.0
2023-09-06 00:00:00-04:00,32.68114619096149,32.72920780098233,32.46487352927512,32.536964416503906,938700,0.0,0.0
2023-09-07 00:00:00-04:00,32.60103752289768,32.76924852791813,32.312674053946,32.3447151184082,1058300,0.0,0.0
2023-09-08 00:00:00-04:00,32.49691321549235,32.528954287471905,32.3287021710069,32.45686340332031,900500,0.0,0.0
2023-09-11 00:00:00-04:00,32.689157657953764,32.94548013094079,32.55298462540164,32.80930709838867,1113000,0.0,0.0
2023-09-12 00:00:00-04:00,32.92143989735901,33.065621635761794,32.769249420424586,32.96950149536133,814400,0.0,0.0
2023-09-13 00:00:00-04:00,32.985521308975436,33.18577337954687,32.88940117067029,33.04159164428711,1038300,0.0,0.0
2023-09-14 00:00:00-04:00,33.273087683876476,33.49316972633167,33.15081884603724,33.411659240722656,2205800,0.714,0.0
2023-09-15 00:00:00-04:00,33.14267292892994,33.493173655129226,33.14267292892994,33.24048614501953,2786400,0.0,0.0
2023-09-18 00:00:00-04:00,33.27309158685809,33.3464522762818,33.06116243375963,33.24048614501953,1181800,0.0,0.0
2023-09-19 00:00:00-04:00,33.297537246873425,33.444258595463836,33.05300270236456,33.069305419921875,1344400,0.0,0.0
2023-09-20 00:00:00-04:00,33.216033130575816,33.387207033575436,33.044859227576204,33.053009033203125,1001700,0.0,0.0
2023-09-21 00:00:00-04:00,32.88998230660864,32.99594842784387,32.35200500488281,32.35200500488281,2007000,0.0,0.0
2023-09-22 00:00:00-04:00,32.44166604158907,32.653598268608675,32.41721351901972,32.466121673583984,1891400,0.0,0.0
2023-09-25 00:00:00-04:00,32.35200319361354,32.44981950439697,32.09116591704226,32.148223876953125,2060800,0.0,0.0
2023-09-26 00:00:00-04:00,31.993357377021574,32.01780990356729,31.390169143676758,31.390169143676758,2391500,0.0,0.0
2023-09-27 00:00:00-04:00,31.3901714430436,31.447232524873492,30.729928302537214,31.1130313873291,4391900,0.0,0.0
2023-09-28 00:00:00-04:00,31.080423726826826,31.333108101478796,30.925549448761938,31.137481689453125,1699500,0.0,0.0
2023-09-29 00:00:00-04:00,31.398324358773422,31.520590109884168,31.1130313873291,31.1130313873291,3182200,0.0,0.0
2023-10-02 00:00:00-04:00,31.04781856176752,31.14563176864174,29.727329385975324,29.85774803161621,3082300,0.0,0.0
2023-10-03 00:00:00-04:00,29.6621150970459,29.98001031489579,29.466488705796166,29.6621150970459,2814900,0.0,0.0
2023-10-04 00:00:00-04:00,29.678422684858003,29.963712514507904,29.515398592446942,29.75178337097168,2599700,0.0,0.0
2023-10-05 00:00:00-04:00,29.77623225534562,30.493536308583145,29.727327210200816,30.469083786010742,2908700,0.0,0.0
2023-10-06 00:00:00-04:00,30.289758815783124,30.60765406603234,29.78438695921837,30.420177459716797,3011900,0.0,0.0
2023-10-09 00:00:00-04:00,30.25715896913321,30.76253402851981,30.25715896913321,30.705472946166992,1757200,0.0,0.0
2023-10-10 00:00:00-04:00,30.721768704967165,31.186385298873912,30.632108417423822,30.990758895874023,2138500,0.0,0.0
2023-10-11 00:00:00-04:00,31.080422646499898,31.316804293695693,30.96630672521386,31.300504684448242,1979800,0.0,0.0
2023-10-12 00:00:00-04:00,31.243440735837957,31.34940372276626,30.61580017962968,30.868484497070312,1827300,0.0,0.0
2023-10-13 00:00:00-04:00,31.031518448857465,31.18638963186877,30.778830941330135,30.84404182434082,1561400,0.0,0.0
2023-10-16 00:00:00-04:00,30.96631189457571,31.561347233060587,30.778832153250978,31.44723129272461,2161000,0.0,0.0
2023-10-17 00:00:00-04:00,31.373866272117112,31.553189963861765,31.153784227796837,31.2923526763916,2207300,0.0,0.0
2023-10-18 00:00:00-04:00,31.0804230489822,31.113025377324938,30.485387802124023,30.485387802124023,1281300,0.0,0.0
2023-10-19 00:00:00-04:00,30.485386645044056,30.94185031877408,30.452781208513176,30.599502563476562,1788400,0.0,0.0
2023-10-20 00:00:00-04:00,30.583198954927237,30.68916506585511,30.102279663085938,30.102279663085938,1531000,0.0,0.0
2023-10-23 00:00:00-04:00,29.97186453213528,30.729923896142925,29.8495956891305,30.460933685302734,2096200,0.0,0.0
2023-10-24 00:00:00-04:00,30.59950256347656,30.778826245545254,30.436478490247737,30.599502563476562,1783400,0.0,0.0
2023-10-25 00:00:00-04:00,30.493539237041393,30.648410410582315,30.23270193980097,30.25715446472168,1860700,0.0,0.0
2023-10-26 00:00:00-04:00,30.08598156630948,30.36312159247014,30.03707340542491,30.265308380126953,1881300,0.0,0.0
2023-10-27 00:00:00-04:00,30.33866675031897,30.33866675031897,29.82514198323053,29.87405014038086,1919100,0.0,0.0
2023-10-30 00:00:00-04:00,30.085980698991836,30.501689171535812,30.02892273431768,30.3875732421875,1993300,0.0,0.0
2023-10-31 00:00:00-04:00,30.37127139790459,30.526145685992756,30.24085274497169,30.265308380126953,1603900,0.0,0.0
2023-11-01 00:00:00-04:00,30.42017980979034,30.966310061183403,30.240852994493217,30.86034393310547,2419700,0.0,0.0
2023-11-02 00:00:00-04:00,31.30050087533834,31.911838758767406,30.77882326956164,31.838478088378906,2214000,0.0,0.0
2023-11-03 00:00:00-04:00,32.1971324630633,32.62914362514642,31.93629518300266,32.50687789916992,1902400,0.0,0.0
2023-11-06 00:00:00-05:00,32.44166896420909,32.58024052657877,32.18898458309366,32.25419235229492,1207200,0.0,0.0
2023-11-07 00:00:00-05:00,32.05041086962922,32.07486339276031,31.708063108091437,31.740665435791016,1404800,0.0,0.0
2023-11-08 00:00:00-05:00,31.65915789567764,31.81402907228192,31.390167678525774,31.49613380432129,1267600,0.0,0.0
2023-11-09 00:00:00-05:00,31.626553460057846,31.814030082773296,31.430927031757385,31.504287719726562,1160300,0.0,0.0
2023-11-10 00:00:00-05:00,31.60209726663979,31.60209726663979,31.137480666559693,31.382015228271484,1336300,0.0,0.0
2023-11-13 00:00:00-05:00,31.259745473685186,31.67545701485665,31.08042179206223,31.42276954650879,1201800,0.0,0.0
2023-11-14 00:00:00-05:00,31.789575067472033,32.335702172260646,31.789575067472033,32.18898391723633,1572300,0.0,0.0
2023-11-15 00:00:00-05:00,32.29495296476348,32.40906891190333,32.164534295257035,32.197139739990234,1258300,0.0,0.0
2023-11-16 00:00:00-05:00,32.13192017360074,32.24603919935017,32.00150153931261,32.10746765136719,1126300,0.0,0.0
2023-11-17 00:00:00-05:00,32.27050043592676,32.36016385422989,32.050418348117184,32.197139739990234,1501800,0.0,0.0
2023-11-20 00:00:00-05:00,32.131921549754175,32.26234329905354,31.99335310526206,32.17267990112305,1346200,0.0,0.0
2023-11-21 00:00:00-05:00,32.1400756076791,32.38461017746723,32.017806768072155,32.09116744995117,1227300,0.0,0.0
2023-11-22 00:00:00-05:00,32.12377695531284,32.14822948255962,31.968905767039644,32.0178108215332,1503800,0.0,0.0
2023-11-24 00:00:00-05:00,32.213434360122264,32.36015571509236,32.08301572341835,32.34385299682617,609600,0.0,0.0
2023-11-27 00:00:00-05:00,32.22159186458449,32.29495255960066,32.050417946022215,32.058570861816406,1860700,0.0,0.0
2023-11-28 00:00:00-05:00,32.03411165561633,32.205285555111736,31.911845917159308,31.985206604003906,1194400,0.0,0.0
2023-11-29 00:00:00-05:00,32.009657682569404,32.10747089079782,31.7977254370777,31.87108612060547,1332800,0.0,0.0
2023-11-30 00:00:00-05:00,31.93629377688131,32.14822289156494,31.740664270736367,32.10746765136719,1572100,0.0,0.0
2023-12-01 00:00:00-05:00,32.221590037464395,32.947044030695096,32.19713751032102,32.857383728027344,1830600,0.0,0.0
2023-12-04 00:00:00-05:00,32.60469606163498,33.12637070111297,32.59654625576707,33.09376525878906,1665100,0.0,0.0
2023-12-05 00:00:00-05:00,32.987796783447266,33.28123949701257,32.93073882352353,32.987796783447266,1557900,0.0,0.0
2023-12-06 00:00:00-05:00,33.183424606372334,33.688799572219374,33.150819168041735,33.16712188720703,1441000,0.0,0.0
2023-12-07 00:00:00-05:00,33.216024695954296,33.35459312240717,32.93888473362331,33.22417449951172,1694800,0.0,0.0
2023-12-08 00:00:00-05:00,33.224179179282885,33.297539859333824,33.053005295639245,33.10191345214844,1326900,0.0,0.0
2023-12-11 00:00:00-05:00,33.158973119540946,33.26493924271711,32.82477513976305,32.92258834838867,1793900,0.0,0.0
2023-12-12 00:00:00-05:00,32.906283584786934,32.98779717810006,32.58838834442989,32.79216766357422,1704700,0.0,0.0
2023-12-13 00:00:00-05:00,32.80031841436135,33.46871428831844,32.61283871681872,33.40350341796875,1946100,0.0,0.0
2023-12-14 00:00:00-05:00,33.53292050288624,33.73202880494375,33.14300495696556,33.242557525634766,3022800,0.716,0.0
2023-12-15 00:00:00-05:00,33.40848317236539,33.49144312523256,32.06451231465739,32.097694396972656,2860900,0.0,0.0
2023-12-18 00:00:00-05:00,32.28020919490868,32.388059662417746,31.956660957100713,31.981548309326172,2743900,0.0,0.0
2023-12-19 00:00:00-05:00,32.06451836640094,32.23043830345041,31.87370474229816,31.9483699798584,2291700,0.0,0.0
2023-12-20 00:00:00-05:00,31.948366756194968,32.16406771614646,31.682891086038993,31.77414894104004,2218400,0.0,0.0
2023-12-21 00:00:00-05:00,32.06451492842374,32.22214011760804,31.85711186462985,32.130882263183594,2545000,0.0,0.0
2023-12-22 00:00:00-05:00,32.21384036685147,32.520795967304444,32.039619415230874,32.1640625,2136600,0.0,0.0
2023-12-26 00:00:00-05:00,32.105993399807915,32.33828380763314,31.9898481958953,32.31339645385742,1018800,0.0,0.0
2023-12-27 00:00:00-05:00,32.18895086078858,32.47101911902346,32.18895086078858,32.329986572265625,2040200,0.0,0.0
2023-12-28 00:00:00-05:00,32.30509575595663,32.57886928260874,32.30509575595663,32.47931671142578,1450200,0.0,0.0
2023-12-29 00:00:00-05:00,32.396354335767015,32.70330994998936,32.280209139289326,32.670127868652344,1863200,0.0,0.0
2024-01-02 00:00:00-05:00,32.52908900346593,33.53291886401061,32.504201653694736,33.49973678588867,2080000,0.0,0.0
2024-01-03 00:00:00-05:00,33.67395663134221,33.85647231345479,33.54951354540742,33.7071418762207,1799400,0.0,0.0
2024-01-04 00:00:00-05:00,33.79840485398817,33.88965954419429,33.45826395408653,33.72373962402344,2480300,0.0,0.0
2024-01-05 00:00:00-05:00,33.71544260359473,34.06388140737346,33.549519514401034,33.83988571166992,1369000,0.0,0.0
2024-01-08 00:00:00-05:00,33.806692429937925,34.014095450980484,33.77350718703857,33.939430236816406,2042000,0.0,0.0
2024-01-09 00:00:00-05:00,33.848169534508116,33.848169534508116,33.44166141993559,33.66565704345703,1364600,0.0,0.0
2024-01-10 00:00:00-05:00,33.71543995125931,33.95602825342752,33.599294747376575,33.9311408996582,1370800,0.0,0.0
2024-01-11 00:00:00-05:00,33.980915538468984,34.03898814029289,33.48314947577275,33.756919860839844,2136400,0.0,0.0
2024-01-12 00:00:00-05:00,33.96432391209536,34.26298482437384,33.85647659966555,33.92284393310547,1493700,0.0,0.0
2024-01-16 00:00:00-05:00,33.88965489927859,34.42060933109941,33.77350970519001,34.36253356933594,1929600,0.0,0.0
2024-01-17 00:00:00-05:00,34.09705965386791,34.362535300795514,33.972619724525224,34.27957534790039,2437800,0.0,0.0
2024-01-18 00:00:00-05:00,34.40402036942783,34.44550034819929,34.12195208317462,34.43720245361328,2081200,0.0,0.0
2024-01-19 00:00:00-05:00,34.52016683557486,34.65290467131906,34.35424374971471,34.57823944091797,1671700,0.0,0.0
2024-01-22 00:00:00-05:00,34.644604472781225,34.65290236711827,33.93943536066447,33.95602798461914,2429300,0.0,0.0
2024-01-23 00:00:00-05:00,34.06387918502107,34.22979909867033,33.889658212138166,34.1468391418457,1699000,0.0,0.0
2024-01-24 00:00:00-05:00,34.254691632097625,34.44550207579191,33.68225713629511,33.74032974243164,2163200,0.0,0.0
2024-01-25 00:00:00-05:00,33.88965189995324,34.014094976731286,33.51632899905693,33.59928894042969,1533900,0.0,0.0
2024-01-26 00:00:00-05:00,33.64906886660428,33.864766626225986,33.64906886660428,33.80669403076172,1268800,0.0,0.0
2024-01-29 00:00:00-05:00,33.80669944164594,34.138545610028466,33.6075911076725,34.11365509033203,1686800,0.0,0.0
2024-01-30 00:00:00-05:00,34.014106052325445,34.105363916382,33.74033246015579,33.82329559326172,1600200,0.0,0.0
2024-01-31 00:00:00-05:00,33.85647756144378,34.00580802182513,33.37530093027731,33.474853515625,1451000,0.0,0.0
2024-02-01 00:00:00-05:00,33.59929345052516,33.94772904872458,33.49974087457094,33.914546966552734,2539100,0.0,0.0
2024-02-02 00:00:00-05:00,33.59928933780037,33.59928933780037,32.313391243001185,32.8111572265625,3115900,0.0,0.0
2024-02-05 00:00:00-05:00,32.603755078956866,32.62864559410466,32.222134270360314,32.36316680908203,3215500,0.0,0.0
2024-02-06 00:00:00-05:00,32.34658164786202,32.91071504238994,32.23873117381546,32.877532958984375,1780700,0.0,0.0
2024-02-07 00:00:00-05:00,32.91071524406471,32.96049311655726,32.545687006611075,32.67842483520508,2280800,0.0,0.0
2024-02-08 00:00:00-05:00,32.07280762624297,32.105992873879956,31.044087102532306,31.483783721923828,4866900,0.0,0.0
2024-02-09 00:00:00-05:00,31.48378423541685,31.641409417184246,30.92794240494964,31.135345458984375,3833200,0.0,0.0
2024-02-12 00:00:00-05:00,31.1104605072423,31.699484466646695,31.05238790080636,31.525266647338867,2211400,0.0,0.0
2024-02-13 00:00:00-05:00,31.359344876497072,31.42571538076776,30.538030456826245,30.770320892333984,2820800,0.0,0.0
2024-02-14 00:00:00-05:00,30.90305923325303,31.118757046162745,30.620990915005013,30.703950881958008,5428200,0.0,0.0
2024-02-15 00:00:00-05:00,30.778611824541017,31.218308449270648,30.72883711720066,30.927942276000977,4793500,0.0,0.0
2024-02-16 00:00:00-05:00,30.80350618691063,31.35105018901887,30.80350618691063,31.25979232788086,1743100,0.0,0.0
2024-02-20 00:00:00-05:00,31.25979140152932,31.641412296143127,31.25979140152932,31.42571449279785,2503400,0.0,0.0
2024-02-21 00:00:00-05:00,31.392521685866463,31.575037358804895,31.309561742559346,31.45888900756836,1301300,0.0,0.0
2024-02-22 00:00:00-05:00,31.48377989586032,31.53355459654753,31.15193378925686,31.201711654663086,3281000,0.0,0.0
2024-02-23 00:00:00-05:00,31.201716397329445,31.31786160287904,30.96942598623025,31.193418502807617,3049200,0.0,0.0
2024-02-26 00:00:00-05:00,31.11046241688623,31.151942400498097,30.712248877716473,30.911354064941406,3045900,0.0,0.0
2024-02-27 00:00:00-05:00,31.068983142198725,31.085575768966056,30.911354770269046,30.94454002380371,2556600,0.0,0.0
2024-02-28 00:00:00-05:00,30.811797167860515,30.96112761978225,30.77031719004213,30.82009506225586,1262000,0.0,0.0
2024-02-29 00:00:00-05:00,30.903060048124185,30.969430555212586,30.77861692969342,30.786914825439453,1224000,0.0,0.0
2024-03-01 00:00:00-05:00,30.762023104392913,30.944535643558726,30.579507400507588,30.679059982299805,1494300,0.0,0.0
2024-03-04 00:00:00-05:00,30.463357009316002,30.620982167385232,30.007067827264862,30.065143585205078,3560200,0.0,0.0
2024-03-05 00:00:00-05:00,30.09003284719527,30.10662546984408,29.733299372043806,29.783077239990234,3112700,0.0,0.0
2024-03-06 00:00:00-05:00,29.973893518559716,30.25596182934527,29.89093038908173,30.14811134338379,3240200,0.0,0.0
2024-03-07 00:00:00-05:00,30.446770313422466,30.479955563070128,30.2642546050799,30.430177688598633,2096100,0.0,0.0
2024-03-08 00:00:00-05:00,30.44676844704813,30.64587360328987,30.197885419386253,30.30573272705078,2301600,0.0,0.0
2024-03-11 00:00:00-04:00,30.35551556700736,30.538031294035637,30.081741976464944,30.239370346069336,3613800,0.0,0.0
2024-03-12 00:00:00-04:00,30.239365419418327,30.239365419418327,29.924111896291127,30.023664474487305,2073600,0.0,0.0
2024-03-13 00:00:00-04:00,29.95730216369556,30.065152654232932,29.59227070794443,29.675233840942383,2536900,0.0,0.0
2024-03-14 00:00:00-04:00,29.642195324424303,29.667609146452197,28.413809963640894,28.837390899658203,7715300,0.741,0.0
2024-03-15 00:00:00-04:00,28.845857848476097,29.252495113466473,28.77808658681056,29.142366409301758,2662900,0.0,0.0
2024-03-18 00:00:00-04:00,29.150837928472487,29.150837928472487,28.795031517328294,28.97293472290039,3320800,0.0,0.0
2024-03-19 00:00:00-04:00,28.87974232515697,29.116946565733613,28.735723156474435,28.947513580322266,1722400,0.0,0.0
2024-03-20 00:00:00-04:00,28.879742928539727,29.142364222997514,28.76961100097156,29.116947174072266,1686700,0.0,0.0
2024-03-21 00:00:00-04:00,29.057645505589452,29.252492307729607,28.93904338530113,28.947513580322266,1776900,0.0,0.0
2024-03-22 00:00:00-04:00,28.972933880415702,29.01529132360606,28.430750851581266,28.557823181152344,2616600,0.0,0.0
2024-03-25 00:00:00-04:00,28.557824103625883,28.701843293124124,28.41380814579351,28.651012420654297,3506000,0.0,0.0
2024-03-26 00:00:00-04:00,28.84585445744934,28.905155516310085,28.676421475704924,28.6933650970459,3165600,0.0,0.0
2024-03-27 00:00:00-04:00,28.73572472054171,29.083064136956406,28.718784329577385,29.023759841918945,6099300,0.0,0.0
2024-03-28 00:00:00-04:00,29.09153499484794,29.294855239370793,28.52393493465147,28.786556243896484,3526800,0.0,0.0
2024-04-01 00:00:00-04:00,28.77808863549768,28.77808863549768,28.32909066437864,28.634069442749023,2657300,0.0,0.0
2024-04-02 00:00:00-04:00,28.337558487811886,28.362972303761033,27.431095760085547,27.90550422668457,4189300,0.0,0.0
2024-04-03 00:00:00-04:00,27.92245037447135,28.18507167914894,27.79537805156201,27.939393997192383,3503800,0.0,0.0
2024-04-04 00:00:00-04:00,28.125768381513712,28.490048161918253,27.973279020801794,28.100351333618164,3331800,0.0,0.0
2024-04-05 00:00:00-04:00,27.83773644039353,28.04952688411939,27.71066088149173,27.897037506103516,2135500,0.0,0.0
2024-04-08 00:00:00-04:00,27.922449431077247,28.015637737061642,27.65983136693813,27.761489868164062,2049500,0.0,0.0
2024-04-09 00:00:00-04:00,27.77843222248442,28.193539635349374,27.659830104523003,28.100351333618164,2459000,0.0,0.0
2024-04-10 00:00:00-04:00,27.63441431788253,27.846204747241426,27.448040937579233,27.761489868164062,2455300,0.0,0.0
2024-04-11 00:00:00-04:00,27.7784366607666,27.930926045842416,27.50734513877979,27.7784366607666,2414200,0.0,0.0
2024-04-12 00:00:00-04:00,27.625946774624047,27.81232340448426,27.109177560314034,27.20236587524414,2518800,0.0,0.0
2024-04-15 00:00:00-04:00,27.337911883530854,27.761492786780483,27.185422499827723,27.448043823242188,5112900,0.0,0.0
2024-04-16 00:00:00-04:00,27.30402531108765,27.38027000482527,26.95668909109757,27.295555114746094,2203900,0.0,0.0
2024-04-17 00:00:00-04:00,27.3802674446961,27.617471700071277,27.16000681208566,27.312496185302734,3156100,0.0,0.0
2024-04-18 00:00:00-04:00,27.32096801232357,27.456513770870014,27.185422253777123,27.287080764770508,1392100,0.0,0.0
2024-04-19 00:00:00-04:00,27.35485139491151,27.702187554090788,27.31249395728776,27.608999252319336,1566000,0.0,0.0
2024-04-22 00:00:00-04:00,27.71066497832224,27.88009800468557,27.58359263229938,27.871627807617188,2609200,0.0,0.0
2024-04-23 00:00:00-04:00,28.10035671495497,28.39686529830649,27.990228002423734,28.17660140991211,2146800,0.0,0.0
2024-04-24 00:00:00-04:00,28.117294598859708,28.23589994698421,27.829259502459376,28.007165908813477,2192000,0.0,0.0
2024-04-25 00:00:00-04:00,27.795376480208482,27.922448795934056,27.642887116005465,27.863147735595703,1759400,0.0,0.0
2024-04-26 00:00:00-04:00,27.863152573569227,27.897039822979504,27.60900466632411,27.634418487548828,1477900,0.0,0.0
2024-04-29 00:00:00-04:00,27.736078601586897,27.863150931889447,27.6767743027801,27.744548797607422,1497700,0.0,0.0
2024-04-30 00:00:00-04:00,27.541232322636578,27.854684556710662,27.44804722696544,27.829267501831055,2078600,0.0,0.0
2024-05-01 00:00:00-04:00,27.76996411402935,28.26131953301224,27.693719419072213,28.17660140991211,2199400,0.0,0.0
2024-05-02 00:00:00-04:00,28.379917493155457,28.379917493155457,27.46498128844534,27.947866439819336,3315200,0.0,0.0
2024-05-03 00:00:00-04:00,28.2952041743977,28.540878629580366,28.244373305222496,28.46463394165039,2259600,0.0,0.0
2024-05-06 00:00:00-04:00,28.405337639359537,28.651015367399417,28.371453619227232,28.42228126525879,2258400,0.0,0.0
2024-05-07 00:00:00-04:00,28.523934379669903,28.625596115786156,28.312143943592762,28.346031188964844,1529200,0.0,0.0
2024-05-08 00:00:00-04:00,28.261316288117026,28.64253971913158,28.23590246993792,28.481576919555664,1635800,0.0,0.0
2024-05-09 00:00:00-04:00,28.574768034455346,28.939047878567322,28.549354213780617,28.625598907470703,1486700,0.0,0.0
2024-05-10 00:00:00-04:00,28.634068153319582,28.854332030742068,28.574767085936408,28.752670288085938,1405400,0.0,0.0
2024-05-13 00:00:00-04:00,28.811971355469115,28.98140436156353,28.642541581040494,28.752670288085938,1058000,0.0,0.0
2024-05-14 00:00:00-04:00,28.947513580322266,29.040701883881777,28.75266677818211,28.947513580322266,1685500,0.0,0.0
2024-05-15 00:00:00-04:00,29.167778642606724,29.36262545284162,29.133891397783557,29.286380767822266,1835000,0.0,0.0
2024-05-16 00:00:00-04:00,29.210135784894614,29.26096665161095,28.99834535440814,29.091533660888672,1369000,0.0,0.0
2024-05-17 00:00:00-04:00,29.100003856175306,29.218609211846758,28.95598791464395,29.091533660888672,1291200,0.0,0.0
2024-05-20 00:00:00-04:00,29.08306830694688,29.09153850364352,28.676427768855344,28.862804412841797,1218900,0.0,0.0
2024-05-21 00:00:00-04:00,28.871274073409825,29.023760215711665,28.667953830898007,28.676424026489258,2299700,0.0,0.0
2024-05-22 00:00:00-04:00,28.566296497447272,29.006821014574665,28.481578379730994,28.93057632446289,2117900,0.0,0.0
2024-05-23 00:00:00-04:00,28.955991502905775,29.006822375921136,28.47310952009053,28.625598907470703,1740700,0.0,0.0
2024-05-24 00:00:00-04:00,28.718785364435767,28.786556625731894,28.422276805226343,28.439220428466797,1355700,0.0,0.0
2024-05-28 00:00:00-04:00,28.549354894482597,28.676427232551923,28.269789933731314,28.47311019897461,1773100,0.0,0.0
2024-05-29 00:00:00-04:00,28.33756199727622,28.346032193086497,28.024113045644896,28.117298126220703,2155700,0.0,0.0
2024-05-30 00:00:00-04:00,28.193542408253897,28.61712328929937,28.185072212565878,28.515464782714844,2387300,0.0,0.0
2024-05-31 00:00:00-04:00,28.625596958939852,29.108478908885548,28.625596958939852,28.981403350830078,2875400,0.0,0.0
2024-06-03 00:00:00-04:00,29.01529213686103,29.227082590414764,28.828915503600676,29.10848045349121,2152600,0.0,0.0
2024-06-04 00:00:00-04:00,29.100008590112207,29.260971411732992,28.82891705352208,29.18472671508789,2606200,0.0,0.0
2024-06-05 00:00:00-04:00,29.227079731377206,29.36262547912567,28.99834567611439,29.235549926757812,1489500,0.0,0.0
2024-06-06 00:00:00-04:00,29.210135429352167,29.464283296509375,29.15930456325454,29.218608856201172,1785800,0.0,0.0
2024-06-07 00:00:00-04:00,29.1000086619885,29.167783162136452,28.98140651839563,28.998350143432617,1267000,0.0,0.0
2024-06-10 00:00:00-04:00,28.972933201943974,28.99834702092991,28.659484251676567,28.710311889648438,2472300,0.0,0.0
2024-06-11 00:00:00-04:00,28.600184626870572,28.888219805206926,28.430754830397838,28.85433578491211,1826900,0.0,0.0
2024-06-12 00:00:00-04:00,29.116950341101102,29.328740792410148,28.981404581529947,29.049179077148438,1528600,0.0,0.0
2024-06-13 00:00:00-04:00,29.05764774881652,29.05764774881652,28.5747658036986,28.786556243896484,2239900,0.0,0.0
2024-06-14 00:00:00-04:00,28.575335918583452,28.670558716277284,28.10788365151639,28.46280288696289,2191200,0.726,0.0
2024-06-17 00:00:00-04:00,28.41951996783928,28.436830201321445,28.14250669883538,28.255043029785156,1796200,0.0,0.0
2024-06-18 00:00:00-04:00,28.220418295811395,28.36758171035326,28.004004034947137,28.133853912353516,1982500,0.0,0.0
2024-06-20 00:00:00-04:00,28.055942837432504,28.41086207027751,27.952064923536717,28.3848934173584,1975200,0.0,0.0
2024-06-21 00:00:00-04:00,28.454142887014953,28.5493656794187,28.142505858136943,28.220415115356445,1907000,0.0,0.0
2024-06-24 00:00:00-04:00,28.142504504618746,28.83503266980449,28.142504504618746,28.774436950683594,2343800,0.0,0.0
2024-06-25 00:00:00-04:00,28.70518289409461,28.791747263877028,28.220413837543564,28.324295043945312,1732100,0.0,0.0
2024-06-26 00:00:00-04:00,28.177136840829785,28.246390991182523,27.96938099421086,28.19445037841797,1876100,0.0,0.0
2024-06-27 00:00:00-04:00,28.21175967212978,28.21175967212978,27.97803190317827,28.03862762451172,1483500,0.0,0.0
2024-06-28 00:00:00-04:00,28.090570674282624,28.22041724463281,27.96072080171301,28.021316528320312,1666300,0.0,0.0
2024-07-01 00:00:00-04:00,28.029975812287613,28.324299337267266,27.752965824332588,27.778934478759766,1968900,0.0,0.0
2024-07-02 00:00:00-04:00,27.822216352587425,27.84818500671814,26.94790255614212,27.121034622192383,4425600,0.0,0.0
2024-07-03 00:00:00-04:00,27.10372255441785,27.484612129707223,27.10372255441785,27.24222755432129,1394400,0.0,0.0
2024-07-05 00:00:00-04:00,27.32013352018066,27.40669954743203,27.12968958111536,27.372074127197266,2940600,0.0,0.0
2024-07-08 00:00:00-04:00,27.41535764192146,27.519237209871854,27.328791610481083,27.467296600341797,2251100,0.0,0.0
2024-07-09 00:00:00-04:00,27.380729722705038,27.41535679465493,27.181629012322148,27.30282211303711,2538600,0.0,0.0
2024-07-10 00:00:00-04:00,27.4326720177214,27.527893169220317,27.250883181023898,27.501924514770508,1845600,0.0,0.0
2024-07-11 00:00:00-04:00,27.58848716055252,28.116536766532853,27.55386009072584,27.934749603271484,2080100,0.0,0.0
2024-07-12 00:00:00-04:00,28.04728582515795,28.22041456921148,27.848181825501968,28.107881546020508,1623600,0.0,0.0
2024-07-15 00:00:00-04:00,28.133851891057382,28.40220674404796,27.97803337025244,28.306983947753906,3066700,0.0,0.0
2024-07-16 00:00:00-04:00,28.454141401209387,28.54070907261025,28.28966777887626,28.523395538330078,1738000,0.0,0.0
2024-07-17 00:00:00-04:00,28.53205319852449,28.895630846389814,28.315638954053487,28.886972427368164,2020800,0.0,0.0
2024-07-18 00:00:00-04:00,28.817721256385138,29.12935829321084,28.80906283746261,28.85234832763672,1960400,0.0,0.0
2024-07-19 00:00:00-04:00,28.83503608104671,28.904286924426383,28.532054147379824,28.74846839904785,1860600,0.0,0.0
2024-07-22 00:00:00-04:00,28.82637595890847,28.82637595890847,28.37623394576339,28.549365997314453,1796300,0.0,0.0
2024-07-23 00:00:00-04:00,28.592647972229596,28.627275042726403,28.393547270201736,28.47145652770996,1520800,0.0,0.0
2024-07-24 00:00:00-04:00,28.488768801481324,28.82637446832811,28.43682819803603,28.705183029174805,1421300,0.0,0.0
2024-07-25 00:00:00-04:00,28.74846755640373,28.99950887351305,28.601307454648193,28.71384048461914,2155600,0.0,0.0
2024-07-26 00:00:00-04:00,28.757123533189556,28.956224225712866,28.618618560033386,28.878314971923828,1416300,0.0,0.0
2024-07-29 00:00:00-04:00,28.912945653711915,28.921600770894884,28.67921786313832,28.8004093170166,3553400,0.0,0.0
2024-07-30 00:00:00-04:00,28.817721046107675,29.146668313939635,28.705184716470825,29.051448822021484,1808800,0.0,0.0
2024-07-31 00:00:00-04:00,29.077418853759163,29.363083947505675,29.02547824479643,29.198610305786133,2050700,0.0,0.0
2024-08-01 00:00:00-04:00,29.34577359526803,29.57949807911092,29.042791664200912,29.371742248535156,2377100,0.0,0.0
2024-08-02 00:00:00-04:00,29.319803289635374,29.787258888064105,28.999511106513275,29.718008041381836,2894300,0.0,0.0
2024-08-05 00:00:00-04:00,28.999509474682576,29.544874308827886,28.86100448689227,29.371742248535156,2462600,0.0,0.0
2024-08-06 00:00:00-04:00,29.285179365216752,30.349937132402555,29.18129814240383,30.297996520996094,3559200,0.0,0.0
2024-08-07 00:00:00-04:00,30.419187464312778,30.540378919992193,30.098895288271542,30.16814613342285,1735600,0.0,0.0
2024-08-08 00:00:00-04:00,30.21142970495823,30.427843948397133,30.142175561992524,30.3153076171875,1560300,0.0,0.0
2024-08-09 00:00:00-04:00,30.367250237792632,30.42784596579554,30.159491097340148,30.28934097290039,1409000,0.0,0.0
2024-08-12 00:00:00-04:00,30.349938642881952,30.375907298767835,30.10755241314142,30.142179489135742,1573100,0.0,0.0
2024-08-13 00:00:00-04:00,30.159487825319836,30.2027700117377,29.70934582169188,29.847850799560547,2655000,0.0,0.0
2024-08-14 00:00:00-04:00,29.761287065567217,29.89979204640897,29.510245755848032,29.657405853271484,2593200,0.0,0.0
2024-08-15 00:00:00-04:00,29.614127350158974,29.769945885768422,29.492935889622657,29.700695037841797,1927900,0.0,0.0
2024-08-16 00:00:00-04:00,29.735318810695293,29.769945885768422,29.54487650223235,29.700695037841797,1326300,0.0,0.0
2024-08-19 00:00:00-04:00,29.726661149613733,29.89113478880923,29.718006032695804,29.743974685668945,1123400,0.0,0.0
2024-08-20 00:00:00-04:00,29.726664419494917,29.93442357279126,29.570845880077588,29.891138076782227,1363600,0.0,0.0
2024-08-21 00:00:00-04:00,29.94307698468797,30.046954904307956,29.891136373768212,29.969045639038086,964500,0.0,0.0
2024-08-22 00:00:00-04:00,29.99501685570448,30.090236353379247,29.839198329008397,29.908449172973633,828400,0.0,0.0
2024-08-23 00:00:00-04:00,29.986361448332094,30.471130613659646,29.899797059125643,30.272029876708984,1301700,0.0,0.0
2024-08-26 00:00:00-04:00,30.36724642914457,30.57500224132089,30.358588010676083,30.4191837310791,1382600,0.0,0.0
2024-08-27 00:00:00-04:00,30.36724621264587,30.523061419557703,30.280678539673662,30.48843765258789,2540800,0.0,0.0
2024-08-28 00:00:00-04:00,30.462468686150636,30.540377948354372,30.185458709919438,30.306650161743164,3364300,0.0,0.0
2024-08-29 00:00:00-04:00,30.453813462527382,30.453813462527382,30.168145068040374,30.20277214050293,1269300,0.0,0.0
2024-08-30 00:00:00-04:00,30.21143213753821,30.375905786996007,30.064268722996346,30.297996520996094,1311800,0.0,0.0
2024-09-03 00:00:00-04:00,30.124860667965105,30.58366108887805,30.0988920166335,30.575002670288086,1672500,0.0,0.0
2024-09-04 00:00:00-04:00,30.540374461312073,31.1203663030996,30.49709227663396,31.059770584106445,1860700,0.0,0.0
2024-09-05 00:00:00-04:00,31.154994119632246,31.284840676783652,31.0511129112482,31.1203670501709,1254500,0.0,0.0
2024-09-06 00:00:00-04:00,31.163653180315777,31.267531099628698,30.81738904631335,30.94723892211914,1351600,0.0,0.0
2024-09-09 00:00:00-04:00,30.947234164883728,31.241557642876277,30.947234164883728,31.23290252685547,1254100,0.0,0.0
2024-09-10 00:00:00-04:00,31.258876887097923,31.258876887097923,30.445157139304115,30.557693481445312,2186400,0.0,0.0
2024-09-11 00:00:00-04:00,30.618285710376465,30.618285710376465,30.090234437114724,30.462467193603516,2040700,0.0,0.0
2024-09-12 00:00:00-04:00,30.462469838811874,30.652915443009316,30.37590545629641,30.5230655670166,2291200,0.0,0.0
2024-09-13 00:00:00-04:00,30.56635114113687,30.85201624596718,30.56635114113687,30.64426040649414,2130800,0.0,0.0
2024-09-16 00:00:00-04:00,30.674312761259042,30.771551754102436,30.249999915146844,30.391437530517578,2965100,0.734,0.0
2024-09-17 00:00:00-04:00,30.400277910158533,30.630116157873662,30.25884028546421,30.50635528564453,2650600,0.0,0.0
2024-09-18 00:00:00-04:00,31.178181551461073,31.97376679872307,31.02790220240169,31.478736877441406,4915100,0.0,0.0
2024-09-19 00:00:00-04:00,31.59365879859949,31.717416289949295,31.027904967639515,31.107463836669922,3223700,0.0,0.0
2024-09-20 00:00:00-04:00,31.11630830885179,31.17818705994458,30.74503243015603,30.974870681762695,2079200,0.0,0.0
2024-09-23 00:00:00-04:00,31.054432108146873,31.204708123959836,30.806913711308905,31.027910232543945,1397700,0.0,0.0
2024-09-24 00:00:00-04:00,31.089784976594885,31.089784976594885,30.86878848387935,31.054428100585938,1998500,0.0,0.0
2024-09-25 00:00:00-04:00,31.080949160685254,31.178188165031635,30.753875268724908,30.85111427307129,1686000,0.0,0.0
2024-09-26 00:00:00-04:00,30.771552130373447,31.06326574033192,30.762710382476616,30.78923225402832,1072100,0.0,0.0
2024-09-27 00:00:00-04:00,30.78923173268702,31.12514396002543,30.745029738228894,31.107463836669922,1528900,0.0,0.0
2024-09-30 00:00:00-04:00,31.133984495674184,31.18702149153715,30.647789552673004,30.76270866394043,2620100,0.0,0.0
2024-10-01 00:00:00-04:00,30.762710382476616,30.886467875921955,30.665471388444193,30.78923225402832,1424100,0.0,0.0
2024-10-02 00:00:00-04:00,30.73619793553734,30.806915071943447,30.250006241774713,30.444480895996094,1630000,0.0,0.0
2024-10-03 00:00:00-04:00,30.24116118139946,30.24116118139946,29.86988866859975,29.914087295532227,2410000,0.0,0.0
2024-10-04 00:00:00-04:00,29.83452979243565,29.975967428417924,29.684253779515398,29.799169540405273,1572200,0.0,0.0
2024-10-07 00:00:00-04:00,29.825688600280415,29.843365352487876,29.5251332306698,29.64004898071289,1748700,0.0,0.0
2024-10-08 00:00:00-04:00,29.657731925639656,29.70193055463963,29.366018276528447,29.622371673583984,1978200,0.0,0.0
2024-10-09 00:00:00-04:00,29.578171594611167,29.737289348922236,29.4278955889502,29.445575714111328,1564200,0.0,0.0
2024-10-10 00:00:00-04:00,29.30413966842935,29.357176674639543,28.91518363814522,29.04778289794922,3028800,0.0,0.0
2024-10-11 00:00:00-04:00,29.021264289180596,29.383698442900783,28.96822391102426,29.189220428466797,2616800,0.0,0.0
2024-10-14 00:00:00-04:00,29.180378076863303,29.26877870529859,28.623469292347256,28.7825870513916,3484000,0.0,0.0
2024-10-15 00:00:00-04:00,28.826785530712286,29.78148870791025,28.75606502832917,29.533973693847656,2795700,0.0,0.0
2024-10-16 00:00:00-04:00,29.560489742588143,29.922923856870916,29.560489742588143,29.595849990844727,1160100,0.0,0.0
2024-10-17 00:00:00-04:00,29.480931587197954,29.675409585200914,29.427894585661843,29.604692459106445,1175000,0.0,0.0
2024-10-18 00:00:00-04:00,29.640051607297075,29.843367997089153,29.54281260084451,29.648893356323242,1184700,0.0,0.0
2024-10-21 00:00:00-04:00,29.60469319701669,29.64005007487573,29.339494694170114,29.516292572021484,1526400,0.0,0.0
2024-10-22 00:00:00-04:00,29.41905221196208,29.54280970910094,29.31297483900575,29.45441246032715,1215200,0.0,0.0
2024-10-23 00:00:00-04:00,29.454412918123577,29.46325466642171,29.08314042093647,29.357173919677734,1193500,0.0,0.0
2024-10-24 00:00:00-04:00,29.46325521473292,29.46325521473292,29.09197933849743,29.29529571533203,1466300,0.0,0.0
2024-10-25 00:00:00-04:00,29.28645624476654,29.366015117263053,28.968220754780482,28.98590087890625,1531200,0.0,0.0
2024-10-28 00:00:00-04:00,28.950539454695477,29.189216062490075,28.853300462023004,28.897499084472656,1097000,0.0,0.0
2024-10-29 00:00:00-04:00,28.791424258215898,28.844464633121756,28.473188753058814,28.694185256958008,2046600,0.0,0.0
2024-10-30 00:00:00-04:00,28.57042720939447,28.71186483430676,28.384790958973145,28.499710083007812,1537800,0.0,0.0
2024-10-31 00:00:00-04:00,28.455506735582844,28.676503224784092,28.358271112930897,28.517385482788086,1556500,0.0,0.0
2024-11-01 00:00:00-04:00,28.614624566002057,28.7118635610933,28.17263327230315,28.375947952270508,1913500,0.0,0.0
2024-11-04 00:00:00-05:00,27.518482854440425,27.518482854440425,25.476475709852483,25.74167251586914,10183800,0.0,0.0
2024-11-05 00:00:00-05:00,25.81239330835856,26.12178707669042,25.31735990688842,25.494157791137695,4290400,0.0,0.0
2024-11-06 00:00:00-05:00,25.4057559967041,25.458794681596387,24.98144314542702,25.4057559967041,6733200,0.0,0.0
2024-11-07 00:00:00-05:00,25.149401714629278,25.17592021484909,24.123978116416986,24.813486099243164,7241900,0.0,0.0
2024-11-08 00:00:00-05:00,24.919566101530208,25.317358794508717,24.840007225720605,25.078683853149414,4007300,0.0,0.0
2024-11-11 00:00:00-05:00,25.105200615487917,25.24663823244857,24.548290209464007,24.619009017944336,3104900,0.0,0.0
2024-11-12 00:00:00-05:00,24.52177011060703,24.557130358006763,23.96485970261638,24.477571487426758,3563900,0.0,0.0
2024-11-13 00:00:00-05:00,24.51293008906136,24.52177015092583,23.991378241543508,24.05325698852539,7305500,0.0,0.0
2024-11-14 00:00:00-05:00,24.17701985982248,24.238898616251795,23.67314805910416,23.726186752319336,5191000,0.0,0.0
2024-11-15 00:00:00-05:00,23.620104787895908,23.81458278265677,23.4344685413363,23.70850372314453,4366800,0.0,0.0
2024-11-18 00:00:00-05:00,23.770380855241722,24.309612806119652,23.681983612074937,24.07093620300293,4042500,0.0,0.0
2024-11-19 00:00:00-05:00,24.035581400149283,24.265417977663105,23.894143765689943,24.141658782958984,2853600,0.0,0.0
2024-11-20 00:00:00-05:00,24.11513906636726,24.185857880037037,23.788063499351093,23.86762237548828,3436400,0.0,0.0
2024-11-21 00:00:00-05:00,23.841102383834816,23.841102383834816,23.381430934241862,23.584747314453125,5627200,0.0,0.0
2024-11-22 00:00:00-05:00,23.60242788773951,23.823424397227445,23.575907699615914,23.664306640625,5371200,0.0,0.0
2024-11-25 00:00:00-05:00,23.86762337164172,23.947182251099427,23.63778679610497,23.885303497314453,3247600,0.0,0.0
2024-11-26 00:00:00-05:00,23.681983809486116,23.81458136141095,23.399106896358624,23.540544509887695,3286000,0.0,0.0
2024-11-27 00:00:00-05:00,23.51402928853502,24.15933870096345,23.505189225698654,23.885303497314453,3684400,0.0,0.0
2024-11-29 00:00:00-05:00,23.911816771919757,23.99137563398353,23.823419535021536,23.89413833618164,1448200,0.0,0.0
2024-12-02 00:00:00-05:00,23.849942336795728,23.991379964646725,23.57590714359311,23.902982711791992,3823100,0.0,0.0
2024-12-03 00:00:00-05:00,23.96486258291961,24.265417977663105,23.956022520007206,24.141658782958984,5247300,0.0,0.0
2024-12-04 00:00:00-05:00,24.132819543751786,24.238898616251795,23.620107679819327,23.726186752319336,7256100,0.0,0.0
2024-12-05 00:00:00-05:00,23.7173450955542,24.026740542982385,23.7173450955542,23.841102600097656,3007600,0.0,0.0
2024-12-06 00:00:00-05:00,23.726183981209953,23.93834041536142,23.487507360513508,23.673145294189453,2717300,0.0,0.0
2024-12-09 00:00:00-05:00,23.7085036775543,24.115138104488256,23.6554649909349,23.77922248840332,4031300,0.0,0.0
2024-12-10 00:00:00-05:00,23.79690469568279,23.858783449833528,23.098554902108255,23.390270233154297,4054300,0.0,0.0
2024-12-11 00:00:00-05:00,23.257672472170462,23.31955122581624,22.948277017871998,22.957117080688477,3909800,0.0,0.0
2024-12-12 00:00:00-05:00,22.939438744087518,22.97479730944256,22.603523099831875,22.8156795501709,5024300,0.0,0.0
2024-12-13 00:00:00-05:00,22.797998973714517,22.85103765981066,22.311805678613354,22.559322357177734,5665300,0.0,0.0
2024-12-16 00:00:00-05:00,22.191286539978204,22.391207415735586,21.646045739499403,21.682395935058594,7752700,0.695,0.0
2024-12-17 00:00:00-05:00,21.291638242491608,21.6733065980099,21.246200501791463,21.427947998046875,6598500,0.0,0.0
2024-12-18 00:00:00-05:00,21.38251207968538,21.446123183657964,20.937232618604714,21.264375686645508,7038700,0.0,0.0
2024-12-19 00:00:00-05:00,21.21894285185583,21.50064995440292,20.98267176371952,21.00084686279297,5085500,0.0,0.0
2024-12-20 00:00:00-05:00,20.973581254464587,21.28255096202113,20.810008852431995,21.046279907226562,5954800,0.0,0.0
2024-12-23 00:00:00-05:00,20.855446833341507,21.028105052339736,20.455603371919974,20.75548553466797,4417700,0.0,0.0
2024-12-24 00:00:00-05:00,20.691872444550643,20.88270574196057,20.61008625043997,20.810007095336914,1710300,0.0,0.0
2024-12-26 00:00:00-05:00,20.737309528874935,20.946317932145686,20.66461087846456,20.782747268676758,3519900,0.0,0.0
2024-12-27 00:00:00-05:00,20.628263416864876,20.77366072471271,20.437428367019198,20.5919132232666,3216700,0.0,0.0
2024-12-30 00:00:00-05:00,20.537390787341803,20.573739249651823,20.155722400086617,20.473779678344727,3411000,0.0,0.0
2024-12-31 00:00:00-05:00,20.537389365790215,21.16441633000936,20.482865809462822,21.064455032348633,3820900,0.0,0.0
2025-01-02 00:00:00-05:00,21.16441818001998,21.464300365942663,20.98267066534506,21.137155532836914,2865200,0.0,0.0
2025-01-03 00:00:00-05:00,21.019014974988394,21.655129417382522,21.019014974988394,21.646041870117188,3950100,0.0,0.0
2025-01-06 00:00:00-05:00,21.900489923360958,21.964101026550605,21.55517002994208,21.75509262084961,3677100,0.0,0.0
2025-01-07 00:00:00-05:00,21.85505416414658,21.97319056644123,21.673308386168795,21.682395935058594,4004300,0.0,0.0
2025-01-08 00:00:00-05:00,21.59152125441119,21.627869715140424,21.22802798075565,21.473384857177734,2334900,0.0,0.0
2025-01-10 00:00:00-05:00,21.128068102483773,21.200766762107644,20.819098365764123,20.864534378051758,3534800,0.0,0.0
2025-01-13 00:00:00-05:00,20.89179400724301,21.109889954607272,20.700960703276476,21.09171485900879,2839400,0.0,0.0
2025-01-14 00:00:00-05:00,20.546477393309253,20.564650756993878,19.874014405343992,20.482866287231445,5909200,0.0,0.0
2025-01-15 00:00:00-05:00,20.6555233001709,20.8372707925662,20.600999745761325,20.6555233001709,2898600,0.0,0.0
2025-01-16 00:00:00-05:00,20.62826139861676,20.83726979153978,20.437426367442193,20.737308502197266,4367600,0.0,0.0
2025-01-17 00:00:00-05:00,20.828182990576682,21.11897758824429,20.810007894904324,21.03719139099121,2840900,0.0,0.0
2025-01-21 00:00:00-05:00,20.90088147397688,21.337073367013605,20.791832634081445,21.255287170410156,3917300,0.0,0.0
2025-01-22 00:00:00-05:00,21.264374887078098,21.264374887078098,20.909969187829763,21.03719139099121,2640000,0.0,0.0
2025-01-23 00:00:00-05:00,21.16441812585713,21.364339004869706,21.028106623563403,21.100805282592773,2434800,0.0,0.0
2025-01-24 00:00:00-05:00,21.264376647884514,21.44612415311272,21.01901803580824,21.38251304626465,2264900,0.0,0.0
2025-01-27 00:00:00-05:00,21.546084189800702,21.982277865183715,21.45521216848225,21.8641414642334,3327200,0.0,0.0
2025-01-28 00:00:00-05:00,22.073149781607157,22.209459535506184,21.69148143072635,21.7005672454834,3380400,0.0,0.0
2025-01-29 00:00:00-05:00,21.58243476022858,21.818705832964863,21.509736101946086,21.536998748779297,3117500,0.0,0.0
2025-01-30 00:00:00-05:00,21.646045620508076,21.991365543331227,21.446124745849687,21.7187442779541,2666400,0.0,0.0
2025-01-31 00:00:00-05:00,21.655132411620464,21.945927031229463,21.518822650337825,21.618783950805664,2992800,0.0,0.0
2025-02-03 00:00:00-05:00,21.16441674476654,21.900490836065252,20.909970588131337,21.83687973022461,3279100,0.0,0.0
2025-02-04 00:00:00-05:00,22.082235308725593,22.3548565462451,22.073149494086895,22.17310905456543,2364300,0.0,0.0
2025-02-05 00:00:00-05:00,22.309420379645797,22.763787407608216,22.118587059872457,22.627477645874023,6337300,0.0,0.0
2025-02-06 00:00:00-05:00,22.709262913178907,22.709262913178907,21.091715736352217,21.373424530029297,7531600,0.0,0.0
2025-02-07 00:00:00-05:00,21.337075186009645,21.337075186009645,19.992149201187896,20.11937141418457,7889900,0.0,0.0
2025-02-10 00:00:00-05:00,20.228419144786937,20.68278614696111,20.182981404605982,20.455602645874023,3749300,0.0,0.0
2025-02-11 00:00:00-05:00,20.43742815993452,20.855446715715892,20.264768208637477,20.791833877563477,4074600,0.0,0.0
2025-02-12 00:00:00-05:00,20.74639958957677,21.200766642991308,20.655525832239313,21.137155532836914,2549000,0.0,0.0
2025-02-13 00:00:00-05:00,21.22802798075565,21.63695726364089,21.173502689752826,21.473384857177734,2614600,0.0,0.0
2025-02-14 00:00:00-05:00,21.509732127681993,21.709652967702116,21.391597479777467,21.646041870117188,2282400,0.0,0.0
2025-02-18 00:00:00-05:00,21.482472740228424,21.609696687943632,21.1825905681334,21.23711585998535,2842600,0.0,0.0
2025-02-19 00:00:00-05:00,21.209852159518853,21.473384123943266,21.01901711407058,21.282550811767578,1997600,0.0,0.0
2025-02-20 00:00:00-05:00,21.29164107218551,21.446125944552126,21.182592213284977,21.41886329650879,1795600,0.0,0.0
2025-02-21 00:00:00-05:00,21.409773536435395,21.909578299317626,21.355249979251514,21.7823543548584,2577600,0.0,0.0
2025-02-24 00:00:00-05:00,21.76418002447758,22.164021737093957,21.75509247647186,21.882314682006836,2163000,0.0,0.0
2025-02-25 00:00:00-05:00,21.873228195442934,22.03680060093847,21.691482426326612,21.72783088684082,2645400,0.0,0.0
2025-02-26 00:00:00-05:00,21.700565768879386,21.727828411113144,21.091713958505025,21.228025436401367,2820100,0.0,0.0
2025-02-27 00:00:00-05:00,21.091714777203258,21.364336010305593,21.055366319419786,21.255287170410156,1877900,0.0,0.0
2025-02-28 00:00:00-05:00,21.337074636943083,21.409773290109378,20.909970266250166,21.009931564331055,2128200,0.0,0.0
2025-03-03 00:00:00-05:00,21.091714806544502,21.437034688966673,21.0644538964871,21.273462295532227,2183500,0.0,0.0
2025-03-04 00:00:00-05:00,21.300726780390686,21.60060894985562,21.109891727127913,21.455211639404297,2764900,0.0,0.0
2025-03-05 00:00:00-05:00,21.58243173364885,21.97318761709746,21.482470442551065,21.54608154296875,1757200,0.0,0.0
2025-03-06 00:00:00-05:00,21.564259942011965,22.31850918145214,21.464300368872596,22.254898071289062,2938800,0.0,0.0
2025-03-07 00:00:00-05:00,22.254894971660317,22.84557171225671,22.200371418153463,22.536602020263672,3419900,0.0,0.0
2025-03-10 00:00:00-04:00,22.700178064274304,23.054585552239327,22.582043390467824,22.881925582885742,4434300,0.0,0.0
2025-03-11 00:00:00-04:00,22.854659406758728,22.945533152035157,22.23672001880606,22.518428802490234,4466500,0.0,0.0
2025-03-12 00:00:00-04:00,22.400291689174207,22.42755433185716,22.064061095780154,22.12767219543457,3452900,0.0,0.0
2025-03-13 00:00:00-04:00,22.20946127567901,22.500255902320852,22.01862621864987,22.136762619018555,2266900,0.0,0.0
2025-03-14 00:00:00-04:00,22.078708915995435,22.078708915995435,21.844625911463712,21.975711822509766,2193700,0.718,0.0
2025-03-17 00:00:00-04:00,21.88207916720415,22.387697507933566,21.788445611984177,22.191068649291992,2464100,0.0,0.0
2025-03-18 00:00:00-04:00,22.125524721216348,22.453241283538578,22.041256482933317,22.265975952148438,2118200,0.0,0.0
2025-03-19 00:00:00-04:00,22.14425190056095,22.2472489941817,21.86335300911912,21.882080078125,2021900,0.0,0.0
2025-03-20 00:00:00-04:00,21.769719183933198,21.797809787098696,21.38582320356257,21.554363250732422,2656400,0.0,0.0
2025-03-21 00:00:00-04:00,21.544998350653373,21.63863190269157,21.179829462207007,21.254735946655273,2996500,0.0,0.0
2025-03-24 00:00:00-04:00,21.198555738401975,21.423275202289343,21.067469830945562,21.086196899414062,2257800,0.0,0.0
2025-03-25 00:00:00-04:00,21.161103026462875,21.282825397609,21.020653587167654,21.09556007385254,2084300,0.0,0.0
2025-03-26 00:00:00-04:00,21.067470627462132,21.20792007446289,21.05810709287387,21.20792007446289,2594300,0.0,0.0
2025-03-27 00:00:00-04:00,21.254733986150995,21.732261664267604,21.217279854425843,21.68544578552246,2380200,0.0,0.0
2025-03-28 00:00:00-04:00,21.732266864933827,21.78844807596607,21.488822094107686,21.50754737854004,2134100,0.0,0.0
2025-03-31 00:00:00-04:00,21.348369316601534,21.853989464046194,21.348369316601534,21.49818229675293,2336600,0.0,0.0
2025-04-01 00:00:00-04:00,21.563726245633138,21.61990566464705,21.217282625572366,21.32964324951172,2039000,0.0,0.0
2025-04-02 00:00:00-04:00,21.329644853347045,21.329644853347045,20.24349981254632,20.43076515197754,4694400,0.0,0.0
2025-04-03 00:00:00-04:00,20.73038831046703,21.2734607571668,20.477580047248022,21.217281341552734,4575600,0.0,0.0
2025-04-04 00:00:00-04:00,21.123651571320373,21.65736057993106,20.98320211419836,21.264101028442383,5186200,0.0,0.0
2025-04-07 00:00:00-04:00,20.627393711115243,21.15173910839025,20.299677168101557,20.674209594726562,5212400,0.0,0.0
2025-04-08 00:00:00-04:00,20.936384737628995,21.067470650182862,19.288440152460854,19.541250228881836,5746300,0.0,0.0
2025-04-09 00:00:00-04:00,19.353983893305365,20.046869408467806,18.988814958724106,19.662973403930664,6342600,0.0,0.0
2025-04-10 00:00:00-04:00,19.719149722471847,19.719149722471847,19.260347296276077,19.644243240356445,5052200,0.0,0.0
2025-04-11 00:00:00-04:00,19.737876020913507,20.290311974720307,19.63487894229861,20.000049591064453,4609000,0.0,0.0
2025-04-14 00:00:00-04:00,20.168593964264552,20.33713223936634,19.981326832935828,20.271589279174805,6388700,0.0,0.0
2025-04-15 00:00:00-04:00,20.318405147172207,20.318405147172207,19.859600894829214,19.887691497802734,3391000,0.0,0.0
2025-04-16 00:00:00-04:00,20.177953110861754,20.449490237673082,20.03750367343691,20.243497848510742,3423000,0.0,0.0
2025-04-17 00:00:00-04:00,20.28094975824612,20.71166338103433,20.26222269075284,20.636756896972656,2836100,0.0,0.0
2025-04-21 00:00:00-04:00,20.664848113696248,20.97383761959625,20.58994162092993,20.955110549926758,2388600,0.0,0.0
2025-04-22 00:00:00-04:00,20.99256388917863,21.1236498000457,20.786571488400142,20.83338737487793,2411100,0.0,0.0
2025-04-23 00:00:00-04:00,20.81465947831944,20.927020101674835,20.486942928270363,20.805295944213867,2521600,0.0,0.0
2025-04-24 00:00:00-04:00,20.94574746252126,20.94574746252126,20.52439735144122,20.608667373657227,1994600,0.0,0.0
2025-04-25 00:00:00-04:00,20.552489976167895,20.552489976167895,20.000053903251043,20.271589279174805,2636800,0.0,0.0
2025-04-28 00:00:00-04:00,20.280952524008924,20.515035541863053,20.16859367554949,20.421401977539062,1714800,0.0,0.0
2025-04-29 00:00:00-04:00,20.524396896362305,20.758479889347317,20.44012687601478,20.524396896362305,1732900,0.0,0.0
2025-04-30 00:00:00-04:00,20.524397880754407,20.842750909355804,20.290314876542293,20.83338737487793,3014100,0.0,0.0
2025-05-01 00:00:00-04:00,20.805294649595023,20.805294649595023,20.018775692783343,20.0749568939209,4481300,0.0,0.0
2025-05-02 00:00:00-04:00,20.13113786102018,20.346493790914646,19.784694237610843,20.084321975708008,6612800,0.0,0.0
2025-05-05 00:00:00-04:00,20.103047510715506,20.20604460278945,19.719151531418245,20.028141021728516,3644500,0.0,0.0
2025-05-06 00:00:00-04:00,20.084322414726614,20.524397818379803,20.0281412080301,20.215408325195312,4122300,0.0,0.0
2025-05-07 00:00:00-04:00,20.140501202540367,20.393311266994672,19.70042581271777,19.89705467224121,5094400,0.0,0.0
2025-05-08 00:00:00-04:00,19.765968319709984,21.2079186147336,19.765968319709984,20.814659118652344,6733100,0.0,0.0
2025-05-09 00:00:00-04:00,20.81466205128725,21.6011811542646,20.664849058902206,21.264101028442383,5091900,0.0,0.0
2025-05-12 00:00:00-04:00,21.245373758299685,21.264099041164,20.94574780153173,21.12364959716797,3978500,0.0,0.0
2025-05-13 00:00:00-04:00,21.133013897882005,21.18919332033528,20.46821900543524,20.580577850341797,3705100,0.0,0.0
2025-05-14 00:00:00-04:00,20.53376427136165,20.53376427136165,19.868967518255793,19.906421661376953,4725400,0.0,0.0
2025-05-15 00:00:00-04:00,19.934509775790257,20.365221652349497,19.906419171962284,20.25286102294922,2356400,0.0,0.0
2025-05-16 00:00:00-04:00,20.1685916123114,20.393311072153256,20.131137476048664,20.18731689453125,2789200,0.0,0.0
2025-05-19 00:00:00-04:00,20.140500651487486,20.243497738464498,20.05623063230838,20.196680068969727,1337600,0.0,0.0
2025-05-20 00:00:00-04:00,20.103048860606375,20.60866903465389,20.08432357653593,20.28095245361328,3471000,0.0,0.0
2025-05-21 00:00:00-04:00,20.290313522473433,20.346492939679976,19.97196051511724,20.103046417236328,2656100,0.0,0.0
2025-05-22 00:00:00-04:00,20.046867000029785,20.243497639119894,19.850238146851154,20.103046417236328,2218900,0.0,0.0
2025-05-23 00:00:00-04:00,20.112409702529405,20.252859136765746,20.00005086950491,20.15922737121582,1983500,0.0,0.0
2025-05-27 00:00:00-04:00,20.159227260103172,20.45885319439896,20.056230175472205,20.112409591674805,2650300,0.0,0.0
2025-05-28 00:00:00-04:00,20.056230719644752,20.084321321463936,19.75660477721941,19.81278419494629,2224100,0.0,0.0
2025-05-29 00:00:00-04:00,19.90641838390763,20.22477140437526,19.84087543014869,20.13113784790039,2801000,0.0,0.0
2025-05-30 00:00:00-04:00,20.103047407035273,20.5150339872947,20.103047407035273,20.412036895751953,3173200,0.0,0.0
2025-06-02 00:00:00-04:00,20.505671624920094,21.030017075092108,20.374585708855008,20.861478805541992,4678700,0.0,0.0
2025-06-03 00:00:00-04:00,20.80529504522091,20.852112713725806,20.458853227841885,20.543123245239258,2751300,0.0,0.0
2025-06-04 00:00:00-04:00,20.627392419996898,20.758478314632796,20.458852392087103,20.561847686767578,2351300,0.0,0.0
2025-06-05 00:00:00-04:00,20.66484863584308,20.749118665573423,20.430765616794723,20.468219757080078,2300200,0.0,0.0
2025-06-06 00:00:00-04:00,20.412039646812488,20.486946145508774,20.215410757451657,20.393314361572266,2332100,0.0,0.0
2025-06-09 00:00:00-04:00,20.40267542688664,20.870841433533016,20.36522128911737,20.69293785095215,2734100,0.0,0.0
2025-06-10 00:00:00-04:00,20.74911564081849,21.43263752817875,20.74911564081849,21.067468643188477,3749100,0.0,0.0
2025-06-11 00:00:00-04:00,21.133015438792544,21.189194865342134,20.92702301750286,21.02065658569336,2391800,0.0,0.0
2025-06-12 00:00:00-04:00,21.15174092381374,21.516909847876107,21.10492503618428,21.488821029663086,3744800,0.0,0.0
2025-06-13 00:00:00-04:00,21.460730227941117,21.563727322871557,21.31091724581227,21.348369598388672,2596100,0.0,0.0
2025-06-16 00:00:00-04:00,21.50885433151384,21.50885433151384,21.176487561191788,21.261953353881836,3473800,0.319,0.0
2025-06-17 00:00:00-04:00,21.157495325346563,21.233464713123713,20.834624974480406,20.8916015625,3538500,0.0,0.0
2025-06-18 00:00:00-04:00,20.89160169869525,20.977067486908343,20.68268633375941,20.701677322387695,3818600,0.0,0.0
2025-06-20 00:00:00-04:00,20.78714250897908,20.910593893381986,20.559234350757986,20.6162109375,5200800,0.0,0.0
2025-06-23 00:00:00-04:00,20.530747861329882,20.825129018839387,20.530747861329882,20.777647018432617,2789800,0.0,0.0
2025-06-24 00:00:00-04:00,20.720673200395883,21.053040002681783,20.720673200395883,20.87261199951172,3665000,0.0,0.0
2025-06-25 00:00:00-04:00,20.70167935054773,20.853618141978107,20.492763965144285,20.834627151489258,7051100,0.0,0.0
2025-06-26 00:00:00-04:00,20.958078072634628,21.11951327519867,20.720673469525938,20.749162673950195,2648100,0.0,0.0
2025-06-27 00:00:00-04:00,20.739662922150444,20.95807468702697,20.616211534174603,20.701677322387695,2651600,0.0,0.0
2025-06-30 00:00:00-04:00,20.701678077818013,21.081526844294284,20.635205087060612,21.053037643432617,2958800,0.0,0.0
2025-07-01 00:00:00-04:00,21.091022662966093,21.65129763380498,21.081528073378475,21.4898624420166,2398000,0.0,0.0
2025-07-02 00:00:00-04:00,21.29993868394316,21.746258631323453,21.166992702011402,21.708274841308594,5259500,0.0,0.0
2025-07-03 00:00:00-04:00,21.499359260786004,21.78424585779046,21.024550077031872,21.698780059814453,3131600,0.0,0.0
2025-07-07 00:00:00-04:00,21.527847326998362,22.126106069983674,21.328426538501127,22.11661148071289,5496300,0.0,0.0
2025-07-08 00:00:00-04:00,22.10711502261094,22.914289141261985,22.10711502261094,22.705373764038086,5835100,0.0,0.0
2025-07-09 00:00:00-04:00,22.68638257112278,22.714871774639935,22.33502478401117,22.629405975341797,2558700,0.0,0.0
2025-07-10 00:00:00-04:00,22.648397487782645,22.942778662347255,22.534442491457483,22.847816467285156,3554800,0.0,0.0
2025-07-11 00:00:00-04:00,22.80983339469525,22.885802790887897,22.591421607048048,22.61041259765625,2258700,0.0,0.0
2025-07-14 00:00:00-04:00,22.61990929756067,22.82882649829173,22.448977701054645,22.686382293701172,2605200,0.0,0.0
2025-07-15 00:00:00-04:00,22.676884878424023,22.990258854251696,22.65789388841418,22.847816467285156,2989000,0.0,0.0
2025-07-16 00:00:00-04:00,22.800335130745975,23.36061006110659,22.800335130745975,23.199174880981445,3158800,0.0,0.0
2025-07-17 00:00:00-04:00,23.104214723824608,23.170687719504528,22.78134433516218,22.876306533813477,2579000,0.0,0.0
2025-07-18 00:00:00-04:00,22.933281308354776,22.933281308354776,22.458472164035825,22.486961364746094,2089300,0.0,0.0
2025-07-21 00:00:00-04:00,22.562932998706412,23.0472385914142,22.54394019634454,22.762351989746094,2250400,0.0,0.0
2025-07-22 00:00:00-04:00,22.86681046265506,23.313130448124607,22.86681046265506,23.151695251464844,3610200,0.0,0.0
2025-07-23 00:00:00-04:00,23.085220780565276,23.408091153265758,23.018747788171623,23.360610961914062,2943600,0.0,0.0
2025-07-24 00:00:00-04:00,23.256151470657045,23.465066840303006,23.142198291305842,23.199174880981445,2001300,0.0,0.0
2025-07-25 00:00:00-04:00,23.066230183930422,23.132703177457078,22.705374202995394,22.980764389038086,3353800,0.0,0.0
2025-07-28 00:00:00-04:00,22.885803373236207,22.999756564798176,22.610413172997028,22.629405975341797,2041300,0.0,0.0
2025-07-29 00:00:00-04:00,22.5629320911455,22.638901486283906,22.420489701667645,22.46796989440918,1690800,0.0,0.0
2025-07-30 00:00:00-04:00,22.38250245064519,22.46796824029046,22.211570871354652,22.344518661499023,2093100,0.0,0.0
2025-07-31 00:00:00-04:00,22.2305638114101,22.297036801273922,22.097617831682463,22.15459442138672,2445400,0.0,0.0
2025-08-01 00:00:00-04:00,22.26855222307694,22.505956823274975,22.097620621133817,22.382505416870117,3105800,0.0,0.0
2025-08-04 00:00:00-04:00,22.37300946334856,22.458475266030874,22.08812466190977,22.135604858398438,1888200,0.0,0.0
2025-08-05 00:00:00-04:00,22.534440084315076,22.8668068259022,22.363508513712954,22.373004913330078,2620300,0.0,0.0
2025-08-06 00:00:00-04:00,22.373007813975388,22.56293220843532,21.936184242472113,22.07862663269043,4374900,0.0,0.0
2025-08-07 00:00:00-04:00,22.031147742817428,22.61991014021192,21.622811538453274,22.581926345825195,5128700,0.0,0.0
2025-08-08 00:00:00-04:00,22.65789245102956,23.408089940796916,22.65789245102956,23.123205184936523,4699700,0.0,0.0
2025-08-11 00:00:00-04:00,23.284640362924907,23.55053231872711,23.075723184791055,23.123205184936523,3605500,0.0,0.0
2025-08-12 00:00:00-04:00,23.25615339459182,23.654993177822504,23.237160592711007,23.265649795532227,2816500,0.0,0.0
2025-08-13 00:00:00-04:00,23.265649525494815,23.949374083988797,23.256153124664632,23.84491729736328,5007500,0.0,0.0
2025-08-14 00:00:00-04:00,23.730961875731982,24.10131244524268,23.69297808434143,24.09181785583496,3110000,0.0,0.0
2025-08-15 00:00:00-04:00,24.120304253458475,24.367205226717687,24.063327663091933,24.319725036621094,3383800,0.0,0.0
2025-08-18 00:00:00-04:00,24.357711495177217,24.709071098649094,24.26274929332644,24.281742095947266,3101000,0.0,0.0
2025-08-19 00:00:00-04:00,24.281740476764245,24.49065766915537,24.196274681923008,24.291236877441406,1914200,0.0,0.0
2025-08-20 00:00:00-04:00,24.42418346770779,24.566627670130465,24.28174107653839,24.44317626953125,3587400,0.0,0.0
2025-08-21 00:00:00-04:00,24.39569550103545,24.481161295972672,24.19627470909752,24.424182891845703,3289900,0.0,0.0
2025-08-22 00:00:00-04:00,24.48116260076739,24.652092388498804,24.148795803991874,24.205772399902344,3574300,0.0,0.0
2025-08-25 00:00:00-04:00,24.148795956413228,24.215268953937226,23.901894957571702,23.94937515258789,3149700,0.0,0.0
2025-08-26 00:00:00-04:00,24.006352352896783,24.034839743972608,23.607512576556022,23.645496368408203,3695200,0.0,0.0
2025-08-27 00:00:00-04:00,23.59801647530008,23.82592466306566,23.5790236735063,23.721466064453125,4508600,0.0,0.0
2025-08-28 00:00:00-04:00,23.673985268315562,23.702472659027475,23.408091483733948,23.56952667236328,2442100,0.0,0.0
2025-08-29 00:00:00-04:00,23.541041203560553,23.74046019983757,23.41758979621951,23.70247459411621,2434800,0.0,0.0
2025-09-02 00:00:00-04:00,23.56002903059776,23.71196781056812,23.142198291305842,23.199174880981445,2650800,0.0,0.0
2025-09-03 00:00:00-04:00,23.151693758240985,23.33212174551848,23.07572436537465,23.294137954711914,1959600,0.0,0.0
2025-09-04 00:00:00-04:00,23.341618324212458,23.46506790934266,23.20867233849482,23.237159729003906,2321400,0.0,0.0
2025-09-05 00:00:00-04:00,23.284641026398592,23.579022190676188,23.189678834654902,23.474563598632812,2189600,0.0,0.0
2025-09-08 00:00:00-04:00,23.484060403700585,23.484060403700585,22.66738988763641,23.161190032958984,3666800,0.0,0.0
2025-09-09 00:00:00-04:00,23.161190568252373,23.189679770300895,22.933282385623883,22.980764389038086,2513900,0.0,0.0
2025-09-10 00:00:00-04:00,22.914287856014845,22.999753644461173,22.8003346789218,22.923784255981445,2532200,0.0,0.0
2025-09-11 00:00:00-04:00,23.00925255964043,23.104214758433972,22.89529937009081,23.075725555419922,1751200,0.0,0.0
2025-09-12 00:00:00-04:00,22.990261646034373,23.085223852628044,22.838322839985878,22.942781448364258,2360700,0.0,0.0
2025-09-15 00:00:00-04:00,22.953361993164215,23.03994229613762,22.65514013409018,22.78982162475586,3054000,0.311,0.0
2025-09-16 00:00:00-04:00,22.693619675760175,22.876400507901113,22.38577943312654,22.53969955444336,2372900,0.0,0.0
2025-09-17 00:00:00-04:00,22.539700150467574,22.751339864156506,22.501219201684517,22.59741973876953,2404100,0.0,0.0
2025-09-18 00:00:00-04:00,22.501219997045926,22.501219997045926,22.17413926031897,22.222240447998047,3431600,0.0,0.0
2025-09-19 00:00:00-04:00,22.2895795580444,22.37615985820575,22.08755824604372,22.337678909301758,6413500,0.0,0.0
2025-09-22 00:00:00-04:00,22.337678333410807,22.62627993813236,22.154899335447006,22.193378448486328,2830900,0.0,0.0
2025-09-23 00:00:00-04:00,22.212620348123433,22.462741020986666,22.087559094255464,22.35692024230957,2524900,0.0,0.0
2025-09-24 00:00:00-04:00,22.203000829378244,22.27996089776071,22.000981337951558,22.24148178100586,2824200,0.0,0.0
2025-09-25 00:00:00-04:00,22.27034147790577,22.42426162032462,22.087560620706075,22.17414093017578,2960100,0.0,0.0
2025-09-26 00:00:00-04:00,22.15490062012003,22.289580275876062,22.106799432440955,22.222240447998047,2163800,0.0,0.0
2025-09-29 00:00:00-04:00,22.27033932140061,22.424259448914903,22.174138782986013,22.385780334472656,2641100,0.0,0.0
2025-09-30 00:00:00-04:00,22.3857796212549,22.578178857081543,22.27033861186084,22.501218795776367,2404600,0.0,0.0
2025-10-01 00:00:00-04:00,22.501218345994914,22.63589982674124,22.42425828622811,22.57817840576172,2559400,0.0,0.0
2025-10-02 00:00:00-04:00,22.568559531635977,22.568559531635977,22.183759209567462,22.347299575805664,1936500,0.0,0.0
2025-10-03 00:00:00-04:00,22.308818352829803,22.558938997255858,22.308818352829803,22.47235870361328,1719100,0.0,0.0
2025-10-06 00:00:00-04:00,22.39540102733426,22.424259905034784,22.039459578422036,22.308820724487305,2419900,0.0,0.0
2025-10-07 00:00:00-04:00,22.299198989343022,22.47235958340742,22.202998455432514,22.405019760131836,2418900,0.0,0.0
2025-10-08 00:00:00-04:00,22.433879877630165,22.50121970463307,22.06832003038324,22.347299575805664,3196000,0.0,0.0
2025-10-09 00:00:00-04:00,22.366541277212367,22.587801245176617,22.366541277212367,22.5493221282959,2812700,0.0,0.0
2025-10-10 00:00:00-04:00,22.64552287538192,23.03994346001961,22.53008185396155,22.99184226989746,4400800,0.0,0.0
2025-10-13 00:00:00-04:00,22.789820209424,23.415120931608573,22.751339261659986,23.280441284179688,5258000,0.0,0.0
2025-10-14 00:00:00-04:00,22.934119677295897,23.29005926328603,21.625796835040695,22.443498611450195,11551600,0.0,0.0
2025-10-15 00:00:00-04:00,22.90526099825424,23.655623018714945,22.57818025868465,22.751340866088867,5092100,0.0,0.0
2025-10-16 00:00:00-04:00,22.760960912140494,23.03994229613762,22.693621084244,22.78982162475586,3319600,0.0,0.0
2025-10-17 00:00:00-04:00,22.732099369813035,23.530560707634393,22.58779948174848,23.33816146850586,5182500,0.0,0.0
2025-10-20 00:00:00-04:00,23.347782067662333,23.386261182135545,22.818680023392588,22.95336151123047,2580200,0.0,0.0
2025-10-21 00:00:00-04:00,22.943740393844777,23.07842004164412,22.905259445974917,23.020700454711914,1917300,0.0,0.0
2025-10-22 00:00:00-04:00,22.905262164787718,23.434364251566237,22.905262164787718,23.126523971557617,2647900,0.0,0.0
2025-10-23 00:00:00-04:00,23.17462146535124,23.338161830325866,22.95336151123047,22.95336151123047,1883300,0.0,0.0
2025-10-24 00:00:00-04:00,22.96298150947738,23.01108086078625,22.866780971987,22.90526008605957,1931100,0.0,0.0
2025-10-27 00:00:00-04:00,22.78020206637412,22.847541896278248,22.539701625360667,22.587800979614258,2656400,0.0,0.0
2025-10-28 00:00:00-04:00,22.530081358654964,22.828301391365002,22.356920747767603,22.674381256103516,2510300,0.0,0.0
2025-10-29 00:00:00-04:00,22.664759564267253,22.86678087563305,22.443499613382556,22.59741973876953,2755500,0.0,0.0
2025-10-30 00:00:00-04:00,22.491600193489916,22.558941857539995,22.21262063905907,22.231861114501953,2705800,0.0,0.0
2025-10-31 00:00:00-04:00,22.164520312332307,22.183758952057907,21.95287876149686,21.99135971069336,2265500,0.0,0.0
2025-11-03 00:00:00-05:00,21.86629999152258,21.87592022949521,21.510360360899114,21.80858039855957,3294300,0.0,0.0
2025-11-04 00:00:00-05:00,21.65465766500509,21.80857778437127,21.394916775497446,21.443017959594727,3660500,0.0,0.0
2025-11-05 00:00:00-05:00,21.375678529360155,21.818200294806342,21.337199412945083,21.53921890258789,5525100,0.0,0.0
2025-11-06 00:00:00-05:00,22.183760515950336,22.895641612417332,21.83744112313055,22.289581298828125,3960600,0.0,0.0
2025-11-07 00:00:00-05:00,22.12603988126899,22.41463966751038,22.01059886584882,22.308820724487305,2913000,0.0,0.0
2025-11-10 00:00:00-05:00,22.15489961971884,22.193378733251887,21.933637836131506,22.06831932067871,2860900,0.0,0.0
2025-11-11 00:00:00-05:00,22.106799095414,22.60704043041388,22.106799095414,22.52046012878418,4572200,0.0,0.0
2025-11-12 00:00:00-05:00,22.51084166586199,22.520461904009476,21.904781341552734,21.904781341552734,2873100,0.0,0.0
2025-11-13 00:00:00-05:00,21.904780371463907,22.279960468236425,21.847058945135267,22.231861114501953,4014500,0.0,0.0
2025-11-14 00:00:00-05:00,22.289578420685242,22.289578420685242,21.895157888908408,21.96249771118164,3472200,0.0,0.0
2025-11-17 00:00:00-05:00,22.05869948848647,22.183758903355237,21.847057938115668,22.164520263671875,2734000,0.0,0.0
2025-11-18 00:00:00-05:00,22.193380191808266,22.251099783337498,21.875919686088395,22.145280838012695,3607700,0.0,0.0
2025-11-19 00:00:00-05:00,22.02983971201764,22.08755930326374,21.510359721057316,21.924020767211914,2932700,0.0,0.0
2025-11-20 00:00:00-05:00,21.8662984365804,22.14527981332963,21.789338373144865,22.077939987182617,3410800,0.0,0.0
2025-11-21 00:00:00-05:00,22.097178506778054,22.501219296336632,22.010598206524598,22.2510986328125,3158400,0.0,0.0
2025-11-24 00:00:00-05:00,22.164519572424986,22.36653904434474,22.106798150557122,22.193378448486328,3497500,0.0,0.0
2025-11-25 00:00:00-05:00,22.203000429541927,22.501220459794478,21.991360704019588,22.145280838012695,2719200,0.0,0.0
2025-11-26 00:00:00-05:00,22.145280781969007,22.4146400983389,22.087559355713122,22.31844139099121,2109700,0.0,0.0
2025-11-28 00:00:00-05:00,22.46274283491493,22.616662979125977,22.356922047692514,22.616662979125977,1438000,0.0,0.0
2025-12-01 00:00:00-05:00,22.664759564267253,22.67437980146302,22.443499613382556,22.59741973876953,2635600,0.0,0.0
2025-12-02 00:00:00-05:00,22.578181898248957,22.578181898248957,22.241482731482506,22.481983184814453,2333800,0.0,0.0
2025-12-03 00:00:00-05:00,22.53970048684884,22.866781216895653,22.22223999414136,22.2992000579834,4110700,0.0,0.0
2025-12-04 00:00:00-05:00,22.318440269722398,22.453119921141095,22.2991997952704,22.337678909301758,1588500,0.0,0.0
2025-12-05 00:00:00-05:00,22.395400851467212,22.722481585237716,22.385780614018355,22.655139923095703,2080300,0.0,0.0
2025-12-08 00:00:00-05:00,22.597421082071843,22.703241862643136,22.27034033746307,22.453121185302734,3198700,0.0,0.0
2025-12-09 00:00:00-05:00,22.83791918457091,23.011079776922887,22.202998235862033,22.27033805847168,2866800,0.0,0.0
2025-12-10 00:00:00-05:00,22.347299839712235,22.453120617608,22.174139234018323,22.308820724487305,3013400,0.0,0.0
2025-12-11 00:00:00-05:00,22.60703999946529,22.9533611993823,22.491598987868745,22.510839462280273,3410700,0.0,0.0
2025-12-12 00:00:00-05:00,22.60703966931352,22.9437406271076,22.587799195182974,22.809059143066406,3783300,0.0,0.0
2025-12-15 00:00:00-05:00,22.8236851104425,23.194168868529868,22.7261892867575,23.0186767578125,3321400,0.315,0.0
2025-12-16 00:00:00-05:00,23.00892756474728,23.145420605571932,22.745689392089844,22.745689392089844,4332400,0.0,0.0
2025-12-17 00:00:00-05:00,22.66769197299524,22.81393477509894,22.550696615565407,22.5701961517334,2860500,0.0,0.0
2025-12-18 00:00:00-05:00,22.482451431453914,22.609196564481973,22.248462562300066,22.277711868286133,3626300,0.0,0.0
2025-12-19 00:00:00-05:00,22.199714982850626,22.472701059748896,22.160715909249056,22.267961502075195,2640300,0.0,0.0
2025-12-22 00:00:00-05:00,22.228961619891503,22.228961619891503,21.96572532096889,22.160715103149414,3639000,0.0,0.0
2025-12-23 00:00:00-05:00,22.24846115598299,22.27771046012022,22.063219282270094,22.160715103149414,2616900,0.0,0.0
2025-12-24 00:00:00-05:00,22.1119675697181,22.472699680502032,22.1119675697181,22.43370246887207,1324100,0.0,0.0
2025-12-26 00:00:00-05:00,22.511699190987585,22.68719129569201,22.43370290662763,22.472700119018555,1228300,0.0,0.0
2025-12-29 00:00:00-05:00,22.336207553349283,22.862683878471557,22.336207553349283,22.794435501098633,3036400,0.0,0.0
2025-12-30 00:00:00-05:00,22.774937648513166,23.116170234853527,22.716439039787854,22.979677200317383,2888100,0.0,0.0
2025-12-31 00:00:00-05:00,22.97967675518944,23.359908406648064,22.969926987257413,23.22341537475586,3275200,0.0,0.0
2026-01-02 00:00:00-05:00,23.213665667024777,23.41840707497214,23.047923330906663,23.06742286682129,3096700,0.0,0.0
2026-01-05 00:00:00-05:00,23.00892774478969,23.194169629914224,22.833435628311523,23.12592124938965,4193400,0.0,0.0
2026-01-06 00:00:00-05:00,23.174668856452435,23.330661427317004,22.657942303227216,22.696941375732422,3620600,0.0,0.0
2026-01-07 00:00:00-05:00,22.804186143932093,22.950430812905033,22.618946119835268,22.745689392089844,2043300,0.0,0.0
2026-01-08 00:00:00-05:00,22.706692242630954,23.203917424086065,22.706692242630954,23.155170440673828,3798400,0.0,0.0
2026-01-09 00:00:00-05:00,23.057672118806156,23.233164215422356,22.98942560558386,23.145418167114258,2267300,0.0,0.0
2026-01-12 00:00:00-05:00,23.301412858203253,23.447655665556145,23.077173762956942,23.242916107177734,2136300,0.0,0.0
2026-01-13 00:00:00-05:00,23.252666382214205,23.350162209099654,23.018677513436057,23.12592124938965,2636700,0.0,0.0
2026-01-14 00:00:00-05:00,23.281912915601794,23.769390171334962,23.17466918385364,23.6133975982666,3530200,0.0,0.0
2026-01-15 00:00:00-05:00,23.467155980969025,23.808390449165337,23.418408996760228,23.632898330688477,2283400,0.0,0.0
2026-01-16 00:00:00-05:00,23.63289620987156,23.710892493353192,23.330660843827495,23.535400390625,2649600,0.0,0.0
2026-01-20 00:00:00-05:00,23.691394415647782,23.88638606614144,23.26241575988685,23.77914047241211,3647600,0.0,0.0
2026-01-21 00:00:00-05:00,23.78888973873471,23.993631153388982,23.740142756929394,23.896135330200195,2912700,0.0,0.0
2026-01-22 00:00:00-05:00,23.935132912606363,24.208120849826507,23.935132912606363,24.09112548828125,3071700,0.0,0.0
2026-01-23 00:00:00-05:00,24.139872890980527,24.588351054408992,24.139872890980527,24.5688533782959,3393400,0.0,0.0
2026-01-26 00:00:00-05:00,24.578602111397004,24.68584770171942,24.39336209484864,24.520105361938477,2362900,0.0,0.0
2026-01-27 00:00:00-05:00,24.783342575745248,25.222072828845278,24.715096060724814,24.88083839416504,3525200,0.0,0.0
2026-01-28 00:00:00-05:00,24.8418397684595,24.997832336897385,24.6176006837773,24.637100219726562,4353400,0.0,0.0
2026-01-29 00:00:00-05:00,24.812593895439466,24.997833919953976,24.70534830050501,24.851591110229492,4072500,0.0,0.0
2026-01-30 00:00:00-05:00,24.900337114046955,25.24156967797059,24.77359199637989,25.212322235107422,3919200,0.0,0.0
2026-02-02 00:00:00-05:00,25.17332518291001,25.475560560715234,24.988083305090864,25.183074951171875,5195900,0.0,0.0
2026-02-03 00:00:00-05:00,25.163576148922278,25.602306435617642,25.1050793972223,25.446313858032227,4594400,0.0,0.0
2026-02-04 00:00:00-05:00,25.62180491697013,25.826544469272918,25.47556025437885,25.680301666259766,4935600,0.0,0.0
2026-02-05 00:00:00-05:00,25.15382550051047,25.15382550051047,24.344613335250045,24.92958641052246,7902300,0.0,0.0
2026-02-06 00:00:00-05:00,24.85158971240764,25.04658135412478,24.422609216376806,24.451858520507812,6645400,0.0,0.0
2026-02-09 00:00:00-05:00,24.568853473666177,25.017331638835525,24.461607886526515,24.978334426879883,4775100,0.0,0.0
2026-02-10 00:00:00-05:00,25.066079591607636,25.378066597252882,25.027082378138328,25.183074951171875,3924200,0.0,0.0
2026-02-11 00:00:00-05:00,25.13432683291034,25.163574276795263,24.92958542782551,25.00758171081543,2607100,0.0,0.0
2026-02-12 00:00:00-05:00,24.99783307335273,25.30007031073611,24.802843286849875,25.183074951171875,3875500,0.0,0.0
2026-02-13 00:00:00-05:00,25.20257499220413,25.30007081719632,24.900339608348716,25.06608009338379,2459000,0.0,0.0
2026-02-17 00:00:00-05:00,24.910086585960634,25.183074513817438,24.890588909353674,25.14407730102539,2028400,0.0,0.0
2026-02-18 00:00:00-05:00,25.046582416047904,25.16357591837598,24.900339608348716,25.06608009338379,2487000,0.0,0.0
2026-02-19 00:00:00-05:00,25.01733246479223,25.075829214446028,24.851590124458014,24.92958641052246,2155100,0.0,0.0
2026-02-20 00:00:00-05:00,25.07582947301898,25.163575528193554,24.822341075801116,25.153825759887695,2328500,0.0,0.0
2026-02-23 00:00:00-05:00,25.29031949639393,25.46581159869235,25.153824605951783,25.417062759399414,2199300,0.0,0.0
2026-02-24 00:00:00-05:00,25.49506051852085,25.592556343172383,25.11482884791588,25.378067016601562,3159000,0.0,0.0
2026-02-25 00:00:00-05:00,25.222073600943844,25.446312688469128,24.94908567292733,24.988082885742188,3735200,0.0,0.0
2026-02-26 00:00:00-05:00,25.056329838521222,25.134326119296666,24.91008518493649,25.027080535888672,2957500,0.0,0.0
2026-02-27 00:00:00-05:00,25.163575223062672,25.73879852908616,25.163575223062672,25.651052474975586,3338600,0.0,0.0
2026-03-02 00:00:00-05:00,25.56330549949776,25.768046904902405,25.231820831378286,25.573055267333984,2464000,0.0,0.0
2026-03-03 00:00:00-05:00,25.495059519193553,25.85579349839111,25.29031996907086,25.738798141479492,3090800,0.0,0.0
2026-03-04 00:00:00-05:00,25.709549875580322,25.836293136905514,25.48530893696182,25.787546157836914,3594200,0.0,0.0
2026-03-05 00:00:00-05:00,25.631554322367197,25.738798051284082,25.212323595971977,25.329317092895508,4348700,0.0,0.0
2026-03-06 00:00:00-05:00,25.280571031001756,25.514559892928837,25.027082632352876,25.40731430053711,3718200,0.0,0.0
2026-03-09 00:00:00-04:00,25.25132059602994,25.456062003291187,25.046581048346784,25.231821060180664,3713900,0.0,0.0
2026-03-10 00:00:00-04:00,25.26107195031469,25.816795739871182,25.222074735745252,25.729049682617188,5129400,0.0,0.0
2026-03-11 00:00:00-04:00,25.67055192735316,25.748548213020886,25.11482815952335,25.2415714263916,4541800,0.0,0.0
2026-03-12 00:00:00-04:00,25.13432863507072,25.30007098075547,25.017333272408106,25.036832809448242,3698500,0.0,0.0
2026-03-13 00:00:00-04:00,25.075829214446028,25.22207387794774,24.84184035625269,24.92958641052246,3221400,0.0,0.0
2026-03-16 00:00:00-04:00,25.086563148770026,25.6394345399547,24.977962705064442,25.57032585144043,4924700,0.319,0.0
2026-03-17 00:00:00-04:00,25.669051622415957,26.123195478015678,25.659178684285042,25.678924560546875,3407400,0.0,0.0
2026-03-18 00:00:00-04:00,25.56045286566611,25.68879918673147,25.353126800504345,25.4222354888916,3410800,0.0,0.0
2026-03-19 00:00:00-04:00,25.451853400640026,25.619689587788482,25.185289712274166,25.402488708496094,4205800,0.0,0.0
2026-03-20 00:00:00-04:00,25.491344075484236,25.540708769185525,25.293890949890642,25.461727142333984,5339600,0.0,0.0
2026-03-23 00:00:00-04:00,25.46172674116915,25.560452360875207,25.205035987178327,25.43210792541504,3142300,0.0,0.0
2026-03-24 00:00:00-04:00,25.34325363550388,25.69867189611781,25.224780254275732,25.501216888427734,2629800,0.0,0.0
2026-03-25 00:00:00-04:00,25.560452642270942,25.60981733573792,25.165544509887695,25.165544509887695,2256300,0.0,0.0
2026-03-26 00:00:00-04:00,25.145797729492188,25.353125668467126,25.05694316751299,25.145797729492188,2499000,0.0,0.0
2026-03-27 00:00:00-04:00,25.175416209910175,25.175416209910175,24.839743843132407,24.928598403930664,2959500,0.0,0.0
2026-03-30 00:00:00-04:00,24.928599408094446,25.22478003397232,24.829871905111656,24.90885353088379,3341300,0.0,0.0
2026-03-31 00:00:00-04:00,25.145797901543073,25.145797901543073,24.71139991008418,24.918725967407227,4476600,0.0,0.0
2026-04-01 00:00:00-04:00,24.790382082842967,25.145798457986,24.78050914421809,25.056943893432617,3003100,0.0,0.0
2026-04-02 00:00:00-04:00,24.632418119789058,24.790381367085295,23.812983068288407,24.138782501220703,8070800,0.0,0.0
2026-04-06 00:00:00-04:00,24.03018210903037,24.276999918791923,23.941327546870575,23.951200485229492,2728200,0.0,0.0
2026-04-07 00:00:00-04:00,23.8623466528166,24.01043696658827,23.497055454647345,23.526674270629883,3355400,0.0,0.0
2026-04-08 00:00:00-04:00,23.8327265523912,23.872218304906212,23.536545940810246,23.8129825592041,3121600,0.0,0.0
2026-04-09 00:00:00-04:00,23.911708317690742,23.951200070442486,23.53654608190124,23.585908889770508,4501900,0.0,0.0
2026-04-10 00:00:00-04:00,23.585909459600284,23.941327710671146,23.02316515078506,23.052783966064453,4155600,0.0,0.0
2026-04-13 00:00:00-04:00,23.023165202677312,23.240366082408148,22.82571208291437,23.20087432861328,2724700,0.0,0.0
2026-04-14 00:00:00-04:00,23.16138208460797,23.60565489004487,23.16138208460797,23.546419143676758,3209400,0.0,0.0
2026-04-15 00:00:00-04:00,23.497054050616008,23.664890231680566,23.388455497976864,23.516799926757812,2230400,0.0,0.0
2026-04-16 00:00:00-04:00,23.52667288101548,23.901835112615935,23.52667288101548,23.85247230529785,2161100,0.0,0.0
2026-04-17 00:00:00-04:00,23.911709687287342,24.040056008011423,23.763619372126925,23.78336524963379,2461000,0.0,0.0
2026-04-20 00:00:00-04:00,23.7142560102055,23.83272750635182,23.5957826309887,23.6451473236084,2345000,0.0,0.0
2026-04-21 00:00:00-04:00,23.684637799556967,23.78336530424746,23.566166300384797,23.595783233642578,3789300,0.0,0.0
2026-04-22 00:00:00-04:00,23.674763900881924,23.86234596388125,23.39832915864129,23.427946090698242,3704900,0.0,0.0
2026-04-23 00:00:00-04:00,23.487184123543173,23.793237686157227,23.39832955970837,23.793237686157227,2796700,0.0,0.0
2026-04-24 00:00:00-04:00,23.74387263987247,23.783364393464545,23.46743789700978,23.57603645324707,2103000,0.0,0.0
2026-04-27 00:00:00-04:00,23.625402057655016,23.63527499643433,23.230493921835127,23.26011085510254,2443100,0.0,0.0
2026-04-28 00:00:00-04:00,23.240366082408148,23.38845639299797,23.131765642542728,23.20087432861328,2927400,0.0,0.0
2026-04-29 00:00:00-04:00,23.112020444947333,23.21074794926581,22.865202625686408,22.963930130004883,2429300,0.0,0.0
2026-04-30 00:00:00-04:00,22.96392869670721,23.506927111961694,22.96392869670721,23.477310180664062,3052600,0.0,0.0
2026-05-01 00:00:00-04:00,23.497054606055503,23.71425548260892,23.42794592099594,23.655017852783203,1992100,0.0,0.0
2026-05-04 00:00:00-04:00,23.418072608278564,23.684636289021096,23.418072608278564,23.62540054321289,1793800,0.0,0.0
2026-05-05 00:00:00-04:00,23.635274435577685,23.911709182556645,23.60565561994259,23.793237686157227,1875500,0.0,0.0
2026-05-06 00:00:00-04:00,23.852472584029492,23.9906899525916,23.714255215467386,23.921581268310547,4165900,0.0,0.0
2026-05-07 00:00:00-04:00,24.168399086138496,24.405343953680593,23.763618035370285,24.257253646850586,5760400,0.0,0.0
2026-05-08 00:00:00-04:00,24.207891562712312,24.24738143361481,23.76361874586875,23.832727432250977,3426300,0.0,0.0
2026-05-11 00:00:00-04:00,23.941328449431655,24.277000834007474,23.921582571969427,23.970947265625,2956600,0.0,0.0
2026-05-12 00:00:00-04:00,24.049928814717152,24.296746632986185,23.911709555998545,24.158527374267578,2780500,0.0,0.0
2026-05-13 00:00:00-04:00,24.237509229267033,24.48432704986271,23.99069140867136,24.079545974731445,2846300,0.0,0.0
2026-05-14 00:00:00-04:00,24.16839919901594,24.32636244478176,23.87221858397263,23.882091522216797,2980900,0.0,0.0
2026-05-15 00:00:00-04:00,23.77349221494821,24.030182972290028,23.47731158582254,23.487184524536133,3347400,0.0,0.0
2026-05-18 00:00:00-04:00,23.42794536719008,23.615527424396447,23.319346814550936,23.516799926757812,2137500,0.0,0.0
2026-05-19 00:00:00-04:00,23.457565631404137,24.040055832100578,23.457565631404137,23.67476463317871,3273500,0.0,0.0
2026-05-20 00:00:00-04:00,23.585910015920014,23.941328275374108,23.585910015920014,23.862346649169922,3358100,0.0,0.0
2026-05-21 00:00:00-04:00,23.82285521534348,24.188146418376114,23.64514796629384,24.079545974731445,2497300,0.0,0.0
2026-05-22 00:00:00-04:00,24.079544924316693,24.365854487591935,24.05980093066393,24.28687286376953,1755200,0.0,0.0
2026-05-26 00:00:00-04:00,24.37572685563963,24.65216159101513,24.2572534811427,24.484325408935547,3007100,0.0,0.0
2026-05-27 00:00:00-04:00,24.464582047191623,25.027326353668435,24.464582047191623,24.7706356048584,3465700,0.0,0.0
2026-05-28 00:00:00-04:00,24.760762208699237,24.82987089304918,24.513944402837772,24.592926025390625,4013900,0.0,0.0
2026-05-29 00:00:00-04:00,24.612673253979317,24.8792369508912,24.48432693336077,24.790382385253906,7072000,0.0,0.0
2026-06-01 00:00:00-04:00,24.63241783360404,24.918725509850667,24.63241783360404,24.741016387939453,4107000,0.0,0.0
2026-06-02 00:00:00-04:00,24.829871165310117,24.97796147383673,24.21776405458133,24.32636260986328,3793600,0.0,0.0
2026-06-03 00:00:00-04:00,24.18814608905209,24.543564348453376,24.0894185855439,24.19801902770996,8820700,0.0,0.0
2026-06-04 00:00:00-04:00,24.45470857492128,24.45470857492128,23.6155276611842,23.77349090576172,7119000,0.0,0.0
2026-06-05 00:00:00-04:00,23.87221891423233,24.217764225276916,23.763618475114487,24.09929084777832,4191500,0.0,0.0
2026-06-08 00:00:00-04:00,23.990690580972423,24.178272645413145,23.694509959704305,23.87221908569336,2526500,0.0,0.0
2026-06-09 00:00:00-04:00,23.90183678851675,24.385601372891482,23.90183678851675,24.267127990722656,4416800,0.0,0.0
2026-06-10 00:00:00-04:00,24.365854640675533,24.573180698360492,24.138782706143303,24.395471572875977,3400300,0.0,0.0
2026-06-11 00:00:00-04:00,24.415216891878647,24.48432557619462,24.119036278218633,24.257253646850586,3642000,0.0,0.0
2026-06-12 00:00:00-04:00,24.336236175569766,24.365854991266847,24.119037176335976,24.277000427246094,2693700,0.0,0.0
2026-06-15 00:00:00-04:00,24.489999771118164,24.489999771118164,24.030000686645508,24.040000915527344,3574900,0.313,0.0
2026-06-16 00:00:00-04:00,24.0,24.09000015258789,23.6200008392334,23.81999969482422,6070700,0.0,0.0
2026-06-17 00:00:00-04:00,23.6299991607666,23.75,23.229999542236328,23.280000686645508,4208100,0.0,0.0
2026-06-18 00:00:00-04:00,23.290000915527344,23.350000381469727,23.149999618530273,23.280000686645508,3008100,0.0,0.0
2026-06-22 00:00:00-04:00,23.09000015258789,23.209999084472656,22.649999618530273,22.649999618530273,3909900,0.0,0.0
2026-06-23 00:00:00-04:00,22.770000457763672,23.1200008392334,22.719999313354492,23.040000915527344,2839500,0.0,0.0
2026-06-24 00:00:00-04:00,23.110000610351562,23.40999984741211,22.899999618530273,23.200000762939453,3856000,0.0,0.0
2026-06-25 00:00:00-04:00,23.229999542236328,23.270000457763672,22.93000030517578,23.200000762939453,3307300,0.0,0.0
2026-06-26 00:00:00-04:00,23.239999771118164,23.280000686645508,22.81999969482422,22.920000076293945,3562200,0.0,0.0
2026-06-29 00:00:00-04:00,22.940000534057617,22.940000534057617,22.190000534057617,22.260000228881836,4603600,0.0,0.0
2026-06-30 00:00:00-04:00,22.25,22.280000686645508,21.5,21.510000228881836,4920200,0.0,0.0
2026-07-01 00:00:00-04:00,21.299999237060547,21.420000076293945,21.0,21.020000457763672,2611600,0.0,0.0
2026-07-02 00:00:00-04:00,21.649999618530273,22.030000686645508,21.18000030517578,21.420000076293945,7656700,0.0,0.0
2026-07-06 00:00:00-04:00,21.649999618530273,21.649999618530273,20.8700008392334,20.8700008392334,5182900,0.0,0.0
2026-07-07 00:00:00-04:00,20.969999313354492,21.649999618530273,20.93000030517578,21.399999618530273,4749200,0.0,0.0
2026-07-08 00:00:00-04:00,21.3799991607666,21.770000457763672,21.299999237060547,21.450000762939453,3789900,0.0,0.0
2026-07-09 00:00:00-04:00,21.389999389648438,21.450000762939453,21.190000534057617,21.31999969482422,3645900,0.0,0.0
2026-07-10 00:00:00-04:00,21.329999923706055,21.56999969482422,21.290000915527344,21.3799991607666,3005700,0.0,0.0
2026-07-13 00:00:00-04:00,21.5,21.719999313354492,21.450000762939453,21.450000762939453,3527800,0.0,0.0
2026-07-14 00:00:00-04:00,21.420000076293945,21.510000228881836,21.149999618530273,21.200000762939453,4332100,0.0,0.0
2026-07-15 00:00:00-04:00,21.18000030517578,21.84000015258789,21.170000076293945,21.600000381469727,3679100,0.0,0.0
2026-07-16 00:00:00-04:00,21.75,22.190000534057617,21.65999984741211,22.139999389648438,5163200,0.0,0.0
2026-07-17 00:00:00-04:00,22.299999237060547,22.389999389648438,21.809999465942383,21.84000015258789,4144400,0.0,0.0
2026-07-20 00:00:00-04:00,21.760000228881836,21.889999389648438,21.65999984741211,21.700000762939453,3092100,0.0,0.0
2026-07-23 00:00:00-04:00,21.399999618530273,21.469999313354492,21.139999389648438,21.209999084472656,3459600,0.0,0.0
2026-07-24 00:00:00-04:00,21.149999618530273,21.40999984741211,21.1299991607666,21.299999237060547,2876100,0.0,0.0
2026-07-27 00:00:00-04:00,21.360000610351562,21.540000915527344,21.239999771118164,21.239999771118164,3486300,0.0,0.0
2026-07-28 00:00:00-04:00,21.440000534057617,21.8700008392334,21.440000534057617,21.809999465942383,3427800,0.0,0.0
2026-07-29 00:00:00-04:00,21.799999237060547,22.40999984741211,21.799999237060547,22.329999923706055,5566900,0.0,0.0
2026-07-30 00:00:00-04:00,22.25,22.25,21.639999389648438,21.700000762939453,4035200,0.0,0.0
2026-08-03 00:00:00-04:00,21.899999618530273,22.030000686645508,21.670000076293945,21.790000915527344,1900300,0.0,0.0
2026-08-04 00:00:00-04:00,21.600000381469727,22.010000228881836,21.360000610351562,22.0,8582500,0.0,0.0
2026-08-05 00:00:00-04:00,22.030000686645508,22.09000015258789,21.68000030517578,22.059999465942383,7715600,0.0,0.0
2026-08-06 00:00:00-04:00,22.15999984741211,23.020000457763672,22.139999389648438,22.770000457763672,5450100,0.0,0.0
2026-08-07 00:00:00-04:00,22.809999465942383,22.920000076293945,22.579999923706055,22.75,3122100,0.0,0.0
2026-08-10 00:00:00-04:00,22.639999389648438,22.690000534057617,22.420000076293945,22.540000915527344,3521200,0.0,0.0
2026-08-11 00:00:00-04:00,22.93000030517578,23.440000534057617,22.889999389648438,23.3700008392334,4274900,0.0,0.0
2026-08-12 00:00:00-04:00,23.219999313354492,23.280000686645508,22.940000534057617,23.1299991607666,2841700,0.0,0.0
2026-08-13 00:00:00-04:00,23.149999618530273,23.31999969482422,23.0,23.31999969482422,2732400,0.0,0.0
2026-08-14 00:00:00-04:00,23.389999389648438,23.6299991607666,23.3700008392334,23.469999313354492,2973800,0.0,0.0
